{
    "load_date": "2025-11-24 14:06:10.397863",
    "potential": "linear",
    "cutoff": 2,
    "N": 4,
    "a": 1.0,
    "c": null,
    "boundary_condition": "dirichlet",
    "num_qubits": 8,
    "eigenvalues": [
        -0.20793429045210077,
        0.04206570954789738,
        -0.20793429045210202,
        -0.20793429045210035,
        -0.20793429045210085,
        0.04206570954789782,
        0.04206570954789786,
        0.042065709547897595
    ],
    "best_basis_state": [
        0,
        0,
        1,
        1,
        0,
        1,
        1,
        0
    ],
    "prob": 0.08593046020549938
}