{
    "load_date": "2025-11-24 14:06:10.524408",
    "potential": "linear",
    "cutoff": 4,
    "N": 4,
    "a": 1.0,
    "c": null,
    "boundary_condition": "dirichlet",
    "num_qubits": 12,
    "eigenvalues": [
        -6.460202619961034e-05,
        1.02783856767437,
        1.0465926975769326,
        0.8989587574752338,
        0.898958757475233,
        1.0278385676743667,
        1.0465926975769375,
        1.259270831173729
    ],
    "best_basis_state": [
        0,
        0,
        0,
        1,
        0,
        0,
        0,
        0,
        0,
        1,
        0,
        0
    ],
    "prob": 0.8546373808723895
}