{
    "potential": "DW",
    "cutoff": 2,
    "optimizer": "COBYLA",
    "num steps": 10,
    "op_list": [
        "(<class 'pennylane.ops.qubit.parametric_ops_single_qubit.Rot'>, array([5.12654688, 1.57079618, 3.1415916 ]), Wires([1]), np.float64(0.3572330470346306))"
    ],
    "reduced_op_list": [
        [
            "Rot",
            [
                1
            ]
        ]
    ],
    "num_params": 3,
    "overlap": 8.881784197001252e-16,
    "hellinger_fidelity": 2.220446049250313e-16
}