{
    "potential": "DW",
    "cutoff": 32,
    "optimizer": "COBYLA",
    "num steps": 10,
    "op_list": [
        "(<class 'pennylane.ops.qubit.parametric_ops_single_qubit.Rot'>, array([3.97890002, 5.32786896, 6.28318615]), Wires([5]), np.float64(1.0939110867552917))",
        "(<class 'pennylane.ops.qubit.parametric_ops_single_qubit.Rot'>, array([5.27304771, 6.32277614, 6.51645567]), Wires([4]), np.float64(1.0920867512535972))",
        "(<class 'pennylane.ops.op_math.controlled_ops.CZ'>, array([4.00617089, 5.03116315, 5.82056147]), Wires([4, 5]), np.float64(1.0546427834941907))",
        "(<class 'pennylane.ops.qubit.parametric_ops_single_qubit.Rot'>, array([4.82827269, 6.07871989, 7.60479112]), Wires([5]), np.float64(1.051104531230887))",
        "(<class 'pennylane.ops.qubit.parametric_ops_single_qubit.Rot'>, array([4.93868244, 6.25620584, 6.08894979]), Wires([3]), np.float64(1.0485507363154196))",
        "(<class 'pennylane.ops.qubit.parametric_ops_single_qubit.Rot'>, array([5.89783119, 6.31345854, 6.63638005]), Wires([4]), np.float64(1.0475140488030925))",
        "(<class 'pennylane.ops.qubit.parametric_ops_single_qubit.Rot'>, array([3.97905062, 6.23331297, 6.89259965]), Wires([3]), np.float64(1.0471739425068791))",
        "(<class 'pennylane.ops.qubit.parametric_ops_single_qubit.Rot'>, array([4.71822293, 6.32719022, 7.88385226]), Wires([5]), np.float64(1.0470652874772048))",
        "(<class 'pennylane.ops.qubit.parametric_ops_single_qubit.Rot'>, array([5.00940569, 6.28519182, 5.83330706]), Wires([2]), np.float64(1.047016486454379))",
        "(<class 'pennylane.ops.qubit.parametric_ops_single_qubit.Rot'>, array([5.4862694 , 6.28655616, 7.05930127]), Wires([4]), np.float64(1.04699640761993))"
    ],
    "reduced_op_list": [
        [
            "Rot",
            [
                5
            ]
        ],
        [
            "Rot",
            [
                4
            ]
        ],
        [
            "CZ",
            [
                4,
                5
            ]
        ],
        [
            "Rot",
            [
                5
            ]
        ],
        [
            "Rot",
            [
                3
            ]
        ],
        [
            "Rot",
            [
                4
            ]
        ],
        [
            "Rot",
            [
                2
            ]
        ]
    ],
    "num_params": 18,
    "overlap": 0.0020627184660316766,
    "hellinger_fidelity": 0.0006304665930992881
}