{
    "load_date": "2026-02-12 14:28:26.755556",
    "potential": "quadratic",
    "cutoff": 2,
    "N": 2,
    "a": 1.0,
    "c": -0.8,
    "boundary_condition": "dirichlet",
    "num_qubits": 4,
    "H_size": [
        16,
        16
    ],
    "H_dense_mem_estimate_bytes": 4096,
    "H_sparse_mem_estimate_bytes": 1348,
    "H_pauli_time": "0:00:00.002579",
    "H_creation_time": "0:00:00.003096",
    "H_eigenvalue_time": "0:00:00.001994",
    "used_dense": true,
    "eigenvalues": [
        -0.9113455967290587,
        -0.7849999999999999,
        -0.784999999999999,
        -0.48708152801713067,
        0.0028679656440366813,
        0.42713203435596464,
        0.7149999999999999,
        0.7150000000000001
    ],
    "best_basis_state": [
        0,
        0,
        0,
        0
    ],
    "basis_prob": 0.2500000000000001,
    "num_paulis": 7,
    "pauli_coeffs": [
        0.7150000000000002,
        -0.7071067811865475,
        0.7071067811865475,
        0.25,
        0.25,
        -0.10606601717798217,
        0.10606601717798217
    ],
    "pauli_labels": [
        "IIII",
        "IIZX",
        "ZXII",
        "XIXI",
        "YIYI",
        "IIIX",
        "IXII"
    ]
}