{
    "load_date": "2026-02-12 14:28:26.470679",
    "potential": "quadratic",
    "cutoff": 4,
    "N": 2,
    "a": 1.0,
    "c": -0.8,
    "boundary_condition": "dirichlet",
    "num_qubits": 6,
    "H_size": [
        64,
        64
    ],
    "H_dense_mem_estimate_bytes": 65536,
    "H_sparse_mem_estimate_bytes": 15620,
    "H_pauli_time": "0:00:00.003400",
    "H_creation_time": "0:00:00.003046",
    "H_eigenvalue_time": "0:00:00.003322",
    "used_dense": true,
    "eigenvalues": [
        -1.1514343808942007,
        0.12766452314339213,
        0.32091394911475696,
        0.40623333454103633,
        0.7356318385969309,
        0.7683095264960134,
        0.9900393389249228,
        1.2850690127398623
    ],
    "best_basis_state": [
        1,
        1,
        0,
        1,
        1,
        0
    ],
    "basis_prob": 0.12475576923694737,
    "num_paulis": 59,
    "pauli_coeffs": [
        3.8649999999999993,
        0.31392589354394684,
        -0.08411618965831921,
        -0.6624999999999998,
        -0.6625,
        -0.9659258262890682,
        -0.5,
        -0.5,
        0.25881904510252074,
        0.31392589354394684,
        -0.08411618965831921,
        -0.6624999999999998,
        -0.6625,
        0.9659258262890682,
        0.5,
        0.5,
        -0.25881904510252074,
        0.25,
        0.25,
        0.33807403920117374,
        0.17499999999999993,
        0.17499999999999993,
        -0.09058666578588223,
        0.4665063509461096,
        0.24148145657226705,
        0.24148145657226705,
        -0.125,
        -0.12499999999999999,
        -0.06470476127563018,
        -0.06470476127563018,
        0.03349364905389034,
        -0.24148145657226697,
        -0.12499999999999996,
        -0.12499999999999996,
        0.06470476127563016,
        -0.24148145657226705,
        -0.12499999999999999,
        -0.12499999999999999,
        0.06470476127563018,
        -0.33807403920117374,
        -0.17499999999999993,
        -0.17499999999999993,
        0.09058666578588223,
        -0.4665063509461096,
        -0.24148145657226705,
        -0.24148145657226705,
        0.125,
        0.12499999999999999,
        0.06470476127563018,
        0.06470476127563018,
        -0.03349364905389034,
        0.24148145657226697,
        0.12499999999999996,
        0.12499999999999996,
        -0.06470476127563016,
        0.24148145657226705,
        0.12499999999999999,
        0.12499999999999999,
        -0.06470476127563018
    ],
    "pauli_labels": [
        "IIIIII",
        "IIIIXI",
        "IIIIXZ",
        "IIIIZI",
        "IIIIZZ",
        "IIIZIX",
        "IIIZXX",
        "IIIZYY",
        "IIIZZX",
        "IXIIII",
        "IXZIII",
        "IZIIII",
        "IZZIII",
        "ZIXIII",
        "ZXXIII",
        "ZYYIII",
        "ZZXIII",
        "XIIXII",
        "YIIYII",
        "IIIIIX",
        "IIIIXX",
        "IIIIYY",
        "IIIIZX",
        "IXIIIX",
        "IXIIXX",
        "IXIIYY",
        "IXIIZX",
        "IXZIIX",
        "IXZIXX",
        "IXZIYY",
        "IXZIZX",
        "IZIIIX",
        "IZIIXX",
        "IZIIYY",
        "IZIIZX",
        "IZZIIX",
        "IZZIXX",
        "IZZIYY",
        "IZZIZX",
        "IIXIII",
        "IXXIII",
        "IYYIII",
        "IZXIII",
        "IIXIXI",
        "IXXIXI",
        "IYYIXI",
        "IZXIXI",
        "IIXIXZ",
        "IXXIXZ",
        "IYYIXZ",
        "IZXIXZ",
        "IIXIZI",
        "IXXIZI",
        "IYYIZI",
        "IZXIZI",
        "IIXIZZ",
        "IXXIZZ",
        "IYYIZZ",
        "IZXIZZ"
    ]
}