{
    "potential": "QHO",
    "cutoff": 2,
    "exact_eigenvalues": [
        0.0,
        0.0,
        1.0,
        1.0
    ],
    "ansatz": "ry_cnot_ansatz",
    "num_VQE": 100,
    "Optimizer": {
        "name": "AdamOptimizer",
        "stepsize": 0.25,
        "maxiter": 2500,
        "tolerance": 1e-08
    },
    "results": [
        2.2672889407941138e-07,
        3.120655637816313e-07,
        1.1840825058622019e-08,
        1.4543531764789044e-06,
        2.0712828284989678e-07,
        9.321604841014405e-08,
        6.985063268849643e-08,
        7.631841298783343e-08,
        2.5626344197296423e-07,
        9.663863921133382e-08,
        1.4705791136385952e-08,
        4.753430377941463e-09,
        2.3437230074213163e-07,
        2.442928585631367e-09,
        1.4266533317078782e-06,
        3.3037077395624783e-09,
        3.776194019363072e-06,
        3.681824125946279e-09,
        1.3834260392004593e-06,
        8.15893834339037e-08,
        1.2128956131182391e-08,
        2.6350346844351025e-08,
        7.291171042635877e-09,
        8.370151479107304e-09,
        9.367753183119287e-09,
        5.8410426647357465e-09,
        8.481809815488403e-09,
        1.0691359225236598e-07,
        1.114209254578136e-08,
        2.3601906419549048e-07,
        3.0964435812325086e-09,
        1.0232234361744456e-07,
        6.774765847594571e-09,
        9.476126784443035e-09,
        1.3370211543848261e-08,
        8.40524182271233e-09,
        9.842147422655648e-08,
        4.136958134767164e-09,
        9.960661169328046e-08,
        4.77854609793294e-08,
        1.2374127601700708e-06,
        6.418455756539357e-10,
        3.289159360734288e-09,
        8.971098310006278e-09,
        5.853139579999568e-09,
        7.900081901724697e-09,
        6.171118484149843e-07,
        4.267697436202581e-09,
        1.6466000126881431e-09,
        2.351822110243522e-08,
        2.2782396432789407e-07,
        1.0040096051551967e-07,
        9.393952800126642e-09,
        1.1528593513681045e-07,
        4.124215930268728e-06,
        4.5301272028085127e-07,
        8.602906090143577e-08,
        5.797945045205884e-07,
        1.2844185780238929e-06,
        9.266615247778705e-08,
        4.905795746228541e-09,
        7.267061385054598e-07,
        2.288136669018586e-07,
        1.0034325457172438e-07,
        7.323767746718504e-08,
        2.3009238471608226e-08,
        1.3396155701961142e-08,
        5.620319791681878e-07,
        8.56991131353324e-08,
        9.89570919767573e-06,
        2.034828582566654e-09,
        2.9517170210134528e-08,
        1.1495386046184427e-09,
        2.0611694675777945e-07,
        2.6933638947064294e-08,
        5.120354026800006e-09,
        4.1965499184773876e-09,
        7.074246854743715e-08,
        2.2178684891810494e-09,
        1.1722268730584725e-07,
        3.685752043403468e-09,
        5.784205166878229e-09,
        3.058918477776887e-08,
        8.405113425759794e-08,
        1.533808780519374e-08,
        6.705059581675759e-07,
        1.505222831126747e-06,
        9.306153673838698e-08,
        9.246076928042234e-09,
        1.4367677226013186e-09,
        2.3503246037557313e-09,
        1.0234687123052927e-07,
        1.0693975666328603e-07,
        1.7047369161250406e-08,
        1.4440424372647522e-06,
        7.663439511888089e-10,
        6.174958049539135e-07,
        5.099712645102563e-07,
        1.7689418470307478e-09,
        9.490032519233085e-08
    ],
    "params": [
        [
            3.1424120787094725,
            -1.2268842035250922
        ],
        [
            3.140644369893831,
            0.2603363803011798
        ],
        [
            3.1409720522536237,
            1.388513301339566
        ],
        [
            -3.1394572316557166,
            -1.077844238577769
        ],
        [
            3.1407788035006945,
            0.2548273630382913
        ],
        [
            3.14213986219705,
            -0.30953658501704656
        ],
        [
            -3.140162214178491,
            -0.7822250529172141
        ],
        [
            -3.1421067148133135,
            -1.6257327024077957
        ],
        [
            3.140691826698494,
            -0.6064773132291922
        ],
        [
            3.1421530541966463,
            1.124731628220811
        ],
        [
            3.1409357151954884,
            -0.24001338966616617
        ],
        [
            -3.1419830241820024,
            0.675667786847073
        ],
        [
            3.140731740787608,
            -1.485685391129376
        ],
        [
            3.1419309027588014,
            -0.2770167022192888
        ],
        [
            3.139479723586349,
            -0.21987441849182668
        ],
        [
            -3.1419249514088134,
            1.7356509560526092
        ],
        [
            -3.1450517528258546,
            0.07531584069075098
        ],
        [
            3.14192618258962,
            0.39383315182728545
        ],
        [
            3.1395057585726693,
            -1.0505513972286742
        ],
        [
            -3.142118399629754,
            -0.42371426759272424
        ],
        [
            -3.140997485888185,
            0.7416892510496544
        ],
        [
            -3.142488064111429,
            0.5884050474038135
        ],
        [
            3.1419865520288868,
            -0.18541803630430587
        ],
        [
            -3.1420217091045464,
            -0.36477783314955375
        ],
        [
            -3.1411950225352325,
            0.3339043517723643
        ],
        [
            3.142018896508283,
            0.4315649444946128
        ],
        [
            -3.142014528452955,
            0.5884333767997024
        ],
        [
            -3.1421849054344833,
            -0.43169045084003044
        ],
        [
            -3.1410117052338493,
            1.0617135394373005
        ],
        [
            3.1407288504826996,
            0.8775394361596234
        ],
        [
            3.1419619053968297,
            1.814906552809405
        ],
        [
            3.142169447930902,
            -0.46506223676791614
        ],
        [
            -3.1420263640031147,
            0.29724522768000244
        ],
        [
            3.142034333964387,
            0.2690614891557103
        ],
        [
            3.1409670646793333,
            -2.0183431913450427
        ],
        [
            3.142013882770311,
            0.9692802915149877
        ],
        [
            3.1421464412599116,
            -0.037967479536602206
        ],
        [
            3.141976774183511,
            0.4419523989785391
        ],
        [
            3.1421581884081,
            -0.11424190639869651
        ],
        [
            3.1427544311553626,
            1.4554486895583467
        ],
        [
            -3.1476302692839915,
            -0.08671465719141283
        ],
        [
            3.141832476717976,
            1.0253933690866708
        ],
        [
            -3.1419851844816664,
            0.8211137110497106
        ],
        [
            3.142021377149492,
            -1.9317698921840527
        ],
        [
            3.141992824711657,
            -0.38079627640665814
        ],
        [
            3.1420060802848306,
            0.6431729797478407
        ],
        [
            -3.1429691873404932,
            0.23211429816797033
        ],
        [
            3.141962574783069,
            -0.6945214695134904
        ],
        [
            3.1419222255503763,
            0.22671226693429294
        ],
        [
            3.1424701676972733,
            -0.35795525500131775
        ],
        [
            3.140748594278023,
            0.7407673327638075
        ],
        [
            3.1421684088226702,
            1.1230410739675278
        ],
        [
            3.141005108471933,
            -0.25051529570500175
        ],
        [
