{
    "load_date": "2026-02-12 14:28:56.486319",
    "potential": "quadratic",
    "cutoff": 4,
    "N": 2,
    "a": 1.0,
    "c": -0.2,
    "boundary_condition": "dirichlet",
    "num_qubits": 6,
    "H_size": [
        64,
        64
    ],
    "H_dense_mem_estimate_bytes": 65536,
    "H_sparse_mem_estimate_bytes": 15620,
    "H_pauli_time": "0:00:00.003363",
    "H_creation_time": "0:00:00.001733",
    "H_eigenvalue_time": "0:00:00.000670",
    "used_dense": true,
    "eigenvalues": [
        0.18196281160285743,
        0.334398142659153,
        0.5463467443571943,
        0.5668410629302776,
        0.5932480499948771,
        1.3661646991816634,
        1.7564287544593304,
        1.7654292761036925
    ],
    "best_basis_state": [
        1,
        0,
        0,
        0,
        0,
        0
    ],
    "basis_prob": 0.41023323376665516,
    "num_paulis": 59,
    "pauli_coeffs": [
        5.0649999999999995,
        0.8934813893173876,
        -0.23940761671983168,
        -0.9624999999999998,
        -0.9625,
        -0.9659258262890682,
        -0.5,
        -0.5,
        0.25881904510252074,
        0.8934813893173876,
        -0.23940761671983168,
        -0.9624999999999998,
        -0.9625,
        0.9659258262890682,
        0.5,
        0.5,
        -0.25881904510252074,
        0.25,
        0.25,
        0.6278517870878942,
        0.32499999999999996,
        0.32499999999999996,
        -0.16823237931663848,
        0.4665063509461096,
        0.24148145657226705,
        0.24148145657226705,
        -0.125,
        -0.12499999999999999,
        -0.06470476127563018,
        -0.06470476127563018,
        0.03349364905389034,
        -0.24148145657226697,
        -0.12499999999999996,
        -0.12499999999999996,
        0.06470476127563016,
        -0.241481456572267,
        -0.12499999999999999,
        -0.12499999999999999,
        0.06470476127563013,
        -0.6278517870878942,
        -0.32499999999999996,
        -0.32499999999999996,
        0.16823237931663848,
        -0.4665063509461096,
        -0.24148145657226705,
        -0.24148145657226705,
        0.125,
        0.12499999999999999,
        0.06470476127563018,
        0.06470476127563018,
        -0.03349364905389034,
        0.24148145657226697,
        0.12499999999999996,
        0.12499999999999996,
        -0.06470476127563016,
        0.241481456572267,
        0.12499999999999999,
        0.12499999999999999,
        -0.06470476127563013
    ],
    "pauli_labels": [
        "IIIIII",
        "IIIIXI",
        "IIIIXZ",
        "IIIIZI",
        "IIIIZZ",
        "IIIZIX",
        "IIIZXX",
        "IIIZYY",
        "IIIZZX",
        "IXIIII",
        "IXZIII",
        "IZIIII",
        "IZZIII",
        "ZIXIII",
        "ZXXIII",
        "ZYYIII",
        "ZZXIII",
        "XIIXII",
        "YIIYII",
        "IIIIIX",
        "IIIIXX",
        "IIIIYY",
        "IIIIZX",
        "IXIIIX",
        "IXIIXX",
        "IXIIYY",
        "IXIIZX",
        "IXZIIX",
        "IXZIXX",
        "IXZIYY",
        "IXZIZX",
        "IZIIIX",
        "IZIIXX",
        "IZIIYY",
        "IZIIZX",
        "IZZIIX",
        "IZZIXX",
        "IZZIYY",
        "IZZIZX",
        "IIXIII",
        "IXXIII",
        "IYYIII",
        "IZXIII",
        "IIXIXI",
        "IXXIXI",
        "IYYIXI",
        "IZXIXI",
        "IIXIXZ",
        "IXXIXZ",
        "IYYIXZ",
        "IZXIXZ",
        "IIXIZI",
        "IXXIZI",
        "IYYIZI",
        "IZXIZI",
        "IIXIZZ",
        "IXXIZZ",
        "IYYIZZ",
        "IZXIZZ"
    ]
}