{
    "load_date": "2026-02-12 14:28:56.566654",
    "potential": "quadratic",
    "cutoff": 2,
    "N": 2,
    "a": 1.0,
    "c": -0.2,
    "boundary_condition": "dirichlet",
    "num_qubits": 4,
    "H_size": [
        16,
        16
    ],
    "H_dense_mem_estimate_bytes": 4096,
    "H_sparse_mem_estimate_bytes": 1348,
    "H_pauli_time": "0:00:00.002304",
    "H_creation_time": "0:00:00.002151",
    "H_eigenvalue_time": "0:00:00.000218",
    "used_dense": true,
    "eigenvalues": [
        -0.9113455967290582,
        -0.7849999999999993,
        -0.784999999999999,
        -0.4870815280171308,
        0.0028679656440355004,
        0.42713203435596486,
        0.7149999999999996,
        0.7150000000000004
    ],
    "best_basis_state": [
        1,
        0,
        1,
        0
    ],
    "basis_prob": 0.2500000000000001,
    "num_paulis": 7,
    "pauli_coeffs": [
        0.7150000000000001,
        -0.7071067811865475,
        0.7071067811865475,
        0.25,
        0.25,
        0.10606601717798207,
        -0.10606601717798207
    ],
    "pauli_labels": [
        "IIII",
        "IIZX",
        "ZXII",
        "XIXI",
        "YIYI",
        "IIIX",
        "IXII"
    ]
}