{
    "load_date": "2026-02-02 20:48:05.191495",
    "potential": "linear",
    "cutoff": 32,
    "N": 2,
    "a": 1.0,
    "c": null,
    "x_max": 7.0,
    "boundary_condition": "periodic",
    "num_qubits": 12,
    "H_size": [
        4096,
        4096
    ],
    "H_dense_mem_estimate_bytes": 268435456,
    "H_sparse_mem_estimate_bytes": 5177348,
    "H_pauli_time": "0:00:27.025340",
    "H_creation_time": "0:00:00.008119",
    "H_eigenvalue_time": "0:00:00.154289",
    "eigenvalues": [
        4.972690363661176e-15,
        0.9999999999999521,
        0.9999999999999618,
        0.9999999999999724,
        0.9999999999999881,
        1.999999999999887,
        1.9999999999999534,
        1.999999999999956
    ],
    "best_basis_state": [
        1,
        1,
        0,
        0,
        0,
        0,
        0,
        1,
        0,
        0,
        0,
        0
    ],
    "basis_prob": 0.06092650165237209,
    "num_paulis": 195,
    "pauli_coeffs": [
        33.586686952411014,
        -5.241307242788984,
        0.0478515625,
        1.3230377100040898,
        -2.919443205773492,
        -2.321864037015496,
        0.09570312499999911,
        0.09570312499999911,
        0.3438462979740448,
        -0.41209235623760604,
        0.7430898465085194,
        -1.547652973311627,
        1.135560617074023,
        -0.185486812520392,
        -1.1863034199414713,
        0.5799478634955668,
        -1.3717902324618623,
        0.19140625000000044,
        0.19140624999999956,
        0.38281249999999956,
        0.10071024899070077,
        -0.10469496378418516,
        0.11798939597756707,
        -0.12518429083428206,
        0.020489327050094937,
        0.20142049798141817,
        -0.23597879195514243,
        0.4028409959628294,
        -0.8056819919256601,
        0.5697031999705189,
        0.09030517407076052,
        0.5901925270206169,
        -0.28485159998526155,
        0.6804977010913783,
        -0.020424974198123946,
        -0.03025347581735515,
        0.0451525870353793,
        -0.0506784500154775,
        -0.09518163844963051,
        -0.596110892920857,
        0.2950962635103067,
        -0.6912925313704861,
        0.14242579999262903,
        -0.17611356428246286,
        0.34024885054568865,
        -0.7419709813859672,
        0.5658574171035027,
        0.3828124999999998,
        0.3828124999999998,
        0.765625,
        1.53125,
        0.050355124495353926,
        -0.05084359722736215,
        0.05234748189209387,
        -0.0529161802605827,
        0.002072583033224315,
        0.058994697988782555,
        -0.059865227672677546,
        0.06259214541714492,
        -0.06371101053969663,
        0.003845782867018789,
        0.004876464378869103,
        0.005918365900242398,
        -0.01024466352504748,
        0.010794830279110294,
        0.10071024899071515,
        -0.10469496378419588,
        0.11798939597757126,
        -0.12518429083428684,
        0.020489327050093334,
        0.2014204979814159,
        -0.2359787919551419,
        0.4028409959628313,
        -0.8056819919256628,
        0.5697031999705247,
        0.09030517407076102,
        0.5901925270206135,
        -0.28485159998525755,
        0.6804977010913719,
        0.020424974198126087,
        0.03025347581735504,
        -0.045152587035380096,
        0.050678450015480096,
        0.0951816384496286,
        0.5961108929208562,
        -0.29509626351030227,
        0.6912925313704833,
        -0.14242579999263077,
        0.1761135642824643,
        -0.34024885054568677,
        0.7419709813859653,
        -0.5658574171035032,
        0.7656249999999999,
        0.7656249999999999,
        1.53125,
        3.0625,
        6.125,
        -0.5,
        -5.241307242788984,
        0.0478515625,
        1.3230377100040898,
        -2.919443205773492,
        -2.321864037015496,
        0.09570312499999911,
        0.09570312499999911,
        0.3438462979740448,
        -0.41209235623760604,
        0.7430898465085194,
        -1.547652973311627,
        1.135560617074023,
        -0.185486812520392,
        -1.1863034199414713,
        0.5799478634955668,
        -1.3717902324618623,
        0.19140625000000044,
        0.19140624999999956,
        0.38281249999999956,
        0.10071024899070077,
        -0.10469496378418516,
        0.11798939597756707,
        -0.12518429083428206,
        0.020489327050094937,
        0.20142049798141817,
        -0.23597879195514243,
        0.4028409959628294,
        -0.8056819919256601,
        0.5697031999705189,
        0.09030517407076052,
        0.5901925270206169,
        -0.28485159998526155,
        0.6804977010913783,
        -0.020424974198123946,
        -0.03025347581735515,
        0.0451525870353793,
        -0.0506784500154775,
        -0.09518163844963051,
        -0.596110892920857,
        0.2950962635103067,
        -0.6912925313704861,
        0.14242579999262903,
        -0.17611356428246286,
        0.34024885054568865,
        -0.7419709813859672,
        0.5658574171035027,
        0.3828124999999998,
        0.3828124999999998,
        0.765625,
        1.53125,
        0.050355124495353926,
        -0.05084359722736215,
        0.05234748189209387,
        -0.0529161802605827,
        0.002072583033224315,
        0.058994697988782555,
        -0.059865227672677546,
        0.06259214541714492,
        -0.06371101053969663,
        0.003845782867018789,
        0.004876464378869103,
        0.005918365900242398,
        -0.01024466352504748,
        0.010794830279110294,
        0.10071024899071515,
        -0.10469496378419588,
        0.11798939597757126,
        -0.12518429083428684,
        0.020489327050093334,
        0.2014204979814159,
        -0.2359787919551419,
        0.4028409959628313,
        -0.8056819919256628,
        0.5697031999705247,
        0.09030517407076102,
        0.5901925270206135,
        -0.28485159998525755,
        0.6804977010913719,
        0.020424974198126087,
        0.03025347581735504,
        -0.045152587035380096,
        0.050678450015480096,
        0.0951816384496286,
        0.5961108929208562,
        -0.29509626351030227,
        0.6912925313704833,
        -0.14242579999263077,
        0.1761135642824643,
        -0.34024885054568677,
        0.7419709813859653,
        -0.5658574171035032,
        0.7656249999999999,
        0.7656249999999999,
        1.53125,
        3.0625,
        6.125,
        0.5
    ],