{
    "load_date": "2026-02-02 20:47:37.539065",
    "potential": "linear",
    "cutoff": 4,
    "N": 2,
    "a": 1.0,
    "c": null,
    "x_max": 7.0,
    "boundary_condition": "periodic",
    "num_qubits": 6,
    "H_size": [
        64,
        64
    ],
    "H_dense_mem_estimate_bytes": 65536,
    "H_sparse_mem_estimate_bytes": 9220,
    "H_pauli_time": "0:00:00.001820",
    "H_creation_time": "0:00:00.002522",
    "H_eigenvalue_time": "0:00:00.003646",
    "eigenvalues": [
        -0.7046162431811879,
        0.2953837568188116,
        0.29538375681881485,
        1.2953837568188094,
        5.373402127400101,
        5.37340212740013,
        5.476270864698111,
        5.476270864698128
    ],
    "best_basis_state": [
        1,
        1,
        0,
        0,
        1,
        0
    ],
    "basis_prob": 0.9989348523497737,
    "num_paulis": 15,
    "pauli_coeffs": [
        18.677130746972125,
        -0.10071024899070774,
        3.0625000000000004,
        0.050355124495353856,
        -0.10071024899070771,
        6.125,
        6.125,
        -0.5,
        -0.10071024899070774,
        3.0625000000000004,
        0.050355124495353856,
        -0.10071024899070771,
        6.125,
        6.125,
        0.5
    ],
    "pauli_labels": [
        "IIIIII",
        "IIIIIX",
        "IIIIIZ",
        "IIIIXI",
        "IIIIXX",
        "IIIIZI",
        "IIIIZZ",
        "IIIZII",
        "IIXIII",
        "IIZIII",
        "IXIIII",
        "IXXIII",
        "IZIIII",
        "IZZIII",
        "ZIIIII"
    ],
    "boson_position_marginals": {
        "site_0": {
            "x_grid": [
                -7.0,
                -3.5,
                0.0,
                3.5
            ],
            "P_x": [
                3.689434329264052e-06,
                0.0002645131419011282,
                0.9994672842818689,
                0.0002645131419011387
            ],
            "edge_mass_2": 1.0000000000000004
        },
        "site_1": {
            "x_grid": [
                -7.0,
                -3.5,
                0.0,
                3.5
            ],
            "P_x": [
                3.6894343292640355e-06,
                0.00026451314190112976,
                0.9994672842818689,
                0.00026451314190112976
            ],
            "edge_mass_2": 1.0000000000000004
        }
    }
}