{
    "load_date": "2026-02-02 20:47:37.999781",
    "potential": "linear",
    "cutoff": 16,
    "N": 2,
    "a": 1.0,
    "c": null,
    "x_max": 7.0,
    "boundary_condition": "periodic",
    "num_qubits": 10,
    "H_size": [
        1024,
        1024
    ],
    "H_dense_mem_estimate_bytes": 16777216,
    "H_sparse_mem_estimate_bytes": 638980,
    "H_pauli_time": "0:00:00.396543",
    "H_creation_time": "0:00:00.002932",
    "H_eigenvalue_time": "0:00:00.032844",
    "eigenvalues": [
        -2.0153210592466695e-05,
        0.9999798467893664,
        0.9999798467893908,
        1.0002164476906519,
        1.0002164476906654,
        1.99733513486628,
        1.9973351348663175,
        1.9999798467893668
    ],
    "best_basis_state": [
        1,
        1,
        0,
        0,
        0,
        0,
        1,
        0,
        0,
        0
    ],
    "basis_prob": 0.24381726892820796,
    "num_paulis": 77,
    "pauli_coeffs": [
        20.79147820660043,
        -1.323037710004087,
        0.19140625,
        0.34384629797404576,
        -0.743089846508519,
        -0.5799478634955679,
        0.3828125,
        0.3828125,
        0.10071024899070743,
        -0.1179893959775707,
        0.20142049798141565,
        -0.4028409959628309,
        0.28485159998526105,
        -0.045152587035380956,
        -0.29509626351030743,
        0.1424257999926308,
        -0.3402488505456888,
        0.765625,
        0.765625,
        1.53125,
        0.050355124495353946,
        -0.05234748189209524,
        0.05899469798878523,
        -0.06259214541714316,
        0.010244663525047326,
        0.10071024899070796,
        -0.11798939597757058,
        0.20142049798141504,
        -0.40284099596283085,
        0.2848515999852602,
        0.045152587035380075,
        0.2950962635103075,
        -0.14242579999262978,
        0.3402488505456879,
        1.53125,
        1.53125,
        3.0625,
        6.125,
        -0.5,
        -1.323037710004087,
        0.19140625,
        0.34384629797404576,
        -0.743089846508519,
        -0.5799478634955679,
        0.3828125,
        0.3828125,
        0.10071024899070743,
        -0.1179893959775707,
        0.20142049798141565,
        -0.4028409959628309,
        0.28485159998526105,
        -0.045152587035380956,
        -0.29509626351030743,
        0.1424257999926308,
        -0.3402488505456888,
        0.765625,
        0.765625,
        1.53125,
        0.050355124495353946,
        -0.05234748189209524,
        0.05899469798878523,
        -0.06259214541714316,
        0.010244663525047326,
        0.10071024899070796,
        -0.11798939597757058,
        0.20142049798141504,
        -0.40284099596283085,
        0.2848515999852602,
        0.045152587035380075,
        0.2950962635103075,
        -0.14242579999262978,
        0.3402488505456879,
        1.53125,
        1.53125,
        3.0625,
        6.125,
        0.5
    ],
    "pauli_labels": [
        "IIIIIIIIII",
        "IIIIIIIIIX",
        "IIIIIIIIIZ",
        "IIIIIIIIXI",
        "IIIIIIIIXX",
        "IIIIIIIIYY",
        "IIIIIIIIZI",
        "IIIIIIIIZZ",
        "IIIIIIIXII",
        "IIIIIIIXIX",
        "IIIIIIIXXI",
        "IIIIIIIXXX",
        "IIIIIIIXYY",
        "IIIIIIIYIY",
        "IIIIIIIYXY",
        "IIIIIIIYYI",
        "IIIIIIIYYX",
        "IIIIIIIZII",
        "IIIIIIIZIZ",
        "IIIIIIIZZI",
        "IIIIIIXIII",
        "IIIIIIXIIX",
        "IIIIIIXIXI",
        "IIIIIIXIXX",
        "IIIIIIXIYY",
        "IIIIIIXXII",
        "IIIIIIXXIX",
        "IIIIIIXXXI",
        "IIIIIIXXXX",
        "IIIIIIXXYY",
        "IIIIIIXYIY",
        "IIIIIIXYXY",
        "IIIIIIXYYI",
        "IIIIIIXYYX",
        "IIIIIIZIII",
        "IIIIIIZIIZ",
        "IIIIIIZIZI",
        "IIIIIIZZII",
        "IIIIIZIIII",
        "IIIIXIIIII",
        "IIIIZIIIII",
        "IIIXIIIIII",
        "IIIXXIIIII",
        "IIIYYIIIII",
        "IIIZIIIIII",
        "IIIZZIIIII",
        "IIXIIIIIII",
        "IIXIXIIIII",
        "IIXXIIIIII",
        "IIXXXIIIII",
        "IIXYYIIIII",
        "IIYIYIIIII",
        "IIYXYIIIII",
        "IIYYIIIIII",
        "IIYYXIIIII",
        "IIZIIIIIII",
        "IIZIZIIIII",
        "IIZZIIIIII",
        "IXIIIIIIII",
        "IXIIXIIIII",
        "IXIXIIIIII",
        "IXIXXIIIII",
        "IXIYYIIIII",
        "IXXIIIIIII",
        "IXXIXIIIII",
        "IXXXIIIIII",
        "IXXXXIIIII",
        "IXXYYIIIII",
        "IXYIYIIIII",
        "IXYXYIIIII",
        "IXYYIIIIII",
        "IXYYXIIIII",
        "IZIIIIIIII",
        "IZIIZIIIII",
        "IZIZIIIIII",
        "IZZIIIIIII",
        "ZIIIIIIIII"
    ],
    "boson_position_marginals": {
        "site_0": {
            "x_grid": [
                -7.0,
                -6.125,
                -5.25,
                -4.375,
                -3.5,
                -2.625,
                -1.75,
                -0.875,
                0.0,
                0.875,
                1.75,
                2.625,
                3.5,
                4.375,
                5.25,
                6.125
            ],
            "P_x": [
                3.533096489718095e-11,
                5.6091601860790755e-11,
                6.881925833969895e-11,
                3.500020180252051e-09,
                2.3337591283481733e-06,
                0.0005022712513806034,
                0.02309262987695342,
                0.22951348014721318,
                0.4937785626454496,
                0.22951348014721287,
                0.023092629876953284,
                0.0005022712513806009,
                2.333759128348377e-06,
                3.5000201802452943e-09,
                6.881925834020942e-11,
                5.6091601861107086e-11
            ],
            "edge_mass_2": 2.1633342695928822e-10
        },
        "site_1": {
            "x_grid": [
                -7.0,
                -6.125,
                -5.25,
                -4.375,
                -3.5,
                -2.625,
                -1.75,
                -0.875,
                0.0,
                0.875,
                1.75,
                2.625,
                3.5,
                4.375,
                5.25,
                6.125
            ],
            "P_x": [
                3.533096489714303e-11,
                5.60916018607694e-11,
                6.881925833953763e-11,
                3.500020180252229e-09,
                2.333759128348115e-06,
                0.0005022712513806014,
                0.023092629876953374,
                0.22951348014721304,
                0.4937785626454496,
                0.229513480147213,
                0.023092629876953295,
                0.0005022712513806,
                2.3337591283482737e-06,
                3.5000201802457414e-09,
                6.881925834011183e-11,
                5.6091601861031774e-11
            ],
            "edge_mass_2": 2.1633342695905602e-10
        }
    }
}