{
    "load_date": "2026-02-02 20:47:37.564949",
    "potential": "linear",
    "cutoff": 8,
    "N": 2,
    "a": 1.0,
    "c": null,
    "x_max": 7.0,
    "boundary_condition": "periodic",
    "num_qubits": 8,
    "H_size": [
        256,
        256
    ],
    "H_dense_mem_estimate_bytes": 1048576,
    "H_sparse_mem_estimate_bytes": 77828,
    "H_pauli_time": "0:00:00.010301",
    "H_creation_time": "0:00:00.003664",
    "H_eigenvalue_time": "0:00:00.009905",
    "eigenvalues": [
        -0.16055786287867413,
        0.8394421371213129,
        0.8394421371213152,
        1.3866724319265915,
        1.386672431926598,
        1.6970730395795817,
        1.6970730395795817,
        1.8394421371213068
    ],
    "best_basis_state": [
        1,
        1,
        0,
        0,
        0,
        1,
        0,
        0
    ],
    "basis_prob": 0.8652225586177733,
    "num_paulis": 33,
    "pauli_coeffs": [
        17.951562738897785,
        -0.3438462979740456,
        0.765625,
        0.10071024899070789,
        -0.20142049798141554,
        -0.1424257999926301,
        1.53125,
        1.53125,
        0.05035512449535384,
        -0.05899469798878527,
        0.10071024899070753,
        -0.2014204979814153,
        0.1424257999926302,
        3.0625,
        3.0625,
        6.125,
        -0.5,
        -0.3438462979740456,
        0.765625,
        0.10071024899070789,
        -0.20142049798141554,
        -0.1424257999926301,
        1.53125,
        1.53125,
        0.05035512449535384,
        -0.05899469798878527,
        0.10071024899070753,
        -0.2014204979814153,
        0.1424257999926302,
        3.0625,
        3.0625,
        6.125,
        0.5
    ],
    "pauli_labels": [
        "IIIIIIII",
        "IIIIIIIX",
        "IIIIIIIZ",
        "IIIIIIXI",
        "IIIIIIXX",
        "IIIIIIYY",
        "IIIIIIZI",
        "IIIIIIZZ",
        "IIIIIXII",
        "IIIIIXIX",
        "IIIIIXXI",
        "IIIIIXXX",
        "IIIIIXYY",
        "IIIIIZII",
        "IIIIIZIZ",
        "IIIIIZZI",
        "IIIIZIII",
        "IIIXIIII",
        "IIIZIIII",
        "IIXIIIII",
        "IIXXIIII",
        "IIYYIIII",
        "IIZIIIII",
        "IIZZIIII",
        "IXIIIIII",
        "IXIXIIII",
        "IXXIIIII",
        "IXXXIIII",
        "IXYYIIII",
        "IZIIIIII",
        "IZIZIIII",
        "IZZIIIII",
        "ZIIIIIII"
    ],
    "boson_position_marginals": {
        "site_0": {
            "x_grid": [
                -7.0,
                -5.25,
                -3.5,
                -1.75,
                0.0,
                1.75,
                3.5,
                5.25
            ],
            "P_x": [
                9.914638241175864e-07,
                3.7091933124060277e-06,
                1.1077122516390016e-05,
                0.034898016729309186,
                0.9301734024458918,
                0.03489801672930999,
                1.1077122516389252e-05,
                3.7091933124060573e-06
            ],
            "edge_mass_2": 1.948697296531892e-05
        },
        "site_1": {
            "x_grid": [
                -7.0,
                -5.25,
                -3.5,
                -1.75,
                0.0,
                1.75,
                3.5,
                5.25
            ],
            "P_x": [
                9.914638241175218e-07,
                3.7091933124060205e-06,
                1.1077122516390956e-05,
                0.03489801672930902,
                0.930173402445892,
                0.03489801672931009,
                1.107712251638884e-05,
                3.709193312406018e-06
            ],
            "edge_mass_2": 1.94869729653184e-05
        }
    }
}