{
    "load_date": "2026-02-02 20:47:37.528136",
    "potential": "linear",
    "cutoff": 2,
    "N": 2,
    "a": 1.0,
    "c": null,
    "x_max": 7.0,
    "boundary_condition": "periodic",
    "num_qubits": 4,
    "H_size": [
        16,
        16
    ],
    "H_dense_mem_estimate_bytes": 4096,
    "H_sparse_mem_estimate_bytes": 1028,
    "H_pauli_time": "0:00:00.001653",
    "H_creation_time": "0:00:00.003165",
    "H_eigenvalue_time": "0:00:00.000422",
    "eigenvalues": [
        -0.8994967410380023,
        0.10050325896199563,
        0.10050325896199691,
        1.1005032589620007,
        23.60071024899072,
        23.600710248990744,
        24.60071024899071,
        24.60071024899071
    ],
    "best_basis_state": [
        1,
        1,
        0,
        1
    ],
    "basis_prob": 0.9999915515166219,
    "num_paulis": 7,
    "pauli_coeffs": [
        24.60071024899071,
        -0.050355124495353856,
        12.25,
        -0.5,
        -0.050355124495353856,
        12.25,
        0.5
    ],
    "pauli_labels": [
        "IIII",
        "IIIX",
        "IIIZ",
        "IIZI",
        "IXII",
        "IZII",
        "ZIII"
    ],
    "boson_position_marginals": {
        "site_0": {
            "x_grid": [
                -7.0,
                0.0
            ],
            "P_x": [
                4.22425061136071e-06,
                0.9999957757493889
            ],
            "edge_mass_2": 2.0000000000000004
        },
        "site_1": {
            "x_grid": [
                -7.0,
                0.0
            ],
            "P_x": [
                4.224250611361189e-06,
                0.9999957757493889
            ],
            "edge_mass_2": 2.0000000000000004
        }
    }
}