{
    "load_date": "2025-11-28 10:36:20.971780",
    "potential": "linear",
    "cutoff": 4,
    "N": 4,
    "a": 1.0,
    "c": null,
    "boundary_condition": "dirichlet",
    "num_qubits": 12,
    "num_paulis": 59,
    "dense_H_size": [
        4096,
        4096
    ],
    "min_eigenvalue": -6.460202619670289e-05,
    "basis": [
        0,
        0,
        0,
        1,
        0,
        0,
        0,
        0,
        0,
        1,
        0,
        0
    ],
    "tol": 1e-12,
    "dt": 1.0,
    "n_steps": 1,
    "max_k": 50,
    "final_k": 14,
    "converged": true,
    "all_energies": [
        0.005088135769319083,
        0.004331402991603029,
        0.0013126787003622077,
        0.00039925717922819357,
        0.0003698545303771334,
        0.0003374109612373183,
        0.00033379427678385256,
        0.0003299866837181668,
        -9.006867270700191e-07,
        -6.321388382446462e-05,
        -6.352080745383462e-05,
        -6.35216527156991e-05,
        -6.371322876955287e-05,
        -6.371322876954652e-05
    ],
    "all_run_data": [
        {
            "D": 1,
            "t": 1.0,
            "circuit_time": "0:00:00.004940",
            "num_samples": 32,
            "H_reduced_size": [
                32,
                32
            ],
            "reduction": 99.21875,
            "H_reduced_e": 0.005088135769319083,
            "eigenvalue_time": "0:00:00.000767",
            "diff": 0.005152737795515786,
            "change_from_prev": null
        },
        {
            "D": 2,
            "t": 2.0,
            "circuit_time": "0:00:00.003917",
            "num_samples": 87,
            "H_reduced_size": [
                87,
                87
            ],
            "reduction": 97.8759765625,
            "H_reduced_e": 0.004331402991603029,
            "eigenvalue_time": "0:00:00.000970",
            "diff": 0.004396005017799732,
            "change_from_prev": 0.0007567327777160543
        },
        {
            "D": 3,
            "t": 3.0,
            "circuit_time": "0:00:00.004009",
            "num_samples": 137,
            "H_reduced_size": [
                137,
                137
            ],
            "reduction": 96.6552734375,
            "H_reduced_e": 0.0013126787003622077,
            "eigenvalue_time": "0:00:00.002043",
            "diff": 0.0013772807265589107,
            "change_from_prev": 0.003018724291240821
        },
        {
            "D": 4,
            "t": 4.0,
            "circuit_time": "0:00:00.004172",
            "num_samples": 213,
            "H_reduced_size": [
                213,
                213
            ],
            "reduction": 94.7998046875,
            "H_reduced_e": 0.00039925717922819357,
            "eigenvalue_time": "0:00:00.006671",
            "diff": 0.00046385920542489645,
            "change_from_prev": 0.0009134215211340142
        },
        {
            "D": 5,
            "t": 5.0,
            "circuit_time": "0:00:00.003928",
            "num_samples": 256,
            "H_reduced_size": [
                256,
                256
            ],
            "reduction": 93.75,
            "H_reduced_e": 0.0003698545303771334,
            "eigenvalue_time": "0:00:00.016589",
            "diff": 0.0004344565565738363,
            "change_from_prev": 2.9402648851060162e-05
        },
        {
            "D": 6,
            "t": 6.0,
            "circuit_time": "0:00:00.004336",
            "num_samples": 303,
            "H_reduced_size": [
                303,
                303
            ],
            "reduction": 92.6025390625,
            "H_reduced_e": 0.0003374109612373183,
            "eigenvalue_time": "0:00:00.016521",
            "diff": 0.0004020129874340212,
            "change_from_prev": 3.2443569139815084e-05
        },
        {
            "D": 7,
            "t": 7.0,
            "circuit_time": "0:00:00.004376",
            "num_samples": 321,
            "H_reduced_size": [
                321,
                321
            ],
            "reduction": 92.1630859375,
            "H_reduced_e": 0.00033379427678385256,
            "eigenvalue_time": "0:00:00.022213",
            "diff": 0.00039839630298055544,
            "change_from_prev": 3.6166844534657613e-06
        },
        {
            "D": 8,
            "t": 8.0,
            "circuit_time": "0:00:00.004295",
            "num_samples": 341,
            "H_reduced_size": [
                341,
                341
            ],
            "reduction": 91.6748046875,
            "H_reduced_e": 0.0003299866837181668,
            "eigenvalue_time": "0:00:00.017430",
            "diff": 0.0003945887099148697,
            "change_from_prev": 3.8075930656857396e-06
        },
        {
            "D": 9,
            "t": 9.0,
            "circuit_time": "0:00:00.004967",
            "num_samples": 357,
            "H_reduced_size": [
                357,
                357
            ],
            "reduction": 91.2841796875,
            "H_reduced_e": -9.006867270700191e-07,
            "eigenvalue_time": "0:00:00.029450",
            "diff": 6.370133946963287e-05,
            "change_from_prev": 0.00033088737044523686
        },
        {
            "D": 10,
            "t": 10.0,
            "circuit_time": "0:00:00.003890",
            "num_samples": 366,
            "H_reduced_size": [
                366,
                366
            ],
            "reduction": 91.064453125,
            "H_reduced_e": -6.321388382446462e-05,
            "eigenvalue_time": "0:00:00.032461",
            "diff": 1.388142372238274e-06,
            "change_from_prev": 6.23131970973946e-05
        },
        {
            "D": 11,
            "t": 11.0,
            "circuit_time": "0:00:00.003947",
            "num_samples": 374,
            "H_reduced_size": [
                374,
                374
            ],
            "reduction": 90.869140625,
            "H_reduced_e": -6.352080745383462e-05,
            "eigenvalue_time": "0:00:00.036881",
            "diff": 1.0812187428682726e-06,
            "change_from_prev": 3.069236293700014e-07
        },
        {
            "D": 12,
            "t": 12.0,
            "circuit_time": "0:00:00.004291",
            "num_samples": 375,
            "H_reduced_size": [
                375,
                375
            ],
            "reduction": 90.8447265625,
            "H_reduced_e": -6.35216527156991e-05,
            "eigenvalue_time": "0:00:00.035514",
            "diff": 1.080373481003797e-06,
            "change_from_prev": 8.452618644757106e-10
        },
        {
            "D": 13,
            "t": 13.0,
            "circuit_time": "0:00:00.003865",
            "num_samples": 376,
            "H_reduced_size": [
                376,
                376
            ],
            "reduction": 90.8203125,
            "H_reduced_e": -6.371322876955287e-05,
            "eigenvalue_time": "0:00:00.036249",
            "diff": 8.887974271500239e-07,
            "change_from_prev": 1.9157605385377305e-07
        },
        {
            "D": 14,
            "t": 14.0,
            "circuit_time": "0:00:00.003884",
            "num_samples": 376,
            "H_reduced_size": [
                376,
                376
            ],
            "reduction": 90.8203125,
            "H_reduced_e": -6.371322876954652e-05,
            "eigenvalue_time": "0:00:00.033740",
            "diff": 8.887974271563665e-07,
            "change_from_prev": 6.342582709040201e-18
        }
    ]
}