{
    "potential": "AHO",
    "cutoff": 2,
    "exact_eigenvalues": [
        -0.4375,
        -0.4375,
        2.0625,
        2.0625
    ],
    "ansatz": "ry_cnot_ansatz",
    "num_VQE": 100,
    "Optimizer": {
        "name": "AdamOptimizer",
        "stepsize": 0.01,
        "maxiter": 2500,
        "tolerance": 1e-08
    },
    "results": [
        -0.43749997271466645,
        -0.4374999768027161,
        -0.437499969629332,
        -0.4374999704344091,
        -0.43749997472566543,
        -0.4374999727795332,
        -0.4374999693311263,
        -0.4374999703054731,
        -0.4374999819779195,
        -0.43749996876674574,
        -0.43749997615963154,
        -0.4374999737280326,
        -0.43749997166464694,
        -0.4374999757146158,
        -0.437499970415222,
        -0.43749997438256705,
        -0.4374999700987026,
        -0.4374999738093903,
        -0.4374999732722326,
        -0.43749997597295553,
        -0.43749996800941715,
        -0.4374999788376264,
        -0.43749997732741835,
        -0.4374999687145798,
        -0.4374999717168613,
        -0.4374999717664896,
        -0.43749998088950237,
        -0.4374999725677734,
        -0.4374999711039263,
        -0.437499973489452,
        -0.43749997404167135,
        -0.43749997530523266,
        -0.4374999675713674,
        -0.4374999745281572,
        -0.43749996827375226,
        -0.43749998433154963,
        -0.4374999737009266,
        -0.43749997126207923,
        -0.43749997793102335,
        -0.4374999732576526,
        -0.43749996976698624,
        -0.4374999703283699,
        -0.43749999528608846,
        -0.43749997607382485,
        -0.4374999684203941,
        -0.43749997276842195,
        -0.4374999740535305,
        -0.4374999679122301,
        -0.43749996957933895,
        -0.4374999717699945,
        -0.43749997369599497,
        -0.43749996847656025,
        -0.43749997509452054,
        -0.4374999692406851,
        -0.43749997313519295,
        -0.437499970260592,
        -0.4374999748012817,
        -0.4374999748108688,
        -0.4374999721261018,
        -0.43749996804352864,
        -0.43749997244915995,
        -0.4374999734477548,
        -0.43749997091323567,
        -0.43749997160715354,
        -0.4374999720816666,
        -0.4374999695457828,
        -0.43749997083408926,
        -0.4374999704531193,
        -0.43749996717966405,
        -0.4374999723808046,
        -0.43749997113981265,
        -0.43749997167943677,
        -0.4374999859631843,
        -0.4374999754331786,
        -0.4374999672812179,
        -0.43749997475328406,
        -0.4374999725494861,
        -0.4374999688657603,
        -0.43749997135596574,
        -0.437499969629044,
        -0.4374999751331083,
        -0.4374999679258707,
        -0.4374999708348993,
        -0.43749997212246283,
        -0.43749997032320004,
        -0.4374999737174185,
        -0.4374999744001323,
        -0.43749996895255344,
        -0.43749996759930093,
        -0.4374999730838195,
        -0.4374999741820263,
        -0.4374999702351784,
        -0.43749997230343823,
        -0.4374999697274447,
        -0.43749997038246674,
        -0.4374999718332282,
        -0.43749996945692926,
        -0.4374999724834709,
        -0.4374999696869652,
        -0.4374999689287583
    ],
    "params": [
        [
            3.1414121380162436,
            0.710337830048719
        ],
        [
            3.1414319240168043,
            -0.300367747604632
        ],
        [
            3.141402084585474,
            0.9002953876069193
        ],
        [
            -3.141404723531026,
            -0.2539987250198936
        ],
        [
            3.141419897580299,
            -0.25378375133732556
        ],
        [
            3.1414135056522414,
            -0.7465046294605617
        ],
        [
            -3.141400927696178,
            0.8617698660317513
        ],
        [
            -3.1414044352277917,
            -0.40655407639956614
        ],
        [
            3.1414567690433812,
            0.8109150456135649
        ],
        [
            -3.1413991224441635,
            1.2150854404676563
        ],
        [
            3.1414301650488037,
            -0.9556832810590506
        ],
        [
            3.141416112274577,
            -0.189691839526482
        ],
        [
            -3.1414090540819535,
            -1.35000204558379
        ],
        [
            -3.141426396028592,
            -0.03600026868679187
        ],
        [
            3.1414048895271014,
            0.4527591336249064
        ],
        [
            -3.1414194195233844,
            -0.4974931930226549
        ],
        [
            -3.141403405086754,
            -0.2016074639318398
        ],
        [
            -3.141416516566744,
            0.877172884773357
        ],
        [
            3.141417848114583,
            -0.33365366829309456
        ],
        [
            3.141425320058455,
            0.6065428888406221
        ],
        [
            3.1413967376523617,
            0.9441128152018666
        ],
        [
            3.14144328508036,
            0.5963454594095592
        ],
        [
            3.141433914039949,
            0.11158452075927015
        ],
        [
            -3.141399292063584,
            0.2635175983361896
        ],
        [
            -3.14140893896736,
            -0.5310035810938569
        ],
        [
            3.1414098127564793,
            -0.1561287874045551
        ],
        [
            3.1414522665964952,
            0.3060011791464897
        ],
        [
            -3.141412306062874,
            0.6991452891666984
        ],
        [
            -3.141408505418321,
            0.35151278278761816
        ],
        [
            3.1414152507432944,
            1.0677911214206592
        ],
        [
            3.141417286426925,
            -0.27321165211547604
        ],
        [
            3.1414248619991234,
            -0.5375178145247571
        ],
        [
            -3.1413949775819483,
            0.6924225099779977
        ],
        [
            3.1414190607725994,
            -1.4264019417073366
        ],
        [
            3.141397261020224,
            -1.3067009273031038
        ],
        [
            3.141467050671209,
            -1.3210515873822006
        ],
        [
            3.141416290113468,
            0.15090767555660964
        ],
        [
            3.1414074214395415,
            -0.4552428643697593
        ],
        [
            3.1414396747785345,
            1.2567824619007064
        ],
        [
            3.14141663336635,
            -0.5954553764325018
        ],
        [
            3.141402876822907,
            0.8964165974750269
        ],
        [
            3.141405126096266,
            -1.034701255880223
        ],
        [
            3.1415586998358096,
            -1.4390861615160067
        ],
        [
            -3.1414261209588847,
            -0.08222396389792405
        ],
        [
            3.1413977566682267,
            0.6305098222731602
        ],
        [
            3.1414128433626756,
            0.19448253630439086
        ],
        [
            -3.1414174082389943,
            0.3671197190592999
        ],
        [
            -3.1413960611941607,
            -0.5789407715686186
        ],
        [
            -3.1414017381255803,
            0.4493249680627465
        ],
        [
            3.1414093158254017,
            -0.431910819950216
        ],
        [
            3.141416874999468,
            -0.7178320707324305
        ],
        [
            -3.1413981719420225,
            1.0271951314070844
        ],
        [
            3.1414214987957307,
            -0.9029417995208784
        ],
        [
            3.1414006419483274,
            0.24460642730512
        ],
        [
            3.141413946659918,
            0.22754732504132574
        ],
        [
            3.141404085406695,
