{
    "load_date": "2026-02-02 20:46:14.878673",
    "potential": "linear",
    "cutoff": 4,
    "N": 4,
    "a": 1.0,
    "c": null,
    "x_max": 2.0,
    "boundary_condition": "periodic",
    "num_qubits": 12,
    "H_size": [
        4096,
        4096
    ],
    "H_dense_mem_estimate_bytes": 268435456,
    "H_sparse_mem_estimate_bytes": 1409028,
    "H_pauli_time": "0:00:00.007775",
    "H_creation_time": "0:00:00.002460",
    "H_eigenvalue_time": "0:00:00.086395",
    "eigenvalues": [
        -0.07024468016830676,
        1.119224010813187,
        1.11922401081319,
        1.1192240108132012,
        1.1220288740791036,
        1.122028874079115,
        1.5012184241323174,
        1.501218424132327
    ],
    "best_basis_state": [
        1,
        1,
        0,
        0,
        1,
        0,
        1,
        1,
        0,
        0,
        1,
        0
    ],
    "basis_prob": 0.11088681095970532,
    "num_paulis": 45,
    "pauli_coeffs": [
        11.652203300817018,
        -1.2337005501361697,
        0.2500000000000002,
        0.6168502750680849,
        -1.2337005501361697,
        0.5,
        0.75,
        -0.5,
        -1.2337005501361697,
        0.2500000000000002,
        0.6168502750680849,
        -1.2337005501361697,
        0.5,
        0.75,
        0.5,
        -1.2337005501361697,
        0.2500000000000002,
        0.6168502750680849,
        -1.2337005501361697,
        0.5,
        0.75,
        -0.5,
        -1.2337005501361697,
        0.2500000000000002,
        0.6168502750680849,
        -1.2337005501361697,
        0.5,
        0.75,
        0.5,
        0.25,
        0.25,
        0.25,
        0.25,
        0.25,
        0.25,
        -0.25,
        -0.25,
        -0.125,
        -0.25,
        -0.25,
        -0.5,
        -0.125,
        -0.25,
        -0.25,
        -0.5
    ],
    "pauli_labels": [
        "IIIIIIIIIIII",
        "IIIIIIIIIIIX",
        "IIIIIIIIIIIZ",
        "IIIIIIIIIIXI",
        "IIIIIIIIIIXX",
        "IIIIIIIIIIZI",
        "IIIIIIIIIIZZ",
        "IIIIIIIIIZII",
        "IIIIIIIIXIII",
        "IIIIIIIIZIII",
        "IIIIIIIXIIII",
        "IIIIIIIXXIII",
        "IIIIIIIZIIII",
        "IIIIIIIZZIII",
        "IIIIIIZIIIII",
        "IIIIIXIIIIII",
        "IIIIIZIIIIII",
        "IIIIXIIIIIII",
        "IIIIXXIIIIII",
        "IIIIZIIIIIII",
        "IIIIZZIIIIII",
        "IIIZIIIIIIII",
        "IIXIIIIIIIII",
        "IIZIIIIIIIII",
        "IXIIIIIIIIII",
        "IXXIIIIIIIII",
        "IZIIIIIIIIII",
        "IZZIIIIIIIII",
        "ZIIIIIIIIIII",
        "IIIIIIXIIXII",
        "IIIIIIYIIYII",
        "IIIXIIXIIIII",
        "IIIYIIYIIIII",
        "XIIXIIIIIIII",
        "YIIYIIIIIIII",
        "XIIIIIIIIXII",
        "YIIIIIIIIYII",
        "IIZIIIIIZIII",
        "IZIIIIIIZIII",
        "IIZIIIIZIIII",
        "IZIIIIIZIIII",
        "IIIIIZIIIIIZ",
        "IIIIIZIIIIZI",
        "IIIIZIIIIIIZ",
        "IIIIZIIIIIZI"
    ],
    "boson_position_marginals": {
        "site_0": {
            "x_grid": [
                -2.0,
                -1.0,
                0.0,
                1.0
            ],
            "P_x": [
                0.0211795873057276,
                0.19915432411122455,
                0.596151412636429,
                0.18351467594661489
            ],
            "edge_mass_2": 0.999999999999996
        },
        "site_1": {
            "x_grid": [
                -2.0,
                -1.0,
                0.0,
                1.0
            ],
            "P_x": [
                0.021179587305727613,
                0.1991543241112245,
                0.5961514126364292,
                0.1835146759466149
            ],
            "edge_mass_2": 0.9999999999999963
        },
        "site_2": {
            "x_grid": [
                -2.0,
                -1.0,
                0.0,
                1.0
            ],
            "P_x": [
                0.021179587305727582,
                0.1991543241112245,
                0.5961514126364292,
                0.18351467594661483
            ],
            "edge_mass_2": 0.9999999999999962
        },
        "site_3": {
            "x_grid": [
                -2.0,
                -1.0,
                0.0,
                1.0
            ],
            "P_x": [
                0.021179587305727554,
                0.19915432411122455,
                0.5961514126364293,
                0.1835146759466148
            ],
            "edge_mass_2": 0.9999999999999963
        }
    }
}