{
    "load_date": "2026-02-02 20:46:14.777430",
    "potential": "linear",
    "cutoff": 2,
    "N": 4,
    "a": 1.0,
    "c": null,
    "x_max": 2.0,
    "boundary_condition": "periodic",
    "num_qubits": 8,
    "H_size": [
        256,
        256
    ],
    "H_dense_mem_estimate_bytes": 1048576,
    "H_sparse_mem_estimate_bytes": 47108,
    "H_pauli_time": "0:00:00.006327",
    "H_creation_time": "0:00:00.003493",
    "H_eigenvalue_time": "0:00:00.010185",
    "eigenvalues": [
        -0.4427718985550303,
        0.74669679242647,
        0.7466967924264741,
        0.7466967924264742,
        0.7466967924264756,
        1.5572281014449616,
        1.9714416638180505,
        1.9714416638180547
    ],
    "best_basis_state": [
        1,
        1,
        0,
        1,
        1,
        1,
        0,
        1
    ],
    "basis_prob": 0.7261076164358421,
    "num_paulis": 23,
    "pauli_coeffs": [
        7.467401100272339,
        -0.6168502750680848,
        1.0,
        -0.5,
        -0.6168502750680848,
        1.0,
        0.5,
        -0.6168502750680848,
        1.0,
        -0.5,
        -0.6168502750680848,
        1.0,
        0.5,
        0.25,
        0.25,
        0.25,
        0.25,
        0.25,
        0.25,
        -0.25,
        -0.25,
        -0.5,
        -0.5
    ],
    "pauli_labels": [
        "IIIIIIII",
        "IIIIIIIX",
        "IIIIIIIZ",
        "IIIIIIZI",
        "IIIIIXII",
        "IIIIIZII",
        "IIIIZIII",
        "IIIXIIII",
        "IIIZIIII",
        "IIZIIIII",
        "IXIIIIII",
        "IZIIIIII",
        "ZIIIIIII",
        "IIIIXIXI",
        "IIIIYIYI",
        "IIXIXIII",
        "IIYIYIII",
        "XIXIIIII",
        "YIYIIIII",
        "XIIIIIXI",
        "YIIIIIYI",
        "IZIIIZII",
        "IIIZIIIZ"
    ],
    "boson_position_marginals": {
        "site_0": {
            "x_grid": [
                -2.0,
                0.0
            ],
            "P_x": [
                0.04040778770915739,
                0.9595922122908408
            ],
            "edge_mass_2": 1.9999999999999964
        },
        "site_1": {
            "x_grid": [
                -2.0,
                0.0
            ],
            "P_x": [
                0.04040778770915735,
                0.9595922122908407
            ],
            "edge_mass_2": 1.999999999999996
        },
        "site_2": {
            "x_grid": [
                -2.0,
                0.0
            ],
            "P_x": [
                0.04040778770915743,
                0.9595922122908407
            ],
            "edge_mass_2": 1.9999999999999962
        },
        "site_3": {
            "x_grid": [
                -2.0,
                0.0
            ],
            "P_x": [
                0.040407787709157386,
                0.9595922122908407
            ],
            "edge_mass_2": 1.9999999999999962
        }
    }
}