{
    "load_date": "2026-02-04 15:48:12.233580",
    "potential": "linear",
    "cutoff": 2,
    "N": 3,
    "a": 1.0,
    "c": null,
    "boundary_condition": "dirichlet",
    "num_qubits": 6,
    "H_size": [
        64,
        64
    ],
    "H_dense_mem_estimate_bytes": 65536,
    "H_sparse_mem_estimate_bytes": 7940,
    "H_pauli_time": "0:00:00.002599",
    "H_creation_time": "0:00:00.002726",
    "H_eigenvalue_time": "0:00:00.000774",
    "used_dense": true,
    "eigenvalues": [
        -0.47474487139158983,
        -0.4747448713915894,
        -0.2247448713915897,
        -0.22474487139158933,
        -0.22474487139158916,
        -0.22474487139158805,
        0.5252551286084093,
        0.525255128608411
    ],
    "best_basis_state": [
        0,
        0,
        1,
        0,
        0,
        0
    ],
    "basis_prob": 0.2270620726159659,
    "num_paulis": 11,
    "pauli_coeffs": [
        1.625,
        -0.5,
        0.5,
        -0.5,
        0.25,
        0.25,
        0.25,
        0.25,
        -0.12499999999999997,
        0.24999999999999994,
        -0.24999999999999994
    ],
    "pauli_labels": [
        "IIIIII",
        "IIIIZI",
        "IIZIII",
        "ZIIIII",
        "IIXIXI",
        "IIYIYI",
        "XIXIII",
        "YIYIII",
        "IXIIIX",
        "IXIXII",
        "IIIXIX"
    ]
}