{
    "load_date": "2026-02-04 15:48:13.556162",
    "potential": "linear",
    "cutoff": 4,
    "N": 3,
    "a": 1.0,
    "c": null,
    "boundary_condition": "dirichlet",
    "num_qubits": 9,
    "H_size": [
        512,
        512
    ],
    "H_dense_mem_estimate_bytes": 4194304,
    "H_sparse_mem_estimate_bytes": 176132,
    "H_pauli_time": "0:00:00.004163",
    "H_creation_time": "0:00:00.001952",
    "H_eigenvalue_time": "0:00:00.098049",
    "used_dense": true,
    "eigenvalues": [
        -0.16464372810231054,
        0.4953613987027712,
        0.7718164310124047,
        0.7861762865875458,
        0.8353562718976822,
        0.8998342951811087,
        0.9316475302249438,
        1.0523679902489784
    ],
    "best_basis_state": [
        0,
        0,
        0,
        1,
        0,
        0,
        0,
        0,
        0
    ],
    "basis_prob": 0.880469005505743,
    "num_paulis": 66,
    "pauli_coeffs": [
        4.875,
        -0.5624999999999999,
        -0.5625000000000001,
        -0.5,
        -0.4999999999999999,
        -0.5000000000000001,
        0.5,
        -0.5624999999999999,
        -0.5625000000000001,
        -0.5,
        0.25,
        0.25,
        0.25,
        0.25,
        0.12074072828613353,
        -0.03235238063781509,
        0.12074072828613353,
        -0.03235238063781509,
        -0.2332531754730548,
        -0.12074072828613353,
        -0.12074072828613353,
        0.0625,
        -0.12074072828613353,
        -0.0625,
        -0.0625,
        0.03235238063781509,
        -0.12074072828613353,
        -0.0625,
        -0.0625,
        0.03235238063781509,
        0.06249999999999999,
        0.03235238063781509,
        0.03235238063781509,
        -0.01674682452694517,
        0.4665063509461096,
        0.24148145657226705,
        0.24148145657226705,
        -0.125,
        0.24148145657226705,
        0.125,
        0.125,
        -0.06470476127563018,
        0.24148145657226705,
        0.125,
        0.125,
        -0.06470476127563018,
        -0.12499999999999999,
        -0.06470476127563018,
        -0.06470476127563018,
        0.03349364905389034,
        -0.4665063509461096,
        -0.24148145657226705,
        -0.24148145657226705,
        0.125,
        -0.24148145657226705,
        -0.125,
        -0.125,
        0.06470476127563018,
        -0.24148145657226705,
        -0.125,
        -0.125,
        0.06470476127563018,
        0.12499999999999999,
        0.06470476127563018,
        0.06470476127563018,
        -0.03349364905389034
    ],
    "pauli_labels": [
        "IIIIIIIII",
        "IIIIIIIZI",
        "IIIIIIIZZ",
        "IIIIIIZII",
        "IIIIZIIII",
        "IIIIZZIII",
        "IIIZIIIII",
        "IZIIIIIII",
        "IZZIIIIII",
        "ZIIIIIIII",
        "IIIXIIXII",
        "IIIYIIYII",
        "XIIXIIIII",
        "YIIYIIIII",
        "IXIIIIIII",
        "IXZIIIIII",
        "IIIIIIIXI",
        "IIIIIIIXZ",
        "IIXIIIIIX",
        "IIXIIIIXX",
        "IIXIIIIYY",
        "IIXIIIIZX",
        "IXXIIIIIX",
        "IXXIIIIXX",
        "IXXIIIIYY",
        "IXXIIIIZX",
        "IYYIIIIIX",
        "IYYIIIIXX",
        "IYYIIIIYY",
        "IYYIIIIZX",
        "IZXIIIIIX",
        "IZXIIIIXX",
        "IZXIIIIYY",
        "IZXIIIIZX",
        "IIXIIXIII",
        "IIXIXXIII",
        "IIXIYYIII",
        "IIXIZXIII",
        "IXXIIXIII",
        "IXXIXXIII",
        "IXXIYYIII",
        "IXXIZXIII",
        "IYYIIXIII",
        "IYYIXXIII",
        "IYYIYYIII",
        "IYYIZXIII",
        "IZXIIXIII",
        "IZXIXXIII",
        "IZXIYYIII",
        "IZXIZXIII",
        "IIIIIXIIX",
        "IIIIXXIIX",
        "IIIIYYIIX",
        "IIIIZXIIX",
        "IIIIIXIXX",
        "IIIIXXIXX",
        "IIIIYYIXX",
        "IIIIZXIXX",
        "IIIIIXIYY",
        "IIIIXXIYY",
        "IIIIYYIYY",
        "IIIIZXIYY",
        "IIIIIXIZX",
        "IIIIXXIZX",
        "IIIIYYIZX",
        "IIIIZXIZX"
    ]
}