{
    "load_date": "2026-02-02 18:39:40.383925",
    "potential": "linear",
    "cutoff": 4,
    "N": 4,
    "a": 1.0,
    "c": null,
    "x_max": 0.5,
    "boundary_condition": "dirichlet",
    "num_qubits": 12,
    "H_size": [
        4096,
        4096
    ],
    "H_dense_mem_estimate_bytes": 268435456,
    "H_sparse_mem_estimate_bytes": 1327108,
    "H_pauli_time": "0:00:00.005589",
    "H_creation_time": "0:00:00.001929",
    "H_eigenvalue_time": "0:00:00.107274",
    "eigenvalues": [
        -2.08359545293968,
        -1.0369381533366087,
        -1.0369381533365956,
        -0.7973184620907661,
        -0.7973184620907434,
        0.009719146266518961,
        0.24933883751234417,
        0.2493388375123631
    ],
    "best_basis_state": [
        1,
        1,
        0,
        0,
        1,
        0,
        1,
        1,
        0,
        0,
        1,
        0
    ],
    "basis_prob": 0.0035004315485595173,
    "num_paulis": 43,
    "pauli_coeffs": [
        118.68525281307231,
        -19.739208802178716,
        0.015625000000001776,
        9.869604401089358,
        -19.739208802178716,
        0.03125,
        0.0390625,
        -0.5,
        -19.739208802178716,
        0.019531250000001776,
        9.869604401089358,
        -19.739208802178716,
        0.0390625,
        0.046875,
        0.5,
        -19.739208802178716,
        0.019531250000001776,
        9.869604401089358,
        -19.739208802178716,
        0.0390625,
        0.046875,
        -0.5,
        -19.739208802178716,
        0.015625000000001776,
        9.869604401089358,
        -19.739208802178716,
        0.03125,
        0.0390625,
        0.5,
        0.25,
        0.25,
        0.25,
        0.25,
        0.25,
        0.25,
        -0.00390625,
        -0.0078125,
        -0.0078125,
        -0.015625,
        -0.00390625,
        -0.0078125,
        -0.0078125,
        -0.015625
    ],
    "pauli_labels": [
        "IIIIIIIIIIII",
        "IIIIIIIIIIIX",
        "IIIIIIIIIIIZ",
        "IIIIIIIIIIXI",
        "IIIIIIIIIIXX",
        "IIIIIIIIIIZI",
        "IIIIIIIIIIZZ",
        "IIIIIIIIIZII",
        "IIIIIIIIXIII",
        "IIIIIIIIZIII",
        "IIIIIIIXIIII",
        "IIIIIIIXXIII",
        "IIIIIIIZIIII",
        "IIIIIIIZZIII",
        "IIIIIIZIIIII",
        "IIIIIXIIIIII",
        "IIIIIZIIIIII",
        "IIIIXIIIIIII",
        "IIIIXXIIIIII",
        "IIIIZIIIIIII",
        "IIIIZZIIIIII",
        "IIIZIIIIIIII",
        "IIXIIIIIIIII",
        "IIZIIIIIIIII",
        "IXIIIIIIIIII",
        "IXXIIIIIIIII",
        "IZIIIIIIIIII",
        "IZZIIIIIIIII",
        "ZIIIIIIIIIII",
        "IIIIIIXIIXII",
        "IIIIIIYIIYII",
        "IIIXIIXIIIII",
        "IIIYIIYIIIII",
        "XIIXIIIIIIII",
        "YIIYIIIIIIII",
        "IIIIIZIIIIIZ",
        "IIIIIZIIIIZI",
        "IIIIZIIIIIIZ",
        "IIIIZIIIIIZI",
        "IIZIIIIIZIII",
        "IIZIIIIZIIII",
        "IZIIIIIIZIII",
        "IZIIIIIZIIII"
    ],
    "boson_position_marginals": {
        "site_0": {
            "x_grid": [
                -0.5,
                -0.25,
                0.0,
                0.25
            ],
            "P_x": [
                0.24812277637291777,
                0.2502931279255587,
                0.2516836176317245,
                0.24990047806978571
            ],
            "edge_mass_2": 0.9999999999999867
        },
        "site_1": {
            "x_grid": [
                -0.5,
                -0.25,
                0.0,
                0.25
            ],
            "P_x": [
                0.24770492658165996,
                0.25031703924505466,
                0.25205442042212683,
                0.2499236137511452
            ],
            "edge_mass_2": 0.9999999999999867
        },
        "site_2": {
            "x_grid": [
                -0.5,
                -0.25,
                0.0,
                0.25
            ],
            "P_x": [
                0.2477049265816601,
                0.2503170392450547,
                0.2520544204221268,
                0.2499236137511452
            ],
            "edge_mass_2": 0.9999999999999869
        },
        "site_3": {
            "x_grid": [
                -0.5,
                -0.25,
                0.0,
                0.25
            ],
            "P_x": [
                0.24812277637291777,
                0.2502931279255588,
                0.2516836176317246,
                0.2499004780697857
            ],
            "edge_mass_2": 0.9999999999999869
        }
    }
}