{
    "load_date": "2026-02-02 18:39:40.265300",
    "potential": "linear",
    "cutoff": 2,
    "N": 4,
    "a": 1.0,
    "c": null,
    "x_max": 0.5,
    "boundary_condition": "dirichlet",
    "num_qubits": 8,
    "H_size": [
        256,
        256
    ],
    "H_dense_mem_estimate_bytes": 1048576,
    "H_sparse_mem_estimate_bytes": 41988,
    "H_pauli_time": "0:00:00.004662",
    "H_creation_time": "0:00:00.002002",
    "H_eigenvalue_time": "0:00:00.009422",
    "eigenvalues": [
        -2.021462413742172,
        -0.9748051141390508,
        -0.9748051141390478,
        -0.7351854228932206,
        -0.7351854228932125,
        0.07185218546408653,
        0.3114718767099057,
        0.31147187670991694
    ],
    "best_basis_state": [
        1,
        1,
        0,
        1,
        1,
        1,
        0,
        1
    ],
    "basis_prob": 0.055960698009851075,
    "num_paulis": 21,
    "pauli_coeffs": [
        39.790917604357425,
        -9.869604401089356,
        0.0625,
        -0.5,
        -9.869604401089356,
        0.078125,
        0.5,
        -9.869604401089356,
        0.078125,
        -0.5,
        -9.869604401089356,
        0.0625,
        0.5,
        0.25,
        0.25,
        0.25,
        0.25,
        0.25,
        0.25,
        -0.015625,
        -0.015625
    ],
    "pauli_labels": [
        "IIIIIIII",
        "IIIIIIIX",
        "IIIIIIIZ",
        "IIIIIIZI",
        "IIIIIXII",
        "IIIIIZII",
        "IIIIZIII",
        "IIIXIIII",
        "IIIZIIII",
        "IIZIIIII",
        "IXIIIIII",
        "IZIIIIII",
        "ZIIIIIII",
        "IIIIXIXI",
        "IIIIYIYI",
        "IIXIXIII",
        "IIYIYIII",
        "XIXIIIII",
        "YIYIIIII",
        "IIIZIIIZ",
        "IZIIIZII"
    ],
    "boson_position_marginals": {
        "site_0": {
            "x_grid": [
                -0.5,
                0.0
            ],
            "P_x": [
                0.4968275082359053,
                0.5031724917640873
            ],
            "edge_mass_2": 1.9999999999999853
        },
        "site_1": {
            "x_grid": [
                -0.5,
                0.0
            ],
            "P_x": [
                0.4960372494213472,
                0.5039627505786454
            ],
            "edge_mass_2": 1.9999999999999851
        },
        "site_2": {
            "x_grid": [
                -0.5,
                0.0
            ],
            "P_x": [
                0.49603724942134725,
                0.5039627505786454
            ],
            "edge_mass_2": 1.9999999999999853
        },
        "site_3": {
            "x_grid": [
                -0.5,
                0.0
            ],
            "P_x": [
                0.4968275082359055,
                0.5031724917640871
            ],
            "edge_mass_2": 1.9999999999999851
        }
    }
}