{
    "load_date": "2026-02-02 18:49:37.566324",
    "potential": "linear",
    "cutoff": 16,
    "N": 4,
    "a": 1.0,
    "c": null,
    "x_max": 0.5,
    "boundary_condition": "dirichlet",
    "num_qubits": 20,
    "H_size": [
        1048576,
        1048576
    ],
    "H_dense_mem_estimate_bytes": 17592186044416,
    "H_sparse_mem_estimate_bytes": 1346371588,
    "H_pauli_time": "0:00:00.414269",
    "H_creation_time": "0:00:00.265226",
    "H_eigenvalue_time": "0:09:23.439287",
    "eigenvalues": [
        -2.1029877127615086,
        -1.0563304131585571,
        -1.0563304131583822,
        -0.8167107219128565,
        -0.8167107219126736,
        -0.009673113555792557,
        0.2299465776901596,
        0.22994657769018365
    ],
    "best_basis_state": [
        1,
        1,
        0,
        0,
        0,
        0,
        1,
        0,
        0,
        0,
        1,
        1,
        0,
        0,
        0,
        0,
        1,
        0,
        0,
        0
    ],
    "basis_prob": 1.3619367641842938e-05,
    "num_paulis": 191,
    "pauli_coeffs": [
        1697.8024257373695,
        -259.31539116080114,
        0.0009765625,
        67.39387440291296,
        -145.6456099156697,
        -113.66978124513133,
        0.001953125000014211,
        0.002441406249985789,
        19.73920880217866,
        -23.12592161160386,
        39.47841760435747,
        -78.95683520871484,
        55.830913597111156,
        -8.84990705893464,
        -57.838867648020255,
        27.915456798555624,
        -66.68877470695499,
        0.003906250000014211,
        0.004882812499985789,
        0.00976562500001421,
        9.869604401089354,
        -10.260106450850666,
        11.562960805801929,
        -12.268060501760068,
        2.0079540509092872,
        19.73920880217876,
        -23.12592161160382,
        39.47841760435736,
        -78.95683520871489,
        55.83091359711103,
        8.849907058934459,
        57.83886764802028,
        -27.9154567985554,
        66.68877470695483,
        0.007812499999996447,
        0.009765625000003553,
        0.019531249999996447,
        0.03906249999998934,
        -0.5,
        -259.31539116080114,
        0.001220703125,
        67.39387440291296,
        -145.6456099156697,
        -113.66978124513133,
        0.002441406250014211,
        0.002929687499985789,
        19.73920880217866,
        -23.12592161160386,
        39.47841760435747,
        -78.95683520871484,
        55.830913597111156,
        -8.84990705893464,
        -57.838867648020255,
        27.915456798555624,
        -66.68877470695499,
        0.004882812500014211,
        0.005859374999985789,
        0.01171875000001421,
        9.869604401089354,
        -10.260106450850666,
        11.562960805801929,
        -12.268060501760068,
        2.0079540509092872,
        19.73920880217876,
        -23.12592161160382,
        39.47841760435736,
        -78.95683520871489,
        55.83091359711103,
        8.849907058934459,
        57.83886764802028,
        -27.9154567985554,
        66.68877470695483,
        0.009765624999996447,
        0.011718750000003553,
        0.023437499999996447,
        0.04687499999998934,
        0.5,
        -259.31539116080114,
        0.001220703125,
        67.39387440291296,
        -145.6456099156697,
        -113.66978124513133,
        0.002441406250014211,
        0.002929687499985789,
        19.73920880217866,
        -23.12592161160386,
        39.47841760435747,
        -78.95683520871484,
        55.830913597111156,
        -8.84990705893464,
        -57.838867648020255,
        27.915456798555624,
        -66.68877470695499,
        0.004882812500014211,
        0.005859374999985789,
        0.01171875000001421,
        9.869604401089354,
        -10.260106450850666,
        11.562960805801929,
        -12.268060501760068,
        2.0079540509092872,
        19.73920880217876,
        -23.12592161160382,
        39.47841760435736,
        -78.95683520871489,
        55.83091359711103,
        8.849907058934459,
        57.83886764802028,
        -27.9154567985554,
        66.68877470695483,
        0.009765624999996447,
        0.011718750000003553,
        0.023437499999996447,
        0.04687499999998934,
        -0.5,
        -259.31539116080114,
        0.0009765625,
        67.39387440291296,
        -145.6456099156697,
        -113.66978124513133,
        0.001953125000014211,
        0.002441406249985789,
        19.73920880217866,
        -23.12592161160386,
        39.47841760435747,
        -78.95683520871484,
        55.830913597111156,
        -8.84990705893464,
        -57.838867648020255,
        27.915456798555624,
        -66.68877470695499,
        0.003906250000014211,
        0.004882812499985789,
        0.00976562500001421,
        9.869604401089354,
        -10.260106450850666,
        11.562960805801929,
        -12.268060501760068,
        2.0079540509092872,
        19.73920880217876,
        -23.12592161160382,
        39.47841760435736,
        -78.95683520871489,
        55.83091359711103,
        8.849907058934459,
        57.83886764802028,
        -27.9154567985554,
        66.68877470695483,
        0.007812499999996447,
        0.009765625000003553,
        0.019531249999996447,
        0.03906249999998934,
        0.5,
        0.25,
        0.25,
        0.25,
        0.25,
        0.25,
        0.25,
        -0.000244140625,
        -0.00048828125,
        -0.0009765625,
        -0.001953125,
        -0.00048828125,
        -0.0009765625,
        -0.001953125,
        -0.00390625,
        -0.0009765625,
        -0.001953125,
        -0.00390625,
        -0.0078125,
        -0.001953125,
        -0.00390625,
        -0.0078125,
        -0.015625,
        -0.000244140625,
        -0.00048828125,
        -0.0009765625,
        -0.001953125,
        -0.00048828125,
        -0.0009765625,
        -0.001953125,
        -0.00390625,
        -0.0009765625,
        -0.001953125,
        -0.00390625,
        -0.0078125,
        -0.001953125,
        -0.00390625,
        -0.0078125,
        -0.015625
    ],