{
    "load_date": "2026-02-02 18:40:13.284899",
    "potential": "linear",
    "cutoff": 8,
    "N": 4,
    "a": 1.0,
    "c": null,
    "x_max": 0.5,
    "boundary_condition": "dirichlet",
    "num_qubits": 16,
    "H_size": [
        65536,
        65536
    ],
    "H_dense_mem_estimate_bytes": 68719476736,
    "H_sparse_mem_estimate_bytes": 42205188,
    "H_pauli_time": "0:00:00.016539",
    "H_creation_time": "0:00:00.016178",
    "H_eigenvalue_time": "0:00:32.855510",
    "eigenvalues": [
        -2.0991058565697807,
        -1.0524485569664495,
        -1.052448556966314,
        -0.812828865720663,
        -0.8128288657205945,
        -0.005791257363496376,
        0.233828433882141,
        0.233828433882218
    ],
    "best_basis_state": [
        1,
        1,
        0,
        0,
        0,
        1,
        0,
        0,
        1,
        1,
        0,
        0,
        0,
        1,
        0,
        0
    ],
    "basis_prob": 0.00021804478029204235,
    "num_paulis": 89,
    "pauli_coeffs": [
        434.4969686479317,
        -67.39387440291293,
        0.00390625,
        19.73920880217875,
        -39.47841760435745,
        -27.915456798555507,
        0.0078125,
        0.009765625,
        9.869604401089356,
        -11.562960805801916,
        19.73920880217868,
        -39.4784176043574,
        27.915456798555525,
        0.015625,
        0.01953125,
        0.0390625,
        -0.5,
        -67.39387440291293,
        0.0048828125,
        19.73920880217875,
        -39.47841760435745,
        -27.915456798555507,
        0.009765625,
        0.01171875,
        9.869604401089356,
        -11.562960805801916,
        19.73920880217868,
        -39.4784176043574,
        27.915456798555525,
        0.01953125,
        0.0234375,
        0.046875,
        0.5,
        -67.39387440291293,
        0.0048828125,
        19.73920880217875,
        -39.47841760435745,
        -27.915456798555507,
        0.009765625,
        0.01171875,
        9.869604401089356,
        -11.562960805801916,
        19.73920880217868,
        -39.4784176043574,
        27.915456798555525,
        0.01953125,
        0.0234375,
        0.046875,
        -0.5,
        -67.39387440291293,
        0.00390625,
        19.73920880217875,
        -39.47841760435745,
        -27.915456798555507,
        0.0078125,
        0.009765625,
        9.869604401089356,
        -11.562960805801916,
        19.73920880217868,
        -39.4784176043574,
        27.915456798555525,
        0.015625,
        0.01953125,
        0.0390625,
        0.5,
        0.25,
        0.25,
        0.25,
        0.25,
        0.25,
        0.25,
        -0.0009765625,
        -0.001953125,
        -0.00390625,
        -0.001953125,
        -0.00390625,
        -0.0078125,
        -0.00390625,
        -0.0078125,
        -0.015625,
        -0.0009765625,
        -0.001953125,
        -0.00390625,
        -0.001953125,
        -0.00390625,
        -0.0078125,
        -0.00390625,
        -0.0078125,
        -0.015625
    ],
    "pauli_labels": [
        "IIIIIIIIIIIIIIII",
        "IIIIIIIIIIIIIIIX",
        "IIIIIIIIIIIIIIIZ",
        "IIIIIIIIIIIIIIXI",
        "IIIIIIIIIIIIIIXX",
        "IIIIIIIIIIIIIIYY",
        "IIIIIIIIIIIIIIZI",
        "IIIIIIIIIIIIIIZZ",
        "IIIIIIIIIIIIIXII",
        "IIIIIIIIIIIIIXIX",
        "IIIIIIIIIIIIIXXI",
        "IIIIIIIIIIIIIXXX",
        "IIIIIIIIIIIIIXYY",
        "IIIIIIIIIIIIIZII",
        "IIIIIIIIIIIIIZIZ",
        "IIIIIIIIIIIIIZZI",
        "IIIIIIIIIIIIZIII",
        "IIIIIIIIIIIXIIII",
        "IIIIIIIIIIIZIIII",
        "IIIIIIIIIIXIIIII",
        "IIIIIIIIIIXXIIII",
        "IIIIIIIIIIYYIIII",
        "IIIIIIIIIIZIIIII",
        "IIIIIIIIIIZZIIII",
        "IIIIIIIIIXIIIIII",
        "IIIIIIIIIXIXIIII",
        "IIIIIIIIIXXIIIII",
        "IIIIIIIIIXXXIIII",
        "IIIIIIIIIXYYIIII",
        "IIIIIIIIIZIIIIII",
        "IIIIIIIIIZIZIIII",
        "IIIIIIIIIZZIIIII",
        "IIIIIIIIZIIIIIII",
        "IIIIIIIXIIIIIIII",
        "IIIIIIIZIIIIIIII",
        "IIIIIIXIIIIIIIII",
        "IIIIIIXXIIIIIIII",
        "IIIIIIYYIIIIIIII",
        "IIIIIIZIIIIIIIII",
        "IIIIIIZZIIIIIIII",
        "IIIIIXIIIIIIIIII",
        "IIIIIXIXIIIIIIII",
        "IIIIIXXIIIIIIIII",
        "IIIIIXXXIIIIIIII",
        "IIIIIXYYIIIIIIII",
        "IIIIIZIIIIIIIIII",
        "IIIIIZIZIIIIIIII",
        "IIIIIZZIIIIIIIII",
        "IIIIZIIIIIIIIIII",
        "IIIXIIIIIIIIIIII",
        "IIIZIIIIIIIIIIII",
        "IIXIIIIIIIIIIIII",
        "IIXXIIIIIIIIIIII",
        "IIYYIIIIIIIIIIII",
        "IIZIIIIIIIIIIIII",
        "IIZZIIIIIIIIIIII",
        "IXIIIIIIIIIIIIII",
        "IXIXIIIIIIIIIIII",
        "IXXIIIIIIIIIIIII",
        "IXXXIIIIIIIIIIII",
        "IXYYIIIIIIIIIIII",
        "IZIIIIIIIIIIIIII",
        "IZIZIIIIIIIIIIII",
        "IZZIIIIIIIIIIIII",
        "ZIIIIIIIIIIIIIII",
        "IIIIIIIIXIIIXIII",
        "IIIIIIIIYIIIYIII",
        "IIIIXIIIXIIIIIII",
        "IIIIYIIIYIIIIIII",
        "XIIIXIIIIIIIIIII",
        "YIIIYIIIIIIIIIII",
        "IIIIIIIZIIIIIIIZ",
        "IIIIIIIZIIIIIIZI",
        "IIIIIIIZIIIIIZII",
        "IIIIIIZIIIIIIIIZ",
        "IIIIIIZIIIIIIIZI",
        "IIIIIIZIIIIIIZII",
        "IIIIIZIIIIIIIIIZ",
        "IIIIIZIIIIIIIIZI",
        "IIIIIZIIIIIIIZII",
        "IIIZIIIIIIIZIIII",
        "IIIZIIIIIIZIIIII",
        "IIIZIIIIIZIIIIII",
        "IIZIIIIIIIIZIIII",
        "IIZIIIIIIIZIIIII",
        "IIZIIIIIIZIIIIII",
        "IZIIIIIIIIIZIIII",
        "IZIIIIIIIIZIIIII",
        "IZIIIIIIIZIIIIII"
    ],
    "boson_position_marginals": {
        "site_0": {
            "x_grid": [
                -0.5,
                -0.375,
                -0.25,
                -0.125,
                0.0,
                0.125,
                0.25,
                0.375
            ],
            "P_x": [
                0.1241097548727852,
                0.12448169433841318,
                0.12510968971425873,
                0.1256097583929156,
                0.12577486777639468,
                0.12553643089320207,
                0.12499345579891177,
                0.12438434821309584
            ],
            "edge_mass_2": 0.49796925322320595
        },
        "site_1": {
            "x_grid": [
                -0.5,
                -0.375,
                -0.25,
                -0.125,
                0.0,
                0.125,
                0.25,
                0.375
            ],
            "P_x": [
                0.12392541168089007,
                0.12436548145383308,
                0.12512088603847768,
                0.1257275902555558,
                0.12593398501651024,
                0.1256541059178899,
                0.12500447720553923,
                0.1242680624312806
            ],
            "edge_mass_2": 0.49756343277154297
        },
        "site_2": {
            "x_grid": [
                -0.5,
                -0.375,
                -0.25,
                -0.125,
                0.0,
                0.125,
                0.25,
                0.375
            ],
            "P_x": [
                0.12392541168089012,
                0.12436548145383296,
                0.12512088603847796,
                0.12572759025555566,
                0.1259339850165102,
                0.12565410591789009,
                0.12500447720553926,
                0.12426806243128051
            ],
            "edge_mass_2": 0.49756343277154286
        },
        "site_3": {
            "x_grid": [
                -0.5,
                -0.375,
                -0.25,
                -0.125,
                0.0,
                0.125,
                0.25,
                0.375
            ],