{
    "load_date": "2026-01-15 13:55:09.912370",
    "potential": "linear",
    "cutoff": 2,
    "N": 3,
    "a": 1.0,
    "c": null,
    "boundary_condition": "periodic",
    "num_qubits": 6,
    "H_size": [
        64,
        64
    ],
    "H_dense_mem_estimate_bytes": 65536,
    "H_sparse_mem_estimate_bytes": 9220,
    "H_pauli_time": "0:00:00.003537",
    "H_creation_time": "0:00:00.002376",
    "H_eigenvalue_time": "0:00:00.017024",
    "eigenvalues": [
        -0.2807764064044148,
        -0.28077640640441326,
        0.2192235935955838,
        0.2192235935955841,
        0.21922359359558433,
        0.2192235935955845,
        0.2192235935955847,
        0.21922359359558494
    ],
    "best_basis_state": [
        0,
        0,
        1,
        1,
        0,
        0
    ],
    "basis_prob": 0.17630524380661997,
    "num_paulis": 13,
    "pauli_coeffs": [
        1.875,
        -0.5,
        0.5,
        -0.5,
        0.25,
        0.25,
        0.25,
        0.25,
        -0.25,
        -0.25,
        -0.12499999999999997,
        -0.12499999999999997,
        -0.12499999999999994
    ],
    "pauli_labels": [
        "IIIIII",
        "IIIIZI",
        "IIZIII",
        "ZIIIII",
        "IIXIXI",
        "IIYIYI",
        "XIXIII",
        "YIYIII",
        "XIIIXI",
        "YIIIYI",
        "IXIXII",
        "IIIXIX",
        "IXIIIX"
    ]
}