{
    "load_date": "2026-01-15 13:55:10.244195",
    "potential": "linear",
    "cutoff": 4,
    "N": 3,
    "a": 1.0,
    "c": null,
    "boundary_condition": "periodic",
    "num_qubits": 9,
    "H_size": [
        512,
        512
    ],
    "H_dense_mem_estimate_bytes": 4194304,
    "H_sparse_mem_estimate_bytes": 196612,
    "H_pauli_time": "0:00:00.005969",
    "H_creation_time": "0:00:00.009496",
    "H_eigenvalue_time": "0:00:00.313311",
    "eigenvalues": [
        0.04155126007151655,
        0.636187004841426,
        0.8569644199549177,
        1.0701880746851886,
        1.070188074685193,
        1.3223276664759265,
        1.4516001647248264,
        1.4790900596794823
    ],
    "best_basis_state": [
        0,
        0,
        0,
        1,
        0,
        0,
        0,
        0,
        0
    ],
    "basis_prob": 0.8462868362101063,
    "num_paulis": 70,
    "pauli_coeffs": [
        5.625,
        -0.6249999999999999,
        -0.6250000000000001,
        -0.5,
        -0.6249999999999999,
        -0.6250000000000001,
        0.5,
        -0.6249999999999999,
        -0.6250000000000001,
        -0.5,
        0.25,
        0.25,
        0.25,
        0.25,
        -0.25,
        -0.25,
        0.24148145657226705,
        -0.06470476127563018,
        0.24148145657226705,
        -0.06470476127563018,
        -0.2332531754730548,
        -0.12074072828613353,
        -0.12074072828613353,
        0.06250000000000001,
        -0.12074072828613353,
        -0.0625,
        -0.0625,
        0.03235238063781509,
        -0.12074072828613353,
        -0.0625,
        -0.0625,
        0.03235238063781509,
        0.062499999999999986,
        0.03235238063781509,
        0.03235238063781509,
        -0.01674682452694517,
        -0.2332531754730548,
        -0.12074072828613353,
        -0.12074072828613353,
        0.06249999999999998,
        -0.12074072828613353,
        -0.0625,
        -0.0625,
        0.03235238063781509,
        -0.12074072828613353,
        -0.0625,
        -0.0625,
        0.03235238063781509,
        0.06250000000000001,
        0.03235238063781509,
        0.03235238063781509,
        -0.01674682452694517,
        -0.2332531754730548,
        -0.12074072828613353,
        -0.12074072828613353,
        0.06250000000000001,
        -0.12074072828613353,
        -0.0625,
        -0.0625,
        0.03235238063781509,
        -0.12074072828613353,
        -0.0625,
        -0.0625,
        0.03235238063781509,
        0.06249999999999997,
        0.03235238063781509,
        0.03235238063781509,
        -0.01674682452694517,
        0.24148145657226705,
        -0.06470476127563018
    ],
    "pauli_labels": [
        "IIIIIIIII",
        "IIIIIIIZI",
        "IIIIIIIZZ",
        "IIIIIIZII",
        "IIIIZIIII",
        "IIIIZZIII",
        "IIIZIIIII",
        "IZIIIIIII",
        "IZZIIIIII",
        "ZIIIIIIII",
        "IIIXIIXII",
        "IIIYIIYII",
        "XIIXIIIII",
        "YIIYIIIII",
        "XIIIIIXII",
        "YIIIIIYII",
        "IIIIXIIII",
        "IIIIXZIII",
        "IXIIIIIII",
        "IXZIIIIII",
        "IIXIIXIII",
        "IXXIIXIII",
        "IYYIIXIII",
        "IZXIIXIII",
        "IIXIXXIII",
        "IXXIXXIII",
        "IYYIXXIII",
        "IZXIXXIII",
        "IIXIYYIII",
        "IXXIYYIII",
        "IYYIYYIII",
        "IZXIYYIII",
        "IIXIZXIII",
        "IXXIZXIII",
        "IYYIZXIII",
        "IZXIZXIII",
        "IIIIIXIIX",
        "IIIIIXIXX",
        "IIIIIXIYY",
        "IIIIIXIZX",
        "IIIIXXIIX",
        "IIIIXXIXX",
        "IIIIXXIYY",
        "IIIIXXIZX",
        "IIIIYYIIX",
        "IIIIYYIXX",
        "IIIIYYIYY",
        "IIIIYYIZX",
        "IIIIZXIIX",
        "IIIIZXIXX",
        "IIIIZXIYY",
        "IIIIZXIZX",
        "IIXIIIIIX",
        "IIXIIIIXX",
        "IIXIIIIYY",
        "IIXIIIIZX",
        "IXXIIIIIX",
        "IXXIIIIXX",
        "IXXIIIIYY",
        "IXXIIIIZX",
        "IYYIIIIIX",
        "IYYIIIIXX",
        "IYYIIIIYY",
        "IYYIIIIZX",
        "IZXIIIIIX",
        "IZXIIIIXX",
        "IZXIIIIYY",
        "IZXIIIIZX",
        "IIIIIIIXI",
        "IIIIIIIXZ"
    ]
}