{
    "potential": "AHO",
    "cutoff": 2,
    "exact_eigenvalues": [
        -0.4375,
        -0.4375,
        2.0625,
        2.0625
    ],
    "ansatz": "ry_cnot_ansatz",
    "num_VQE": 100,
    "Optimizer": {
        "name": "AdamOptimizer",
        "stepsize": 0.25,
        "maxiter": 2500,
        "tolerance": 1e-08
    },
    "results": [
        -0.43749888571817036,
        -0.4374997516939027,
        -0.43749999047742777,
        -0.43749988542470825,
        -0.4374999888628827,
        -0.43749970018148304,
        -0.43749989302161135,
        -0.4374997226400576,
        -0.4374998922683976,
        -0.4374999881811709,
        -0.4374998906895478,
        -0.43749972025211514,
        -0.4374999936107967,
        -0.4374997444365901,
        -0.4374998919876388,
        -0.4374997049776365,
        -0.4374993637396367,
        -0.43749998880340435,
        -0.43749973396119074,
        -0.43749996709235334,
        -0.4374998785506862,
        -0.43749993255714725,
        -0.4374998317046607,
        -0.43749970841793956,
        -0.43749998413693936,
        -0.4374976731037718,
        -0.43749999730554107,
        -0.4374998768024639,
        -0.43749928280565115,
        -0.43749974950276144,
        -0.43749970953335826,
        -0.4374997474831879,
        -0.4374999727279487,
        -0.4374999922276931,
        -0.4374999815471555,
        -0.437499987676376,
        -0.4374999889954959,
        -0.4374999626398684,
        -0.43749988799147616,
        -0.4374999833876229,
        -0.4374999912378963,
        -0.43749933342596037,
        -0.4374998944877999,
        -0.437499980617357,
        -0.4374999591850022,
        -0.4374999896546284,
        -0.4374999695566534,
        -0.4374999874067381,
        -0.4374997539272959,
        -0.4374999837292138,
        -0.437499982550248,
        -0.43749996893233273,
        -0.43749976691666476,
        -0.4374999217531413,
        -0.4374997589258614,
        -0.4374999839265048,
        -0.4374999739911921,
        -0.4374999886181335,
        -0.4374998961853881,
        -0.4374999933417229,
        -0.43749996992306456,
        -0.4374999688952987,
        -0.4374997786294048,
        -0.4374323215005326,
        -0.4374995939422725,
        -0.43749998528359907,
        -0.4374985119825742,
        -0.43749947652376747,
        -0.4374999955146085,
        -0.4374997421933501,
        -0.4374999846727177,
        -0.43749976149343356,
        -0.43749971643210067,
        -0.4374999814752035,
        -0.43749998803227375,
        -0.437499982316715,
        -0.4374999627670228,
        -0.4374999913232905,
        -0.4374999640939161,
        -0.4374997562429466,
        -0.4374999879670309,
        -0.4374999292011178,
        -0.4374999980647697,
        -0.4374997295703872,
        -0.43749999729774697,
        -0.43749987845065036,
        -0.4374997061321691,
        -0.4374999280584252,
        -0.4374999391975792,
        -0.43749998591358136,
        -0.43749999378283866,
        -0.43749971247566777,
        -0.43749986314277256,
        -0.4374999966158214,
        -0.4374996950783097,
        -0.43749997263772494,
        -0.4374998347515445,
        -0.43749999949815865,
        -0.4374859128036258,
        -0.4374999694306985
    ],
    "params": [
        [
            3.1427185033048626,
            0.12177167336772157
        ],
        [
            3.142129002262712,
            0.0010223164751845125
        ],
        [
            -3.141310570373824,
            -1.4779181816484854
        ],
        [
            3.141225771529249,
            -0.5230480991866412
        ],
        [
            3.141285599265844,
            1.3595827346153144
        ],
        [
            -3.142192838163939,
            -1.2504425804278207
        ],
        [
            -3.1412335111997773,
            -0.24676160166420694
        ],
        [
            3.1421702267221043,
            -0.3378290373755133
        ],
        [
            3.1412294133245053,
            0.5094459960328691
        ],
        [
            -3.1419839180853075,
            -0.37534595090041767
        ],
        [
            -3.1412220683285725,
            0.7298940137686917
        ],
        [
            -3.142173962209422,
            -1.4572475916295582
        ],
        [
            3.1413326886104427,
            -1.5485786065900502
        ],
        [
            -3.142147491141999,
            0.00885384988363138
        ],
        [
            3.1412265817690357,
            1.1763183409074913
        ],
        [
            -3.142188221474089,
            -1.4951642588674932
        ],
        [
            -3.140706753494277,
            -0.1992072615412784
        ],
        [
            -3.1413102176379724,
            -0.01542187712938885
        ],
        [
            3.1421682457894495,
            -0.6423674005549606
        ],
        [
            3.140996174815447,
            -0.5365216323574639
        ],
        [
            3.142770411045793,
            -0.7851425425906965
        ],
        [
            3.14132506947498,
            0.039514734460051805
        ],
        [
            -3.141141166921055,
            0.7861312130344448
        ],
        [
            3.1421824022179146,
            -1.2624124380669042
        ],
        [
            -3.142001969374334,
            -0.5890078930822921
        ],
        [
            -3.1432550968605737,
            -0.1465231154416735
        ],
        [
            -3.1417708487237794,
            -0.802828885779577
        ],
        [
            -3.141209232370911,
            -0.3547364402707698
        ],
        [
            3.14065522410645,
            0.19223160253756136
        ],
        [
            3.142147224103818,
            -0.3971159657084139
        ],
        [
            3.1421929540803073,
            0.4802966342144217
        ],
        [
            -3.142152428357086,
            -1.4214156655816959
        ],
        [
            3.141010234883525,
            -0.42828331302713374
        ],
        [
            3.1413298257029827,
            0.1085754436144267
        ],
        [
            -3.142005116149393,
            0.5195774615993671
        ],
        [
            3.1419922675972614,
            0.26762127411814274
        ],
        [
            3.1419718983074687,
            -0.8369939890450169
        ],
        [
            -3.140963594125142,
            0.20422661669554942
        ],
        [
            -3.1419526176476893,
            0.23802297646092777
        ],
        [
            3.1420619225404445,
            -0.9815586187626695
        ],
        [
            3.1413152628473298,
            0.4768561498185323
        ],
        [
            -3.140688019455402,
            -0.44528657198021876
        ],
        [
            3.1412306008773543,
            -1.0890714765100753
        ],
        [
            3.1420211805141505,
            0.4227433833856878
        ],
        [
            -3.140883499187534,
            -0.07992265314804757
        ],
        [
            3.1413082250240727,
            0.4380338027755973
        ],
        [
            -3.1409836178784247,
            0.5093592458709483
        ],
        [
            3.1419610573671757,
            0.6646706058756311
        ],
        [
            -3.1421334205356444,
            1.4610660324082467
        ],
        [
            3.1419947513957673,
            -0.34834010129361664
        ],
        [
            -3.1419917662589802,
            0.5048162342553063
        ],
        [
            -3.1410015596436582,
            1.0055613679057012
        ],
        [
            -3.142130233720223,
            0.36604978077155886
        ],
        [
            -3.142529803816791,
            -0.5780559854769689
        ],
        [
            3.142137194994869,
            -0.4663023697825886
        ],
        [
