{
    "load_date": "2026-01-26 11:03:16.373530",
    "potential": "linear",
    "cutoff": 4,
    "N": 2,
    "a": 1.0,
    "c": null,
    "boundary_condition": "dirichlet",
    "num_qubits": 6,
    "H_size": [
        64,
        64
    ],
    "H_dense_mem_estimate_bytes": 65536,
    "H_sparse_mem_estimate_bytes": 10500,
    "H_pauli_time": "0:00:00.002562",
    "H_creation_time": "0:00:00.000896",
    "H_eigenvalue_time": "0:00:00.004047",
    "eigenvalues": [
        -0.3338302543278852,
        0.7842037344220074,
        0.7842037344220085,
        1.902237723171901,
        2.0824930159951474,
        2.082493015995153,
        2.4324171651044706,
        2.432417165104482
    ],
    "best_basis_state": [
        1,
        1,
        0,
        0,
        1,
        0
    ],
    "basis_prob": 0.9011032321408189,
    "num_paulis": 17,
    "pauli_coeffs": [
        8.425275412602126,
        -0.30842513753404244,
        1.2499999999999996,
        0.15421256876702122,
        -0.30842513753404244,
        2.5,
        2.5,
        -0.5,
        -0.30842513753404244,
        1.2499999999999996,
        0.15421256876702122,
        -0.30842513753404244,
        2.5,
        2.5,
        0.5,
        0.25,
        0.25
    ],
    "pauli_labels": [
        "IIIIII",
        "IIIIIX",
        "IIIIIZ",
        "IIIIXI",
        "IIIIXX",
        "IIIIZI",
        "IIIIZZ",
        "IIIZII",
        "IIXIII",
        "IIZIII",
        "IXIIII",
        "IXXIII",
        "IZIIII",
        "IZZIII",
        "ZIIIII",
        "XIIXII",
        "YIIYII"
    ],
    "boson_position_marginals": {
        "site_0": {
            "x_grid": [
                -4.0,
                -2.0,
                0.0,
                2.0
            ],
            "P_x": [
                6.944985711605293e-05,
                0.012287103999162257,
                0.9753563421445561,
                0.012287103999162215
            ],
            "edge_mass_2": 0.9999999999999967
        },
        "site_1": {
            "x_grid": [
                -4.0,
                -2.0,
                0.0,
                2.0
            ],
            "P_x": [
                6.944985711605332e-05,
                0.012287103999162259,
                0.9753563421445561,
                0.012287103999162254
            ],
            "edge_mass_2": 0.9999999999999967
        }
    }
}