{
    "load_date": "2026-01-26 13:43:33.856481",
    "potential": "linear",
    "cutoff": 32,
    "N": 2,
    "a": 1.0,
    "c": null,
    "boundary_condition": "dirichlet",
    "num_qubits": 12,
    "H_size": [
        4096,
        4096
    ],
    "H_dense_mem_estimate_bytes": 268435456,
    "H_sparse_mem_estimate_bytes": 5259268,
    "H_pauli_time": "0:00:27.228152",
    "H_creation_time": "0:00:00.011855",
    "H_eigenvalue_time": "0:00:00.378699",
    "eigenvalues": [
        -1.834191697799338e-07,
        1.1180338053306973,
        1.1180338053307004,
        1.1180368483813963,
        1.1180368483814105,
        2.2360181668051857,
        2.236018166805237,
        2.2360677940805576
    ],
    "best_basis_state": [
        1,
        1,
        0,
        0,
        0,
        0,
        0,
        1,
        0,
        0,
        0,
        0
    ],
    "basis_prob": 0.02106846203333806,
    "num_paulis": 197,
    "pauli_coeffs": [
        59.42038601832125,
        -16.05150343104127,
        0.01953125,
        4.051802986887523,
        -8.940794817681319,
        -7.110708613359957,
        0.03906250000000089,
        0.03906249999999911,
        1.053029287545511,
        -1.262032840977667,
        2.27571265493234,
        -4.739687230766857,
        3.477654389789195,
        -0.5680533633437004,
        -3.633054223570756,
        1.7760903319551737,
        -4.201107586914453,
        0.07812500000000089,
        0.078125,
        0.15624999999999822,
        0.30842513753402057,
        -0.3206283265890669,
        0.3613425251812997,
        -0.38337689067998915,
        0.0627485640909162,
        0.6168502750680931,
        -0.7226850503626238,
        1.2337005501361649,
        -2.467401100272334,
        1.744716049909714,
        0.2765595955917034,
        1.8074646140006396,
        -0.8723580249548628,
        2.084024209592346,
        -0.06255148348175313,
        -0.09265126969064974,
        0.13827979779584715,
        -0.15520275317239793,
        -0.2914937677519942,
        -1.825589609570125,
        0.9037323070003149,
        -2.117083377322115,
        0.43617901247742474,
        -0.5393477906150412,
        1.0420121047961703,
        -2.272286130494524,
        1.7329383398794773,
        0.15624999999999956,
        0.15625,
        0.31250000000000044,
        0.625,
        0.15421256876702227,
        -0.15570851650879702,
        0.160314163294537,
        -0.16205580204803455,
        0.006347285539249056,
        0.18067126259064825,
        -0.18333725974757634,
        0.19168844534000745,
        -0.19511496977782194,
        0.011777710030244831,
        0.014934172160288223,
        0.018124995569491834,
        -0.03137428204545946,
        0.03305916772977631,
        0.30842513753406353,
        -0.32062832658910034,
        0.3613425251813127,
        -0.383376890680004,
        0.06274856409091129,
        0.6168502750680869,
        -0.7226850503626223,
        1.2337005501361717,
        -2.4674011002723435,
        1.7447160499097323,
        0.27655959559170484,
        1.8074646140006299,
        -0.8723580249548528,
        2.0840242095923265,
        0.06255148348175982,
        0.09265126969064941,
        -0.13827979779584965,
        0.155202753172406,
        0.2914937677519881,
        1.8255896095701218,
        -0.9037323070003016,
        2.117083377322106,
        -0.43617901247742924,
        0.5393477906150459,
        -1.0420121047961644,
        2.272286130494516,
        -1.7329383398794798,
        0.31250000000000033,
        0.3124999999999992,
        0.6250000000000006,
        1.2500000000000009,
        2.5,
        -0.5,
        -16.05150343104127,
        0.01953125,
        4.051802986887523,
        -8.940794817681319,
        -7.110708613359957,
        0.03906250000000089,
        0.03906249999999911,
        1.053029287545511,
        -1.262032840977667,
        2.27571265493234,
        -4.739687230766857,
        3.477654389789195,
        -0.5680533633437004,
        -3.633054223570756,
        1.7760903319551737,
        -4.201107586914453,
        0.07812500000000089,
        0.078125,
        0.15624999999999822,
        0.30842513753402057,
        -0.3206283265890669,
        0.3613425251812997,
        -0.38337689067998915,
        0.0627485640909162,
        0.6168502750680931,
        -0.7226850503626238,
        1.2337005501361649,
        -2.467401100272334,
        1.744716049909714,
        0.2765595955917034,
        1.8074646140006396,
        -0.8723580249548628,
        2.084024209592346,
        -0.06255148348175313,
        -0.09265126969064974,
        0.13827979779584715,
        -0.15520275317239793,
        -0.2914937677519942,
        -1.825589609570125,
        0.9037323070003149,
        -2.117083377322115,
        0.43617901247742474,
        -0.5393477906150412,
        1.0420121047961703,
        -2.272286130494524,
        1.7329383398794773,
        0.15624999999999956,
        0.15625,
        0.31250000000000044,
        0.625,
        0.15421256876702227,
        -0.15570851650879702,
        0.160314163294537,
        -0.16205580204803455,
        0.006347285539249056,
        0.18067126259064825,
        -0.18333725974757634,
        0.19168844534000745,
        -0.19511496977782194,
        0.011777710030244831,
        0.014934172160288223,
        0.018124995569491834,
        -0.03137428204545946,
        0.03305916772977631,
        0.30842513753406353,
        -0.32062832658910034,
        0.3613425251813127,
        -0.383376890680004,
        0.06274856409091129,
        0.6168502750680869,
        -0.7226850503626223,
        1.2337005501361717,
        -2.4674011002723435,
        1.7447160499097323,
        0.27655959559170484,
        1.8074646140006299,
        -0.8723580249548528,
        2.0840242095923265,
        0.06255148348175982,
        0.09265126969064941,
        -0.13827979779584965,
        0.155202753172406,
        0.2914937677519881,
        1.8255896095701218,
        -0.9037323070003016,
        2.117083377322106,
        -0.43617901247742924,
        0.5393477906150459,
        -1.0420121047961644,
        2.272286130494516,
        -1.7329383398794798,
        0.31250000000000033,
        0.3124999999999992,
        0.6250000000000006,
        1.2500000000000009,
        2.5,
        0.5,
        0.25,
        0.25
    ],