{
    "load_date": "2026-01-26 11:03:16.398144",
    "potential": "linear",
    "cutoff": 8,
    "N": 2,
    "a": 1.0,
    "c": null,
    "boundary_condition": "dirichlet",
    "num_qubits": 8,
    "H_size": [
        256,
        256
    ],
    "H_dense_mem_estimate_bytes": 1048576,
    "H_sparse_mem_estimate_bytes": 82948,
    "H_pauli_time": "0:00:00.012860",
    "H_creation_time": "0:00:00.000321",
    "H_eigenvalue_time": "0:00:00.008613",
    "eigenvalues": [
        -0.001010916441299931,
        1.117023072308583,
        1.1170230723085934,
        1.1249340815347004,
        1.1249340815347177,
        2.1840954567966233,
        2.1840954567966313,
        2.2350570610584897
    ],
    "best_basis_state": [
        1,
        1,
        0,
        0,
        0,
        1,
        0,
        0
    ],
    "basis_prob": 0.3383632279333164,
    "num_paulis": 35,
    "pauli_coeffs": [
        10.267676512874466,
        -1.0530292875455145,
        0.3125,
        0.308425137534043,
        -0.6168502750680852,
        -0.4361790124774298,
        0.625,
        0.625,
        0.1542125687670212,
        -0.18067126259065494,
        0.3084251375340419,
        -0.6168502750680844,
        0.4361790124774301,
        1.25,
        1.25,
        2.5,
        -0.5,
        -1.0530292875455145,
        0.3125,
        0.308425137534043,
        -0.6168502750680852,
        -0.4361790124774298,
        0.625,
        0.625,
        0.1542125687670212,
        -0.18067126259065494,
        0.3084251375340419,
        -0.6168502750680844,
        0.4361790124774301,
        1.25,
        1.25,
        2.5,
        0.5,
        0.25,
        0.25
    ],
    "pauli_labels": [
        "IIIIIIII",
        "IIIIIIIX",
        "IIIIIIIZ",
        "IIIIIIXI",
        "IIIIIIXX",
        "IIIIIIYY",
        "IIIIIIZI",
        "IIIIIIZZ",
        "IIIIIXII",
        "IIIIIXIX",
        "IIIIIXXI",
        "IIIIIXXX",
        "IIIIIXYY",
        "IIIIIZII",
        "IIIIIZIZ",
        "IIIIIZZI",
        "IIIIZIII",
        "IIIXIIII",
        "IIIZIIII",
        "IIXIIIII",
        "IIXXIIII",
        "IIYYIIII",
        "IIZIIIII",
        "IIZZIIII",
        "IXIIIIII",
        "IXIXIIII",
        "IXXIIIII",
        "IXXXIIII",
        "IXYYIIII",
        "IZIIIIII",
        "IZIZIIII",
        "IZZIIIII",
        "ZIIIIIII",
        "XIIIXIII",
        "YIIIYIII"
    ],
    "boson_position_marginals": {
        "site_0": {
            "x_grid": [
                -4.0,
                -3.0,
                -2.0,
                -1.0,
                0.0,
                1.0,
                2.0,
                3.0
            ],
            "P_x": [
                1.5025771820901792e-09,
                2.773800240969395e-05,
                0.006767176342751219,
                0.1943658453647295,
                0.5976784790776368,
                0.19436584536472917,
                0.006767176342751203,
                2.773800240969502e-05
            ],
            "edge_mass_2": 0.006822653850147774
        },
        "site_1": {
            "x_grid": [
                -4.0,
                -3.0,
                -2.0,
                -1.0,
                0.0,
                1.0,
                2.0,
                3.0
            ],
            "P_x": [
                1.5025771820889301e-09,
                2.7738002409693844e-05,
                0.006767176342751197,
                0.19436584536472917,
                0.5976784790776373,
                0.19436584536472917,
                0.006767176342751189,
                2.77380024096949e-05
            ],
            "edge_mass_2": 0.00682265385014776
        }
    }
}