{
    "load_date": "2026-01-26 11:03:16.362854",
    "potential": "linear",
    "cutoff": 2,
    "N": 2,
    "a": 1.0,
    "c": null,
    "boundary_condition": "dirichlet",
    "num_qubits": 4,
    "H_size": [
        16,
        16
    ],
    "H_dense_mem_estimate_bytes": 4096,
    "H_sparse_mem_estimate_bytes": 1348,
    "H_pauli_time": "0:00:00.002839",
    "H_creation_time": "0:00:00.002305",
    "H_eigenvalue_time": "0:00:00.000727",
    "eigenvalues": [
        -0.8143640239056325,
        0.30366996484426045,
        0.3036699648442609,
        1.4217039535941576,
        9.190391148784142,
        9.190391148784146,
        10.308425137534039,
        10.30842513753404
    ],
    "best_basis_state": [
        1,
        1,
        0,
        1
    ],
    "basis_prob": 0.9467634466511854,
    "num_paulis": 9,
    "pauli_coeffs": [
        10.30842513753404,
        -0.1542125687670212,
        5.0,
        -0.5,
        -0.1542125687670212,
        5.0,
        0.5,
        0.25,
        0.25
    ],
    "pauli_labels": [
        "IIII",
        "IIIX",
        "IIIZ",
        "IIZI",
        "IXII",
        "IZII",
        "ZIII",
        "XIXI",
        "YIYI"
    ],
    "boson_position_marginals": {
        "site_0": {
            "x_grid": [
                -4.0,
                0.0
            ],
            "P_x": [
                0.00023764562988804312,
                0.9997623543701121
            ],
            "edge_mass_2": 2.0000000000000004
        },
        "site_1": {
            "x_grid": [
                -4.0,
                0.0
            ],
            "P_x": [
                0.0002376456298880412,
                0.9997623543701121
            ],
            "edge_mass_2": 2.0000000000000004
        }
    }
}