{
    "load_date": "2026-01-26 11:03:16.844430",
    "potential": "linear",
    "cutoff": 16,
    "N": 2,
    "a": 1.0,
    "c": null,
    "boundary_condition": "dirichlet",
    "num_qubits": 10,
    "H_size": [
        1024,
        1024
    ],
    "H_dense_mem_estimate_bytes": 16777216,
    "H_sparse_mem_estimate_bytes": 659460,
    "H_pauli_time": "0:00:00.409726",
    "H_creation_time": "0:00:00.000516",
    "H_eigenvalue_time": "0:00:00.032341",
    "eigenvalues": [
        -1.7429393214108414e-07,
        1.1180338144559396,
        1.1180338144559414,
        1.1180367825624893,
        1.1180367825624915,
        2.2360211761385527,
        2.236021176138599,
        2.236067803205825
    ],
    "best_basis_state": [
        1,
        1,
        0,
        0,
        0,
        0,
        1,
        0,
        0,
        0
    ],
    "basis_prob": 0.0842738602980289,
    "num_paulis": 79,
    "pauli_coeffs": [
        19.981030913963828,
        -4.051802986887518,
        0.07812499999999911,
        1.053029287545515,
        -2.275712654932339,
        -1.776090331955177,
        0.15625000000000044,
        0.15624999999999956,
        0.30842513753404155,
        -0.3613425251813103,
        0.6168502750680854,
        -1.2337005501361693,
        0.8723580249548618,
        -0.13827979779585375,
        -0.9037323070003165,
        0.4361790124774316,
        -1.0420121047961717,
        0.3125000000000002,
        0.3124999999999998,
        0.6250000000000002,
        0.15421256876702116,
        -0.16031416329454165,
        0.18067126259065514,
        -0.19168844534000107,
        0.03137428204545761,
        0.3084251375340431,
        -0.3613425251813097,
        0.6168502750680838,
        -1.2337005501361702,
        0.8723580249548598,
        0.13827979779585092,
        0.9037323070003169,
        -0.43617901247742813,
        1.0420121047961692,
        0.625,
        0.625,
        1.25,
        2.5,
        -0.5,
        -4.051802986887518,
        0.07812499999999911,
        1.053029287545515,
        -2.275712654932339,
        -1.776090331955177,
        0.15625000000000044,
        0.15624999999999956,
        0.30842513753404155,
        -0.3613425251813103,
        0.6168502750680854,
        -1.2337005501361693,
        0.8723580249548618,
        -0.13827979779585375,
        -0.9037323070003165,
        0.4361790124774316,
        -1.0420121047961717,
        0.3125000000000002,
        0.3124999999999998,
        0.6250000000000002,
        0.15421256876702116,
        -0.16031416329454165,
        0.18067126259065514,
        -0.19168844534000107,
        0.03137428204545761,
        0.3084251375340431,
        -0.3613425251813097,
        0.6168502750680838,
        -1.2337005501361702,
        0.8723580249548598,
        0.13827979779585092,
        0.9037323070003169,
        -0.43617901247742813,
        1.0420121047961692,
        0.625,
        0.625,
        1.25,
        2.5,
        0.5,
        0.25,
        0.25
    ],
    "pauli_labels": [
        "IIIIIIIIII",
        "IIIIIIIIIX",
        "IIIIIIIIIZ",
        "IIIIIIIIXI",
        "IIIIIIIIXX",
        "IIIIIIIIYY",
        "IIIIIIIIZI",
        "IIIIIIIIZZ",
        "IIIIIIIXII",
        "IIIIIIIXIX",
        "IIIIIIIXXI",
        "IIIIIIIXXX",
        "IIIIIIIXYY",
        "IIIIIIIYIY",
        "IIIIIIIYXY",
        "IIIIIIIYYI",
        "IIIIIIIYYX",
        "IIIIIIIZII",
        "IIIIIIIZIZ",
        "IIIIIIIZZI",
        "IIIIIIXIII",
        "IIIIIIXIIX",
        "IIIIIIXIXI",
        "IIIIIIXIXX",
        "IIIIIIXIYY",
        "IIIIIIXXII",
        "IIIIIIXXIX",
        "IIIIIIXXXI",
        "IIIIIIXXXX",
        "IIIIIIXXYY",
        "IIIIIIXYIY",
        "IIIIIIXYXY",
        "IIIIIIXYYI",
        "IIIIIIXYYX",
        "IIIIIIZIII",
        "IIIIIIZIIZ",
        "IIIIIIZIZI",
        "IIIIIIZZII",
        "IIIIIZIIII",
        "IIIIXIIIII",
        "IIIIZIIIII",
        "IIIXIIIIII",
        "IIIXXIIIII",
        "IIIYYIIIII",
        "IIIZIIIIII",
        "IIIZZIIIII",
        "IIXIIIIIII",
        "IIXIXIIIII",
        "IIXXIIIIII",
        "IIXXXIIIII",
        "IIXYYIIIII",
        "IIYIYIIIII",
        "IIYXYIIIII",
        "IIYYIIIIII",
        "IIYYXIIIII",
        "IIZIIIIIII",
        "IIZIZIIIII",
        "IIZZIIIIII",
        "IXIIIIIIII",
        "IXIIXIIIII",
        "IXIXIIIIII",
        "IXIXXIIIII",
        "IXIYYIIIII",
        "IXXIIIIIII",
        "IXXIXIIIII",
        "IXXXIIIIII",
        "IXXXXIIIII",
        "IXXYYIIIII",
        "IXYIYIIIII",
        "IXYXYIIIII",
        "IXYYIIIIII",
        "IXYYXIIIII",
        "IZIIIIIIII",
        "IZIIZIIIII",
        "IZIZIIIIII",
        "IZZIIIIIII",
        "ZIIIIIIIII",
        "XIIIIXIIII",
        "YIIIIYIIII"
    ],
    "boson_position_marginals": {
        "site_0": {
            "x_grid": [
                -4.0,
                -3.5,
                -3.0,
                -2.5,
                -2.0,
                -1.5,
                -1.0,
                -0.5,
                0.0,
                0.5,
                1.0,
                1.5,
                2.0,
                2.5,
                3.0,
                3.5
            ],
            "P_x": [
                2.0702877773139203e-08,
                3.474999970187557e-07,
                1.2738337779941249e-05,
                0.0002753732690658349,
                0.0034072325211826847,
                0.024105815988340613,
                0.09751392397815217,
                0.22554512533298207,
                0.2982788654421146,
                0.22554512533298213,
                0.09751392397815167,
                0.024105815988340613,
                0.0034072325211826956,
                0.0002753732690658321,
                1.2738337779940205e-05,
                3.474999970187746e-07
            ],
            "edge_mass_2": 1.3454040651750875e-05
        },
        "site_1": {
            "x_grid": [
                -4.0,
                -3.5,
                -3.0,
                -2.5,
                -2.0,
                -1.5,
                -1.0,
                -0.5,
                0.0,
                0.5,
                1.0,
                1.5,
                2.0,
                2.5,
                3.0,
                3.5
            ],
            "P_x": [
                2.070287777313081e-08,
                3.474999970186683e-07,
                1.2738337779941218e-05,
                0.0002753732690658381,
                0.0034072325211826873,
                0.02410581598834063,
                0.0975139239781521,
                0.2255451253329822,
                0.29827886544211457,
                0.22554512533298202,
                0.09751392397815177,
                0.02410581598834061,
                0.003407232521182697,
                0.0002753732690658309,
                1.2738337779940271e-05,
                3.4749999701881583e-07
            ],
            "edge_mass_2": 1.3454040651750887e-05
        }
    }
}