{
    "potential": "linear",
    "cutoff": 2,
    "bc": "dirichlet",
    "N": 2,
    "a": 1.0,
    "c": null,
    "optimizer": "COBYLA",
    "num steps": 10,
    "op_list": [
        "(<class 'pennylane.ops.qubit.parametric_ops_single_qubit.Rot'>, array([2.06526394, 3.14159207, 1.79863497]), Wires([3]), np.float64(0.12500000000008565))",
        "(<class 'pennylane.ops.qubit.parametric_ops_single_qubit.Rot'>, array([0.97180621, 4.81544227, 1.89252292]), Wires([0]), np.float64(0.12500000000008563))",
        "(<class 'pennylane.ops.qubit.parametric_ops_single_qubit.Rot'>, array([0.26469932, 5.00294288, 1.18541485]), Wires([0]), np.float64(0.12500000000008563))",
        "(<class 'pennylane.ops.qubit.parametric_ops_single_qubit.Rot'>, array([0.97180779, 5.12794144, 1.89252278]), Wires([0]), np.float64(0.1250000000000856))",
        "(<class 'pennylane.ops.qubit.parametric_ops_single_qubit.Rot'>, array([1.97180728, 5.12794149, 1.89252213]), Wires([0]), np.float64(0.1250000000000856))",
        "(<class 'pennylane.ops.qubit.parametric_ops_single_qubit.Rot'>, array([1.97180601, 5.00294298, 2.8925221 ]), Wires([0]), np.float64(0.1250000000000856))",
        "(<class 'pennylane.ops.qubit.parametric_ops_single_qubit.Rot'>, array([1.97788791, 4.99820987, 1.89380643]), Wires([0]), np.float64(0.1250000000000856))",
        "(<class 'pennylane.ops.qubit.parametric_ops_single_qubit.Rot'>, array([0.66039693, 6.28318526, 1.63702012]), Wires([3]), np.float64(0.12500000000007633))",
        "(<class 'pennylane.ops.qubit.parametric_ops_single_qubit.Rot'>, array([0.97024498, 5.14302415, 1.8887521 ]), Wires([1]), np.float64(0.1250000000000763))",
        "(<class 'pennylane.ops.qubit.parametric_ops_single_qubit.Rot'>, array([0.97180586, 5.00294207, 2.89252217]), Wires([1]), np.float64(0.12500000000007627))"
    ],
    "reduced_op_list": [
        [
            "Rot",
            [
                3
            ]
        ],
        [
            "Rot",
            [
                0
            ]
        ],
        [
            "Rot",
            [
                1
            ]
        ]
    ],
    "num_params": 9,
    "overlap": 0.05278640450004268,
    "hellinger_fidelity": -2.402603233408159
}