{
    "potential": "linear",
    "cutoff": 4,
    "bc": "dirichlet",
    "N": 2,
    "a": 1.0,
    "c": null,
    "optimizer": "COBYLA",
    "num steps": 10,
    "op_list": [
        "(<class 'pennylane.ops.qubit.parametric_ops_single_qubit.Rot'>, array([3.41017109, 3.14159344, 0.74290508]), Wires([5]), np.float64(0.12500000000015532))",
        "(<class 'pennylane.ops.qubit.parametric_ops_single_qubit.Rot'>, array([4.34361434e+00, 6.20479036e+00, 4.27304579e-03]), Wires([0]), np.float64(0.12153318293933209))",
        "(<class 'pennylane.ops.qubit.parametric_ops_single_qubit.Rot'>, array([3.25707204e+00, 6.20477493e+00, 2.98949250e-03]), Wires([2]), np.float64(0.11806633355693764))",
        "(<class 'pennylane.ops.qubit.parametric_ops_single_qubit.Rot'>, array([3.60885301, 6.14343518, 0.47151893]), Wires([0]), np.float64(0.1180662702984726))",
        "(<class 'pennylane.ops.qubit.parametric_ops_single_qubit.Rot'>, array([3.6123519 , 6.14358532, 0.47386284]), Wires([2]), np.float64(0.11806623937342367))",
        "(<class 'pennylane.ops.qubit.parametric_ops_single_qubit.Rot'>, array([3.61938282, 6.14388368, 0.4779128 ]), Wires([2]), np.float64(0.11806623937083462))",
        "(<class 'pennylane.ops.qubit.parametric_ops_single_qubit.Rot'>, array([3.61530071, 6.1435905 , 0.47381042]), Wires([2]), np.float64(0.11806623936165803))",
        "(<class 'pennylane.ops.op_math.controlled_ops.CZ'>, array([3.35303613, 5.15754233, 0.77535439]), Wires([0, 1]), np.float64(0.11806623936165803))",
        "(<class 'pennylane.ops.op_math.controlled_ops.CZ'>, array([3.35303613, 5.15754233, 0.77535439]), Wires([0, 1]), np.float64(0.11806623936165803))",
        "(<class 'pennylane.ops.op_math.controlled_ops.CZ'>, array([3.35303613, 5.15754233, 0.77535439]), Wires([0, 1]), np.float64(0.11806623936165803))"
    ],
    "reduced_op_list": [
        [
            "Rot",
            [
                5
            ]
        ],
        [
            "Rot",
            [
                0
            ]
        ],
        [
            "Rot",
            [
                2
            ]
        ],
        [
            "CZ",
            [
                0,
                1
            ]
        ],
        [
            "CZ",
            [
                0,
                1
            ]
        ],
        [
            "CZ",
            [
                0,
                1
            ]
        ]
    ],
    "num_params": 9,
    "overlap": 0.05278640450016625,
    "hellinger_fidelity": 0.028246020193542276
}