{
    "load_date": "2026-02-04 15:42:35.364172",
    "potential": "linear",
    "cutoff": 4,
    "N": 2,
    "a": 1.0,
    "c": null,
    "boundary_condition": "periodic",
    "num_qubits": 6,
    "H_size": [
        64,
        64
    ],
    "H_dense_mem_estimate_bytes": 65536,
    "H_sparse_mem_estimate_bytes": 1540,
    "H_pauli_time": "0:00:00.001612",
    "H_creation_time": "0:00:00.000360",
    "H_eigenvalue_time": "0:00:00.000875",
    "eigenvalues": [
        1.1373955685244285e-15,
        0.9999999999999977,
        0.9999999999999991,
        0.9999999999999996,
        0.9999999999999996,
        0.9999999999999996,
        1.0000000000000002,
        1.9999999999999996
    ],
    "best_basis_state": [
        1,
        0,
        0,
        0,
        0,
        0
    ],
    "basis_prob": 0.9999999999999998,
    "num_paulis": 7,
    "pauli_coeffs": [
        3.0,
        -0.4999999999999999,
        -0.5000000000000001,
        -0.5,
        -0.4999999999999999,
        -0.5000000000000001,
        0.5
    ],
    "pauli_labels": [
        "IIIIII",
        "IIIIZI",
        "IIIIZZ",
        "IIIZII",
        "IZIIII",
        "IZZIII",
        "ZIIIII"
    ]
}