{
    "load_date": "2026-02-04 11:35:08.509985",
    "potential": "linear",
    "cutoff": 2,
    "N": 2,
    "a": 1.0,
    "c": null,
    "boundary_condition": "periodic",
    "num_qubits": 4,
    "H_size": [
        16,
        16
    ],
    "H_dense_mem_estimate_bytes": 4096,
    "H_sparse_mem_estimate_bytes": 388,
    "H_pauli_time": "0:00:00.001544",
    "H_creation_time": "0:00:00.000567",
    "H_eigenvalue_time": "0:00:00.000520",
    "eigenvalues": [
        7.361723900529183e-80,
        4.537826474859353e-79,
        4.594020032375673e-79,
        5.852330020367212e-79,
        1.0,
        1.0,
        1.0,
        1.0
    ],
    "best_basis_state": [
        1,
        1,
        0,
        0
    ],
    "basis_prob": 0.5208330705370531,
    "num_paulis": 3,
    "pauli_coeffs": [
        1.0,
        -0.5,
        0.5
    ],
    "pauli_labels": [
        "IIII",
        "IIZI",
        "ZIII"
    ]
}