{
    "load_date": "2026-02-04 11:35:08.534904",
    "potential": "linear",
    "cutoff": 8,
    "N": 2,
    "a": 1.0,
    "c": null,
    "boundary_condition": "periodic",
    "num_qubits": 8,
    "H_size": [
        256,
        256
    ],
    "H_dense_mem_estimate_bytes": 1048576,
    "H_sparse_mem_estimate_bytes": 6148,
    "H_pauli_time": "0:00:00.004276",
    "H_creation_time": "0:00:00.000259",
    "H_eigenvalue_time": "0:00:00.015640",
    "eigenvalues": [
        -2.792356348194999e-16,
        0.9999999999999949,
        0.9999999999999953,
        0.9999999999999956,
        0.999999999999998,
        1.9999999999999867,
        1.9999999999999933,
        1.9999999999999967
    ],
    "best_basis_state": [
        1,
        0,
        0,
        0,
        0,
        0,
        0,
        0
    ],
    "basis_prob": 0.9999999999999996,
    "num_paulis": 15,
    "pauli_coeffs": [
        7.0,
        -0.5,
        -0.5,
        -1.4999999999999998,
        -0.5,
        -0.4999999999999999,
        0.49999999999999967,
        -0.5,
        -0.5,
        -0.5,
        -1.4999999999999998,
        -0.5,
        -0.4999999999999999,
        0.49999999999999967,
        0.5
    ],
    "pauli_labels": [
        "IIIIIIII",
        "IIIIIIZI",
        "IIIIIIZZ",
        "IIIIIZII",
        "IIIIIZIZ",
        "IIIIIZZI",
        "IIIIIZZZ",
        "IIIIZIII",
        "IIZIIIII",
        "IIZZIIII",
        "IZIIIIII",
        "IZIZIIII",
        "IZZIIIII",
        "IZZZIIII",
        "ZIIIIIII"
    ]
}