{
    "potential": "AHO",
    "cutoff": 2,
    "exact_eigenvalues": [
        -0.4375,
        -0.4375,
        2.0625,
        2.0625
    ],
    "ansatz": "ry_cnot_ansatz",
    "num_VQE": 100,
    "Optimizer": {
        "name": "AdamOptimizer",
        "stepsize": 0.5,
        "maxiter": 2500,
        "tolerance": 1e-08
    },
    "results": [
        -0.43749997285808534,
        -0.43749998698226816,
        -0.4374996143399816,
        -0.4374999861329842,
        -0.4374999379034184,
        -0.4374999266745025,
        -0.4374999736262401,
        -0.4374990801806821,
        -0.4374990523756751,
        -0.4374999884102754,
        -0.43749997737697777,
        -0.4374998750017063,
        -0.43749995040432754,
        -0.43749968987885934,
        -0.43749985582702694,
        -0.43749997612458846,
        -0.4374992500353017,
        -0.437499991554931,
        -0.4374999966066599,
        -0.4374999275973396,
        -0.4374998455203882,
        -0.43749973199862763,
        -0.4374998832925781,
        -0.43749973958788824,
        -0.4374999890468227,
        -0.4374999963263548,
        -0.43749982266277787,
        -0.4374995625606007,
        -0.4374999315444054,
        -0.4374999300941266,
        -0.4374999859546123,
        -0.4374999758801743,
        -0.4374998658344318,
        -0.43749461763891434,
        -0.4374999573374636,
        -0.43749998822252606,
        -0.4374998357007213,
        -0.43749999000960577,
        -0.4374983818926757,
        -0.43749991611066613,
        -0.43749950008506633,
        -0.43749999179279603,
        -0.4374999837601049,
        -0.4374998189141886,
        -0.4374998657142925,
        -0.43749979440296605,
        -0.4374999497474003,
        -0.4374999296109554,
        -0.43749911260975965,
        -0.4374999445651748,
        -0.43749976277657915,
        -0.4374999124039611,
        -0.4374999942497803,
        -0.43749933839773825,
        -0.43749999803556355,
        -0.43749954620868153,
        -0.4374999406090735,
        -0.4374999844749148,
        -0.4374998649726219,
        -0.4374999195368105,
        -0.43749978639797643,
        -0.43749924524006767,
        -0.4374995693131324,
        -0.43749978014554053,
        -0.4374998970142199,
        -0.437499913952638,
        -0.4374993517181694,
        -0.4374999452048687,
        -0.4374997407325347,
        -0.4374999882570857,
        -0.4374999810107649,
        -0.4374995924094764,
        -0.43749992907537444,
        -0.4374998306302953,
        -0.4374999294971557,
        -0.4374996485050366,
        -0.4374999911071381,
        -0.4374999432709276,
        -0.4374996880087086,
        -0.4374945240680011,
        -0.4374999558863048,
        -0.43749998699774845,
        -0.4374998773112988,
        -0.4374998478611203,
        -0.4374996014761307,
        -0.4374998922467824,
        -0.4374999478393812,
        -0.43749998670951906,
        -0.4374999220797183,
        -0.43749997405200847,
        -0.4374998146070915,
        -0.43749994757528027,
        -0.43749986386146567,
        -0.43749995236216377,
        -0.4374998926640757,
        -0.43749995775592593,
        -0.4374999709313028,
        -0.43749934009075087,
        -0.4374999837142255,
        -0.43749960222432344
    ],
    "params": [
        [
            -3.141221638894642,
            -3.189224583304673
        ],
        [
            -3.141497171295113,
            2.2197975549319318
        ],
        [
            3.142660624999114,
            1.2792522724893016
        ],
        [
            -3.141897821105809,
            0.11771778858723148
        ],
        [
            -3.141398244601125,
            5.058794004177669
        ],
        [
            -3.14182761830198,
            -1.0662050987098464
        ],
        [
            3.1421100369577464,
            -2.378016194827193
        ],
        [
            -3.140711424242001,
            4.1641510322214135
        ],
        [
            -3.142281487167057,
            -2.57020859882542
        ],
        [
            -3.141872505631543,
            1.2067589900186613
        ],
        [
            -3.1420245276645895,
            4.523413856060819
        ],
        [
            3.1414132764690383,
            3.629627548474978
        ],
        [
            3.1414077787766352,
            3.672672565520378
        ],
        [
            3.1410811013073174,
            1.1332356339591056
        ],
        [
            3.141931313386307,
            -3.4433085112426522
        ],
        [
            3.1420009156159683,
            0.3454268611422219
        ],
        [
            3.1423741133234295,
            4.906821062125098
        ],
        [
            -3.14128368600546,
            -2.7463410376738997
        ],
        [
            -3.141375555295888,
            -0.2517551210251667
        ],
        [
            -3.14136782291043,
            -1.0053878090311563
        ],
        [
            -3.1412742870621297,
            -0.8319466402543125
        ],
        [
            -3.1411127271301584,
            4.807594806766835
        ],
        [
            -3.1419202475413295,
            -2.336587682306728
        ],
        [
            3.1419890140259326,
            -3.0538691885357254
        ],
        [
            -3.1418852752421658,
            -0.8365184780445174
        ],
        [
            -3.141817510732605,
            5.574996046194799
        ],
        [
            -3.1419794167671804,
            1.0093084807062
        ],
        [
            3.1437591076044833,
            2.1836396600490375
        ],
        [
            -3.1418199649241965,
            -0.020174835982376207
        ],
        [
            -3.1413688469307033,
            1.3772154268057424
        ],
        [
            -3.141234526473279,
            -1.675056810906356
        ],
        [
            -3.142009156828122,
            1.3957138605375683
        ],
        [
            3.141279359613852,
            0.2883199516744073
        ],
        [
            3.14383582199364,
            1.069092938639122
        ],
        [
            -3.140949926525762,
            1.082920076359696
        ],
        [
            3.1413221975369123,
            -2.870257641057946
        ],
        [
            3.142750655050808,
            -4.898501082939954
        ],
        [
            -3.141767919273543,
            1.6805389363441003
        ],
        [
            -9.42363272529048,
            1.4552295587003952
        ],
        [
            3.140687401338826,
            -1.6037044051220761
        ],
        [
            3.142245209870948,
            -2.0776066283498715
        ],
        [
            -3.1413462522811377,
            -0.8800564871982919
        ],
        [
            3.1419472928279073,
            2.594644746441717
        ],
        [
            3.142981409203326,
            1.722037612398295
        ],
        [
            3.1419173114245704,
            -1.4614505918214902
        ],
        [
            3.1412253631367246,
            5.181823848895547
        ],
        [
            3.1417955194995177,
            -8.553708198317045
        ],
        [
            3.1413522217526313,
            -2.193246287662568
        ],
        [
            3.140871012834777,
            2.4788291107576352
        ],
        [
            3.1417750891585294,
            1.3180261176099495
        ],
        [
            3.1411508070606415,
            3.966776292104966
        ],
        [
            -3.141410688312597,
            -3.699964147970633
        ],
        [
            3.1418776077065744,
            1.3997279327977497
        ],
        [
            -3.142110679165955,
            4.577644078072035
        ],
        [
            -3.1417889702965844,
            -2.6557454213642724
        ],
        [
            -3.142215202657505,
            -3.5535090396521016
