{
    "load_date": "2025-12-09 14:51:07.839943",
    "potential": "linear",
    "cutoff": 16,
    "N": 3,
    "a": 1.0,
    "c": null,
    "boundary_condition": "dirichlet",
    "num_qubits": 15,
    "num_paulis": 1146,
    "dense_H_size": [
        32768,
        32768
    ],
    "min_eigenvalue": -3.6042420179791245e-15,
    "basis": [
        0,
        0,
        0,
        0,
        0,
        1,
        0,
        0,
        0,
        0,
        0,
        0,
        0,
        0,
        0
    ],
    "tol": 1e-08,
    "dt": 0.5,
    "n_steps": 1,
    "max_k": 6,
    "final_k": 5,
    "converged": true,
    "all_energies": [
        0.00024125741050296255,
        2.98652521318423e-05,
        2.9240885912627324e-07,
        2.001201793258176e-07,
        1.9343205310201298e-07
    ],
    "all_run_data": [
        {
            "D": 1,
            "t": 0.5,
            "circuit_time": "0:00:00.143985",
            "num_samples": 46,
            "H_reduced_size": [
                46,
                46
            ],
            "reduction": 99.859619140625,
            "H_reduced_e": 0.00024125741050296255,
            "eigenvalue_time": "0:00:00.001999",
            "diff": 0.0002412574105065668,
            "change_from_prev": null
        },
        {
            "D": 2,
            "t": 1.0,
            "circuit_time": "0:00:00.137599",
            "num_samples": 192,
            "H_reduced_size": [
                192,
                192
            ],
            "reduction": 99.4140625,
            "H_reduced_e": 2.98652521318423e-05,
            "eigenvalue_time": "0:00:00.002998",
            "diff": 2.986525213544654e-05,
            "change_from_prev": 0.00021139215837112025
        },
        {
            "D": 3,
            "t": 1.5,
            "circuit_time": "0:00:00.144610",
            "num_samples": 538,
            "H_reduced_size": [
                538,
                538
            ],
            "reduction": 98.358154296875,
            "H_reduced_e": 2.9240885912627324e-07,
            "eigenvalue_time": "0:00:00.036238",
            "diff": 2.9240886273051526e-07,
            "change_from_prev": 2.9572843272716027e-05
        },
        {
            "D": 4,
            "t": 2.0,
            "circuit_time": "0:00:00.141408",
            "num_samples": 980,
            "H_reduced_size": [
                980,
                980
            ],
            "reduction": 97.00927734375,
            "H_reduced_e": 2.001201793258176e-07,
            "eigenvalue_time": "0:00:00.036849",
            "diff": 2.0012018293005964e-07,
            "change_from_prev": 9.228867980045562e-08
        },
        {
            "D": 5,
            "t": 2.5,
            "circuit_time": "0:00:00.138709",
            "num_samples": 1253,
            "H_reduced_size": [
                1253,
                1253
            ],
            "reduction": 96.1761474609375,
            "H_reduced_e": 1.9343205310201298e-07,
            "eigenvalue_time": "0:00:00.046957",
            "diff": 1.93432056706255e-07,
            "change_from_prev": 6.6881262238046274e-09
        }
    ]
}