{
    "load_date": "2025-12-09 14:45:48.225945",
    "potential": "linear",
    "cutoff": 8,
    "N": 3,
    "a": 1.0,
    "c": null,
    "boundary_condition": "dirichlet",
    "num_qubits": 12,
    "num_paulis": 194,
    "dense_H_size": [
        4096,
        4096
    ],
    "min_eigenvalue": 2.7357169812820412e-08,
    "basis": [
        0,
        0,
        0,
        0,
        1,
        0,
        0,
        0,
        0,
        0,
        0,
        0
    ],
    "tol": 1e-08,
    "dt": 0.5,
    "n_steps": 1,
    "max_k": 6,
    "final_k": 5,
    "converged": true,
    "all_energies": [
        0.00025073941036959165,
        0.0001494293249985317,
        3.0135130539344296e-05,
        2.9178396297168256e-05,
        2.9175701471396497e-05
    ],
    "all_run_data": [
        {
            "D": 1,
            "t": 0.5,
            "circuit_time": "0:00:00.028663",
            "num_samples": 19,
            "H_reduced_size": [
                19,
                19
            ],
            "reduction": 99.5361328125,
            "H_reduced_e": 0.00025073941036959165,
            "eigenvalue_time": "0:00:00.001424",
            "diff": 0.00025071205319977883,
            "change_from_prev": null
        },
        {
            "D": 2,
            "t": 1.0,
            "circuit_time": "0:00:00.023387",
            "num_samples": 49,
            "H_reduced_size": [
                49,
                49
            ],
            "reduction": 98.8037109375,
            "H_reduced_e": 0.0001494293249985317,
            "eigenvalue_time": "0:00:00.001999",
            "diff": 0.00014940196782871888,
            "change_from_prev": 0.00010131008537105996
        },
        {
            "D": 3,
            "t": 1.5,
            "circuit_time": "0:00:00.025869",
            "num_samples": 106,
            "H_reduced_size": [
                106,
                106
            ],
            "reduction": 97.412109375,
            "H_reduced_e": 3.0135130539344296e-05,
            "eigenvalue_time": "0:00:00.001999",
            "diff": 3.0107773369531475e-05,
            "change_from_prev": 0.0001192941944591874
        },
        {
            "D": 4,
            "t": 2.0,
            "circuit_time": "0:00:00.021296",
            "num_samples": 179,
            "H_reduced_size": [
                179,
                179
            ],
            "reduction": 95.6298828125,
            "H_reduced_e": 2.9178396297168256e-05,
            "eigenvalue_time": "0:00:00.001999",
            "diff": 2.9151039127355435e-05,
            "change_from_prev": 9.567342421760406e-07
        },
        {
            "D": 5,
            "t": 2.5,
            "circuit_time": "0:00:00.019190",
            "num_samples": 252,
            "H_reduced_size": [
                252,
                252
            ],
            "reduction": 93.84765625,
            "H_reduced_e": 2.9175701471396497e-05,
            "eigenvalue_time": "0:00:00.011606",
            "diff": 2.9148344301583676e-05,
            "change_from_prev": 2.6948257717589945e-09
        }
    ]
}