{
    "load_date": "2025-12-09 15:00:39.695245",
    "potential": "linear",
    "cutoff": 16,
    "N": 3,
    "a": 1.0,
    "c": null,
    "boundary_condition": "dirichlet",
    "num_qubits": 15,
    "num_paulis": 1146,
    "dense_H_size": [
        32768,
        32768
    ],
    "min_eigenvalue": -3.6042420179791245e-15,
    "basis": [
        0,
        0,
        0,
        0,
        0,
        1,
        0,
        0,
        0,
        0,
        0,
        0,
        0,
        0,
        0
    ],
    "tol": 1e-10,
    "dt": 1.0,
    "n_steps": 1,
    "max_k": 10,
    "final_k": 7,
    "converged": true,
    "all_energies": [
        3.004962429734764e-06,
        4.216325881810057e-07,
        4.186128260395239e-07,
        4.170570939199033e-07,
        4.092767884237128e-07,
        3.457756366142705e-12,
        3.4330269919010292e-12
    ],
    "all_run_data": [
        {
            "D": 1,
            "t": 1.0,
            "circuit_time": "0:00:00.244827",
            "num_samples": 211,
            "H_reduced_size": [
                211,
                211
            ],
            "reduction": 99.3560791015625,
            "H_reduced_e": 3.004962429734764e-06,
            "eigenvalue_time": "0:00:00.010074",
            "diff": 3.004962433339006e-06,
            "change_from_prev": null
        },
        {
            "D": 2,
            "t": 2.0,
            "circuit_time": "0:00:00.278235",
            "num_samples": 786,
            "H_reduced_size": [
                786,
                786
            ],
            "reduction": 97.601318359375,
            "H_reduced_e": 4.216325881810057e-07,
            "eigenvalue_time": "0:00:00.074964",
            "diff": 4.2163259178524774e-07,
            "change_from_prev": 2.583329841553758e-06
        },
        {
            "D": 3,
            "t": 3.0,
            "circuit_time": "0:00:00.240528",
            "num_samples": 1149,
            "H_reduced_size": [
                1149,
                1149
            ],
            "reduction": 96.4935302734375,
            "H_reduced_e": 4.186128260395239e-07,
            "eigenvalue_time": "0:00:00.080748",
            "diff": 4.186128296437659e-07,
            "change_from_prev": 3.019762141481839e-09
        },
        {
            "D": 4,
            "t": 4.0,
            "circuit_time": "0:00:00.266954",
            "num_samples": 1381,
            "H_reduced_size": [
                1381,
                1381
            ],
            "reduction": 95.7855224609375,
            "H_reduced_e": 4.170570939199033e-07,
            "eigenvalue_time": "0:00:00.084708",
            "diff": 4.170570975241453e-07,
            "change_from_prev": 1.555732119620585e-09
        },
        {
            "D": 5,
            "t": 5.0,
            "circuit_time": "0:00:00.228620",
            "num_samples": 1877,
            "H_reduced_size": [
                1877,
                1877
            ],
            "reduction": 94.2718505859375,
            "H_reduced_e": 4.092767884237128e-07,
            "eigenvalue_time": "0:00:00.109331",
            "diff": 4.092767920279548e-07,
            "change_from_prev": 7.7803054961905e-09
        },
        {
            "D": 6,
            "t": 6.0,
            "circuit_time": "0:00:00.253295",
            "num_samples": 2149,
            "H_reduced_size": [
                2149,
                2149
            ],
            "reduction": 93.4417724609375,
            "H_reduced_e": 3.457756366142705e-12,
            "eigenvalue_time": "0:00:00.122502",
            "diff": 3.461360608160684e-12,
            "change_from_prev": 4.0927333066734663e-07
        },
        {
            "D": 7,
            "t": 7.0,
            "circuit_time": "0:00:00.266407",
            "num_samples": 2185,
            "H_reduced_size": [
                2185,
                2185
            ],
            "reduction": 93.3319091796875,
            "H_reduced_e": 3.4330269919010292e-12,
            "eigenvalue_time": "0:00:00.120836",
            "diff": 3.4366312339190083e-12,
            "change_from_prev": 2.472937424167579e-14
        }
    ]
}