{
    "potential": "QHO",
    "cutoff": 4,
    "optimizer": "COBYLA",
    "num steps": 10,
    "op_list": [
        "(<class 'pennylane.ops.qubit.parametric_ops_single_qubit.Rot'>, array([ 2.25559252,  3.14159158, -0.09872731]), Wires([0]), np.float64(2.8664005613535547e-13))"
    ],
    "reduced_op_list": [
        [
            "Rot",
            [
                0
            ]
        ]
    ],
    "num_params": 3,
    "overlap": 4.440892098500626e-16,
    "hellinger_fidelity": 3.3306690738754696e-16
}