{
    "load_date": "2026-02-02 18:49:05.816483",
    "potential": "linear",
    "cutoff": 2,
    "N": 3,
    "a": 1.0,
    "c": null,
    "x_max": 4.0,
    "boundary_condition": "dirichlet",
    "num_qubits": 6,
    "H_size": [
        64,
        64
    ],
    "H_dense_mem_estimate_bytes": 65536,
    "H_sparse_mem_estimate_bytes": 7940,
    "H_pauli_time": "0:00:00.003324",
    "H_creation_time": "0:00:00.001968",
    "H_eigenvalue_time": "0:00:00.002663",
    "eigenvalues": [
        -1.268844086004078,
        -0.26884408600407317,
        -0.04409921461249023,
        -0.04409921461248784,
        0.9559007853875121,
        0.9559007853875212,
        1.1806456567791084,
        2.180645656779103
    ],
    "best_basis_state": [
        0,
        1,
        1,
        1,
        0,
        1
    ],
    "basis_prob": 0.9076667280687124,
    "num_paulis": 15,
    "pauli_coeffs": [
        15.46263770630106,
        -0.1542125687670212,
        4.0,
        -0.5,
        -0.1542125687670212,
        6.0,
        0.5,
        -0.1542125687670212,
        4.0,
        -0.5,
        0.25,
        0.25,
        0.25,
        0.25,
        -1.0
    ],
    "pauli_labels": [
        "IIIIII",
        "IIIIIX",
        "IIIIIZ",
        "IIIIZI",
        "IIIXII",
        "IIIZII",
        "IIZIII",
        "IXIIII",
        "IZIIII",
        "ZIIIII",
        "IIXIXI",
        "IIYIYI",
        "XIXIII",
        "YIYIII",
        "IZIIIZ"
    ],
    "boson_position_marginals": {
        "site_0": {
            "x_grid": [
                -4.0,
                0.0
            ],
            "P_x": [
                0.0002377055947779665,
                0.9997622944052231
            ],
            "edge_mass_2": 2.000000000000002
        },
        "site_1": {
            "x_grid": [
                -4.0,
                0.0
            ],
            "P_x": [
                0.00016506764123179585,
                0.9998349323587693
            ],
            "edge_mass_2": 2.000000000000002
        },
        "site_2": {
            "x_grid": [
                -4.0,
                0.0
            ],
            "P_x": [
                0.00023770559477796486,
                0.9997622944052231
            ],
            "edge_mass_2": 2.000000000000002
        }
    }
}