{
    "load_date": "2026-02-02 18:49:08.020056",
    "potential": "linear",
    "cutoff": 16,
    "N": 3,
    "a": 1.0,
    "c": null,
    "x_max": 4.0,
    "boundary_condition": "dirichlet",
    "num_qubits": 15,
    "H_size": [
        32768,
        32768
    ],
    "H_dense_mem_estimate_bytes": 17179869184,
    "H_sparse_mem_estimate_bytes": 31588356,
    "H_pauli_time": "0:00:00.399382",
    "H_creation_time": "0:00:00.008743",
    "H_eigenvalue_time": "0:00:01.670423",
    "eigenvalues": [
        -1.9776260176122306e-07,
        0.999999802237381,
        1.0000029432400839,
        1.2247446736289647,
        1.2247446736289893,
        1.2247453500569847,
        1.2247482074460836,
        1.9999859884595972
    ],
    "best_basis_state": [
        0,
        1,
        0,
        0,
        0,
        1,
        1,
        0,
        0,
        0,
        0,
        1,
        0,
        0,
        0
    ],
    "basis_prob": 0.0249709595019552,
    "num_paulis": 135,
    "pauli_coeffs": [
        30.62779637094574,
        -4.051802986887518,
        0.06249999999999911,
        1.053029287545515,
        -2.275712654932339,
        -1.776090331955177,
        0.12500000000000044,
        0.15624999999999956,
        0.30842513753404155,
        -0.3613425251813103,
        0.6168502750680854,
        -1.2337005501361693,
        0.8723580249548618,
        -0.13827979779585375,
        -0.9037323070003165,
        0.4361790124774316,
        -1.0420121047961717,
        0.2500000000000002,
        0.3124999999999998,
        0.6250000000000002,
        0.15421256876702116,
        -0.16031416329454165,
        0.18067126259065514,
        -0.19168844534000107,
        0.03137428204545761,
        0.3084251375340431,
        -0.3613425251813097,
        0.6168502750680838,
        -1.2337005501361702,
        0.8723580249548598,
        0.13827979779585092,
        0.9037323070003169,
        -0.43617901247742813,
        1.0420121047961692,
        0.5,
        0.625,
        1.25,
        2.5,
        -0.5,
        -4.051802986887518,
        0.09374999999999911,
        1.053029287545515,
        -2.275712654932339,
        -1.776090331955177,
        0.18750000000000044,
        0.18749999999999956,
        0.30842513753404155,
        -0.3613425251813103,
        0.6168502750680854,
        -1.2337005501361693,
        0.8723580249548618,
        -0.13827979779585375,
        -0.9037323070003165,
        0.4361790124774316,
        -1.0420121047961717,
        0.3750000000000002,
        0.3749999999999998,
        0.7500000000000002,
        0.15421256876702116,
        -0.16031416329454165,
        0.18067126259065514,
        -0.19168844534000107,
        0.03137428204545761,
        0.3084251375340431,
        -0.3613425251813097,
        0.6168502750680838,
        -1.2337005501361702,
        0.8723580249548598,
        0.13827979779585092,
        0.9037323070003169,
        -0.43617901247742813,
        1.0420121047961692,
        0.75,
        0.75,
        1.5,
        3.0,
        0.5,
        -4.051802986887518,
        0.06249999999999911,
        1.053029287545515,
        -2.275712654932339,
        -1.776090331955177,
        0.12500000000000044,
        0.15624999999999956,
        0.30842513753404155,
        -0.3613425251813103,
        0.6168502750680854,
        -1.2337005501361693,
        0.8723580249548618,
        -0.13827979779585375,
        -0.9037323070003165,
        0.4361790124774316,
        -1.0420121047961717,
        0.2500000000000002,
        0.3124999999999998,
        0.6250000000000002,
        0.15421256876702116,
        -0.16031416329454165,
        0.18067126259065514,
        -0.19168844534000107,
        0.03137428204545761,
        0.3084251375340431,
        -0.3613425251813097,
        0.6168502750680838,
        -1.2337005501361702,
        0.8723580249548598,
        0.13827979779585092,
        0.9037323070003169,
        -0.43617901247742813,
        1.0420121047961692,
        0.5,
        0.625,
        1.25,
        2.5,
        -0.5,
        0.25,
        0.25,
        0.25,
        0.25,
        -0.015625,
        -0.03125,
        -0.0625,
        -0.125,
        -0.03125,
        -0.0625,
        -0.125,
        -0.25,
        -0.0625,
        -0.125,
        -0.25,
        -0.5,
        -0.125,
        -0.25,
        -0.5,
        -1.0
    ],