{
    "load_date": "2026-02-02 18:49:05.835324",
    "potential": "linear",
    "cutoff": 4,
    "N": 3,
    "a": 1.0,
    "c": null,
    "x_max": 4.0,
    "boundary_condition": "dirichlet",
    "num_qubits": 9,
    "H_size": [
        512,
        512
    ],
    "H_dense_mem_estimate_bytes": 4194304,
    "H_sparse_mem_estimate_bytes": 124932,
    "H_pauli_time": "0:00:00.003612",
    "H_creation_time": "0:00:00.000251",
    "H_eigenvalue_time": "0:00:00.012579",
    "eigenvalues": [
        -0.5379788433164028,
        0.4620211566835865,
        0.6867660280751763,
        0.6867660280751798,
        1.6867660280751609,
        1.6867660280751757,
        1.8408372601651342,
        1.89658259082248
    ],
    "best_basis_state": [
        0,
        1,
        0,
        1,
        1,
        0,
        0,
        1,
        0
    ],
    "basis_prob": 0.8484560589479343,
    "num_paulis": 30,
    "pauli_coeffs": [
        13.13791311890319,
        -0.30842513753404244,
        0.9999999999999996,
        0.15421256876702122,
        -0.30842513753404244,
        2.0,
        2.5,
        -0.5,
        -0.30842513753404244,
        1.4999999999999996,
        0.15421256876702122,
        -0.30842513753404244,
        3.0,
        3.0,
        0.5,
        -0.30842513753404244,
        0.9999999999999996,
        0.15421256876702122,
        -0.30842513753404244,
        2.0,
        2.5,
        -0.5,
        0.25,
        0.25,
        0.25,
        0.25,
        -0.25,
        -0.5,
        -0.5,
        -1.0
    ],
    "pauli_labels": [
        "IIIIIIIII",
        "IIIIIIIIX",
        "IIIIIIIIZ",
        "IIIIIIIXI",
        "IIIIIIIXX",
        "IIIIIIIZI",
        "IIIIIIIZZ",
        "IIIIIIZII",
        "IIIIIXIII",
        "IIIIIZIII",
        "IIIIXIIII",
        "IIIIXXIII",
        "IIIIZIIII",
        "IIIIZZIII",
        "IIIZIIIII",
        "IIXIIIIII",
        "IIZIIIIII",
        "IXIIIIIII",
        "IXXIIIIII",
        "IZIIIIIII",
        "IZZIIIIII",
        "ZIIIIIIII",
        "IIIXIIXII",
        "IIIYIIYII",
        "XIIXIIIII",
        "YIIYIIIII",
        "IIZIIIIIZ",
        "IIZIIIIZI",
        "IZIIIIIIZ",
        "IZIIIIIZI"
    ],
    "boson_position_marginals": {
        "site_0": {
            "x_grid": [
                -4.0,
                -2.0,
                0.0,
                2.0
            ],
            "P_x": [
                6.938186332656275e-05,
                0.012348062136069851,
                0.9752366253167638,
                0.012345930683833816
            ],
            "edge_mass_2": 0.999999999999994
        },
        "site_1": {
            "x_grid": [
                -4.0,
                -2.0,
                0.0,
                2.0
            ],
            "P_x": [
                6.157308627842637e-05,
                0.008900872241840056,
                0.9821366824300352,
                0.008900872241840047
            ],
            "edge_mass_2": 0.9999999999999937
        },
        "site_2": {
            "x_grid": [
                -4.0,
                -2.0,
                0.0,
                2.0
            ],
            "P_x": [
                6.938186332656279e-05,
                0.012348062136069836,
                0.9752366253167639,
                0.01234593068383376
            ],
            "edge_mass_2": 0.999999999999994
        }
    }
}