{
    "load_date": "2026-02-02 18:49:05.931101",
    "potential": "linear",
    "cutoff": 8,
    "N": 3,
    "a": 1.0,
    "c": null,
    "x_max": 4.0,
    "boundary_condition": "dirichlet",
    "num_qubits": 12,
    "H_size": [
        4096,
        4096
    ],
    "H_dense_mem_estimate_bytes": 268435456,
    "H_sparse_mem_estimate_bytes": 1982468,
    "H_pauli_time": "0:00:00.012849",
    "H_creation_time": "0:00:00.000742",
    "H_eigenvalue_time": "0:00:00.079070",
    "eigenvalues": [
        -0.0020422518207563987,
        0.9979577481792432,
        1.0058006615599127,
        1.2227026195708275,
        1.222702619570839,
        1.2288288033540689,
        1.2389851858534606,
        1.9745593102885632
    ],
    "best_basis_state": [
        0,
        1,
        0,
        0,
        1,
        1,
        0,
        0,
        0,
        1,
        0,
        0
    ],
    "basis_prob": 0.20111851431951747,
    "num_paulis": 62,
    "pauli_coeffs": [
        16.0265147693117,
        -1.0530292875455145,
        0.25,
        0.308425137534043,
        -0.6168502750680852,
        -0.4361790124774298,
        0.5,
        0.625,
        0.1542125687670212,
        -0.18067126259065494,
        0.3084251375340419,
        -0.6168502750680844,
        0.4361790124774301,
        1.0,
        1.25,
        2.5,
        -0.5,
        -1.0530292875455145,
        0.375,
        0.308425137534043,
        -0.6168502750680852,
        -0.4361790124774298,
        0.75,
        0.75,
        0.1542125687670212,
        -0.18067126259065494,
        0.3084251375340419,
        -0.6168502750680844,
        0.4361790124774301,
        1.5,
        1.5,
        3.0,
        0.5,
        -1.0530292875455145,
        0.25,
        0.308425137534043,
        -0.6168502750680852,
        -0.4361790124774298,
        0.5,
        0.625,
        0.1542125687670212,
        -0.18067126259065494,
        0.3084251375340419,
        -0.6168502750680844,
        0.4361790124774301,
        1.0,
        1.25,
        2.5,
        -0.5,
        0.25,
        0.25,
        0.25,
        0.25,
        -0.0625,
        -0.125,
        -0.25,
        -0.125,
        -0.25,
        -0.5,
        -0.25,
        -0.5,
        -1.0
    ],
    "pauli_labels": [
        "IIIIIIIIIIII",
        "IIIIIIIIIIIX",
        "IIIIIIIIIIIZ",
        "IIIIIIIIIIXI",
        "IIIIIIIIIIXX",
        "IIIIIIIIIIYY",
        "IIIIIIIIIIZI",
        "IIIIIIIIIIZZ",
        "IIIIIIIIIXII",
        "IIIIIIIIIXIX",
        "IIIIIIIIIXXI",
        "IIIIIIIIIXXX",
        "IIIIIIIIIXYY",
        "IIIIIIIIIZII",
        "IIIIIIIIIZIZ",
        "IIIIIIIIIZZI",
        "IIIIIIIIZIII",
        "IIIIIIIXIIII",
        "IIIIIIIZIIII",
        "IIIIIIXIIIII",
        "IIIIIIXXIIII",
        "IIIIIIYYIIII",
        "IIIIIIZIIIII",
        "IIIIIIZZIIII",
        "IIIIIXIIIIII",
        "IIIIIXIXIIII",
        "IIIIIXXIIIII",
        "IIIIIXXXIIII",
        "IIIIIXYYIIII",
        "IIIIIZIIIIII",
        "IIIIIZIZIIII",
        "IIIIIZZIIIII",
        "IIIIZIIIIIII",
        "IIIXIIIIIIII",
        "IIIZIIIIIIII",
        "IIXIIIIIIIII",
        "IIXXIIIIIIII",
        "IIYYIIIIIIII",
        "IIZIIIIIIIII",
        "IIZZIIIIIIII",
        "IXIIIIIIIIII",
        "IXIXIIIIIIII",
        "IXXIIIIIIIII",
        "IXXXIIIIIIII",
        "IXYYIIIIIIII",
        "IZIIIIIIIIII",
        "IZIZIIIIIIII",
        "IZZIIIIIIIII",
        "ZIIIIIIIIIII",
        "IIIIXIIIXIII",
        "IIIIYIIIYIII",
        "XIIIXIIIIIII",
        "YIIIYIIIIIII",
        "IIIZIIIIIIIZ",
        "IIIZIIIIIIZI",
        "IIIZIIIIIZII",
        "IIZIIIIIIIIZ",
        "IIZIIIIIIIZI",
        "IIZIIIIIIZII",
        "IZIIIIIIIIIZ",
        "IZIIIIIIIIZI",
        "IZIIIIIIIZII"
    ],
    "boson_position_marginals": {
        "site_0": {
            "x_grid": [
                -4.0,
                -3.0,
                -2.0,
                -1.0,
                0.0,
                1.0,
                2.0,
                3.0
            ],
            "P_x": [
                4.214935522708598e-09,
                3.156720853728523e-05,
                0.007191607612176464,
                0.1962099754799128,
                0.5931337318378805,
                0.19620993874075748,
                0.007191611538688414,
                3.1563367107477354e-05
            ],
            "edge_mass_2": 0.007254746329268699
        },
        "site_1": {
            "x_grid": [
                -4.0,
                -3.0,
                -2.0,
                -1.0,
                0.0,
                1.0,
                2.0,
                3.0
            ],
            "P_x": [
                2.5192863048316756e-08,
                1.2529144378496034e-05,
                0.004585480663394245,
                0.18228582882264507,
                0.6262322975462971,
                0.18228582882264496,
                0.004585480663394238,
                1.2529144378496293e-05
            ],
            "edge_mass_2": 0.0046105641450142785
        },
        "site_2": {
            "x_grid": [
                -4.0,
                -3.0,
                -2.0,
                -1.0,
                0.0,
                1.0,
                2.0,
                3.0
            ],
            "P_x": [
                4.214935522705124e-09,
                3.156720853728514e-05,
                0.007191607612176469,
                0.1962099754799129,
                0.5931337318378804,
                0.19620993874075757,
                0.007191611538688417,
                3.156336710747688e-05
            ],
            "edge_mass_2": 0.007254746329268703
        }
    }
}