{
    "potential": "AHO",
    "cutoff": 2,
    "exact_eigenvalues": [
        -0.4375,
        -0.4375,
        2.0625,
        2.0625
    ],
    "ansatz": "ry_cnot_ansatz",
    "num_VQE": 100,
    "Optimizer": {
        "name": "AdamOptimizer",
        "stepsize": 0.5,
        "maxiter": 2500,
        "tolerance": 1e-08
    },
    "results": [
        -0.4374999878716203,
        -0.43749987826386866,
        -0.4374999095340754,
        -0.4374999619658207,
        -0.4374999417376949,
        -0.4374999859617207,
        -0.43749998229493386,
        -0.4374999372168767,
        -0.43749987049413624,
        -0.43749995263539176,
        -0.43749931478274945,
        -0.43749994209025156,
        -0.437499775363894,
        -0.4374998868738992,
        -0.43749978453490423,
        -0.4374998928697761,
        -0.4374999859044562,
        -0.43749993098630613,
        -0.4374977857184898,
        -0.43749995048239265,
        -0.43749978329295175,
        -0.43749993896625794,
        -0.4374999944177486,
        -0.4374999743618551,
        -0.43749993672711723,
        -0.4374999459263754,
        -0.43749996735376934,
        -0.4374999437892872,
        -0.43749940848392427,
        -0.43749993425034217,
        -0.43749982008151495,
        -0.4374992588143201,
        -0.4374999951151752,
        -0.43749998044802857,
        -0.4374999340858595,
        -0.43749992963320533,
        -0.437499887535695,
        -0.43749988289513436,
        -0.43749977894229425,
        -0.437499935243886,
        -0.43749993216256317,
        -0.4374999426621484,
        -0.4374981979528456,
        -0.43749994714262497,
        -0.43749996462392704,
        -0.43749990303330066,
        -0.4374999397830832,
        -0.43749993303231927,
        -0.4374998292076932,
        -0.43749999313613447,
        -0.43749994039065637,
        -0.4374998790045085,
        -0.4374999975101855,
        -0.4374998586991623,
        -0.4374999349303236,
        -0.43749997565831866,
        -0.4374999052297127,
        -0.43749986465565704,
        -0.4374998811452217,
        -0.43749987932582335,
        -0.437499677573239,
        -0.43749925615976104,
        -0.43747087249023275,
        -0.43749979485798207,
        -0.43749993939859216,
        -0.4374998553408798,
        -0.4374998882207061,
        -0.43749979320946364,
        -0.437499645028037,
        -0.4374916707590664,
        -0.43749998050227573,
        -0.4374999456961105,
        -0.43749979397966493,
        -0.43749988796641553,
        -0.437499887332062,
        -0.43749987796235884,
        -0.43749999148729807,
        -0.43749719971063045,
        -0.4374999493168326,
        -0.43749974928291474,
        -0.437499946131267,
        -0.4374998751988265,
        -0.43749992601252036,
        -0.43749923563211596,
        -0.4374993399392409,
        -0.43749872199984846,
        -0.43749996995699936,
        -0.4374987722748191,
        -0.43749996444328904,
        -0.43749980286840456,
        -0.4374998915793069,
        -0.43749987131716284,
        -0.4374999094492283,
        -0.4374998914600667,
        -0.4374999856738846,
        -0.43749998697727926,
        -0.43749993632514306,
        -0.43749993356733935,
        -0.43749987761121184,
        -0.43749993042471363
    ],
    "params": [
        [
            -3.1419061266748445,
            -0.09385001759307883
        ],
        [
            -3.1427359419368304,
            -0.7721696879970888
        ],
        [
            -3.141867914377848,
            0.7398113651766359
        ],
        [
            -3.1422144349528836,
            -0.4859992013633515
        ],
        [
            3.1413721961963317,
            -1.0893035025151938
        ],
        [
            3.141950274217334,
            -0.8696790110480894
        ],
        [
            3.141147243092287,
            -1.0504251065340648
        ],
        [
            -3.141364031429694,
            -0.0763786577962615
        ],
        [
            3.1412771653275056,
            -0.2843519119054806
        ],
        [
            -3.1422858105529428,
            0.5082002986748798
        ],
        [
            -3.14080926641634,
            -0.594456232470714
        ],
        [
            3.14136596470346,
            1.2617348057983329
        ],
        [
            3.1411544471873163,
            -0.040248410372564436
        ],
        [
            -3.1419062276450216,
            -0.8421175568041275
        ],
        [
            3.141170633988884,
            -0.7713998173536777
        ],
        [
            -3.1418968771005797,
            0.13543537069816639
        ],
        [
            -3.1419460980477094,
            0.5343537350818829
        ],
        [
            3.1407272344309205,
            -0.19697799337631589
        ],
        [
            -3.1401539471761666,
            -0.17474316316859928
        ],
        [
            -3.141394191342681,
            -0.3558080029362838
        ],
        [
            -3.1411536430273457,
            0.18215553169371596
        ],
        [
            3.1413552872782433,
            0.9336042948478009
        ],
        [
            -3.14130339653327,
            1.0476386103861937
        ],
        [
            3.1410672921298777,
            0.6399723664096377
        ],
        [
            3.140762492582545,
            -1.1231048091816347
        ],
        [
            3.141380663310054,
            -0.05556008962700265
        ],
        [
            -3.142202031674129,
            -0.7665947556782272
        ],
        [
            3.1408198888825245,
            0.8497848838675485
        ],
        [
            -3.140868510938063,
            0.7688167520768836
        ],
        [
            -3.1414020655761905,
            0.9135786417311916
        ],
        [
            3.1419868828041095,
            -0.051205703576341
        ],
        [
            3.1407865084033784,
            0.9966155061830141
        ],
        [
            -3.1418448050908303,
            0.11117620537641777
        ],
        [
            3.1420037686966618,
            0.3254534631944383
        ],
        [
            3.1413615399431603,
            -0.6311320356023868
        ],
        [
            -3.14133410876183,
            0.6420318576682307
        ],
        [
            3.141887393891574,
            0.15181570749980294
        ],
        [
            3.141910016824684,
            -0.10846501939030441
        ],
        [
            -3.1411708937972884,
            0.5061725431166016
        ],
        [
            3.14135305100208,
            0.1832980565458734
        ],
        [
            3.141350729945322,
            -0.35927801053020153
        ],
        [
            3.1414161688519897,
            -1.0400511296120325
        ],
        [
            3.1428568586431744,
            0.007251499528404596
        ],
        [
            3.1413833221620227,
            -0.9364946866818161
        ],
        [
            -3.142207449283505,
            -1.0200718808877562
        ],
        [
            3.1418739542148413,
            -0.7199948888463905
        ],
        [
            3.141381263199505,
            0.11394834723006811
        ],
        [
            -3.141349434120103,
            -1.6199389253960046
        ],
        [
            3.141972467609595,
            -0.29026825472613366
        ],
        [
            -3.1412846508417562,
            1.0061883745079534
        ],
        [
            -3.142382068880518,
            -0.6733170750366619
        ],
        [
            3.141342794893731,
            -1.182663978643587
        ],
        [
            3.1413957301585085,
            -0.7348138129664649
        ],
        [
            3.142823633975453,
            -0.06524896303130134
        ],
        [
            3.141386139685392,
            -0.14020805753049645
        ],
        [
