{
    "potential": "AHO",
    "cutoff": 8,
    "optimizer": "DE",
    "num steps": 5,
    "basis_state": [
        1,
        0,
        0,
        0
    ],
    "op_list": [
        "Y(2)"
    ],
    "overlap": 0.001074857629434267,
    "hellinger": 0.0005375733072474631
}