{
    "potential": "DW",
    "cutoff": 4,
    "optimizer": "DE",
    "num steps": 5,
    "basis_state": [
        1,
        0,
        0
    ],
    "op_list": [
        "[Y(1)]",
        "[Y(2)]"
    ],
    "overlap": 0.000700074837565734,
    "hellinger": 0.03301985121452966
}