{
    "load_date": "2025-12-22 16:35:30.609440",
    "potential": "linear",
    "cutoff": 2,
    "N": 6,
    "a": 1.0,
    "c": null,
    "boundary_condition": "dirichlet",
    "num_qubits": 12,
    "H_size": [
        4096,
        4096
    ],
    "H_dense_mem_estimate_bytes": 268435456,
    "H_sparse_mem_estimate_bytes": 835588,
    "H_pauli_time": "0:00:00.011687",
    "H_creation_time": "0:00:00.030153",
    "H_eigenvalue_time": "0:00:00.191616",
    "eigenvalues": [
        -0.42391733952230337,
        -0.42391733952230165,
        -0.4239173395223002,
        -0.4239173395223001,
        -0.17391733952230415,
        -0.17391733952230404,
        -0.17391733952230282,
        -0.17391733952230268
    ],
    "best_basis_state": [
        1,
        1,
        0,
        1,
        1,
        1,
        0,
        1,
        1,
        0,
        0,
        1
    ],
    "basis_prob": 0.022827263009562247,
    "num_paulis": 21,
    "pauli_coeffs": [
        3.625,
        -0.5,
        0.5,
        -0.5,
        0.5,
        -0.5,
        0.5,
        0.25,
        0.25,
        0.25,
        0.25,
        0.25,
        0.25,
        0.25,
        0.25,
        0.25,
        0.25,
        -0.12499999999999997,
        -0.12499999999999997,
        -0.12499999999999997,
        -0.12499999999999997
    ],
    "pauli_labels": [
        "IIIIIIIIIIII",
        "IIIIIIIIIIZI",
        "IIIIIIIIZIII",
        "IIIIIIZIIIII",
        "IIIIZIIIIIII",
        "IIZIIIIIIIII",
        "ZIIIIIIIIIII",
        "IIIIIIIIXIXI",
        "IIIIIIIIYIYI",
        "IIIIIIXIXIII",
        "IIIIIIYIYIII",
        "IIIIXIXIIIII",
        "IIIIYIYIIIII",
        "IIXIXIIIIIII",
        "IIYIYIIIIIII",
        "XIXIIIIIIIII",
        "YIYIIIIIIIII",
        "IIIIIIIXIIIX",
        "IIIIIXIIIXII",
        "IIIXIIIXIIII",
        "IXIIIXIIIIII"
    ]
}