{
    "load_date": "2025-12-22 16:35:41.760975",
    "potential": "linear",
    "cutoff": 4,
    "N": 6,
    "a": 1.0,
    "c": null,
    "boundary_condition": "dirichlet",
    "num_qubits": 18,
    "H_size": [
        262144,
        262144
    ],
    "H_dense_mem_estimate_bytes": 1099511627776,
    "H_sparse_mem_estimate_bytes": 147849220,
    "H_pauli_time": "0:00:00.009870",
    "H_creation_time": "0:00:00.053207",
    "H_eigenvalue_time": "0:00:11.083123",
    "eigenvalues": [
        -0.000315510067988475,
        0.8643770070861958,
        0.8643770070862011,
        0.9732515345014151,
        0.97325153450142,
        1.0241431596931485,
        1.0241431596931516,
        1.044907072996391
    ],
    "best_basis_state": [
        1,
        0,
        0,
        0,
        0,
        0,
        1,
        0,
        0,
        0,
        0,
        0,
        1,
        0,
        0,
        0,
        0,
        0
    ],
    "basis_prob": 0.7726802552909375,
    "num_paulis": 105,
    "pauli_coeffs": [
        10.875,
        -0.5624999999999999,
        -0.5625000000000001,
        -0.5,
        -0.6249999999999999,
        -0.6250000000000001,
        0.5,
        -0.6249999999999999,
        -0.6250000000000001,
        -0.5,
        -0.6249999999999999,
        -0.6250000000000001,
        0.5,
        -0.6249999999999999,
        -0.6250000000000001,
        -0.5,
        -0.5624999999999999,
        -0.5625000000000001,
        0.5,
        0.25,
        0.25,
        0.25,
        0.25,
        0.25,
        0.25,
        0.25,
        0.25,
        0.25,
        0.25,
        0.24148145657226705,
        -0.06470476127563018,
        0.24148145657226705,
        -0.06470476127563018,
        0.12074072828613353,
        -0.03235238063781509,
        -0.2332531754730548,
        -0.12074072828613353,
        -0.12074072828613353,
        0.0625,
        -0.12074072828613353,
        -0.0625,
        -0.0625,
        0.03235238063781509,
        -0.12074072828613353,
        -0.0625,
        -0.0625,
        0.03235238063781509,
        0.06249999999999999,
        0.03235238063781509,
        0.03235238063781509,
        -0.01674682452694517,
        0.24148145657226705,
        -0.06470476127563018,
        -0.2332531754730548,
        -0.12074072828613353,
        -0.12074072828613353,
        0.0625,
        -0.12074072828613353,
        -0.0625,
        -0.0625,
        0.03235238063781509,
        -0.12074072828613353,
        -0.0625,
        -0.0625,
        0.03235238063781509,
        0.06249999999999999,
        0.03235238063781509,
        0.03235238063781509,
        -0.01674682452694517,
        0.24148145657226705,
        -0.06470476127563018,
        -0.2332531754730548,
        -0.12074072828613353,
        -0.12074072828613353,
        0.0625,
        -0.12074072828613353,
        -0.0625,
        -0.0625,
        0.03235238063781509,
        -0.12074072828613353,
        -0.0625,
        -0.0625,
        0.03235238063781509,
        0.06249999999999999,
        0.03235238063781509,
        0.03235238063781509,
        -0.01674682452694517,
        0.12074072828613353,
        -0.03235238063781509,
        -0.2332531754730548,
        -0.12074072828613353,
        -0.12074072828613353,
        0.0625,
        -0.12074072828613353,
        -0.0625,
        -0.0625,
        0.03235238063781509,
        -0.12074072828613353,
        -0.0625,
        -0.0625,
        0.03235238063781509,
        0.06249999999999999,
        0.03235238063781509,
        0.03235238063781509,
        -0.01674682452694517
    ],
    "pauli_labels": [
        "IIIIIIIIIIIIIIIIII",
        "IIIIIIIIIIIIIIIIZI",
        "IIIIIIIIIIIIIIIIZZ",
        "IIIIIIIIIIIIIIIZII",
        "IIIIIIIIIIIIIZIIII",
        "IIIIIIIIIIIIIZZIII",
        "IIIIIIIIIIIIZIIIII",
        "IIIIIIIIIIZIIIIIII",
        "IIIIIIIIIIZZIIIIII",
        "IIIIIIIIIZIIIIIIII",
        "IIIIIIIZIIIIIIIIII",
        "IIIIIIIZZIIIIIIIII",
        "IIIIIIZIIIIIIIIIII",
        "IIIIZIIIIIIIIIIIII",
        "IIIIZZIIIIIIIIIIII",
        "IIIZIIIIIIIIIIIIII",
        "IZIIIIIIIIIIIIIIII",
        "IZZIIIIIIIIIIIIIII",
        "ZIIIIIIIIIIIIIIIII",
        "IIIIIIIIIIIIXIIXII",
        "IIIIIIIIIIIIYIIYII",
        "IIIIIIIIIXIIXIIIII",
        "IIIIIIIIIYIIYIIIII",
        "IIIIIIXIIXIIIIIIII",
        "IIIIIIYIIYIIIIIIII",
        "IIIXIIXIIIIIIIIIII",
        "IIIYIIYIIIIIIIIIII",
        "XIIXIIIIIIIIIIIIII",
        "YIIYIIIIIIIIIIIIII",
        "IIIIIIIIIIIIIXIIII",
        "IIIIIIIIIIIIIXZIII",
        "IIIIIIIIIIXIIIIIII",
        "IIIIIIIIIIXZIIIIII",
        "IIIIIIIIIIIIIIIIXI",
        "IIIIIIIIIIIIIIIIXZ",
        "IIIIIIIIIIIXIIIIIX",
        "IIIIIIIIIIIXIIIIXX",
        "IIIIIIIIIIIXIIIIYY",
        "IIIIIIIIIIIXIIIIZX",
        "IIIIIIIIIIXXIIIIIX",
        "IIIIIIIIIIXXIIIIXX",
        "IIIIIIIIIIXXIIIIYY",
        "IIIIIIIIIIXXIIIIZX",
        "IIIIIIIIIIYYIIIIIX",
        "IIIIIIIIIIYYIIIIXX",
        "IIIIIIIIIIYYIIIIYY",
        "IIIIIIIIIIYYIIIIZX",
        "IIIIIIIIIIZXIIIIIX",
        "IIIIIIIIIIZXIIIIXX",
        "IIIIIIIIIIZXIIIIYY",
        "IIIIIIIIIIZXIIIIZX",
        "IIIIIIIXIIIIIIIIII",
        "IIIIIIIXZIIIIIIIII",
        "IIIIIIIIXIIIIIXIII",
        "IIIIIIIIXIIIIXXIII",
        "IIIIIIIIXIIIIYYIII",
        "IIIIIIIIXIIIIZXIII",
        "IIIIIIIXXIIIIIXIII",
        "IIIIIIIXXIIIIXXIII",
        "IIIIIIIXXIIIIYYIII",
        "IIIIIIIXXIIIIZXIII",
        "IIIIIIIYYIIIIIXIII",
        "IIIIIIIYYIIIIXXIII",
        "IIIIIIIYYIIIIYYIII",
        "IIIIIIIYYIIIIZXIII",
        "IIIIIIIZXIIIIIXIII",
        "IIIIIIIZXIIIIXXIII",
        "IIIIIIIZXIIIIYYIII",
        "IIIIIIIZXIIIIZXIII",
        "IIIIXIIIIIIIIIIIII",
        "IIIIXZIIIIIIIIIIII",
        "IIIIIXIIIIIXIIIIII",
        "IIIIIXIIIIXXIIIIII",
        "IIIIIXIIIIYYIIIIII",
        "IIIIIXIIIIZXIIIIII",
        "IIIIXXIIIIIXIIIIII",
        "IIIIXXIIIIXXIIIIII",
        "IIIIXXIIIIYYIIIIII",
        "IIIIXXIIIIZXIIIIII",
        "IIIIYYIIIIIXIIIIII",
        "IIIIYYIIIIXXIIIIII",
        "IIIIYYIIIIYYIIIIII",
        "IIIIYYIIIIZXIIIIII",
        "IIIIZXIIIIIXIIIIII",
        "IIIIZXIIIIXXIIIIII",
        "IIIIZXIIIIYYIIIIII",
        "IIIIZXIIIIZXIIIIII",
        "IXIIIIIIIIIIIIIIII",
        "IXZIIIIIIIIIIIIIII",
        "IIXIIIIIXIIIIIIIII",
        "IIXIIIIXXIIIIIIIII",
        "IIXIIIIYYIIIIIIIII",
        "IIXIIIIZXIIIIIIIII",
        "IXXIIIIIXIIIIIIIII",
        "IXXIIIIXXIIIIIIIII",
        "IXXIIIIYYIIIIIIIII",
        "IXXIIIIZXIIIIIIIII",
        "IYYIIIIIXIIIIIIIII",
        "IYYIIIIXXIIIIIIIII",
        "IYYIIIIYYIIIIIIIII",
        "IYYIIIIZXIIIIIIIII",
        "IZXIIIIIXIIIIIIIII",
        "IZXIIIIXXIIIIIIIII",
        "IZXIIIIYYIIIIIIIII",
        "IZXIIIIZXIIIIIIIII"
    ]
}