{
    "potential": "DW",
    "cutoff": 16,
    "optimizer": "COBYLA",
    "num steps": 10,
    "op_list": [
        "(<class 'pennylane.ops.qubit.parametric_ops_single_qubit.Rot'>, array([5.04461559, 7.23850249, 3.14159299]), Wires([4]), np.float64(1.093911086755058))",
        "(<class 'pennylane.ops.qubit.parametric_ops_single_qubit.Rot'>, array([4.68192467, 6.24474422, 3.46479335]), Wires([3]), np.float64(1.0921781491605242))",
        "(<class 'pennylane.ops.op_math.controlled_ops.CZ'>, array([5.10351258, 5.58539015, 3.16442489]), Wires([3, 4]), np.float64(1.056725522383679))",
        "(<class 'pennylane.ops.qubit.parametric_ops_single_qubit.Rot'>, array([5.47919178, 6.31086926, 3.16497975]), Wires([2]), np.float64(1.0540162222160196))",
        "(<class 'pennylane.ops.qubit.parametric_ops_single_qubit.Rot'>, array([7.19217134, 6.29145343, 5.06956866]), Wires([3]), np.float64(1.0513910946306064))",
        "(<class 'pennylane.ops.qubit.parametric_ops_single_qubit.Rot'>, array([4.39752232, 6.37068413, 1.93882805]), Wires([4]), np.float64(1.049793719159252))",
        "(<class 'pennylane.ops.qubit.parametric_ops_single_qubit.Rot'>, array([4.72357206, 6.17942932, 1.48829286]), Wires([4]), np.float64(1.0493973134194836))",
        "(<class 'pennylane.ops.qubit.parametric_ops_single_qubit.Rot'>, array([7.25216886, 6.3002851 , 5.36121011]), Wires([3]), np.float64(1.0490786835970283))",
        "(<class 'pennylane.ops.qubit.parametric_ops_single_qubit.Rot'>, array([4.70863923, 6.24393845, 1.53907935]), Wires([4]), np.float64(1.0489436558726581))"
    ],
    "reduced_op_list": [
        [
            "Rot",
            [
                4
            ]
        ],
        [
            "Rot",
            [
                3
            ]
        ],
        [
            "CZ",
            [
                3,
                4
            ]
        ],
        [
            "Rot",
            [
                2
            ]
        ],
        [
            "Rot",
            [
                3
            ]
        ],
        [
            "Rot",
            [
                4
            ]
        ]
    ],
    "num_params": 15,
    "overlap": 0.0020849501024789996,
    "hellinger_fidelity": 0.0006821015327145297
}