{
    "potential": "DW",
    "cutoff": 4,
    "optimizer": "COBYLA",
    "num steps": 10,
    "op_list": [
        "(<class 'pennylane.ops.qubit.parametric_ops_single_qubit.Rot'>, array([0.37392973, 5.32786839, 6.28318445]), Wires([2]), np.float64(1.093911086755334))",
        "(<class 'pennylane.ops.qubit.parametric_ops_single_qubit.Rot'>, array([0.98659349, 6.51161831, 6.2831817 ]), Wires([1]), np.float64(1.0533530401682927))",
        "(<class 'pennylane.ops.op_math.controlled_ops.CZ'>, array([0.84506235, 3.7346658 , 5.82308518]), Wires([1, 2]), np.float64(1.0373275317017534))",
        "(<class 'pennylane.ops.qubit.parametric_ops_single_qubit.Rot'>, array([0.42474138, 6.0476965 , 5.92675326]), Wires([2]), np.float64(0.9622076290113093))",
        "(<class 'pennylane.ops.qubit.parametric_ops_single_qubit.Rot'>, array([-0.56005989,  6.33605767,  6.75494672]), Wires([1]), np.float64(0.9605414528831971))"
    ],
    "reduced_op_list": [
        [
            "Rot",
            [
                2
            ]
        ],
        [
            "Rot",
            [
                1
            ]
        ],
        [
            "CZ",
            [
                1,
                2
            ]
        ],
        [
            "Rot",
            [
                2
            ]
        ],
        [
            "Rot",
            [
                1
            ]
        ]
    ],
    "num_params": 12,
    "overlap": 1.0,
    "hellinger_fidelity": 1.0
}