{
    "potential": "DW",
    "cutoff": 8,
    "optimizer": "COBYLA",
    "num steps": 10,
    "op_list": [
        "(<class 'pennylane.ops.qubit.parametric_ops_single_qubit.Rot'>, array([-1.7784227 ,  0.95531636,  3.14159169]), Wires([3]), np.float64(1.0939110867555122))",
        "(<class 'pennylane.ops.qubit.parametric_ops_single_qubit.Rot'>, array([ 0.65209713, -0.03617537,  2.66331085]), Wires([2]), np.float64(1.0923919243432492))",
        "(<class 'pennylane.ops.op_math.controlled_ops.CZ'>, array([0.02329567, 2.33952483, 1.37755741]), Wires([3, 2]), np.float64(1.0611761363459116))",
        "(<class 'pennylane.ops.qubit.parametric_ops_single_qubit.Rot'>, array([-1.52148205,  0.39355699,  1.78566553]), Wires([3]), np.float64(1.0545545343046014))",
        "(<class 'pennylane.ops.qubit.parametric_ops_single_qubit.Rot'>, array([ 0.1814116 ,  0.02030369, -0.16910543]), Wires([2]), np.float64(1.0540809725209719))"
    ],
    "reduced_op_list": [
        [
            "Rot",
            [
                3
            ]
        ],
        [
            "Rot",
            [
                2
            ]
        ],
        [
            "CZ",
            [
                3,
                2
            ]
        ],
        [
            "Rot",
            [
                3
            ]
        ],
        [
            "Rot",
            [
                2
            ]
        ]
    ],
    "num_params": 12,
    "overlap": 0.012748000990062791,
    "hellinger_fidelity": 0.006394444958171763
}