{
    "potential": "AHO",
    "cutoff": 2,
    "exact_eigenvalues": [
        -0.4375,
        -0.4375,
        2.0625,
        2.0625
    ],
    "ansatz": "ry_cnot_ansatz",
    "num_VQE": 100,
    "Optimizer": {
        "name": "AdamOptimizer",
        "stepsize": 0.25,
        "maxiter": 2500,
        "tolerance": 1e-08
    },
    "results": [
        -0.43749999197443057,
        -0.43749999470004847,
        -0.4374900474511455,
        -0.4374999911034481,
        -0.4374999944782035,
        -0.4374998861465501,
        -0.4374999924705687,
        -0.4374998914188684,
        -0.4374999821739522,
        -0.43749998195612755,
        -0.4374999331137195,
        -0.43749978730946065,
        -0.43749998466241485,
        -0.4374997598522001,
        -0.4374999901938578,
        -0.4374997209192273,
        -0.4374998812072521,
        -0.4374999964542375,
        -0.43749998681037333,
        -0.43749998833044695,
        -0.43749999468616585,
        -0.4374996785003728,
        -0.437499992944751,
        -0.43749999034766823,
        -0.4374999861077504,
        -0.4374999905281785,
        -0.43749974437052225,
        -0.4374902480297942,
        -0.43749999021279745,
        -0.4374997584038618,
        -0.437499982174641,
        -0.43749855418016925,
        -0.4374999058056495,
        -0.4374999890052069,
        -0.43749987292232184,
        -0.4374999875080159,
        -0.43749999566534276,
        -0.437499968981682,
        -0.4374997583799327,
        -0.4374999990245942,
        -0.43749980617108936,
        -0.4374999970511528,
        -0.43749972484103195,
        -0.43749999368660464,
        -0.4374998892866983,
        -0.4374999923399559,
        -0.437499994829213,
        -0.43749998379366173,
        -0.43749996680854547,
        -0.4374999909747662,
        -0.43748842823307377,
        -0.4374999949930374,
        -0.437499985116444,
        -0.4374963429343799,
        -0.4374999948752641,
        -0.4374999962945954,
        -0.43749999541460227,
        -0.43749927565128244,
        -0.4374999325417576,
        -0.4374999867839818,
        -0.43749962085429744,
        -0.4374992430535545,
        -0.4374999936849011,
        -0.4374999901155114,
        -0.43749989009632895,
        -0.43749972531821507,
        -0.4374999915337189,
        -0.4374960696026569,
        -0.43749999744665746,
        -0.43749971666660603,
        -0.4374999914977318,
        -0.43749978603717987,
        -0.437499994035435,
        -0.43749996404927677,
        -0.43749990519467846,
        -0.4374999940001312,
        -0.437499990384894,
        -0.4374999255848974,
        -0.43749999300368536,
        -0.4374997231701227,
        -0.4374975214792374,
        -0.43749968166058256,
        -0.437499807535208,
        -0.4374999946800572,
        -0.43749999765272435,
        -0.4374999910094257,
        -0.437499962484279,
        -0.43749998702307896,
        -0.4374999959220749,
        -0.437499989981476,
        -0.43749998461583445,
        -0.43749999122880756,
        -0.4374997362308656,
        -0.43749998347911034,
        -0.4374999825968617,
        -0.43749983497823375,
        -0.43749980544865097,
        -0.43749974660261887,
        -0.4374998861899769,
        -0.4374999672227354
    ],
    "params": [
        [
            3.141913386979345,
            1.6161935584193574
        ],
        [
            3.141331877393016,
            0.5254097131507581
        ],
        [
            -3.145135472429302,
            0.23617939550897868
        ],
        [
            3.1419256148440358,
            0.07305316264500207
        ],
        [
            3.141341618514343,
            0.3278145497991009
        ],
        [
            3.1412210635746263,
            -0.23525905884088907
        ],
        [
            3.141310359713866,
            -0.5589000278832523
        ],
        [
            3.1419406102657508,
            0.24553800553950064
        ],
        [
            -3.1420535036374306,
            -0.32301683574471574
        ],
        [
            3.1420144910984953,
            -0.3037482752138213
        ],
        [
            3.1424856799807457,
            1.1314284906785734
        ],
        [
            3.1421082160693077,
            -0.41242195884243615
        ],
        [
            -3.141988056944143,
            0.13862239618305686
        ],
        [
            -3.1421382565788205,
            -0.6994994658058198
        ],
        [
            3.1413122685775665,
            -0.055449471740229093
        ],
        [
            3.142166097290594,
            0.22571142584294385
        ],
        [
            3.141213441139894,
            -0.9249607481691873
        ],
        [
            3.141782580906612,
            -0.5585879524862903
        ],
        [
            -3.1420021166912657,
            -0.8062757491732191
        ],
        [
            -3.1413007403595605,
            0.39036824420548843
        ],
        [
            3.1413334348354294,
            -0.28953172610716754
        ],
        [
            3.1422166266190303,
            0.35615812561481397
        ],
        [
            3.141320494858963,
            0.5969687585173425
        ],
        [
            3.1413056670963577,
            -0.4429450438609191
        ],
        [
            3.14198922537467,
            0.3057898549697705
        ],
        [
            3.1419587305037933,
            -0.3042269612261147
        ],
        [
            -3.142158817161645,
            -0.7084663098260067
        ],
        [
            3.1450966679839323,
            -1.38813217719224
        ],
        [
            3.141923746955493,
            -0.7592379667859273
        ],
        [
            -3.142139031669061,
            -0.28709387323776725
        ],
        [
            -3.142012891002502,
            0.07471957888382733
        ],
        [
            3.1429272041847636,
            -0.08376478171240383
        ],
        [
            -3.1412506385899355,
            -0.33743676844821857
        ],
        [
            -3.141298385974953,
            -0.007437307276060994
        ],
        [
            -3.141198762435609,
            0.6062729015406618
        ],
        [
            3.1419904356796744,
            0.6372476160292654
        ],
        [
            3.1413481797408322,
            -0.633701703285376
        ],
        [
            3.1409903278857714,
            -0.8392368318155738
        ],
        [
            -3.1421334543989112,
            -0.05143502242414152
        ],
        [
            -3.141770716463345,
            -0.4237996216336003
        ],
        [
            3.1411261919945757,
            -1.1239574997436794
        ],
        [
            -3.1413434846354624,
            -0.1744049823073105
        ],
        [
            3.1421736214785776,
            -1.2410732761503869
        ],
        [
            3.1413240101318727,
            -0.18736376790791348
        ],
        [
            -3.1412289930368424,
            1.762349257742063
        ],
        [
            3.1413130465009176,
            -0.5697162446120893
        ],
        [
            3.141796542137582,
            0.7316134998576295
        ],
        [
            -3.1420560503532986,
            1.1834203035996587
        ],
        [
            -3.140976141487103,
            -0.004233327703239179
        ],
        [
            3.1418356221251584,
            -0.36228054102791785
        ],
        [
            3.145407302608604,
            -0.44025067467296486
        ],
        [
            -3.1413623456737922,
            0.9588505460133095
        ],
        [
            3.1419857812831147,
            0.19695616654006187
        ],
        [
            -3.1394502940257647,
            1.1218532490253947
        ],
        [
            -3.1413536718614523,
            0.867929398918343
        ],
        [
