{
    "load_date": "2026-01-23 08:48:09.886176",
    "potential": "DW",
    "cutoff": 16,
    "num_qubits": 5,
    "H_size": [
        32,
        32
    ],
    "H_dense_mem_estimate_bytes": 16384,
    "H_sparse_mem_estimate_bytes": 10372,
    "H_pauli_time": "0:00:00.000280",
    "H_creation_time": "0:00:00.000178",
    "H_eigenvalue_time": "0:00:00.000365",
    "used_dense": true,
    "eigenvalues": [
        0.8698387284312644,
        0.8698387284313099,
        2.8129863819676464,
        2.8129863819676895,
        4.980395776831622,
        4.98039577683176,
        7.85238652736328,
        7.852386527363315
    ],
    "best_basis_state": [
        0,
        0,
        1,
        1,
        1
    ],
    "basis_prob": 0.7300967656945275,
    "num_paulis": 39,
    "pauli_coeffs": [
        422.1577851142455,
        -1.0129507467218795,
        0.26325732188637874,
        -0.5689281637330847,
        -0.44402258298879427,
        61.99999999999997,
        0.0771062843835104,
        -0.09033563129532758,
        0.15421256876702136,
        -0.3084251375340423,
        0.21808950623871545,
        -0.03456994944896345,
        -0.2259330767500791,
        0.1090447531193579,
        -0.2605030261990429,
        111.99999999999997,
        217.99999999999997,
        0.0385531421917553,
        -0.040078540823635406,
        0.045167815647663784,
        -0.04792211133500027,
        0.007843570511364407,
        0.07710628438351078,
        -0.09033563129532743,
        0.15421256876702094,
        -0.3084251375340425,
        0.21808950623871495,
        0.034569949448962745,
        0.22593307675007926,
        -0.10904475311935703,
        0.2605030261990423,
        128.0,
        244.0,
        392.0,
        48.0,
        -0.5,
        -1.0,
        -2.0,
        -4.0
    ],
    "pauli_labels": [
        "IIIII",
        "IIIIX",
        "IIIXI",
        "IIIXX",
        "IIIYY",
        "IIIZZ",
        "IIXII",
        "IIXIX",
        "IIXXI",
        "IIXXX",
        "IIXYY",
        "IIYIY",
        "IIYXY",
        "IIYYI",
        "IIYYX",
        "IIZIZ",
        "IIZZI",
        "IXIII",
        "IXIIX",
        "IXIXI",
        "IXIXX",
        "IXIYY",
        "IXXII",
        "IXXIX",
        "IXXXI",
        "IXXXX",
        "IXXYY",
        "IXYIY",
        "IXYXY",
        "IXYYI",
        "IXYYX",
        "IZIIZ",
        "IZIZI",
        "IZZII",
        "IZZZZ",
        "ZIIIZ",
        "ZIIZI",
        "ZIZII",
        "ZZIII"
    ]
}