{
    "load_date": "2026-01-23 08:48:09.880760",
    "potential": "DW",
    "cutoff": 2,
    "num_qubits": 2,
    "H_size": [
        4,
        4
    ],
    "H_dense_mem_estimate_bytes": 256,
    "H_sparse_mem_estimate_bytes": 180,
    "H_pauli_time": "0:00:00.000448",
    "H_creation_time": "0:00:00.000442",
    "H_eigenvalue_time": "0:00:00.000130",
    "used_dense": true,
    "eigenvalues": [
        0.03855223144138551,
        1.038552222424054,
        1617.0385540619598,
        1632.0385540529423
    ],
    "best_basis_state": [
        1,
        1
    ],
    "basis_prob": 0.9999999994419424,
    "num_paulis": 5,
    "pauli_coeffs": [
        812.5385531421919,
        -0.0385531421917553,
        812.0,
        -3.5,
        -4.0
    ],
    "pauli_labels": [
        "II",
        "IX",
        "IZ",
        "ZI",
        "ZZ"
    ]
}