{
    "load_date": "2026-01-23 08:48:09.888598",
    "potential": "DW",
    "cutoff": 32,
    "num_qubits": 6,
    "H_size": [
        64,
        64
    ],
    "H_dense_mem_estimate_bytes": 65536,
    "H_sparse_mem_estimate_bytes": 41220,
    "H_pauli_time": "0:00:00.000446",
    "H_creation_time": "0:00:00.000207",
    "H_eigenvalue_time": "0:00:00.000608",
    "used_dense": true,
    "eigenvalues": [
        0.8916298861099005,
        0.8916298861101323,
        2.7339980386052214,
        2.7339980386052245,
        4.845019005089526,
        4.845019005089935,
        7.184851503058813,
        7.184851503060744
    ],
    "best_basis_state": [
        1,
        1,
        0,
        0,
        0,
        0
    ],
    "basis_prob": 0.365249184176008,
    "num_paulis": 118,
    "pauli_coeffs": [
        435.1707123147902,
        -4.012875857760317,
        -8.078124999999972,
        1.0129507467218808,
        -2.2351987044203296,
        -1.7776771533399893,
        -16.06250000000003,
        16.06250000000003,
        0.26325732188637774,
        -0.3155082102444168,
        0.568928163733085,
        -1.1849218076917143,
        0.8694135974472987,
        -0.14201334083592507,
        -0.908263555892689,
        0.44402258298879344,
        -1.0502768967286134,
        -31.375,
        31.375,
        62.374999999999986,
        -0.3750000000000142,
        0.07710628438350514,
        -0.08015708164726672,
        0.09033563129532492,
        -0.09584422266999729,
        0.015687141022729056,
        0.1542125687670233,
        -0.18067126259065594,
        0.3084251375340412,
        -0.6168502750680835,
        0.43617901247742846,
        0.06913989889792585,
        0.4518661535001599,
        -0.21808950623871573,
        0.5210060523980865,
        -0.015637870870438296,
        -0.023162817422662442,
        0.03456994944896179,
        -0.03880068829309949,
        -0.07287344193799855,
        -0.4563974023925312,
        0.22593307675007876,
        -0.5292708443305287,
        0.10904475311935616,
        -0.13483694765376028,
        0.26050302619904253,
        -0.568071532623631,
        0.4332345849698694,
        -56.75000000000001,
        56.75000000000001,
        112.74999999999999,
        -0.7500000000000284,
        219.5,
        -1.5,
        -3.000000000000014,
        3.000000000000014,
        0.03855314219175557,
        -0.03892712912719926,
        0.04007854082363427,
        -0.040513950512008665,
        0.001586821384812271,
        0.04516781564766208,
        -0.04583431493689409,
        0.04792211133500187,
        -0.0487787424444555,
        0.0029444275075611974,
        0.003733543040072047,
        0.004531248892372964,
        -0.00784357051136484,
        0.008264791932444072,
        0.0771062843835159,
        -0.08015708164727511,
        0.0903356312953282,
        -0.095844222670001,
        0.015687141022727842,
        0.15421256876702172,
        -0.18067126259065558,
        0.30842513753404294,
        -0.6168502750680859,
        0.43617901247743307,
        0.06913989889792618,
        0.45186615350015746,
        -0.2180895062387132,
        0.5210060523980816,
        0.015637870870439975,
        0.023162817422662345,
        -0.034569949448962425,
        0.03880068829310151,
        0.072873441937997,
        0.4563974023925304,
        -0.22593307675007535,
        0.5292708443305265,
        -0.1090447531193573,
        0.13483694765376159,
        -0.2605030261990411,
        0.5680715326236291,
        -0.4332345849698699,
        -65.5,
        65.5,
        129.5,
        -1.5,
        247.0,
        -3.0,
        -6.0,
        6.0,
        398.0,
        -6.0,
        -12.0,
        12.0,
        -24.0,
        24.0,
        48.0,
        0.24999999999999994,
        -0.25000000000000006,
        -0.5,
        -1.0,
        -2.0,
        -4.0
    ],
    "pauli_labels": [
        "IIIIII",
        "IIIIIX",
        "IIIIIZ",
        "IIIIXI",
        "IIIIXX",
        "IIIIYY",
        "IIIIZI",
        "IIIIZZ",
        "IIIXII",
        "IIIXIX",
        "IIIXXI",
        "IIIXXX",
        "IIIXYY",
        "IIIYIY",
        "IIIYXY",
        "IIIYYI",
        "IIIYYX",
        "IIIZII",
        "IIIZIZ",
        "IIIZZI",
        "IIIZZZ",
        "IIXIII",
        "IIXIIX",
        "IIXIXI",
        "IIXIXX",
        "IIXIYY",
        "IIXXII",
        "IIXXIX",
        "IIXXXI",
        "IIXXXX",
        "IIXXYY",
        "IIXYIY",
        "IIXYXY",
        "IIXYYI",
        "IIXYYX",
        "IIYIIY",
        "IIYIXY",
        "IIYIYI",
        "IIYIYX",
        "IIYXIY",
        "IIYXXY",
        "IIYXYI",
        "IIYXYX",
        "IIYYII",
        "IIYYIX",
        "IIYYXI",
        "IIYYXX",
        "IIYYYY",
        "IIZIII",
        "IIZIIZ",
        "IIZIZI",
        "IIZIZZ",
        "IIZZII",
        "IIZZIZ",
        "IIZZZI",
        "IIZZZZ",
        "IXIIII",
        "IXIIIX",
        "IXIIXI",
        "IXIIXX",
        "IXIIYY",
        "IXIXII",
        "IXIXIX",
        "IXIXXI",
        "IXIXXX",
        "IXIXYY",
        "IXIYIY",
        "IXIYXY",
        "IXIYYI",
        "IXIYYX",
        "IXXIII",
        "IXXIIX",
        "IXXIXI",
        "IXXIXX",
        "IXXIYY",
        "IXXXII",
        "IXXXIX",
        "IXXXXI",
        "IXXXXX",
        "IXXXYY",
        "IXXYIY",
        "IXXYXY",
        "IXXYYI",
        "IXXYYX",
        "IXYIIY",
        "IXYIXY",
        "IXYIYI",
        "IXYIYX",
        "IXYXIY",
        "IXYXXY",
        "IXYXYI",
        "IXYXYX",
        "IXYYII",
        "IXYYIX",
        "IXYYXI",
        "IXYYXX",
        "IXYYYY",
        "IZIIII",
        "IZIIIZ",
        "IZIIZI",
        "IZIIZZ",
        "IZIZII",
        "IZIZIZ",
        "IZIZZI",
        "IZIZZZ",
        "IZZIII",
        "IZZIIZ",
        "IZZIZI",
        "IZZIZZ",
        "IZZZII",
        "IZZZIZ",
        "IZZZZI",
        "ZIIIII",
        "ZIIIIZ",
        "ZIIIZI",
        "ZIIZII",
        "ZIZIII",
        "ZZIIII"
    ]
}