{
    "load_date": "2026-01-23 08:48:09.882793",
    "potential": "DW",
    "cutoff": 4,
    "num_qubits": 3,
    "H_size": [
        8,
        8
    ],
    "H_dense_mem_estimate_bytes": 1024,
    "H_sparse_mem_estimate_bytes": 676,
    "H_pauli_time": "0:00:00.000274",
    "H_creation_time": "0:00:00.000250",
    "H_eigenvalue_time": "0:00:00.000077",
    "used_dense": true,
    "eigenvalues": [
        0.11556345847740643,
        1.1155576781828132,
        81.11571950974508,
        88.11571148317657,
        216.11569437738325,
        225.11569202963202,
        1617.115668488741,
        1632.115668387264
    ],
    "best_basis_state": [
        1,
        1,
        0
    ],
    "basis_prob": 0.9999991047048028,
    "num_paulis": 10,
    "pauli_coeffs": [
        482.6156594265753,
        -0.07710628438351061,
        330.00000000000006,
        0.038553142191755305,
        -0.07710628438351061,
        372.0,
        440.0,
        -1.5,
        -2.0,
        -4.0
    ],
    "pauli_labels": [
        "III",
        "IIX",
        "IIZ",
        "IXI",
        "IXX",
        "IZI",
        "IZZ",
        "ZII",
        "ZIZ",
        "ZZI"
    ]
}