{
    "load_date": "2026-01-23 08:48:09.884367",
    "potential": "DW",
    "cutoff": 8,
    "num_qubits": 4,
    "H_size": [
        16,
        16
    ],
    "H_dense_mem_estimate_bytes": 4096,
    "H_sparse_mem_estimate_bytes": 2628,
    "H_pauli_time": "0:00:00.000260",
    "H_creation_time": "0:00:00.000173",
    "H_eigenvalue_time": "0:00:00.000152",
    "used_dense": true,
    "eigenvalues": [
        0.40941557711965443,
        1.3875410618925215,
        3.4566793015072093,
        6.434233221518826,
        22.427231205445256,
        27.426610678538726,
        81.42489457934568,
        88.42483765594238
    ],
    "best_basis_state": [
        1,
        1,
        0,
        0
    ],
    "basis_prob": 0.9979648978026667,
    "num_paulis": 21,
    "pauli_coeffs": [
        420.9240845641093,
        -0.2632573218863786,
        62.0,
        0.07710628438351075,
        -0.1542125687670213,
        -0.10904475311935745,
        112.0,
        218.0,
        0.0385531421917553,
        -0.045167815647663735,
        0.07710628438351047,
        -0.1542125687670211,
        0.10904475311935752,
        128.0,
        244.0,
        392.0,
        48.0,
        -0.5,
        -1.0,
        -2.0,
        -4.0
    ],
    "pauli_labels": [
        "IIII",
        "IIIX",
        "IIIZ",
        "IIXI",
        "IIXX",
        "IIYY",
        "IIZI",
        "IIZZ",
        "IXII",
        "IXIX",
        "IXXI",
        "IXXX",
        "IXYY",
        "IZII",
        "IZIZ",
        "IZZI",
        "IZZZ",
        "ZIII",
        "ZIIZ",
        "ZIZI",
        "ZZII"
    ]
}