{
    "load_date": "2026-02-23 18:07:34.859065",
    "potential": "linear",
    "cutoff": 4,
    "N": 3,
    "a": 1.0,
    "c": null,
    "boundary_condition": "dirichlet",
    "num_qubits": 9,
    "H_size": [
        512,
        512
    ],
    "H_dense_mem_estimate_bytes": 4194304,
    "H_sparse_mem_estimate_bytes": 104452,
    "H_pauli_time": "0:00:00.004236",
    "H_creation_time": "0:00:00.000827",
    "H_eigenvalue_time": "0:00:00.198528",
    "used_dense": true,
    "eigenvalues": [
        0.00011746368063921198,
        0.9078167751068064,
        0.9563693631280019,
        1.0001174636806391,
        1.032783192737854,
        1.2119078377310526,
        1.2248623350722279,
        1.2248623350722299
    ],
    "best_basis_state": [
        0,
        0,
        0,
        1,
        0,
        0,
        0,
        0,
        0
    ],
    "basis_prob": 0.8990453995221823,
    "num_paulis": 36,
    "pauli_coeffs": [
        5.25,
        -0.5624999999999999,
        -0.5625000000000001,
        -0.5,
        -0.6249999999999999,
        -0.6250000000000001,
        0.5,
        -0.5624999999999999,
        -0.5625000000000001,
        -0.5,
        0.25,
        0.25,
        0.25,
        0.25,
        0.24148145657226705,
        -0.06470476127563018,
        0.12074072828613353,
        -0.03235238063781509,
        0.12074072828613353,
        -0.03235238063781509,
        -0.2332531754730548,
        -0.12074072828613353,
        -0.12074072828613353,
        0.0625,
        -0.12074072828613353,
        -0.0625,
        -0.0625,
        0.03235238063781509,
        -0.12074072828613353,
        -0.0625,
        -0.0625,
        0.03235238063781509,
        0.06249999999999999,
        0.03235238063781509,
        0.03235238063781509,
        -0.01674682452694517
    ],
    "pauli_labels": [
        "IIIIIIIII",
        "IIIIIIIZI",
        "IIIIIIIZZ",
        "IIIIIIZII",
        "IIIIZIIII",
        "IIIIZZIII",
        "IIIZIIIII",
        "IZIIIIIII",
        "IZZIIIIII",
        "ZIIIIIIII",
        "IIIXIIXII",
        "IIIYIIYII",
        "XIIXIIIII",
        "YIIYIIIII",
        "IIIIXIIII",
        "IIIIXZIII",
        "IXIIIIIII",
        "IXZIIIIII",
        "IIIIIIIXI",
        "IIIIIIIXZ",
        "IIXIIIIIX",
        "IIXIIIIXX",
        "IIXIIIIYY",
        "IIXIIIIZX",
        "IXXIIIIIX",
        "IXXIIIIXX",
        "IXXIIIIYY",
        "IXXIIIIZX",
        "IYYIIIIIX",
        "IYYIIIIXX",
        "IYYIIIIYY",
        "IYYIIIIZX",
        "IZXIIIIIX",
        "IZXIIIIXX",
        "IZXIIIIYY",
        "IZXIIIIZX"
    ],
    "groundstate_vector_norm": 1.0,
    "groundstate_energy_from_eigs": 0.00011746368063921198,
    "groundstate_energy_from_pauli_expansion": 0.00011746368064194531,
    "pauli_expvals_ground": [
        1.0000000000000002,
        0.9973316860707062,
        0.9921802258732537,
        0.9082482904638632,
        0.9901475429766744,
        0.9901475429766744,
        -0.8164965809277259,
        0.9973316860707061,
        0.9921802258732536,
        0.908248290463863,
        -0.40824829046386285,
        -0.40824829046386285,
        -0.40824829046386296,
        -0.40824829046386296,
        -0.1400280084028009,
        -0.1400280084028009,
        -0.07223678399383753,
        -0.07088176653240925,
        -0.07223678399383744,
        -0.07088176653240923,
        0.10221634970491325,
        -0.016718214319288778,
        0.009368195634581253,
        0.10126871699010044,
        -0.01671821431928879,
        0.004170927829715453,
        -0.0025419705119589663,
        -0.016421241449623317,
        0.009368195634581257,
        -0.002541970511958966,
        0.002315725640565073,
        0.009250435395607534,
        0.10126871699010043,
        -0.016421241449623314,
        0.009250435395607529,
        0.10036114751576285
    ],
    "pauli_energy_contrib_ground": [
        5.250000000000001,
        -0.5609990734147722,
        -0.5581013770537053,
        -0.4541241452319316,
        -0.6188422143604214,
        -0.6188422143604216,
        -0.40824829046386296,
        -0.5609990734147721,
        -0.5581013770537052,
        -0.4541241452319315,
        -0.10206207261596571,
        -0.10206207261596571,
        -0.10206207261596574,
        -0.10206207261596574,
        -0.03381416743002202,
        0.00906047885560517,
        -0.008721921908464056,
        0.002293193891137247,
        -0.008721921908464046,
        0.0022931938911372463,
        -0.023842288153935264,
        0.002018569372554593,
        -0.0011311227636463172,
        0.0063292948118812776,
        0.0020185693725545944,
        -0.0002606829893572158,
        0.0001588731569974354,
        -0.00053126625392368,
        -0.0011311227636463177,
        0.00015887315699743536,
        -0.00014473285253531706,
        0.0002992736069842126,
        0.006329294811881276,
        -0.0005312662539236799,
        0.0002992736069842124,
        -0.0016807305267693394
    ]
}