{
    "load_date": "2026-02-23 18:07:29.958450",
    "potential": "linear",
    "cutoff": 2,
    "N": 3,
    "a": 1.0,
    "c": null,
    "boundary_condition": "dirichlet",
    "num_qubits": 6,
    "H_size": [
        64,
        64
    ],
    "H_dense_mem_estimate_bytes": 65536,
    "H_sparse_mem_estimate_bytes": 5380,
    "H_pauli_time": "0:00:00.001812",
    "H_creation_time": "0:00:00.000430",
    "H_eigenvalue_time": "0:00:00.000735",
    "used_dense": true,
    "eigenvalues": [
        -0.09974487139158922,
        -0.09974487139158901,
        -0.09974487139158834,
        -0.09974487139158764,
        0.15025512860841045,
        0.15025512860841111,
        0.1502551286084117,
        0.1502551286084119
    ],
    "best_basis_state": [
        0,
        0,
        1,
        0,
        0,
        1
    ],
    "basis_prob": 0.27831983948844374,
    "num_paulis": 9,
    "pauli_coeffs": [
        1.75,
        -0.5,
        0.5,
        -0.5,
        0.25,
        0.25,
        0.25,
        0.25,
        -0.12499999999999997
    ],
    "pauli_labels": [
        "IIIIII",
        "IIIIZI",
        "IIZIII",
        "ZIIIII",
        "IIXIXI",
        "IIYIYI",
        "XIXIII",
        "YIYIII",
        "IXIIIX"
    ],
    "groundstate_vector_norm": 1.0,
    "groundstate_energy_from_eigs": -0.09974487139158922,
    "groundstate_energy_from_pauli_expansion": -0.09974487139158908,
    "pauli_expvals_ground": [
        1.0000000000000002,
        0.9082482904638635,
        -0.8164965809277261,
        0.908248290463863,
        -0.40824829046386296,
        -0.40824829046386296,
        -0.40824829046386324,
        -0.40824829046386324,
        1.0000000000000004
    ],
    "pauli_energy_contrib_ground": [
        1.7500000000000004,
        -0.45412414523193173,
        -0.4082482904638631,
        -0.4541241452319315,
        -0.10206207261596574,
        -0.10206207261596574,
        -0.10206207261596581,
        -0.10206207261596581,
        -0.12500000000000003
    ]
}