{
    "potential": "AHO",
    "cutoff": 2,
    "exact_eigenvalues": [
        -0.4375,
        -0.4375,
        2.0625,
        2.0625
    ],
    "ansatz": "ry_cnot_ansatz",
    "num_VQE": 100,
    "Optimizer": {
        "name": "AdamOptimizer",
        "stepsize": 0.5,
        "maxiter": 2500,
        "tolerance": 1e-08
    },
    "results": [
        -0.4374999886499311,
        -0.4374999896225544,
        -0.4374999432218522,
        -0.43749987047660194,
        -0.4374999886240728,
        -0.437498842425711,
        -0.43749995856126356,
        -0.43749971980335983,
        -0.4374999343131074,
        -0.43749985980914635,
        -0.43749990273269024,
        -0.4374999652157215,
        -0.4374999770496968,
        -0.4374999426185513,
        -0.4374991628401622,
        -0.43749975462188545,
        -0.43749999589172117,
        -0.43749997729267676,
        -0.4374999116807845,
        -0.43749999506097287,
        -0.4374998675233404,
        -0.43749998737998297,
        -0.43749996133034424,
        -0.4374999898067953,
        -0.4374999167482187,
        -0.43749994399907144,
        -0.4374999361965469,
        -0.437499926052805,
        -0.4374997750052649,
        -0.43748095756921734,
        -0.4374999080396338,
        -0.43749448857314666,
        -0.43749999239155235,
        -0.4374999814623393,
        -0.43749997331642076,
        -0.4374995527676204,
        -0.4374999986245618,
        -0.43749998637604304,
        -0.4374999900519998,
        -0.4374991838447961,
        -0.43749957303001114,
        -0.43749491413700164,
        -0.4374989256523369,
        -0.43749998423272923,
        -0.43749993614839816,
        -0.4374999198709512,
        -0.43749993819140987,
        -0.43749983742352294,
        -0.43749968320876736,
        -0.43749993704112133,
        -0.43749959160037727,
        -0.4374999720283968,
        -0.43749857052142727,
        -0.43749775223165194,
        -0.4374999124811474,
        -0.4374999870197372,
        -0.43749993512154545,
        -0.4374999195010631,
        -0.4374999930603045,
        -0.43749994221355687,
        -0.437499988030483,
        -0.4374998542785902,
        -0.43749987961196823,
        -0.43749987465643475,
        -0.4374999789841357,
        -0.43749929249475,
        -0.4374997797268844,
        -0.43749981911613417,
        -0.43749987349455266,
        -0.43749981532376053,
        -0.4374999813262477,
        -0.43749995934793295,
        -0.43749974530871616,
        -0.43749976903257337,
        -0.43749999991944494,
        -0.4374999859010056,
        -0.43749939124885473,
        -0.43749976844733807,
        -0.4374953558704026,
        -0.43749979600131733,
        -0.437499661924583,
        -0.4374999899047687,
        -0.43749998076658414,
        -0.4374998456054223,
        -0.43749997886002195,
        -0.4374999825073966,
        -0.43749997789011597,
        -0.43749875053905385,
        -0.4374995667417265,
        -0.43749993828388206,
        -0.4374999940873848,
        -0.43749988320828614,
        -0.4374998336097669,
        -0.4374996138173435,
        -0.43749985493976307,
        -0.4374999390385116,
        -0.4374999374201849,
        -0.4374999925510963,
        -0.43749997775172333,
        -0.4374998440679364
    ],
    "params": [
        [
            3.1419159662271383,
            1.1355400317739037
        ],
        [
            3.1412505840824076,
            1.7321669687884786
        ],
        [
            -3.141817445486675,
            0.30394970167761765
        ],
        [
            3.141907876282513,
            1.1441028561135358
        ],
        [
            3.141850746773129,
            -3.243996494030182
        ],
        [
            3.140596520242168,
            -0.9805090044828517
        ],
        [
            3.141736444299622,
            -1.0166490402083137
        ],
        [
            -3.1411208809885043,
            2.28581879778886
        ],
        [
            -3.1413416387308004,
            -1.1627211206261334
        ],
        [
            -3.1403712748373724,
            -1.3630238612873777
        ],
        [
            -3.1418240632260375,
            -1.2708717185398397
        ],
        [
            -3.141023560694676,
            -1.486989978937207
        ],
        [
            3.142091317847591,
            -1.9209469236120884
        ],
        [
            -3.1417884274399914,
            0.8508291263738422
        ],
        [
            -3.140730081224244,
            3.7271505916881456
        ],
        [
            -3.141950315207758,
            2.0437409145517824
        ],
        [
            3.141357686990737,
            0.7315992410788787
        ],
        [
            3.142046350555347,
            1.6290997109903984
        ],
        [
            3.1407177406144755,
            0.4913565084142385
        ],
        [
            -3.141845182037441,
            1.6017453011455833
        ],
        [
            3.14193348255152,
            -1.2740039439271182
        ],
        [
            -3.141940855147036,
            1.9293906975069401
        ],
        [
            3.142210195760501,
            4.034154334646389
        ],
        [
            3.1419150384083996,
            0.22274489405178038
        ],
        [
            -3.1406758858922927,
            -0.6975742031128287
        ],
        [
            3.1413794530675903,
            2.9401767183921628
        ],
        [
            3.142325760803245,
            -2.3590382910925216
        ],
        [
            -3.142338741687723,
            4.346084143099019
        ],
        [
            -3.141811710248984,
            -0.145009657109996
        ],
        [
            -3.1272528800839146,
            -2.471735866847046
        ],
        [
            3.1406513576492587,
            3.710379431772373
        ],
        [
            -3.1394863383949883,
            3.52576725356572
        ],
        [
            -3.1418774329855244,
            -4.022142700970859
        ],
        [
            -3.1419640519041825,
            6.463795575289191
        ],
        [
            -3.1420995778670133,
            -0.7260646844471437
        ],
        [
            -3.1411395651873155,
            -0.29270794270777845
        ],
        [
            -3.141406829581783,
            3.0969128801582335
        ],
        [
            3.1420050811016473,
            0.2358560486589986
        ],
        [
            3.141839783389405,
            1.0330690955022843
        ],
        [
            -3.1420906623188865,
            -3.4052022931294887
        ],
        [
            -3.141009755973975,
            2.6278005761823082
        ],
        [
            -3.1437723257005463,
            -0.5482723467351307
        ],
        [
            3.1425849860767476,
            0.30351763124424885
        ],
        [
            3.141964633828872,
            1.03633240189443
        ],
        [
            -3.1423775643669374,
            -0.053798876723711045
        ],
        [
            3.141784214663959,
            -2.027317674928104
        ],
        [
            3.141791202028878,
            -2.9528200108612626
        ],
        [
            -3.1419546086018526,
            3.9021299412299717
        ],
        [
            -3.1411175131913227,
            -0.8117190117107063
        ],
        [
            3.1423796611105597,
            1.103367787328049
        ],
        [
            -3.143681288454931,
            2.2747768763591742
        ],
        [
            3.1410532196912895,
            -0.5993438149064372
        ],
        [
            3.1427260353219304,
            1.1251111182764826
        ],
        [
            -3.1401385101834465,
            2.4425385509151902
        ],
        [
            -3.1418788857925377,
            -2.1648646218829457
        ],
        [
            3.1419357256492813,
