{
    "load_date": "2025-12-09 15:22:19.554629",
    "potential": "linear",
    "cutoff": 16,
    "N": 3,
    "a": 1.0,
    "c": null,
    "boundary_condition": "dirichlet",
    "num_qubits": 15,
    "num_paulis": 1146,
    "dense_H_size": [
        32768,
        32768
    ],
    "min_eigenvalue": -3.6042420179791245e-15,
    "basis": [
        0,
        0,
        0,
        0,
        0,
        1,
        0,
        0,
        0,
        0,
        0,
        0,
        0,
        0,
        0
    ],
    "tol": 1e-10,
    "dt": 1.0,
    "n_steps": 1,
    "max_k": 15,
    "final_k": 3,
    "converged": true,
    "all_energies": [
        2.9401028266046295e-05,
        1.5604374366787381e-09,
        1.4803987500361937e-09
    ],
    "all_run_data": [
        {
            "D": 1,
            "t": 1.0,
            "circuit_time": "0:00:00.156056",
            "num_samples": 425,
            "H_reduced_size": [
                425,
                425
            ],
            "reduction": 98.7030029296875,
            "H_reduced_e": 2.9401028266046295e-05,
            "eigenvalue_time": "0:00:00.029485",
            "diff": 2.9401028269650535e-05,
            "change_from_prev": null
        },
        {
            "D": 2,
            "t": 2.0,
            "circuit_time": "0:00:00.156463",
            "num_samples": 1757,
            "H_reduced_size": [
                1757,
                1757
            ],
            "reduction": 94.6380615234375,
            "H_reduced_e": 1.5604374366787381e-09,
            "eigenvalue_time": "0:00:00.060667",
            "diff": 1.5604410409207562e-09,
            "change_from_prev": 2.9399467828609616e-05
        },
        {
            "D": 3,
            "t": 3.0,
            "circuit_time": "0:00:00.155508",
            "num_samples": 2101,
            "H_reduced_size": [
                2101,
                2101
            ],
            "reduction": 93.5882568359375,
            "H_reduced_e": 1.4803987500361937e-09,
            "eigenvalue_time": "0:00:00.060763",
            "diff": 1.4804023542782117e-09,
            "change_from_prev": 8.003868664254443e-11
        }
    ]
}