{
    "load_date": "2026-02-02 20:47:09.835251",
    "potential": "linear",
    "cutoff": 8,
    "N": 2,
    "a": 1.0,
    "c": null,
    "x_max": 6.0,
    "boundary_condition": "periodic",
    "num_qubits": 8,
    "H_size": [
        256,
        256
    ],
    "H_dense_mem_estimate_bytes": 1048576,
    "H_sparse_mem_estimate_bytes": 77828,
    "H_pauli_time": "0:00:00.009856",
    "H_creation_time": "0:00:00.003631",
    "H_eigenvalue_time": "0:00:00.009529",
    "eigenvalues": [
        -0.05982003029301574,
        0.9401799697069726,
        0.9401799697069837,
        1.1687555563555427,
        1.1687555563555454,
        1.6596125863080216,
        1.6596125863080362,
        1.9401799697069642
    ],
    "best_basis_state": [
        1,
        1,
        0,
        0,
        0,
        1,
        0,
        0
    ],
    "basis_prob": 0.7111945319181263,
    "num_paulis": 33,
    "pauli_coeffs": [
        13.882856227944206,
        -0.4680130166868953,
        0.5625000000000004,
        0.13707783890401906,
        -0.2741556778080378,
        -0.1938573388788577,
        1.1250000000000004,
        1.1250000000000004,
        0.06853891945200935,
        -0.08029833892917992,
        0.1370778389040186,
        -0.2741556778080374,
        0.19385733887885773,
        2.25,
        2.25,
        4.5,
        -0.5,
        -0.4680130166868953,
        0.5625000000000004,
        0.13707783890401906,
        -0.2741556778080378,
        -0.1938573388788577,
        1.1250000000000004,
        1.1250000000000004,
        0.06853891945200935,
        -0.08029833892917992,
        0.1370778389040186,
        -0.2741556778080374,
        0.19385733887885773,
        2.25,
        2.25,
        4.5,
        0.5
    ],
    "pauli_labels": [
        "IIIIIIII",
        "IIIIIIIX",
        "IIIIIIIZ",
        "IIIIIIXI",
        "IIIIIIXX",
        "IIIIIIYY",
        "IIIIIIZI",
        "IIIIIIZZ",
        "IIIIIXII",
        "IIIIIXIX",
        "IIIIIXXI",
        "IIIIIXXX",
        "IIIIIXYY",
        "IIIIIZII",
        "IIIIIZIZ",
        "IIIIIZZI",
        "IIIIZIII",
        "IIIXIIII",
        "IIIZIIII",
        "IIXIIIII",
        "IIXXIIII",
        "IIYYIIII",
        "IIZIIIII",
        "IIZZIIII",
        "IXIIIIII",
        "IXIXIIII",
        "IXXIIIII",
        "IXXXIIII",
        "IXYYIIII",
        "IZIIIIII",
        "IZIZIIII",
        "IZZIIIII",
        "ZIIIIIII"
    ],
    "boson_position_marginals": {
        "site_0": {
            "x_grid": [
                -6.0,
                -4.5,
                -3.0,
                -1.5,
                0.0,
                1.5,
                3.0,
                4.5
            ],
            "P_x": [
                9.624788573826435e-07,
                3.240659549890966e-06,
                3.49053291374425e-05,
                0.07829962091438783,
                0.8433235037149881,
                0.07829962091438827,
                3.490532913744157e-05,
                3.2406595498909544e-06
            ],
            "edge_mass_2": 4.234912709460614e-05
        },
        "site_1": {
            "x_grid": [
                -6.0,
                -4.5,
                -3.0,
                -1.5,
                0.0,
                1.5,
                3.0,
                4.5
            ],
            "P_x": [
                9.624788573825984e-07,
                3.2406595498910036e-06,
                3.490532913744382e-05,
                0.07829962091438822,
                0.8433235037149882,
                0.07829962091438777,
                3.490532913744266e-05,
                3.2406595498910294e-06
            ],
            "edge_mass_2": 4.2349127094607297e-05
        }
    }
}