{
    "load_date": "2026-02-02 20:47:09.800066",
    "potential": "linear",
    "cutoff": 2,
    "N": 2,
    "a": 1.0,
    "c": null,
    "x_max": 6.0,
    "boundary_condition": "periodic",
    "num_qubits": 4,
    "H_size": [
        16,
        16
    ],
    "H_dense_mem_estimate_bytes": 4096,
    "H_sparse_mem_estimate_bytes": 1028,
    "H_pauli_time": "0:00:00.001648",
    "H_creation_time": "0:00:00.002284",
    "H_eigenvalue_time": "0:00:00.000426",
    "eigenvalues": [
        -0.8634441072485111,
        0.13655589275149627,
        0.1365558927514967,
        1.1365558927514996,
        17.137077838904005,
        17.137077838904027,
        18.137077838904013,
        18.13707783890402
    ],
    "best_basis_state": [
        1,
        1,
        0,
        1
    ],
    "basis_prob": 0.999971004042523,
    "num_paulis": 7,
    "pauli_coeffs": [
        18.13707783890402,
        -0.0685389194520094,
        9.0,
        -0.5,
        -0.0685389194520094,
        9.0,
        0.5
    ],
    "pauli_labels": [
        "IIII",
        "IIIX",
        "IIIZ",
        "IIZI",
        "IXII",
        "IZII",
        "ZIII"
    ],
    "boson_position_marginals": {
        "site_0": {
            "x_grid": [
                -6.0,
                0.0
            ],
            "P_x": [
                1.4498083835675485e-05,
                0.9999855019161643
            ],
            "edge_mass_2": 2.0
        },
        "site_1": {
            "x_grid": [
                -6.0,
                0.0
            ],
            "P_x": [
                1.44980838356757e-05,
                0.9999855019161643
            ],
            "edge_mass_2": 2.0
        }
    }
}