{
    "load_date": "2026-02-02 20:47:10.265967",
    "potential": "linear",
    "cutoff": 16,
    "N": 2,
    "a": 1.0,
    "c": null,
    "x_max": 6.0,
    "boundary_condition": "periodic",
    "num_qubits": 10,
    "H_size": [
        1024,
        1024
    ],
    "H_dense_mem_estimate_bytes": 16777216,
    "H_sparse_mem_estimate_bytes": 638980,
    "H_pauli_time": "0:00:00.392356",
    "H_creation_time": "0:00:00.003434",
    "H_eigenvalue_time": "0:00:00.032532",
    "eigenvalues": [
        -2.1781427896213395e-07,
        0.99999978218568,
        0.9999997821857012,
        1.0000034134937996,
        1.0000034134938158,
        1.9999438947578079,
        1.999943894757829,
        1.9999997821856732
    ],
    "best_basis_state": [
        1,
        1,
        0,
        0,
        0,
        0,
        1,
        0,
        0,
        0
    ],
    "basis_prob": 0.17905339164679587,
    "num_paulis": 77,
    "pauli_coeffs": [
        17.98809707287281,
        -1.8008013275055628,
        0.140625,
        0.46801301668689543,
        -1.011427846636595,
        -0.7893734808689673,
        0.28125,
        0.28125,
        0.13707783890401837,
        -0.16059667785836007,
        0.27415567780803785,
        -0.5483113556160752,
        0.3877146777577164,
        -0.06145768790926831,
        -0.40165880311125157,
        0.19385733887885828,
        -0.46311649102052066,
        0.5625000000000003,
        0.5624999999999999,
        1.1250000000000004,
        0.06853891945200966,
        -0.07125073924201872,
        0.08029833892918016,
        -0.08519486459555611,
        0.013944125353536597,
        0.13707783890401914,
        -0.1605966778583598,
        0.2741556778080373,
        -0.5483113556160752,
        0.3877146777577154,
        0.06145768790926706,
        0.4016588031112518,
        -0.1938573388788569,
        0.46311649102051944,
        1.125,
        1.125,
        2.25,
        4.5,
        -0.5,
        -1.8008013275055628,
        0.140625,
        0.46801301668689543,
        -1.011427846636595,
        -0.7893734808689673,
        0.28125,
        0.28125,
        0.13707783890401837,
        -0.16059667785836007,
        0.27415567780803785,
        -0.5483113556160752,
        0.3877146777577164,
        -0.06145768790926831,
        -0.40165880311125157,
        0.19385733887885828,
        -0.46311649102052066,
        0.5625000000000003,
        0.5624999999999999,
        1.1250000000000004,
        0.06853891945200966,
        -0.07125073924201872,
        0.08029833892918016,
        -0.08519486459555611,
        0.013944125353536597,
        0.13707783890401914,
        -0.1605966778583598,
        0.2741556778080373,
        -0.5483113556160752,
        0.3877146777577154,
        0.06145768790926706,
        0.4016588031112518,
        -0.1938573388788569,
        0.46311649102051944,
        1.125,
        1.125,
        2.25,
        4.5,
        0.5
    ],
    "pauli_labels": [
        "IIIIIIIIII",
        "IIIIIIIIIX",
        "IIIIIIIIIZ",
        "IIIIIIIIXI",
        "IIIIIIIIXX",
        "IIIIIIIIYY",
        "IIIIIIIIZI",
        "IIIIIIIIZZ",
        "IIIIIIIXII",
        "IIIIIIIXIX",
        "IIIIIIIXXI",
        "IIIIIIIXXX",
        "IIIIIIIXYY",
        "IIIIIIIYIY",
        "IIIIIIIYXY",
        "IIIIIIIYYI",
        "IIIIIIIYYX",
        "IIIIIIIZII",
        "IIIIIIIZIZ",
        "IIIIIIIZZI",
        "IIIIIIXIII",
        "IIIIIIXIIX",
        "IIIIIIXIXI",
        "IIIIIIXIXX",
        "IIIIIIXIYY",
        "IIIIIIXXII",
        "IIIIIIXXIX",
        "IIIIIIXXXI",
        "IIIIIIXXXX",
        "IIIIIIXXYY",
        "IIIIIIXYIY",
        "IIIIIIXYXY",
        "IIIIIIXYYI",
        "IIIIIIXYYX",
        "IIIIIIZIII",
        "IIIIIIZIIZ",
        "IIIIIIZIZI",
        "IIIIIIZZII",
        "IIIIIZIIII",
        "IIIIXIIIII",
        "IIIIZIIIII",
        "IIIXIIIIII",
        "IIIXXIIIII",
        "IIIYYIIIII",
        "IIIZIIIIII",
        "IIIZZIIIII",
        "IIXIIIIIII",
        "IIXIXIIIII",
        "IIXXIIIIII",
        "IIXXXIIIII",
        "IIXYYIIIII",
        "IIYIYIIIII",
        "IIYXYIIIII",
        "IIYYIIIIII",
        "IIYYXIIIII",
        "IIZIIIIIII",
        "IIZIZIIIII",
        "IIZZIIIIII",
        "IXIIIIIIII",
        "IXIIXIIIII",
        "IXIXIIIIII",
        "IXIXXIIIII",
        "IXIYYIIIII",
        "IXXIIIIIII",
        "IXXIXIIIII",
        "IXXXIIIIII",
        "IXXXXIIIII",
        "IXXYYIIIII",
        "IXYIYIIIII",
        "IXYXYIIIII",
        "IXYYIIIIII",
        "IXYYXIIIII",
        "IZIIIIIIII",
        "IZIIZIIIII",
        "IZIZIIIIII",
        "IZZIIIIIII",
        "ZIIIIIIIII"
    ],
    "boson_position_marginals": {
        "site_0": {
            "x_grid": [
                -6.0,
                -5.25,
                -4.5,
                -3.75,
                -3.0,
                -2.25,
                -1.5,
                -0.75,
                0.0,
                0.75,
                1.5,
                2.25,
                3.0,
                3.75,
                4.5,
                5.25
            ],
            "P_x": [
                3.5363721302500554e-13,
                2.015132901387771e-12,
                6.378456434109167e-10,
                3.313953227167542e-07,
                5.2213351277481356e-05,
                0.002678343012399491,
                0.04459942470563503,
                0.24109618214650597,
                0.4231470094976394,
                0.24109618214650647,
                0.04459942470563492,
                0.0026783430123995177,
                5.221335127748352e-05,
                3.313953227165766e-07,
                6.378456434061722e-10,
                2.0151329014570247e-12
            ],
            "edge_mass_2": 6.422295464220421e-10
        },
        "site_1": {
            "x_grid": [
                -6.0,
                -5.25,
                -4.5,
                -3.75,
                -3.0,
                -2.25,
                -1.5,
                -0.75,
                0.0,
                0.75,
                1.5,
                2.25,
                3.0,
                3.75,
                4.5,
                5.25
            ],
            "P_x": [
                3.5363721303452246e-13,
                2.015132901395442e-12,
                6.378456434106703e-10,
                3.3139532271667493e-07,
                5.221335127747901e-05,
                0.002678343012399474,
                0.044599424705635105,
                0.2410961821465062,
                0.4231470094976393,
                0.24109618214650633,
                0.04459942470563489,
                0.0026783430123994804,
                5.2213351277480916e-05,
                3.313953227166043e-07,
                6.378456434068391e-10,
                2.015132901493523e-12
            ],
            "edge_mass_2": 6.422295464227627e-10
        }
    }
}