{
    "load_date": "2026-02-02 20:47:09.810235",
    "potential": "linear",
    "cutoff": 4,
    "N": 2,
    "a": 1.0,
    "c": null,
    "x_max": 6.0,
    "boundary_condition": "periodic",
    "num_qubits": 6,
    "H_size": [
        64,
        64
    ],
    "H_dense_mem_estimate_bytes": 65536,
    "H_sparse_mem_estimate_bytes": 9220,
    "H_pauli_time": "0:00:00.001854",
    "H_creation_time": "0:00:00.001920",
    "H_eigenvalue_time": "0:00:00.003870",
    "eigenvalues": [
        -0.6055925657584305,
        0.3944074342415649,
        0.3944074342415686,
        1.3944074342415615,
        3.8342815560247927,
        3.834281556024817,
        3.97669240941521,
        3.9766924094152225
    ],
    "best_basis_state": [
        1,
        1,
        0,
        0,
        1,
        0
    ],
    "basis_prob": 0.9964232557587827,
    "num_paulis": 15,
    "pauli_coeffs": [
        13.911233516712059,
        -0.13707783890401887,
        2.2500000000000004,
        0.06853891945200943,
        -0.1370778389040188,
        4.5,
        4.5,
        -0.5,
        -0.13707783890401887,
        2.2500000000000004,
        0.06853891945200943,
        -0.1370778389040188,
        4.5,
        4.5,
        0.5
    ],
    "pauli_labels": [
        "IIIIII",
        "IIIIIX",
        "IIIIIZ",
        "IIIIXI",
        "IIIIXX",
        "IIIIZI",
        "IIIIZZ",
        "IIIZII",
        "IIXIII",
        "IIZIII",
        "IXIIII",
        "IXXIII",
        "IZIIII",
        "IZZIII",
        "ZIIIII"
    ],
    "boson_position_marginals": {
        "site_0": {
            "x_grid": [
                -6.0,
                -3.0,
                0.0,
                3.0
            ],
            "P_x": [
                1.12125917665806e-05,
                0.0008893807662618445,
                0.9982100258757073,
                0.0008893807662618375
            ],
            "edge_mass_2": 0.9999999999999976
        },
        "site_1": {
            "x_grid": [
                -6.0,
                -3.0,
                0.0,
                3.0
            ],
            "P_x": [
                1.121259176658064e-05,
                0.000889380766261836,
                0.9982100258757073,
                0.00088938076626184
            ],
            "edge_mass_2": 0.9999999999999976
        }
    }
}