{
    "load_date": "2026-02-02 19:32:46.327790",
    "potential": "linear",
    "cutoff": 2,
    "N": 2,
    "a": 1.0,
    "c": null,
    "x_max": 6.0,
    "boundary_condition": "dirichlet",
    "num_qubits": 4,
    "H_size": [
        16,
        16
    ],
    "H_dense_mem_estimate_bytes": 4096,
    "H_sparse_mem_estimate_bytes": 1348,
    "H_pauli_time": "0:00:00.001921",
    "H_creation_time": "0:00:00.002326",
    "H_eigenvalue_time": "0:00:00.000812",
    "eigenvalues": [
        -0.9814780959983976,
        0.1365558927514946,
        0.1365558927514978,
        1.2545898815013976,
        17.019043850154123,
        17.019043850154127,
        18.13707783890402,
        18.13707783890402
    ],
    "best_basis_state": [
        1,
        1,
        0,
        1
    ],
    "basis_prob": 0.9471861301348218,
    "num_paulis": 9,
    "pauli_coeffs": [
        18.13707783890402,
        -0.0685389194520094,
        9.0,
        -0.5,
        -0.0685389194520094,
        9.0,
        0.5,
        0.25,
        0.25
    ],
    "pauli_labels": [
        "IIII",
        "IIIX",
        "IIIZ",
        "IIZI",
        "IXII",
        "IZII",
        "ZIII",
        "XIXI",
        "YIYI"
    ],
    "boson_position_marginals": {
        "site_0": {
            "x_grid": [
                -6.0,
                0.0
            ],
            "P_x": [
                1.449808383567726e-05,
                0.9999855019161643
            ],
            "edge_mass_2": 2.0
        },
        "site_1": {
            "x_grid": [
                -6.0,
                0.0
            ],
            "P_x": [
                1.4498083835677569e-05,
                0.9999855019161643
            ],
            "edge_mass_2": 2.0
        }
    }
}