{
    "load_date": "2026-02-02 19:32:46.337834",
    "potential": "linear",
    "cutoff": 4,
    "N": 2,
    "a": 1.0,
    "c": null,
    "x_max": 6.0,
    "boundary_condition": "dirichlet",
    "num_qubits": 6,
    "H_size": [
        64,
        64
    ],
    "H_dense_mem_estimate_bytes": 65536,
    "H_sparse_mem_estimate_bytes": 10500,
    "H_pauli_time": "0:00:00.001981",
    "H_creation_time": "0:00:00.000406",
    "H_eigenvalue_time": "0:00:00.004135",
    "eigenvalues": [
        -0.7236265545083249,
        0.39440743424156627,
        0.39440743424156915,
        1.512441422991461,
        3.7162475672749022,
        3.716247567274918,
        3.8586584206652987,
        3.858658420665305
    ],
    "best_basis_state": [
        1,
        1,
        0,
        0,
        1,
        0
    ],
    "basis_prob": 0.9438256547270507,
    "num_paulis": 17,
    "pauli_coeffs": [
        13.911233516712059,
        -0.13707783890401887,
        2.2500000000000004,
        0.06853891945200943,
        -0.1370778389040188,
        4.5,
        4.5,
        -0.5,
        -0.13707783890401887,
        2.2500000000000004,
        0.06853891945200943,
        -0.1370778389040188,
        4.5,
        4.5,
        0.5,
        0.25,
        0.25
    ],
    "pauli_labels": [
        "IIIIII",
        "IIIIIX",
        "IIIIIZ",
        "IIIIXI",
        "IIIIXX",
        "IIIIZI",
        "IIIIZZ",
        "IIIZII",
        "IIXIII",
        "IIZIII",
        "IXIIII",
        "IXXIII",
        "IZIIII",
        "IZZIII",
        "ZIIIII",
        "XIIXII",
        "YIIYII"
    ],
    "boson_position_marginals": {
        "site_0": {
            "x_grid": [
                -6.0,
                -3.0,
                0.0,
                3.0
            ],
            "P_x": [
                1.121259176658094e-05,
                0.0008893807662618273,
                0.9982100258757071,
                0.000889380766261852
            ],
            "edge_mass_2": 0.9999999999999973
        },
        "site_1": {
            "x_grid": [
                -6.0,
                -3.0,
                0.0,
                3.0
            ],
            "P_x": [
                1.1212591766580412e-05,
                0.000889380766261835,
                0.9982100258757071,
                0.000889380766261832
            ],
            "edge_mass_2": 0.9999999999999973
        }
    }
}