{
    "load_date": "2026-02-02 19:39:05.047580",
    "potential": "linear",
    "cutoff": 32,
    "N": 2,
    "a": 1.0,
    "c": null,
    "x_max": 6.0,
    "boundary_condition": "dirichlet",
    "num_qubits": 12,
    "H_size": [
        4096,
        4096
    ],
    "H_dense_mem_estimate_bytes": 268435456,
    "H_sparse_mem_estimate_bytes": 5259268,
    "H_pauli_time": "0:00:26.952907",
    "H_creation_time": "0:00:00.002256",
    "H_eigenvalue_time": "0:00:00.243152",
    "eigenvalues": [
        -0.1180339887499051,
        0.8819660112501829,
        0.8819660112501961,
        0.9999999999999744,
        0.9999999999999771,
        1.881966011246382,
        1.8819660112464416,
        1.881966011250275
    ],
    "best_basis_state": [
        1,
        1,
        0,
        0,
        0,
        0,
        0,
        1,
        0,
        0,
        0,
        0
    ],
    "basis_prob": 0.042399485405980285,
    "num_paulis": 197,
    "pauli_coeffs": [
        35.46374795258721,
        -7.13400152490723,
        0.035156249999998224,
        1.8008013275055663,
        -3.973686585636141,
        -3.1603149392710916,
        0.07031249999999734,
        0.07031250000000089,
        0.4680130166868939,
        -0.5609034848789636,
        1.0114278466365958,
        -2.106527658118604,
        1.5456241732396425,
        -0.25246816148608875,
        -1.6146907660314476,
        0.7893734808689656,
        -1.8671589275175347,
        0.14062500000000044,
        0.14062499999999867,
        0.28124999999999956,
        0.13707783890400957,
        -0.14250147848403016,
        0.16059667785835563,
        -0.17038972919110645,
        0.027888250707073542,
        0.27415567780804107,
        -0.3211933557167215,
        0.5483113556160732,
        -1.0966227112321483,
        0.7754293555154284,
        0.12291537581853475,
        0.8033176062225063,
        -0.38771467775771656,
        0.9262329820410422,
        -0.027800659325223832,
        -0.041178342084733525,
        0.06145768790926601,
        -0.06897900140995517,
        -0.12955278566755263,
        -0.8113731598089443,
        0.401658803111251,
        -0.9409259454764952,
        0.19385733887885592,
        -0.23971012916224105,
        0.46311649102052077,
        -1.0099049468864554,
        0.7701948177242119,
        0.28124999999999956,
        0.28125,
        0.5625,
        1.1249999999999996,
        0.06853891945200874,
        -0.0692037851150199,
        0.07125073924201575,
        -0.0720248009102368,
        0.002821015795222072,
        0.0802983389291762,
        -0.08148322655447758,
        0.0851948645955583,
        -0.08671776434569807,
        0.005234537791220087,
        0.006637409849016701,
        0.008055553586441177,
        -0.013944125353537624,
        0.014692963435456233,
        0.13707783890402886,
        -0.1425014784840449,
        0.16059667785836135,
        -0.17038972919111295,
        0.02788825070707142,
        0.2741556778080386,
        -0.3211933557167206,
        0.5483113556160764,
        -1.096622711232152,
        0.7754293555154366,
        0.12291537581853527,
        0.8033176062225017,
        -0.3877146777577114,
        0.9262329820410334,
        0.02780065932522683,
        0.041178342084733345,
        -0.0614576879092672,
        0.06897900140995877,
        0.12955278566754996,
        0.8113731598089433,
        -0.4016588031112448,
        0.9409259454764911,
        -0.19385733887885842,
        0.23971012916224305,
        -0.4631164910205179,
        1.0099049468864525,
        -0.7701948177242133,
        0.5624999999999998,
        0.5625000000000002,
        1.125,
        2.25,
        4.5,
        -0.5,
        -7.13400152490723,
        0.035156249999998224,
        1.8008013275055663,
        -3.973686585636141,
        -3.1603149392710916,
        0.07031249999999734,
        0.07031250000000089,
        0.4680130166868939,
        -0.5609034848789636,
        1.0114278466365958,
        -2.106527658118604,
        1.5456241732396425,
        -0.25246816148608875,
        -1.6146907660314476,
        0.7893734808689656,
        -1.8671589275175347,
        0.14062500000000044,
        0.14062499999999867,
        0.28124999999999956,
        0.13707783890400957,
        -0.14250147848403016,
        0.16059667785835563,
        -0.17038972919110645,
        0.027888250707073542,
        0.27415567780804107,
        -0.3211933557167215,
        0.5483113556160732,
        -1.0966227112321483,
        0.7754293555154284,
        0.12291537581853475,
        0.8033176062225063,
        -0.38771467775771656,
        0.9262329820410422,
        -0.027800659325223832,
        -0.041178342084733525,
        0.06145768790926601,
        -0.06897900140995517,
        -0.12955278566755263,
        -0.8113731598089443,
        0.401658803111251,
        -0.9409259454764952,
        0.19385733887885592,
        -0.23971012916224105,
        0.46311649102052077,
        -1.0099049468864554,
        0.7701948177242119,
        0.28124999999999956,
        0.28125,
        0.5625,
        1.1249999999999996,
        0.06853891945200874,
        -0.0692037851150199,
        0.07125073924201575,
        -0.0720248009102368,
        0.002821015795222072,
        0.0802983389291762,
        -0.08148322655447758,
        0.0851948645955583,
        -0.08671776434569807,
        0.005234537791220087,
        0.006637409849016701,
        0.008055553586441177,
        -0.013944125353537624,
        0.014692963435456233,
        0.13707783890402886,
        -0.1425014784840449,
        0.16059667785836135,
        -0.17038972919111295,
        0.02788825070707142,
        0.2741556778080386,
        -0.3211933557167206,
        0.5483113556160764,
        -1.096622711232152,
        0.7754293555154366,
        0.12291537581853527,
        0.8033176062225017,
        -0.3877146777577114,
        0.9262329820410334,
        0.02780065932522683,
        0.041178342084733345,
        -0.0614576879092672,
        0.06897900140995877,
        0.12955278566754996,
        0.8113731598089433,
        -0.4016588031112448,
        0.9409259454764911,
        -0.19385733887885842,
        0.23971012916224305,
        -0.4631164910205179,
        1.0099049468864525,
        -0.7701948177242133,
        0.5624999999999998,
        0.5625000000000002,
        1.125,
        2.25,
        4.5,
        0.5,
        0.25,
        0.25
    ],