{
    "load_date": "2026-02-02 19:32:46.812046",
    "potential": "linear",
    "cutoff": 16,
    "N": 2,
    "a": 1.0,
    "c": null,
    "x_max": 6.0,
    "boundary_condition": "dirichlet",
    "num_qubits": 10,
    "H_size": [
        1024,
        1024
    ],
    "H_dense_mem_estimate_bytes": 16777216,
    "H_sparse_mem_estimate_bytes": 659460,
    "H_pauli_time": "0:00:00.414125",
    "H_creation_time": "0:00:00.000477",
    "H_eigenvalue_time": "0:00:00.032734",
    "eigenvalues": [
        -0.11803420656417567,
        0.8819694247439397,
        0.8819694247439442,
        0.9999997821857148,
        0.9999997821857157,
        1.8819099060079225,
        1.8819099060079347,
        1.8819730560520418
    ],
    "best_basis_state": [
        1,
        1,
        0,
        0,
        0,
        0,
        1,
        0,
        0,
        0
    ],
    "basis_prob": 0.16960180688822327,
    "num_paulis": 79,
    "pauli_coeffs": [
        17.98809707287281,
        -1.8008013275055628,
        0.140625,
        0.46801301668689543,
        -1.011427846636595,
        -0.7893734808689673,
        0.28125,
        0.28125,
        0.13707783890401837,
        -0.16059667785836007,
        0.27415567780803785,
        -0.5483113556160752,
        0.3877146777577164,
        -0.06145768790926831,
        -0.40165880311125157,
        0.19385733887885828,
        -0.46311649102052066,
        0.5625000000000003,
        0.5624999999999999,
        1.1250000000000004,
        0.06853891945200966,
        -0.07125073924201872,
        0.08029833892918016,
        -0.08519486459555611,
        0.013944125353536597,
        0.13707783890401914,
        -0.1605966778583598,
        0.2741556778080373,
        -0.5483113556160752,
        0.3877146777577154,
        0.06145768790926706,
        0.4016588031112518,
        -0.1938573388788569,
        0.46311649102051944,
        1.125,
        1.125,
        2.25,
        4.5,
        -0.5,
        -1.8008013275055628,
        0.140625,
        0.46801301668689543,
        -1.011427846636595,
        -0.7893734808689673,
        0.28125,
        0.28125,
        0.13707783890401837,
        -0.16059667785836007,
        0.27415567780803785,
        -0.5483113556160752,
        0.3877146777577164,
        -0.06145768790926831,
        -0.40165880311125157,
        0.19385733887885828,
        -0.46311649102052066,
        0.5625000000000003,
        0.5624999999999999,
        1.1250000000000004,
        0.06853891945200966,
        -0.07125073924201872,
        0.08029833892918016,
        -0.08519486459555611,
        0.013944125353536597,
        0.13707783890401914,
        -0.1605966778583598,
        0.2741556778080373,
        -0.5483113556160752,
        0.3877146777577154,
        0.06145768790926706,
        0.4016588031112518,
        -0.1938573388788569,
        0.46311649102051944,
        1.125,
        1.125,
        2.25,
        4.5,
        0.5,
        0.25,
        0.25
    ],
    "pauli_labels": [
        "IIIIIIIIII",
        "IIIIIIIIIX",
        "IIIIIIIIIZ",
        "IIIIIIIIXI",
        "IIIIIIIIXX",
        "IIIIIIIIYY",
        "IIIIIIIIZI",
        "IIIIIIIIZZ",
        "IIIIIIIXII",
        "IIIIIIIXIX",
        "IIIIIIIXXI",
        "IIIIIIIXXX",
        "IIIIIIIXYY",
        "IIIIIIIYIY",
        "IIIIIIIYXY",
        "IIIIIIIYYI",
        "IIIIIIIYYX",
        "IIIIIIIZII",
        "IIIIIIIZIZ",
        "IIIIIIIZZI",
        "IIIIIIXIII",
        "IIIIIIXIIX",
        "IIIIIIXIXI",
        "IIIIIIXIXX",
        "IIIIIIXIYY",
        "IIIIIIXXII",
        "IIIIIIXXIX",
        "IIIIIIXXXI",
        "IIIIIIXXXX",
        "IIIIIIXXYY",
        "IIIIIIXYIY",
        "IIIIIIXYXY",
        "IIIIIIXYYI",
        "IIIIIIXYYX",
        "IIIIIIZIII",
        "IIIIIIZIIZ",
        "IIIIIIZIZI",
        "IIIIIIZZII",
        "IIIIIZIIII",
        "IIIIXIIIII",
        "IIIIZIIIII",
        "IIIXIIIIII",
        "IIIXXIIIII",
        "IIIYYIIIII",
        "IIIZIIIIII",
        "IIIZZIIIII",
        "IIXIIIIIII",
        "IIXIXIIIII",
        "IIXXIIIIII",
        "IIXXXIIIII",
        "IIXYYIIIII",
        "IIYIYIIIII",
        "IIYXYIIIII",
        "IIYYIIIIII",
        "IIYYXIIIII",
        "IIZIIIIIII",
        "IIZIZIIIII",
        "IIZZIIIIII",
        "IXIIIIIIII",
        "IXIIXIIIII",
        "IXIXIIIIII",
        "IXIXXIIIII",
        "IXIYYIIIII",
        "IXXIIIIIII",
        "IXXIXIIIII",
        "IXXXIIIIII",
        "IXXXXIIIII",
        "IXXYYIIIII",
        "IXYIYIIIII",
        "IXYXYIIIII",
        "IXYYIIIIII",
        "IXYYXIIIII",
        "IZIIIIIIII",
        "IZIIZIIIII",
        "IZIZIIIIII",
        "IZZIIIIIII",
        "ZIIIIIIIII",
        "XIIIIXIIII",
        "YIIIIYIIII"
    ],
    "boson_position_marginals": {
        "site_0": {
            "x_grid": [
                -6.0,
                -5.25,
                -4.5,
                -3.75,
                -3.0,
                -2.25,
                -1.5,
                -0.75,
                0.0,
                0.75,
                1.5,
                2.25,
                3.0,
                3.75,
                4.5,
                5.25
            ],
            "P_x": [
                3.536372130447233e-13,
                2.0151329013865193e-12,
                6.37845643411983e-10,
                3.313953227166496e-07,
                5.2213351277478917e-05,
                0.0026783430123994796,
                0.04459942470563501,
                0.24109618214650588,
                0.42314700949763856,
                0.24109618214650572,
                0.04459942470563486,
                0.0026783430123994843,
                5.2213351277481166e-05,
                3.31395322716569e-07,
                6.378456434060733e-10,
                2.0151329014559855e-12
            ],
            "edge_mass_2": 6.422295464219605e-10
        },
        "site_1": {
            "x_grid": [
                -6.0,
                -5.25,
                -4.5,
                -3.75,
                -3.0,
                -2.25,
                -1.5,
                -0.75,
                0.0,
                0.75,
                1.5,
                2.25,
                3.0,
                3.75,
                4.5,
                5.25
            ],
            "P_x": [
                3.5363721302808874e-13,
                2.0151329013873477e-12,
                6.378456434102759e-10,
                3.313953227166726e-07,
                5.2213351277479764e-05,
                0.0026783430123994835,
                0.04459942470563506,
                0.24109618214650608,
                0.42314700949763834,
                0.24109618214650577,
                0.044599424705634806,
                0.002678343012399481,
                5.2213351277481505e-05,
                3.313953227166022e-07,
                6.378456434068976e-10,
                2.0151329014861016e-12
            ],
            "edge_mass_2": 6.422295464227992e-10
        }
    }
}