{
    "load_date": "2026-02-02 19:32:46.362331",
    "potential": "linear",
    "cutoff": 8,
    "N": 2,
    "a": 1.0,
    "c": null,
    "x_max": 6.0,
    "boundary_condition": "dirichlet",
    "num_qubits": 8,
    "H_size": [
        256,
        256
    ],
    "H_dense_mem_estimate_bytes": 1048576,
    "H_sparse_mem_estimate_bytes": 82948,
    "H_pauli_time": "0:00:00.011965",
    "H_creation_time": "0:00:00.000269",
    "H_eigenvalue_time": "0:00:00.009668",
    "eigenvalues": [
        -0.17785401904291134,
        0.940179969706974,
        0.9401799697069795,
        1.0507215676056505,
        1.0507215676056572,
        1.5415785975581242,
        1.541578597558128,
        2.058213958456884
    ],
    "best_basis_state": [
        1,
        1,
        0,
        0,
        0,
        1,
        0,
        0
    ],
    "basis_prob": 0.6736531296780759,
    "num_paulis": 35,
    "pauli_coeffs": [
        13.882856227944206,
        -0.4680130166868953,
        0.5625000000000004,
        0.13707783890401906,
        -0.2741556778080378,
        -0.1938573388788577,
        1.1250000000000004,
        1.1250000000000004,
        0.06853891945200935,
        -0.08029833892917992,
        0.1370778389040186,
        -0.2741556778080374,
        0.19385733887885773,
        2.25,
        2.25,
        4.5,
        -0.5,
        -0.4680130166868953,
        0.5625000000000004,
        0.13707783890401906,
        -0.2741556778080378,
        -0.1938573388788577,
        1.1250000000000004,
        1.1250000000000004,
        0.06853891945200935,
        -0.08029833892917992,
        0.1370778389040186,
        -0.2741556778080374,
        0.19385733887885773,
        2.25,
        2.25,
        4.5,
        0.5,
        0.25,
        0.25
    ],
    "pauli_labels": [
        "IIIIIIII",
        "IIIIIIIX",
        "IIIIIIIZ",
        "IIIIIIXI",
        "IIIIIIXX",
        "IIIIIIYY",
        "IIIIIIZI",
        "IIIIIIZZ",
        "IIIIIXII",
        "IIIIIXIX",
        "IIIIIXXI",
        "IIIIIXXX",
        "IIIIIXYY",
        "IIIIIZII",
        "IIIIIZIZ",
        "IIIIIZZI",
        "IIIIZIII",
        "IIIXIIII",
        "IIIZIIII",
        "IIXIIIII",
        "IIXXIIII",
        "IIYYIIII",
        "IIZIIIII",
        "IIZZIIII",
        "IXIIIIII",
        "IXIXIIII",
        "IXXIIIII",
        "IXXXIIII",
        "IXYYIIII",
        "IZIIIIII",
        "IZIZIIII",
        "IZZIIIII",
        "ZIIIIIII",
        "XIIIXIII",
        "YIIIYIII"
    ],
    "boson_position_marginals": {
        "site_0": {
            "x_grid": [
                -6.0,
                -4.5,
                -3.0,
                -1.5,
                0.0,
                1.5,
                3.0,
                4.5
            ],
            "P_x": [
                9.624788573826287e-07,
                3.240659549890959e-06,
                3.49053291374429e-05,
                0.07829962091438766,
                0.8433235037149854,
                0.07829962091438754,
                3.4905329137441537e-05,
                3.240659549891038e-06
            ],
            "edge_mass_2": 4.234912709460616e-05
        },
        "site_1": {
            "x_grid": [
                -6.0,
                -4.5,
                -3.0,
                -1.5,
                0.0,
                1.5,
                3.0,
                4.5
            ],
            "P_x": [
                9.624788573826352e-07,
                3.240659549890991e-06,
                3.490532913744341e-05,
                0.07829962091438757,
                0.8433235037149852,
                0.07829962091438777,
                3.4905329137442424e-05,
                3.2406595498910086e-06
            ],
            "edge_mass_2": 4.234912709460706e-05
        }
    }
}