{
    "load_date": "2025-11-24 14:24:56.264089",
    "potential": "linear",
    "cutoff": 2,
    "N": 3,
    "a": 1.0,
    "c": null,
    "boundary_condition": "dirichlet",
    "num_qubits": 6,
    "eigenvalues": [
        -0.09974487139158911,
        0.15025512860841084,
        -0.09974487139158904,
        0.15025512860841064,
        -0.09974487139158933,
        0.15025512860841103,
        -0.0997448713915891,
        0.15025512860841087
    ],
    "best_basis_state": [
        0,
        0,
        1,
        0,
        0,
        1
    ],
    "prob": 0.2918004716341455
}