{
    "load_date": "2025-11-24 14:24:56.342521",
    "potential": "linear",
    "cutoff": 4,
    "N": 3,
    "a": 1.0,
    "c": null,
    "boundary_condition": "dirichlet",
    "num_qubits": 9,
    "eigenvalues": [
        0.00011746368063863803,
        0.9078167751068055,
        0.956369363128001,
        1.0001174636806316,
        1.0327831927378526,
        1.2248623350722243,
        1.2119078377310493,
        1.2248623350722314
    ],
    "best_basis_state": [
        0,
        0,
        0,
        1,
        0,
        0,
        0,
        0,
        0
    ],
    "prob": 0.8990453995221789
}