{
    "load_date": "2025-11-24 14:24:56.474239",
    "potential": "linear",
    "cutoff": 8,
    "N": 3,
    "a": 1.0,
    "c": null,
    "boundary_condition": "dirichlet",
    "num_qubits": 12,
    "eigenvalues": [
        2.7357170384580787e-08,
        1.0000000273571623,
        0.9999995563732957,
        1.2247109501265956,
        1.224744378689772,
        1.2247448987487473,
        1.9999985998813692,
        1.2247448987487617
    ],
    "best_basis_state": [
        0,
        0,
        0,
        0,
        1,
        0,
        0,
        0,
        0,
        0,
        0,
        0
    ],
    "prob": 0.8989795242926916
}