{
    "load_date": "2025-11-24 14:24:57.217467",
    "potential": "linear",
    "cutoff": 16,
    "N": 3,
    "a": 1.0,
    "c": null,
    "boundary_condition": "dirichlet",
    "num_qubits": 15,
    "eigenvalues": [
        -4.184789863199047e-15,
        0.99999999999999,
        0.999999999999994,
        1.2247448713915672,
        1.2247448713907512,
        1.2247448713915898,
        1.9999999999999705,
        1.2247448713915816
    ],
    "best_basis_state": [
        0,
        0,
        0,
        0,
        0,
        1,
        0,
        0,
        0,
        0,
        0,
        0,
        0,
        0,
        0
    ],
    "prob": 0.8989794855663419
}