{
    "load_date": "2026-01-26 10:18:44.981401",
    "potential": "linear",
    "cutoff": 2,
    "N": 4,
    "a": 1.0,
    "c": null,
    "boundary_condition": "dirichlet",
    "num_qubits": 8,
    "H_size": [
        256,
        256
    ],
    "H_dense_mem_estimate_bytes": 1048576,
    "H_sparse_mem_estimate_bytes": 41988,
    "H_pauli_time": "0:00:00.014744",
    "H_creation_time": "0:00:00.009043",
    "H_eigenvalue_time": "0:00:00.023205",
    "eigenvalues": [
        -1.7248025033256933,
        -0.6781452037225756,
        -0.6781452037225629,
        -0.43852551247673516,
        -0.438525512476733,
        0.36851209588056527,
        0.6081317871263926,
        0.6081317871263942
    ],
    "best_basis_state": [
        1,
        1,
        0,
        1,
        1,
        1,
        0,
        1
    ],
    "basis_prob": 0.8682106306246046,
    "num_paulis": 21,
    "pauli_coeffs": [
        20.61685027506808,
        -0.1542125687670212,
        4.0,
        -0.5,
        -0.1542125687670212,
        5.0,
        0.5,
        -0.1542125687670212,
        5.0,
        -0.5,
        -0.1542125687670212,
        4.0,
        0.5,
        0.25,
        0.25,
        0.25,
        0.25,
        0.25,
        0.25,
        -1.0,
        -1.0
    ],
    "pauli_labels": [
        "IIIIIIII",
        "IIIIIIIX",
        "IIIIIIIZ",
        "IIIIIIZI",
        "IIIIIXII",
        "IIIIIZII",
        "IIIIZIII",
        "IIIXIIII",
        "IIIZIIII",
        "IIZIIIII",
        "IXIIIIII",
        "IZIIIIII",
        "ZIIIIIII",
        "IIIIXIXI",
        "IIIIYIYI",
        "IIXIXIII",
        "IIYIYIII",
        "XIXIIIII",
        "YIYIIIII",
        "IIIZIIIZ",
        "IZIIIZII"
    ],
    "boson_position_marginals": {
        "site_0": {
            "x_grid": [
                -4.0,
                0.0
            ],
            "P_x": [
                0.00023768589558590729,
                0.9997623141044069
            ],
            "edge_mass_2": 1.9999999999999856
        },
        "site_1": {
            "x_grid": [
                -4.0,
                0.0
            ],
            "P_x": [
                0.00016510152579862596,
                0.9998348984741942
            ],
            "edge_mass_2": 1.9999999999999856
        },
        "site_2": {
            "x_grid": [
                -4.0,
                0.0
            ],
            "P_x": [
                0.00016510152579862447,
                0.999834898474194
            ],
            "edge_mass_2": 1.9999999999999853
        },
        "site_3": {
            "x_grid": [
                -4.0,
                0.0
            ],
            "P_x": [
                0.0002376858955859075,
                0.9997623141044069
            ],
            "edge_mass_2": 1.9999999999999856
        }
    }
}