{
    "load_date": "2026-01-26 10:21:50.682680",
    "potential": "linear",
    "cutoff": 16,
    "N": 4,
    "a": 1.0,
    "c": null,
    "boundary_condition": "dirichlet",
    "num_qubits": 20,
    "H_size": [
        1048576,
        1048576
    ],
    "H_dense_mem_estimate_bytes": 17592186044416,
    "H_sparse_mem_estimate_bytes": 1346371588,
    "H_pauli_time": "0:00:00.492123",
    "H_creation_time": "0:00:00.245046",
    "H_eigenvalue_time": "0:03:00.791567",
    "eigenvalues": [
        -2.1678429759484512e-07,
        1.0466570828188158,
        1.046657082818822,
        1.0466595695395604,
        1.0466595695395693,
        1.2862767740646468,
        1.2862767740646626,
        1.286278329631294
    ],
    "best_basis_state": [
        1,
        1,
        0,
        0,
        0,
        0,
        1,
        0,
        0,
        0,
        1,
        1,
        0,
        0,
        0,
        0,
        1,
        0,
        0,
        0
    ],
    "basis_prob": 0.007407881930063483,
    "num_paulis": 191,
    "pauli_coeffs": [
        41.274561827927656,
        -4.051802986887518,
        0.06249999999999911,
        1.053029287545515,
        -2.275712654932339,
        -1.776090331955177,
        0.12500000000000044,
        0.15624999999999956,
        0.30842513753404155,
        -0.3613425251813103,
        0.6168502750680854,
        -1.2337005501361693,
        0.8723580249548619,
        -0.13827979779585375,
        -0.9037323070003165,
        0.43617901247743157,
        -1.042012104796172,
        0.2500000000000002,
        0.3124999999999998,
        0.6250000000000002,
        0.15421256876702116,
        -0.16031416329454162,
        0.18067126259065514,
        -0.19168844534000107,
        0.031374282045457634,
        0.3084251375340431,
        -0.3613425251813097,
        0.6168502750680838,
        -1.2337005501361702,
        0.8723580249548598,
        0.13827979779585092,
        0.9037323070003169,
        -0.4361790124774282,
        1.0420121047961692,
        0.5,
        0.625,
        1.25,
        2.5,
        -0.5,
        -4.051802986887518,
        0.07812499999999911,
        1.053029287545515,
        -2.275712654932339,
        -1.776090331955177,
        0.15625000000000044,
        0.18749999999999956,
        0.30842513753404155,
        -0.3613425251813103,
        0.6168502750680854,
        -1.2337005501361693,
        0.8723580249548619,
        -0.13827979779585375,
        -0.9037323070003165,
        0.43617901247743157,
        -1.042012104796172,
        0.3125000000000002,
        0.3749999999999998,
        0.7500000000000002,
        0.15421256876702116,
        -0.16031416329454162,
        0.18067126259065514,
        -0.19168844534000107,
        0.031374282045457634,
        0.3084251375340431,
        -0.3613425251813097,
        0.6168502750680838,
        -1.2337005501361702,
        0.8723580249548598,
        0.13827979779585092,
        0.9037323070003169,
        -0.4361790124774282,
        1.0420121047961692,
        0.625,
        0.75,
        1.5,
        3.0,
        0.5,
        -4.051802986887518,
        0.07812499999999911,
        1.053029287545515,
        -2.275712654932339,
        -1.776090331955177,
        0.15625000000000044,
        0.18749999999999956,
        0.30842513753404155,
        -0.3613425251813103,
        0.6168502750680854,
        -1.2337005501361693,
        0.8723580249548619,
        -0.13827979779585375,
        -0.9037323070003165,
        0.43617901247743157,
        -1.042012104796172,
        0.3125000000000002,
        0.3749999999999998,
        0.7500000000000002,
        0.15421256876702116,
        -0.16031416329454162,
        0.18067126259065514,
        -0.19168844534000107,
        0.031374282045457634,
        0.3084251375340431,
        -0.3613425251813097,
        0.6168502750680838,
        -1.2337005501361702,
        0.8723580249548598,
        0.13827979779585092,
        0.9037323070003169,
        -0.4361790124774282,
        1.0420121047961692,
        0.625,
        0.75,
        1.5,
        3.0,
        -0.5,
        -4.051802986887518,
        0.06249999999999911,
        1.053029287545515,
        -2.275712654932339,
        -1.776090331955177,
        0.12500000000000044,
        0.15624999999999956,
        0.30842513753404155,
        -0.3613425251813103,
        0.6168502750680854,
        -1.2337005501361693,
        0.8723580249548619,
        -0.13827979779585375,
        -0.9037323070003165,
        0.43617901247743157,
        -1.042012104796172,
        0.2500000000000002,
        0.3124999999999998,
        0.6250000000000002,
        0.15421256876702116,
        -0.16031416329454162,
        0.18067126259065514,
        -0.19168844534000107,
        0.031374282045457634,
        0.3084251375340431,
        -0.3613425251813097,
        0.6168502750680838,
        -1.2337005501361702,
        0.8723580249548598,
        0.13827979779585092,
        0.9037323070003169,
        -0.4361790124774282,
        1.0420121047961692,
        0.5,
        0.625,
        1.25,
        2.5,
        0.5,
        0.25,
        0.25,
        0.25,
        0.25,
        0.25,
        0.25,
        -0.015625,
        -0.03125,
        -0.0625,
        -0.125,
        -0.03125,
        -0.0625,
        -0.125,
        -0.25,
        -0.0625,
        -0.125,
        -0.25,
        -0.5,
        -0.125,
        -0.25,
        -0.5,
        -1.0,
        -0.015625,
        -0.03125,
        -0.0625,
        -0.125,
        -0.03125,
        -0.0625,
        -0.125,
        -0.25,
        -0.0625,
        -0.125,
        -0.25,
        -0.5,
        -0.125,
        -0.25,
        -0.5,
        -1.0
    ],