{
    "load_date": "2026-01-26 10:18:45.163815",
    "potential": "linear",
    "cutoff": 4,
    "N": 4,
    "a": 1.0,
    "c": null,
    "boundary_condition": "dirichlet",
    "num_qubits": 12,
    "H_size": [
        4096,
        4096
    ],
    "H_dense_mem_estimate_bytes": 268435456,
    "H_sparse_mem_estimate_bytes": 1327108,
    "H_pauli_time": "0:00:00.006079",
    "H_creation_time": "0:00:00.003221",
    "H_eigenvalue_time": "0:00:00.168227",
    "eigenvalues": [
        -0.7435152364071971,
        0.3031420631959252,
        0.3031420631959264,
        0.5427617544417503,
        0.5427617544417505,
        1.349799362799043,
        1.589419054044846,
        1.5894190540448598
    ],
    "best_basis_state": [
        1,
        1,
        0,
        0,
        1,
        0,
        1,
        1,
        0,
        0,
        1,
        0
    ],
    "basis_prob": 0.797180113589512,
    "num_paulis": 43,
    "pauli_coeffs": [
        17.85055082520425,
        -0.30842513753404244,
        0.9999999999999996,
        0.15421256876702122,
        -0.30842513753404244,
        2.0,
        2.5,
        -0.5,
        -0.30842513753404244,
        1.2499999999999996,
        0.15421256876702122,
        -0.30842513753404244,
        2.5,
        3.0,
        0.5,
        -0.30842513753404244,
        1.2499999999999996,
        0.15421256876702122,
        -0.30842513753404244,
        2.5,
        3.0,
        -0.5,
        -0.30842513753404244,
        0.9999999999999996,
        0.15421256876702122,
        -0.30842513753404244,
        2.0,
        2.5,
        0.5,
        0.25,
        0.25,
        0.25,
        0.25,
        0.25,
        0.25,
        -0.25,
        -0.5,
        -0.5,
        -1.0,
        -0.25,
        -0.5,
        -0.5,
        -1.0
    ],
    "pauli_labels": [
        "IIIIIIIIIIII",
        "IIIIIIIIIIIX",
        "IIIIIIIIIIIZ",
        "IIIIIIIIIIXI",
        "IIIIIIIIIIXX",
        "IIIIIIIIIIZI",
        "IIIIIIIIIIZZ",
        "IIIIIIIIIZII",
        "IIIIIIIIXIII",
        "IIIIIIIIZIII",
        "IIIIIIIXIIII",
        "IIIIIIIXXIII",
        "IIIIIIIZIIII",
        "IIIIIIIZZIII",
        "IIIIIIZIIIII",
        "IIIIIXIIIIII",
        "IIIIIZIIIIII",
        "IIIIXIIIIIII",
        "IIIIXXIIIIII",
        "IIIIZIIIIIII",
        "IIIIZZIIIIII",
        "IIIZIIIIIIII",
        "IIXIIIIIIIII",
        "IIZIIIIIIIII",
        "IXIIIIIIIIII",
        "IXXIIIIIIIII",
        "IZIIIIIIIIII",
        "IZZIIIIIIIII",
        "ZIIIIIIIIIII",
        "IIIIIIXIIXII",
        "IIIIIIYIIYII",
        "IIIXIIXIIIII",
        "IIIYIIYIIIII",
        "XIIXIIIIIIII",
        "YIIYIIIIIIII",
        "IIIIIZIIIIIZ",
        "IIIIIZIIIIZI",
        "IIIIZIIIIIIZ",
        "IIIIZIIIIIZI",
        "IIZIIIIIZIII",
        "IIZIIIIZIIII",
        "IZIIIIIIZIII",
        "IZIIIIIZIIII"
    ],
    "boson_position_marginals": {
        "site_0": {
            "x_grid": [
                -4.0,
                -2.0,
                0.0,
                2.0
            ],
            "P_x": [
                6.941243576258711e-05,
                0.012326341065625156,
                0.9752800012773222,
                0.01232424522128159
            ],
            "edge_mass_2": 0.9999999999999916
        },
        "site_1": {
            "x_grid": [
                -4.0,
                -2.0,
                0.0,
                2.0
            ],
            "P_x": [
                6.155947838931247e-05,
                0.008935545344238382,
                0.9820686909662503,
                0.008934204211113704
            ],
            "edge_mass_2": 0.9999999999999917
        },
        "site_2": {
            "x_grid": [
                -4.0,
                -2.0,
                0.0,
                2.0
            ],
            "P_x": [
                6.155947838931216e-05,
                0.00893554534423836,
                0.9820686909662498,
                0.008934204211113682
            ],
            "edge_mass_2": 0.9999999999999912
        },
        "site_3": {
            "x_grid": [
                -4.0,
                -2.0,
                0.0,
                2.0
            ],
            "P_x": [
                6.941243576258711e-05,
                0.012326341065625114,
                0.9752800012773221,
                0.012324245221281564
            ],
            "edge_mass_2": 0.9999999999999913
        }
    }
}