{
    "load_date": "2026-01-15 14:18:54.840762",
    "potential": "linear",
    "cutoff": 2,
    "N": 5,
    "a": 1.0,
    "c": null,
    "boundary_condition": "periodic",
    "num_qubits": 10,
    "H_size": [
        1024,
        1024
    ],
    "H_dense_mem_estimate_bytes": 16777216,
    "H_sparse_mem_estimate_bytes": 229380,
    "H_pauli_time": "0:00:00.013350",
    "H_creation_time": "0:00:00.007319",
    "H_eigenvalue_time": "0:00:01.859090",
    "eigenvalues": [
        -0.4573171737680182,
        -0.45731717376801584,
        0.042682826231979956,
        0.042682826231980164,
        0.04268282623198043,
        0.042682826231980456,
        0.042682826231980726,
        0.04268282623198114
    ],
    "best_basis_state": [
        0,
        0,
        1,
        1,
        0,
        0,
        1,
        1,
        0,
        0
    ],
    "basis_prob": 0.04680063563841181,
    "num_paulis": 21,
    "pauli_coeffs": [
        3.125,
        -0.5,
        0.5,
        -0.5,
        0.5,
        -0.5,
        0.25,
        0.25,
        0.25,
        0.25,
        0.25,
        0.25,
        0.25,
        0.25,
        -0.25,
        -0.25,
        -0.12499999999999997,
        -0.12499999999999997,
        -0.12499999999999997,
        -0.12499999999999997,
        -0.12499999999999997
    ],
    "pauli_labels": [
        "IIIIIIIIII",
        "IIIIIIIIZI",
        "IIIIIIZIII",
        "IIIIZIIIII",
        "IIZIIIIIII",
        "ZIIIIIIIII",
        "IIIIIIXIXI",
        "IIIIIIYIYI",
        "IIIIXIXIII",
        "IIIIYIYIII",
        "IIXIXIIIII",
        "IIYIYIIIII",
        "XIXIIIIIII",
        "YIYIIIIIII",
        "XIIIIIIIXI",
        "YIIIIIIIYI",
        "IXIIIIIXII",
        "IIIIIXIIIX",
        "IIIXIIIXII",
        "IXIIIXIIII",
        "IIIXIIIIIX"
    ]
}