{
    "load_date": "2026-01-15 14:18:56.713788",
    "potential": "linear",
    "cutoff": 4,
    "N": 5,
    "a": 1.0,
    "c": null,
    "boundary_condition": "periodic",
    "num_qubits": 15,
    "H_size": [
        32768,
        32768
    ],
    "H_dense_mem_estimate_bytes": 17179869184,
    "H_sparse_mem_estimate_bytes": 20447236,
    "H_pauli_time": "0:00:00.011079",
    "H_creation_time": "0:00:00.055792",
    "H_eigenvalue_time": "0:00:01.798848",
    "eigenvalues": [
        0.08201664300211882,
        0.6839432653233394,
        0.8951291535445607,
        1.012138284429429,
        1.012138284429446,
        1.1368165070764615,
        1.1368165070764646,
        1.1911374270965784
    ],
    "best_basis_state": [
        0,
        0,
        0,
        1,
        0,
        0,
        0,
        0,
        0,
        1,
        0,
        0,
        0,
        0,
        0
    ],
    "basis_prob": 0.7876282648158789,
    "num_paulis": 116,
    "pauli_coeffs": [
        9.375,
        -0.6249999999999999,
        -0.6250000000000001,
        -0.5,
        -0.6249999999999999,
        -0.6250000000000001,
        0.5,
        -0.6249999999999999,
        -0.6250000000000001,
        -0.5,
        -0.6249999999999999,
        -0.6250000000000001,
        0.5,
        -0.6249999999999999,
        -0.6250000000000001,
        -0.5,
        0.25,
        0.25,
        0.25,
        0.25,
        0.25,
        0.25,
        0.25,
        0.25,
        -0.25,
        -0.25,
        0.24148145657226705,
        -0.06470476127563018,
        0.24148145657226705,
        -0.06470476127563018,
        -0.2332531754730548,
        -0.12074072828613353,
        -0.12074072828613353,
        0.0625,
        -0.12074072828613353,
        -0.0625,
        -0.0625,
        0.03235238063781509,
        -0.12074072828613353,
        -0.0625,
        -0.0625,
        0.03235238063781509,
        0.06249999999999999,
        0.03235238063781509,
        0.03235238063781509,
        -0.01674682452694517,
        0.24148145657226705,
        -0.06470476127563018,
        0.24148145657226705,
        -0.06470476127563018,
        -0.2332531754730548,
        -0.12074072828613353,
        -0.12074072828613353,
        0.0625,
        -0.12074072828613353,
        -0.0625,
        -0.0625,
        0.03235238063781509,
        -0.12074072828613353,
        -0.0625,
        -0.0625,
        0.03235238063781509,
        0.06249999999999999,
        0.03235238063781509,
        0.03235238063781509,
        -0.01674682452694517,
        0.24148145657226705,
        -0.06470476127563018,
        -0.2332531754730548,
        -0.12074072828613353,
        -0.12074072828613353,
        0.0625,
        -0.12074072828613353,
        -0.0625,
        -0.0625,
        0.03235238063781509,
        -0.12074072828613353,
        -0.0625,
        -0.0625,
        0.03235238063781509,
        0.06249999999999999,
        0.03235238063781509,
        0.03235238063781509,
        -0.01674682452694517,
        -0.2332531754730548,
        -0.12074072828613353,
        -0.12074072828613353,
        0.0625,
        -0.12074072828613353,
        -0.0625,
        -0.0625,
        0.03235238063781509,
        -0.12074072828613353,
        -0.0625,
        -0.0625,
        0.03235238063781509,
        0.06249999999999999,
        0.03235238063781509,
        0.03235238063781509,
        -0.01674682452694517,
        -0.2332531754730548,
        -0.12074072828613353,
        -0.12074072828613353,
        0.0625,
        -0.12074072828613353,
        -0.0625,
        -0.0625,
        0.03235238063781509,
        -0.12074072828613353,
        -0.0625,
        -0.0625,
        0.03235238063781509,
        0.06249999999999999,
        0.03235238063781509,
        0.03235238063781509,
        -0.01674682452694517
    ],
    "pauli_labels": [
        "IIIIIIIIIIIIIII",
        "IIIIIIIIIIIIIZI",
        "IIIIIIIIIIIIIZZ",
        "IIIIIIIIIIIIZII",
        "IIIIIIIIIIZIIII",
        "IIIIIIIIIIZZIII",
        "IIIIIIIIIZIIIII",
        "IIIIIIIZIIIIIII",
        "IIIIIIIZZIIIIII",
        "IIIIIIZIIIIIIII",
        "IIIIZIIIIIIIIII",
        "IIIIZZIIIIIIIII",
        "IIIZIIIIIIIIIII",
        "IZIIIIIIIIIIIII",
        "IZZIIIIIIIIIIII",
        "ZIIIIIIIIIIIIII",
        "IIIIIIIIIXIIXII",
        "IIIIIIIIIYIIYII",
        "IIIIIIXIIXIIIII",
        "IIIIIIYIIYIIIII",
        "IIIXIIXIIIIIIII",
        "IIIYIIYIIIIIIII",
        "XIIXIIIIIIIIIII",
        "YIIYIIIIIIIIIII",
        "XIIIIIIIIIIIXII",
        "YIIIIIIIIIIIYII",
        "IIIIIIIIIIXIIII",
        "IIIIIIIIIIXZIII",
        "IXIIIIIIIIIIIII",
        "IXZIIIIIIIIIIII",
        "IIXIIIIIIIIXIII",
        "IXXIIIIIIIIXIII",
        "IYYIIIIIIIIXIII",
        "IZXIIIIIIIIXIII",
        "IIXIIIIIIIXXIII",
        "IXXIIIIIIIXXIII",
        "IYYIIIIIIIXXIII",
        "IZXIIIIIIIXXIII",
        "IIXIIIIIIIYYIII",
        "IXXIIIIIIIYYIII",
        "IYYIIIIIIIYYIII",
        "IZXIIIIIIIYYIII",
        "IIXIIIIIIIZXIII",
        "IXXIIIIIIIZXIII",
        "IYYIIIIIIIZXIII",
        "IZXIIIIIIIZXIII",
        "IIIIIIIXIIIIIII",
        "IIIIIIIXZIIIIII",
        "IIIIIIIIIIIIIXI",
        "IIIIIIIIIIIIIXZ",
        "IIIIIIIIXIIIIIX",
        "IIIIIIIIXIIIIXX",
        "IIIIIIIIXIIIIYY",
        "IIIIIIIIXIIIIZX",
        "IIIIIIIXXIIIIIX",
        "IIIIIIIXXIIIIXX",
        "IIIIIIIXXIIIIYY",
        "IIIIIIIXXIIIIZX",
        "IIIIIIIYYIIIIIX",
        "IIIIIIIYYIIIIXX",
        "IIIIIIIYYIIIIYY",
        "IIIIIIIYYIIIIZX",
        "IIIIIIIZXIIIIIX",
        "IIIIIIIZXIIIIXX",
        "IIIIIIIZXIIIIYY",
        "IIIIIIIZXIIIIZX",
        "IIIIXIIIIIIIIII",
        "IIIIXZIIIIIIIII",
        "IIIIIXIIIIIXIII",
        "IIIIIXIIIIXXIII",
        "IIIIIXIIIIYYIII",
        "IIIIIXIIIIZXIII",
        "IIIIXXIIIIIXIII",
        "IIIIXXIIIIXXIII",
        "IIIIXXIIIIYYIII",
        "IIIIXXIIIIZXIII",
        "IIIIYYIIIIIXIII",
        "IIIIYYIIIIXXIII",
        "IIIIYYIIIIYYIII",
        "IIIIYYIIIIZXIII",
        "IIIIZXIIIIIXIII",
        "IIIIZXIIIIXXIII",
        "IIIIZXIIIIYYIII",
        "IIIIZXIIIIZXIII",
        "IIXIIIIIXIIIIII",
        "IIXIIIIXXIIIIII",
        "IIXIIIIYYIIIIII",
        "IIXIIIIZXIIIIII",
        "IXXIIIIIXIIIIII",
        "IXXIIIIXXIIIIII",
        "IXXIIIIYYIIIIII",
        "IXXIIIIZXIIIIII",
        "IYYIIIIIXIIIIII",
        "IYYIIIIXXIIIIII",
        "IYYIIIIYYIIIIII",
        "IYYIIIIZXIIIIII",
        "IZXIIIIIXIIIIII",
        "IZXIIIIXXIIIIII",
        "IZXIIIIYYIIIIII",
        "IZXIIIIZXIIIIII",
        "IIIIIXIIIIIIIIX",
        "IIIIXXIIIIIIIIX",
        "IIIIYYIIIIIIIIX",
        "IIIIZXIIIIIIIIX",
        "IIIIIXIIIIIIIXX",
        "IIIIXXIIIIIIIXX",
        "IIIIYYIIIIIIIXX",
        "IIIIZXIIIIIIIXX",
        "IIIIIXIIIIIIIYY",
        "IIIIXXIIIIIIIYY",
        "IIIIYYIIIIIIIYY",
        "IIIIZXIIIIIIIYY",
        "IIIIIXIIIIIIIZX",
        "IIIIXXIIIIIIIZX",
        "IIIIYYIIIIIIIZX",
        "IIIIZXIIIIIIIZX"
    ]
}