{
    "potential": "QHO",
    "cutoff": 4,
    "exact_eigenvalues": [
        0.0,
        1.0,
        1.0,
        1.0,
        2.0,
        2.0,
        2.0,
        3.0
    ],
    "ansatz": "StronglyEntanglingLayers-1layer",
    "num_VQD": 4,
    "Optimizer": {
        "name": "COBYLA",
        "maxiter": 10000,
        "tolerance": 1e-06
    },
    "converged_energies": [
        1.1906424879714302e-10,
        1.0000000000046336,
        1.0000000000806006,
        1.0000000000388256
    ],
    "converged_params": [
        [
            2.1277851387433557,
            3.141605350027716,
            2.7197840439134455,
            1.3154457658287488,
            6.2831782514180965,
            5.858968145253802,
            4.8376292496235695,
            1.4679574887210833e-05,
            4.068251390307768
        ],
        [
            0.6412580474208691,
            3.1415924688243315,
            0.5844204782290523,
            4.034689694815669,
            3.563528851832355,
            3.7811483818078075,
            5.358218667426584,
            3.141593582865417,
            5.082663929918208
        ],
        [
            4.48112464201947,
            0.0,
            0.8274028332811665,
            5.546164772507761,
            6.283185307179586,
            3.572088162386209,
            4.993051433026023,
            0.0,
            6.102597457579321
        ],
        [
            3.1124046796565397,
            3.1415927554486958,
            3.9965401416343815,
            1.6139536666375047,
            0.42193617013386575,
            3.781147286136719,
            3.8350027393409225,
            3.1416088359604446,
            3.105581086608865
        ]
    ],
    "energies": [
        [
            0.005655810583538277,
            0.005655810583538277,
            0.005655810583538277,
            0.005655810583538277,
            0.005655810583538277,
            0.005655810583538277,
            0.005655810583538277,
            0.005655810583538277,
            0.005655810583538277,
            0.0016932333079386782,
            0.0016932333079386782,
            0.0016932333079386782,
            0.0011703269957377056,
            0.000527876239033424,
            0.000527876239033424,
            0.0004880931506680497,
            0.0004880931506680497,
            0.0004880931506680497,
            2.5276932085854768e-05,
            2.5276932085854768e-05,
            2.5276932085854768e-05,
            2.5276932085854768e-05,
            2.5276932085854768e-05,
            1.3012300919932147e-05,
            1.3012300919932147e-05,
            1.3012300919932147e-05,
            1.3012300919932147e-05,
            1.3012300919932147e-05,
            4.786814226682752e-06,
            4.786814226682752e-06,
            3.961191926569649e-06,
            3.961191926569649e-06,
            5.140102715475261e-07,
            5.140102715475261e-07,
            5.140102715475261e-07,
            5.140102715475261e-07,
            5.140102715475261e-07,
            5.140102715475261e-07,
            5.140102715475261e-07,
            4.682701551544194e-07,
            2.2712062661967668e-07,
            2.2712062661967668e-07,
            2.2712062661967668e-07,
            1.564953407844019e-07,
            1.116819010942454e-07,
            1.116819010942454e-07,
            1.0614514308592119e-07,
            2.2591850321363847e-08,
            1.9145859462232797e-08,
            1.9145859462232797e-08,
            1.9145859462232797e-08,
            2.666806129117183e-09,
            2.666806129117183e-09,
            1.3093194370556462e-09,
            1.3093194370556462e-09,
            1.0946241415684551e-09,
            1.738193003518979e-10,
            1.738193003518979e-10,
            1.738193003518979e-10,
            1.1906424879714302e-10
        ],
        [
            1.0024804116553172,
            1.0024804116553172,
            1.0024804116553172,
            1.0021931929683783,
            1.0001326581252767,
            1.0001326581252767,
            1.000082758295219,
            1.0000096279526642,
            1.0000096279526642
        ],
        [
            1.0417895795486676,
            1.0417895795486676,
            1.0417895795486676,
            1.0417895795486676,
            1.0064464795552401,
            1.0064464795552401,
            1.0064464795552401,
            1.0064464795552401,
            1.0064464795552401,
            1.0064464795552401,
            1.0064464795552401,
            1.0064464795552401,
            1.0064464795552401,
            1.0064464795552401,
            1.0064464795552401,
            1.0064464795552401,
            1.0064464795552401,
            1.0064464795552401,
            1.0064464795552401,
            1.0025714913416082,
            1.0025714913416082,
            1.0025714913416082,
            1.0025714913416082,
            1.0025714913416082,
            1.0025714913416082,
            1.0010400175940601,
            1.0010400175940601,
            1.0010400175940601,
            1.0010400175940601,
            1.0010400175940601,
            1.0010400175940601,
            1.0006848326378996,
            1.0006848326378996,
            1.0006848326378996,
            1.0006848326378996,
            1.0006848326378996,
            1.0006848326378996,
            1.0006848326378996,
            1.0006848326378996,
            1.000663132137411,
            1.000663132137411,
            1.000663132137411,
            1.000663132137411,
            1.0006310321963314,
            1.0000990621626946,
            1.0000990621626946,
            1.0000990621626946,
            1.0000990621626946,
            1.0000990621626946,
            1.0000581496693934,
            1.0000581496693934,
            1.0000581496693934,
            1.0000581496693934,
            1.0000457079316862,
            1.0000457079316862,
            1.0000457079316862,
            1.0000457079316862,
            1.0000380999094802,
            1.0000029305541216,
            1.0000029305541216,
            1.0000029305541216,
            1.0000029305541216
        ],
        [
            1.0396382136850435,
            1.0357209387513842,
            1.0357209387513842,
            1.0357209387513842,
            1.0357209387513842,
            1.0357209387513842,
            1.0357209387513842,
            1.0290177995372618,
            1.0039388626974892,
            1.0039388626974892,
            1.0039388626974892,
            1.0039388626974892,
            1.0034014482608495,
            1.0010855952156765,
            1.0006052230561544
        ]
    ],