{
    "potential": "DW",
    "cutoff": 2,
    "exact_eigenvalues": [
        0.357233047,
        0.7714466094,
        1.4785533906,
        3.892766953
    ],
    "ansatz": "ry_cnot_ansatz",
    "num_VQE": 100,
    "Optimizer": {
        "name": "AdamOptimizer",
        "stepsize": 0.5,
        "maxiter": 2500,
        "tolerance": 1e-08
    },
    "results": [
        0.35723308802073295,
        0.35723355857828526,
        0.3572330805267435,
        0.3572331715448431,
        0.35723307449030667,
        0.35723309396126773,
        0.3572331189949133,
        0.35723327653129106,
        0.35723314077282475,
        0.3572334020267612,
        0.3572336155537657,
        0.35723320557526933,
        0.35723308999126313,
        0.357237119813132,
        0.35723317977816493,
        0.3572331685371332,
        0.3572352822590414,
        0.35723337187525467,
        0.3572331537998553,
        0.3572333521015334,
        0.3572330928036122,
        0.3572331062210148,
        0.357233079651566,
        0.3572331994344325,
        0.3572331256778527,
        0.3572331046356937,
        0.35723310607625136,
        0.3572330574913516,
        0.3572345521546858,
        0.35723898540190474,
        0.357233136131397,
        0.357233058656211,
        0.35723569940648614,
        0.3572378946020695,
        0.3572330582759478,
        0.357233094966534,
        0.3572340120341041,
        0.35723314598898337,
        0.3572330761866395,
        0.3572337893575188,
        0.3572332157350068,
        0.3572330613389873,
        0.35723307145446076,
        0.3572333258459296,
        0.3572368868400317,
        0.35723307507785573,
        0.3572330563917595,
        0.35723359127569954,
        0.357233054555461,
        0.35723322560434584,
        0.35723324868352024,
        0.3572334250269623,
        0.3572331010338842,
        0.3572330705086594,
        0.3572330608338412,
        0.357233064445619,
        0.35723316190317334,
        0.35723311198778296,
        0.3572330557335069,
        0.3572330764136577,
        0.35723333629399967,
        0.35723369371518343,
        0.3572358176300363,
        0.3572341012106057,
        0.3572331309770031,
        0.35723389767781394,
        0.3572333890454157,
        0.35723362775895273,
        0.35723322988892464,
        0.35723309787159274,
        0.3572333506701458,
        0.35723316214162154,
        0.3572344960401914,
        0.357233051490122,
        0.3572331869206439,
        0.3572331066733332,
        0.35723368482540563,
        0.3572331184037542,
        0.3572333327760515,
        0.3572330541932851,
        0.3572332830758077,
        0.357262111631778,
        0.357233059745831,
        0.35723309769477285,
        0.35723306531598775,
        0.35723306037030844,
        0.3572331804634807,
        0.35723351384185636,
        0.357233081838261,
        0.3572351746280371,
        0.3572330622721842,
        0.35723372338923753,
        0.3572330705654057,
        0.35723333850837896,
        0.3572332182932814,
        0.35723305301288444,
        0.3572331565507157,
        0.3572333744648559,
        0.35723305487444756,
        0.35723306004676436
    ],
    "params": [
        [
            5.952869275309782e-05,
            4.712606454073279
        ],
        [
            -12.565073095295418,
            -7.8537680787915365
        ],
        [
            -6.282432295763614,
            -7.8536344676961445
        ],
        [
            12.564621658896744,
            4.712090161842238
        ],
        [
            -6.283396941509475,
            10.995481669563894
        ],
        [
            -18.84939484203813,
            17.278680466335576
        ],
        [
            -5.354454737655916e-05,
            4.712257288301468
        ],
        [
            -6.282849735922957,
            4.712694643064213
        ],
        [
            12.56711300253173,
            -1.5708274817411996
        ],
        [
            -18.847745733834277,
            -7.853433629690886
        ],
        [
            -12.564027734217218,
            4.711965237153635
        ],
        [
            -18.850339997929062,
            4.712490618350671
        ],
        [
            -0.001069886185642729,
            -1.5708261671125463
        ],
        [
            12.564163263081255,
            -1.569653086005562
        ],
        [
            0.0011090084161327785,
            -1.5704981165374485
        ],
        [
            -0.0009617969147936303,
            23.561968689602843
        ],
        [
            -0.0013547020919297147,
            -7.853792371149582
        ],
        [
            0.00040157088909329667,
            -14.136851714386763
        ],
        [
            25.13385429594185,
            -1.5710540777393986
        ],
        [
            -6.282951179813533,
            -14.138013151367968
        ],
        [
            0.00049252834178735,
            4.712469864472999
        ],
        [
            -6.283370481373308,
            4.712288102661702
        ],
        [
            12.566621321030016,
            10.995209883267755
        ],
        [
            -6.282836875913548,
            -1.5710884914720444
        ],
        [
            -12.566397427308694,
            -1.570594334922022
        ],
        [
            18.85007520035347,
            17.27896377020545
        ],
        [
            6.284431939899612,
            -1.570938557126861
        ],
        [
            0.0007996696974986797,
            -1.570828978267412
        ],
        [
            -0.00041689228649709664,
            -1.5700603963091802
        ],
        [
            -6.283439764522595,
            -1.5730607179003153
        ],
        [
            6.282929532640557,
            4.7122278509837825
        ],
        [
            0.0006412035023332101,
            -1.570976042247531
        ],
        [
            -12.569551061500466,
            -1.5703055137672735
        ],
        [
            6.287502765686757,
            4.713436865450999
        ],
        [
            -9.972709420301048e-05,
            -7.853771126548006
        ],
        [
            -12.565829999757405,
            4.712633710596962
        ],
        [
            -6.284029457136248,
            10.996152628939045
        ],
        [
            6.284185594927974,
            10.995331641901572
        ],
        [
            -6.283419660763035,
            -1.5708938210658732
        ],
        [
            0.0007844737509887988,
            4.71188899384372
        ],
        [
            6.282224291846542,
            4.712369632449974
        ],
        [
            0.0009032180081836015,
            4.7124218301315155
        ],
        [
            -6.283468906858242,
            -14.136956533918065
        ],
        [
            -6.282518294217365,
            -14.138233062684417
        ],
        [
            -0.00046983208876552336,
            -14.13579368122997
        ],
        [
            -6.283064636099579,
            23.561729358116953
        ],
        [
            6.2837556745049765,
            -14.137107844563577
        ],
        [
            -6.28342704740675,
            -7.854437879717671
        ],
        [
            4.043331837424719e-05,
            4.712603459529073
        ],
        [
            -6.284042323601122,
            10.995715412822667
        ],
        [
            -6.2837414686393265,
            17.278981915846153
        ],
        [
            6.284557260910425,
            -14.137052420467134
        ],
        [
            12.566722954163222,
            10.99591642876961
        ],
        [
            6.283371674507065,
            -7.8537770156114295
        ],
        [
            -6.282440696003598,
            -7.853870997234818
        ],
        [
            6.282995177219795,
            -1.5710352996822539
        ],
        [
