{
    "load_date": "2025-12-22 15:17:22.554686",
    "potential": "linear",
    "cutoff": 4,
    "N": 5,
    "a": 1.0,
    "c": null,
    "boundary_condition": "dirichlet",
    "num_qubits": 15,
    "H_size": [
        32768,
        32768
    ],
    "H_dense_mem_estimate_bytes": 17179869184,
    "H_sparse_mem_estimate_bytes": 14548996,
    "H_pauli_time": "0:00:00.007203",
    "H_creation_time": "0:00:00.039353",
    "H_eigenvalue_time": "0:00:01.040207",
    "eigenvalues": [
        -0.00018334043511938425,
        0.8674689591893027,
        0.8918775571877132,
        0.9832150038241889,
        0.9998166595648821,
        1.020898812078009,
        1.0462318035320315,
        1.1178506483147703
    ],
    "best_basis_state": [
        0,
        0,
        0,
        1,
        0,
        0,
        0,
        0,
        0,
        1,
        0,
        0,
        0,
        0,
        0
    ],
    "basis_prob": 0.8126474654266007,
    "num_paulis": 82,
    "pauli_coeffs": [
        9.0,
        -0.5624999999999999,
        -0.5625000000000001,
        -0.5,
        -0.6249999999999999,
        -0.6250000000000001,
        0.5,
        -0.6249999999999999,
        -0.6250000000000001,
        -0.5,
        -0.6249999999999999,
        -0.6250000000000001,
        0.5,
        -0.5624999999999999,
        -0.5625000000000001,
        -0.5,
        0.25,
        0.25,
        0.25,
        0.25,
        0.25,
        0.25,
        0.25,
        0.25,
        0.24148145657226705,
        -0.06470476127563018,
        0.24148145657226705,
        -0.06470476127563018,
        0.12074072828613353,
        -0.03235238063781509,
        -0.2332531754730548,
        -0.12074072828613353,
        -0.12074072828613353,
        0.0625,
        -0.12074072828613353,
        -0.0625,
        -0.0625,
        0.03235238063781509,
        -0.12074072828613353,
        -0.0625,
        -0.0625,
        0.03235238063781509,
        0.06249999999999999,
        0.03235238063781509,
        0.03235238063781509,
        -0.01674682452694517,
        0.24148145657226705,
        -0.06470476127563018,
        -0.2332531754730548,
        -0.12074072828613353,
        -0.12074072828613353,
        0.0625,
        -0.12074072828613353,
        -0.0625,
        -0.0625,
        0.03235238063781509,
        -0.12074072828613353,
        -0.0625,
        -0.0625,
        0.03235238063781509,
        0.06249999999999999,
        0.03235238063781509,
        0.03235238063781509,
        -0.01674682452694517,
        0.12074072828613353,
        -0.03235238063781509,
        -0.2332531754730548,
        -0.12074072828613353,
        -0.12074072828613353,
        0.0625,
        -0.12074072828613353,
        -0.0625,
        -0.0625,
        0.03235238063781509,
        -0.12074072828613353,
        -0.0625,
        -0.0625,
        0.03235238063781509,
        0.06249999999999999,
        0.03235238063781509,
        0.03235238063781509,
        -0.01674682452694517
    ],
    "pauli_labels": [
        "IIIIIIIIIIIIIII",
        "IIIIIIIIIIIIIZI",
        "IIIIIIIIIIIIIZZ",
        "IIIIIIIIIIIIZII",
        "IIIIIIIIIIZIIII",
        "IIIIIIIIIIZZIII",
        "IIIIIIIIIZIIIII",
        "IIIIIIIZIIIIIII",
        "IIIIIIIZZIIIIII",
        "IIIIIIZIIIIIIII",
        "IIIIZIIIIIIIIII",
        "IIIIZZIIIIIIIII",
        "IIIZIIIIIIIIIII",
        "IZIIIIIIIIIIIII",
        "IZZIIIIIIIIIIII",
        "ZIIIIIIIIIIIIII",
        "IIIIIIIIIXIIXII",
        "IIIIIIIIIYIIYII",
        "IIIIIIXIIXIIIII",
        "IIIIIIYIIYIIIII",
        "IIIXIIXIIIIIIII",
        "IIIYIIYIIIIIIII",
        "XIIXIIIIIIIIIII",
        "YIIYIIIIIIIIIII",
        "IIIIIIIIIIXIIII",
        "IIIIIIIIIIXZIII",
        "IIIIIIIXIIIIIII",
        "IIIIIIIXZIIIIII",
        "IIIIIIIIIIIIIXI",
        "IIIIIIIIIIIIIXZ",
        "IIIIIIIIXIIIIIX",
        "IIIIIIIIXIIIIXX",
        "IIIIIIIIXIIIIYY",
        "IIIIIIIIXIIIIZX",
        "IIIIIIIXXIIIIIX",
        "IIIIIIIXXIIIIXX",
        "IIIIIIIXXIIIIYY",
        "IIIIIIIXXIIIIZX",
        "IIIIIIIYYIIIIIX",
        "IIIIIIIYYIIIIXX",
        "IIIIIIIYYIIIIYY",
        "IIIIIIIYYIIIIZX",
        "IIIIIIIZXIIIIIX",
        "IIIIIIIZXIIIIXX",
        "IIIIIIIZXIIIIYY",
        "IIIIIIIZXIIIIZX",
        "IIIIXIIIIIIIIII",
        "IIIIXZIIIIIIIII",
        "IIIIIXIIIIIXIII",
        "IIIIIXIIIIXXIII",
        "IIIIIXIIIIYYIII",
        "IIIIIXIIIIZXIII",
        "IIIIXXIIIIIXIII",
        "IIIIXXIIIIXXIII",
        "IIIIXXIIIIYYIII",
        "IIIIXXIIIIZXIII",
        "IIIIYYIIIIIXIII",
        "IIIIYYIIIIXXIII",
        "IIIIYYIIIIYYIII",
        "IIIIYYIIIIZXIII",
        "IIIIZXIIIIIXIII",
        "IIIIZXIIIIXXIII",
        "IIIIZXIIIIYYIII",
        "IIIIZXIIIIZXIII",
        "IXIIIIIIIIIIIII",
        "IXZIIIIIIIIIIII",
        "IIXIIIIIXIIIIII",
        "IIXIIIIXXIIIIII",
        "IIXIIIIYYIIIIII",
        "IIXIIIIZXIIIIII",
        "IXXIIIIIXIIIIII",
        "IXXIIIIXXIIIIII",
        "IXXIIIIYYIIIIII",
        "IXXIIIIZXIIIIII",
        "IYYIIIIIXIIIIII",
        "IYYIIIIXXIIIIII",
        "IYYIIIIYYIIIIII",
        "IYYIIIIZXIIIIII",
        "IZXIIIIIXIIIIII",
        "IZXIIIIXXIIIIII",
        "IZXIIIIYYIIIIII",
        "IZXIIIIZXIIIIII"
    ]
}