{
    "load_date": "2025-12-22 15:17:21.464704",
    "potential": "linear",
    "cutoff": 2,
    "N": 5,
    "a": 1.0,
    "c": null,
    "boundary_condition": "dirichlet",
    "num_qubits": 10,
    "H_size": [
        1024,
        1024
    ],
    "H_dense_mem_estimate_bytes": 16777216,
    "H_sparse_mem_estimate_bytes": 167940,
    "H_pauli_time": "0:00:00.004135",
    "H_creation_time": "0:00:00.027054",
    "H_eigenvalue_time": "0:00:00.103089",
    "eigenvalues": [
        -0.31590964428218754,
        -0.31590964428218676,
        -0.31590964428218526,
        -0.31590964428218377,
        -0.06590964428219068,
        -0.06590964428219007,
        -0.06590964428218975,
        -0.06590964428218864
    ],
    "best_basis_state": [
        0,
        0,
        1,
        1,
        0,
        0,
        1,
        0,
        0,
        1
    ],
    "basis_prob": 0.04087845251076402,
    "num_paulis": 17,
    "pauli_coeffs": [
        3.0,
        -0.5,
        0.5,
        -0.5,
        0.5,
        -0.5,
        0.25,
        0.25,
        0.25,
        0.25,
        0.25,
        0.25,
        0.25,
        0.25,
        -0.12499999999999997,
        -0.12499999999999997,
        -0.12499999999999997
    ],
    "pauli_labels": [
        "IIIIIIIIII",
        "IIIIIIIIZI",
        "IIIIIIZIII",
        "IIIIZIIIII",
        "IIZIIIIIII",
        "ZIIIIIIIII",
        "IIIIIIXIXI",
        "IIIIIIYIYI",
        "IIIIXIXIII",
        "IIIIYIYIII",
        "IIXIXIIIII",
        "IIYIYIIIII",
        "XIXIIIIIII",
        "YIYIIIIIII",
        "IIIIIXIIIX",
        "IIIXIIIXII",
        "IXIIIXIIII"
    ]
}