{
    "load_date": "2026-02-02 18:45:14.277400",
    "potential": "linear",
    "cutoff": 2,
    "N": 3,
    "a": 1.0,
    "c": null,
    "x_max": 2.0,
    "boundary_condition": "dirichlet",
    "num_qubits": 6,
    "H_size": [
        64,
        64
    ],
    "H_dense_mem_estimate_bytes": 65536,
    "H_sparse_mem_estimate_bytes": 7940,
    "H_pauli_time": "0:00:00.003297",
    "H_creation_time": "0:00:00.001893",
    "H_eigenvalue_time": "0:00:00.005389",
    "eigenvalues": [
        -0.28722658108774585,
        0.7127734189122505,
        0.937518290303842,
        0.9375182903038431,
        1.9375182903038368,
        1.9375182903038461,
        2.162263161695425,
        2.3628181212327863
    ],
    "best_basis_state": [
        0,
        1,
        1,
        1,
        0,
        1
    ],
    "basis_prob": 0.7832679984462504,
    "num_paulis": 15,
    "pauli_coeffs": [
        5.6005508252042535,
        -0.6168502750680848,
        1.0,
        -0.5,
        -0.6168502750680848,
        1.5,
        0.5,
        -0.6168502750680848,
        1.0,
        -0.5,
        0.25,
        0.25,
        0.25,
        0.25,
        -0.25
    ],
    "pauli_labels": [
        "IIIIII",
        "IIIIIX",
        "IIIIIZ",
        "IIIIZI",
        "IIIXII",
        "IIIZII",
        "IIZIII",
        "IXIIII",
        "IZIIII",
        "ZIIIII",
        "IIXIXI",
        "IIYIYI",
        "XIXIII",
        "YIYIII",
        "IZIIIZ"
    ],
    "boson_position_marginals": {
        "site_0": {
            "x_grid": [
                -2.0,
                0.0
            ],
            "P_x": [
                0.05403085915255511,
                0.9459691408474412
            ],
            "edge_mass_2": 1.9999999999999927
        },
        "site_1": {
            "x_grid": [
                -2.0,
                0.0
            ],
            "P_x": [
                0.03757451736117827,
                0.9624254826388181
            ],
            "edge_mass_2": 1.9999999999999927
        },
        "site_2": {
            "x_grid": [
                -2.0,
                0.0
            ],
            "P_x": [
                0.05403085915255514,
                0.9459691408474412
            ],
            "edge_mass_2": 1.9999999999999927
        }
    }
}