{
    "load_date": "2026-02-02 18:45:17.812656",
    "potential": "linear",
    "cutoff": 16,
    "N": 3,
    "a": 1.0,
    "c": null,
    "x_max": 2.0,
    "boundary_condition": "dirichlet",
    "num_qubits": 15,
    "H_size": [
        32768,
        32768
    ],
    "H_dense_mem_estimate_bytes": 17179869184,
    "H_sparse_mem_estimate_bytes": 31588356,
    "H_pauli_time": "0:00:00.397678",
    "H_creation_time": "0:00:00.011941",
    "H_eigenvalue_time": "0:00:02.979413",
    "eigenvalues": [
        -0.09102357534500354,
        0.9089764246549613,
        1.1337212960465264,
        1.1337212960465455,
        1.1542782297129845,
        1.3278760754700354,
        1.3840454871138612,
        1.763538732742436
    ],
    "best_basis_state": [
        0,
        1,
        0,
        0,
        0,
        1,
        1,
        0,
        0,
        0,
        0,
        1,
        0,
        0,
        0
    ],
    "basis_prob": 0.0026497669650870706,
    "num_paulis": 135,
    "pauli_coeffs": [
        82.25727923378295,
        -16.20721194755007,
        0.015625,
        4.21211715018206,
        -9.102850619729356,
        -7.104361327820708,
        0.03125000000000089,
        0.03906249999999911,
        1.2337005501361662,
        -1.4453701007252413,
        2.4674011002723417,
        -4.934802200544677,
        3.4894320998194472,
        -0.553119191183415,
        -3.614929228001266,
        1.7447160499097265,
        -4.168048419184687,
        0.06250000000000089,
        0.07812499999999911,
        0.1562500000000009,
        0.6168502750680847,
        -0.6412566531781666,
        0.7226850503626205,
        -0.7667537813600043,
        0.12549712818183045,
        1.2337005501361724,
        -1.4453701007252389,
        2.467401100272335,
        -4.934802200544681,
        3.4894320998194392,
        0.5531191911834037,
        3.6149292280012677,
        -1.7447160499097125,
        4.168048419184677,
        0.12499999999999978,
        0.15625000000000022,
        0.3124999999999998,
        0.6249999999999993,
        -0.5,
        -16.20721194755007,
        0.0234375,
        4.21211715018206,
        -9.102850619729356,
        -7.104361327820708,
        0.04687500000000089,
        0.04687499999999911,
        1.2337005501361662,
        -1.4453701007252413,
        2.4674011002723417,
        -4.934802200544677,
        3.4894320998194472,
        -0.553119191183415,
        -3.614929228001266,
        1.7447160499097265,
        -4.168048419184687,
        0.09375000000000089,
        0.09374999999999911,
        0.1875000000000009,
        0.6168502750680847,
        -0.6412566531781666,
        0.7226850503626205,
        -0.7667537813600043,
        0.12549712818183045,
        1.2337005501361724,
        -1.4453701007252389,
        2.467401100272335,
        -4.934802200544681,
        3.4894320998194392,
        0.5531191911834037,
        3.6149292280012677,
        -1.7447160499097125,
        4.168048419184677,
        0.18749999999999978,
        0.18750000000000022,
        0.3749999999999998,
        0.7499999999999993,
        0.5,
        -16.20721194755007,
        0.015625,
        4.21211715018206,
        -9.102850619729356,
        -7.104361327820708,
        0.03125000000000089,
        0.03906249999999911,
        1.2337005501361662,
        -1.4453701007252413,
        2.4674011002723417,
        -4.934802200544677,
        3.4894320998194472,
        -0.553119191183415,
        -3.614929228001266,
        1.7447160499097265,
        -4.168048419184687,
        0.06250000000000089,
        0.07812499999999911,
        0.1562500000000009,
        0.6168502750680847,
        -0.6412566531781666,
        0.7226850503626205,
        -0.7667537813600043,
        0.12549712818183045,
        1.2337005501361724,
        -1.4453701007252389,
        2.467401100272335,
        -4.934802200544681,
        3.4894320998194392,
        0.5531191911834037,
        3.6149292280012677,
        -1.7447160499097125,
        4.168048419184677,
        0.12499999999999978,
        0.15625000000000022,
        0.3124999999999998,
        0.6249999999999993,
        -0.5,
        0.25,
        0.25,
        0.25,
        0.25,
        -0.00390625,
        -0.0078125,
        -0.015625,
        -0.03125,
        -0.0078125,
        -0.015625,
        -0.03125,
        -0.0625,
        -0.015625,
        -0.03125,
        -0.0625,
        -0.125,
        -0.03125,
        -0.0625,
        -0.125,
        -0.25
    ],