{
    "load_date": "2026-02-02 18:45:14.413857",
    "potential": "linear",
    "cutoff": 8,
    "N": 3,
    "a": 1.0,
    "c": null,
    "x_max": 2.0,
    "boundary_condition": "dirichlet",
    "num_qubits": 12,
    "H_size": [
        4096,
        4096
    ],
    "H_dense_mem_estimate_bytes": 268435456,
    "H_sparse_mem_estimate_bytes": 1982468,
    "H_pauli_time": "0:00:00.012577",
    "H_creation_time": "0:00:00.001047",
    "H_eigenvalue_time": "0:00:00.104139",
    "eigenvalues": [
        -0.08488524883886187,
        0.9151147511611211,
        1.1398596225527036,
        1.139859622552717,
        1.1597105393639888,
        1.3304776764926771,
        1.3830621158888308,
        1.7963539605854577
    ],
    "best_basis_state": [
        0,
        1,
        0,
        0,
        1,
        1,
        0,
        0,
        0,
        1,
        0,
        0
    ],
    "basis_prob": 0.021485322133912195,
    "num_paulis": 62,
    "pauli_coeffs": [
        23.090434077246798,
        -4.212117150182058,
        0.0625,
        1.233700550136172,
        -2.467401100272341,
        -1.7447160499097192,
        0.125,
        0.15625,
        0.6168502750680848,
        -0.7226850503626198,
        1.2337005501361675,
        -2.4674011002723377,
        1.7447160499097203,
        0.25,
        0.3125,
        0.625,
        -0.5,
        -4.212117150182058,
        0.09375,
        1.233700550136172,
        -2.467401100272341,
        -1.7447160499097192,
        0.1875,
        0.1875,
        0.6168502750680848,
        -0.7226850503626198,
        1.2337005501361675,
        -2.4674011002723377,
        1.7447160499097203,
        0.375,
        0.375,
        0.75,
        0.5,
        -4.212117150182058,
        0.0625,
        1.233700550136172,
        -2.467401100272341,
        -1.7447160499097192,
        0.125,
        0.15625,
        0.6168502750680848,
        -0.7226850503626198,
        1.2337005501361675,
        -2.4674011002723377,
        1.7447160499097203,
        0.25,
        0.3125,
        0.625,
        -0.5,
        0.25,
        0.25,
        0.25,
        0.25,
        -0.015625,
        -0.03125,
        -0.0625,
        -0.03125,
        -0.0625,
        -0.125,
        -0.0625,
        -0.125,
        -0.25
    ],
    "pauli_labels": [
        "IIIIIIIIIIII",
        "IIIIIIIIIIIX",
        "IIIIIIIIIIIZ",
        "IIIIIIIIIIXI",
        "IIIIIIIIIIXX",
        "IIIIIIIIIIYY",
        "IIIIIIIIIIZI",
        "IIIIIIIIIIZZ",
        "IIIIIIIIIXII",
        "IIIIIIIIIXIX",
        "IIIIIIIIIXXI",
        "IIIIIIIIIXXX",
        "IIIIIIIIIXYY",
        "IIIIIIIIIZII",
        "IIIIIIIIIZIZ",
        "IIIIIIIIIZZI",
        "IIIIIIIIZIII",
        "IIIIIIIXIIII",
        "IIIIIIIZIIII",
        "IIIIIIXIIIII",
        "IIIIIIXXIIII",
        "IIIIIIYYIIII",
        "IIIIIIZIIIII",
        "IIIIIIZZIIII",
        "IIIIIXIIIIII",
        "IIIIIXIXIIII",
        "IIIIIXXIIIII",
        "IIIIIXXXIIII",
        "IIIIIXYYIIII",
        "IIIIIZIIIIII",
        "IIIIIZIZIIII",
        "IIIIIZZIIIII",
        "IIIIZIIIIIII",
        "IIIXIIIIIIII",
        "IIIZIIIIIIII",
        "IIXIIIIIIIII",
        "IIXXIIIIIIII",
        "IIYYIIIIIIII",
        "IIZIIIIIIIII",
        "IIZZIIIIIIII",
        "IXIIIIIIIIII",
        "IXIXIIIIIIII",
        "IXXIIIIIIIII",
        "IXXXIIIIIIII",
        "IXYYIIIIIIII",
        "IZIIIIIIIIII",
        "IZIZIIIIIIII",
        "IZZIIIIIIIII",
        "ZIIIIIIIIIII",
        "IIIIXIIIXIII",
        "IIIIYIIIYIII",
        "XIIIXIIIIIII",
        "YIIIYIIIIIII",
        "IIIZIIIIIIIZ",
        "IIIZIIIIIIZI",
        "IIIZIIIIIZII",
        "IIZIIIIIIIIZ",
        "IIZIIIIIIIZI",
        "IIZIIIIIIZII",
        "IZIIIIIIIIIZ",
        "IZIIIIIIIIZI",
        "IZIIIIIIIZII"
    ],
    "boson_position_marginals": {
        "site_0": {
            "x_grid": [
                -2.0,
                -1.5,
                -1.0,
                -0.5,
                0.0,
                0.5,
                1.0,
                1.5
            ],
            "P_x": [
                0.01600224001518909,
                0.0344562622746809,
                0.1035276573673615,
                0.21774347863088972,
                0.2801056973014005,
                0.21451796678343776,
                0.10052603809803252,
                0.03312065952900175
            ],
            "edge_mass_2": 0.18410519991690427
        },
        "site_1": {
            "x_grid": [
                -2.0,
                -1.5,
                -1.0,
                -0.5,
                0.0,
                0.5,
                1.0,
                1.5
            ],
            "P_x": [
                0.010638834030075749,
                0.026166661103556428,
                0.09482398041379629,
                0.22364094914055385,
                0.30009798465410537,
                0.22364094914055355,
                0.09482398041379615,
                0.026166661103556473
            ],
            "edge_mass_2": 0.1577961366509848
        },
        "site_2": {
            "x_grid": [
                -2.0,
                -1.5,
                -1.0,
                -0.5,
                0.0,
                0.5,
                1.0,
                1.5
            ],
            "P_x": [
                0.01600224001518902,
                0.03445626227468081,
                0.10352765736736144,
                0.2177434786308899,
                0.2801056973014007,
                0.21451796678343785,
                0.10052603809803241,
                0.033120659529001666
            ],
            "edge_mass_2": 0.18410519991690388
        }
    }
}