{
    "load_date": "2026-02-02 18:45:14.293171",
    "potential": "linear",
    "cutoff": 4,
    "N": 3,
    "a": 1.0,
    "c": null,
    "x_max": 2.0,
    "boundary_condition": "dirichlet",
    "num_qubits": 9,
    "H_size": [
        512,
        512
    ],
    "H_dense_mem_estimate_bytes": 4194304,
    "H_sparse_mem_estimate_bytes": 124932,
    "H_pauli_time": "0:00:00.003596",
    "H_creation_time": "0:00:00.000314",
    "H_eigenvalue_time": "0:00:00.009663",
    "eigenvalues": [
        -0.06622010979493681,
        0.9337798902050627,
        1.1560031232542634,
        1.158524761596644,
        1.1585247615966485,
        1.3229861998502477,
        1.3563543589894589,
        1.9440087877810541
    ],
    "best_basis_state": [
        0,
        1,
        0,
        1,
        1,
        0,
        0,
        1,
        0
    ],
    "basis_prob": 0.18093304678470992,
    "num_paulis": 30,
    "pauli_coeffs": [
        8.489152475612762,
        -1.2337005501361697,
        0.2500000000000002,
        0.6168502750680849,
        -1.2337005501361697,
        0.5,
        0.625,
        -0.5,
        -1.2337005501361697,
        0.3750000000000002,
        0.6168502750680849,
        -1.2337005501361697,
        0.75,
        0.75,
        0.5,
        -1.2337005501361697,
        0.2500000000000002,
        0.6168502750680849,
        -1.2337005501361697,
        0.5,
        0.625,
        -0.5,
        0.25,
        0.25,
        0.25,
        0.25,
        -0.0625,
        -0.125,
        -0.125,
        -0.25
    ],
    "pauli_labels": [
        "IIIIIIIII",
        "IIIIIIIIX",
        "IIIIIIIIZ",
        "IIIIIIIXI",
        "IIIIIIIXX",
        "IIIIIIIZI",
        "IIIIIIIZZ",
        "IIIIIIZII",
        "IIIIIXIII",
        "IIIIIZIII",
        "IIIIXIIII",
        "IIIIXXIII",
        "IIIIZIIII",
        "IIIIZZIII",
        "IIIZIIIII",
        "IIXIIIIII",
        "IIZIIIIII",
        "IXIIIIIII",
        "IXXIIIIII",
        "IZIIIIIII",
        "IZZIIIIII",
        "ZIIIIIIII",
        "IIIXIIXII",
        "IIIYIIYII",
        "XIIXIIIII",
        "YIIYIIIII",
        "IIZIIIIIZ",
        "IIZIIIIZI",
        "IZIIIIIIZ",
        "IZIIIIIZI"
    ],
    "boson_position_marginals": {
        "site_0": {
            "x_grid": [
                -2.0,
                -1.0,
                0.0,
                1.0
            ],
            "P_x": [
                0.028765088658554417,
                0.20549557601297755,
                0.5703664911829049,
                0.19537284414555992
            ],
            "edge_mass_2": 0.9999999999999968
        },
        "site_1": {
            "x_grid": [
                -2.0,
                -1.0,
                0.0,
                1.0
            ],
            "P_x": [
                0.018784003158562584,
                0.18617662709578928,
                0.6088627426498554,
                0.18617662709578947
            ],
            "edge_mass_2": 0.9999999999999967
        },
        "site_2": {
            "x_grid": [
                -2.0,
                -1.0,
                0.0,
                1.0
            ],
            "P_x": [
                0.02876508865855447,
                0.2054955760129779,
                0.5703664911829048,
                0.19537284414555975
            ],
            "edge_mass_2": 0.999999999999997
        }
    }
}