{
    "load_date": "2026-02-02 18:39:24.071206",
    "potential": "linear",
    "cutoff": 2,
    "N": 2,
    "a": 1.0,
    "c": null,
    "x_max": 2.0,
    "boundary_condition": "dirichlet",
    "num_qubits": 4,
    "H_size": [
        16,
        16
    ],
    "H_dense_mem_estimate_bytes": 4096,
    "H_sparse_mem_estimate_bytes": 1348,
    "H_pauli_time": "0:00:00.001571",
    "H_creation_time": "0:00:00.000279",
    "H_eigenvalue_time": "0:00:00.000443",
    "eigenvalues": [
        -0.2342306804960788,
        0.8838033082538141,
        0.883803308253817,
        2.0018372970037093,
        2.1156665613862735,
        2.115666561386274,
        3.2337005501361684,
        3.2337005501361693
    ],
    "best_basis_state": [
        1,
        1,
        0,
        1
    ],
    "basis_prob": 0.8114246258284946,
    "num_paulis": 9,
    "pauli_coeffs": [
        3.2337005501361693,
        -0.6168502750680848,
        1.0,
        -0.5,
        -0.6168502750680848,
        1.0,
        0.5,
        0.25,
        0.25
    ],
    "pauli_labels": [
        "IIII",
        "IIIX",
        "IIIZ",
        "IIZI",
        "IXII",
        "IZII",
        "ZIII",
        "XIXI",
        "YIYI"
    ],
    "boson_position_marginals": {
        "site_0": {
            "x_grid": [
                -2.0,
                0.0
            ],
            "P_x": [
                0.07444947711885311,
                0.9255505228811465
            ],
            "edge_mass_2": 1.9999999999999991
        },
        "site_1": {
            "x_grid": [
                -2.0,
                0.0
            ],
            "P_x": [
                0.07444947711885308,
                0.9255505228811465
            ],
            "edge_mass_2": 1.9999999999999991
        }
    }
}