{
    "load_date": "2026-02-02 18:39:24.078636",
    "potential": "linear",
    "cutoff": 4,
    "N": 2,
    "a": 1.0,
    "c": null,
    "x_max": 2.0,
    "boundary_condition": "dirichlet",
    "num_qubits": 6,
    "H_size": [
        64,
        64
    ],
    "H_dense_mem_estimate_bytes": 65536,
    "H_sparse_mem_estimate_bytes": 10500,
    "H_pauli_time": "0:00:00.001727",
    "H_creation_time": "0:00:00.000215",
    "H_eigenvalue_time": "0:00:00.003598",
    "eigenvalues": [
        -0.18443712730417366,
        0.9335968614457199,
        0.9335968614457228,
        1.08246499210913,
        1.0824649921091356,
        1.6971873514453633,
        1.6971873514453641,
        2.051630850195612
    ],
    "best_basis_state": [
        1,
        1,
        0,
        0,
        1,
        0
    ],
    "basis_prob": 0.27061447362226365,
    "num_paulis": 17,
    "pauli_coeffs": [
        5.201101650408509,
        -1.2337005501361697,
        0.2500000000000002,
        0.6168502750680849,
        -1.2337005501361697,
        0.5,
        0.5,
        -0.5,
        -1.2337005501361697,
        0.2500000000000002,
        0.6168502750680849,
        -1.2337005501361697,
        0.5,
        0.5,
        0.5,
        0.25,
        0.25
    ],
    "pauli_labels": [
        "IIIIII",
        "IIIIIX",
        "IIIIIZ",
        "IIIIXI",
        "IIIIXX",
        "IIIIZI",
        "IIIIZZ",
        "IIIZII",
        "IIXIII",
        "IIZIII",
        "IXIIII",
        "IXXIII",
        "IZIIII",
        "IZZIII",
        "ZIIIII",
        "XIIXII",
        "YIIYII"
    ],
    "boson_position_marginals": {
        "site_0": {
            "x_grid": [
                -2.0,
                -1.0,
                0.0,
                1.0
            ],
            "P_x": [
                0.04106235306766606,
                0.212216460818137,
                0.5345047252960584,
                0.21221646081813697
            ],
            "edge_mass_2": 0.9999999999999984
        },
        "site_1": {
            "x_grid": [
                -2.0,
                -1.0,
                0.0,
                1.0
            ],
            "P_x": [
                0.041062353067666084,
                0.21221646081813683,
                0.5345047252960585,
                0.21221646081813691
            ],
            "edge_mass_2": 0.9999999999999984
        }
    }
}