{
    "load_date": "2026-02-02 19:37:43.021332",
    "potential": "linear",
    "cutoff": 32,
    "N": 2,
    "a": 1.0,
    "c": null,
    "x_max": 2.0,
    "boundary_condition": "dirichlet",
    "num_qubits": 12,
    "H_size": [
        4096,
        4096
    ],
    "H_dense_mem_estimate_bytes": 268435456,
    "H_sparse_mem_estimate_bytes": 5259268,
    "H_pauli_time": "0:00:27.071938",
    "H_creation_time": "0:00:00.002083",
    "H_eigenvalue_time": "0:00:00.469314",
    "eigenvalues": [
        -0.20907006143282797,
        0.9089639273169675,
        0.9089639273170025,
        1.1012581683420133,
        1.1012581683420501,
        1.4881838781580041,
        1.488183878158194,
        2.0269979160668434
    ],
    "best_basis_state": [
        1,
        1,
        0,
        0,
        0,
        0,
        0,
        1,
        0,
        0,
        0,
        0
    ],
    "basis_prob": 0.003958709926578673,
    "num_paulis": 197,
    "pauli_coeffs": [
        212.298731573285,
        -64.20601372416508,
        0.00390625,
        16.207211947550093,
        -35.763179270725274,
        -28.44283445343983,
        0.007812500000003553,
        0.007812499999996447,
        4.212117150182044,
        -5.048131363910668,
        9.10285061972936,
        -18.95874892306743,
        13.91061755915678,
        -2.2722134533748015,
        -14.532216894283025,
        7.104361327820695,
        -16.804430347657814,
        0.015625000000003553,
        0.015625,
        0.031249999999992895,
        1.2337005501360823,
        -1.2825133063562677,
        1.445370100725199,
        -1.5335075627199566,
        0.2509942563636648,
        2.4674011002723724,
        -2.890740201450495,
        4.9348022005446595,
        -9.869604401089337,
        6.978864199638856,
        1.1062383823668136,
        7.2298584560025585,
        -3.4894320998194512,
        8.336096838369384,
        -0.2502059339270125,
        -0.37060507876259896,
        0.5531191911833886,
        -0.6208110126895917,
        -1.1659750710079768,
        -7.3023584382805,
        3.6149292280012597,
        -8.46833350928846,
        1.744716049909699,
        -2.157391162460165,
        4.168048419184681,
        -9.089144521978096,
        6.931753359517909,
        0.031249999999998224,
        0.03125,
        0.06250000000000178,
        0.125,
        0.6168502750680891,
        -0.6228340660351881,
        0.641256653178148,
        -0.6482232081921382,
        0.025389142156996225,
        0.722685050362593,
        -0.7333490389903053,
        0.7667537813600298,
        -0.7804598791112878,
        0.047110840120979325,
        0.05973668864115289,
        0.07249998227796733,
        -0.12549712818183784,
        0.13223667091910524,
        1.2337005501362541,
        -1.2825133063564014,
        1.4453701007252509,
        -1.533507562720016,
        0.25099425636364514,
        2.4674011002723475,
        -2.8907402014504893,
        4.934802200544687,
        -9.869604401089374,
        6.978864199638929,
        1.1062383823668194,
        7.229858456002519,
        -3.4894320998194113,
        8.336096838369306,
        0.25020593392703927,
        0.37060507876259763,
        -0.5531191911833986,
        0.620811012689624,
        1.1659750710079524,
        7.302358438280487,
        -3.6149292280012064,
        8.468333509288424,
        -1.744716049909717,
        2.1573911624601836,
        -4.168048419184657,
        9.089144521978064,
        -6.931753359517919,
        0.06250000000000133,
        0.06249999999999689,
        0.12500000000000222,
        0.2500000000000031,
        0.5000000000000004,
        -0.5,
        -64.20601372416508,
        0.00390625,
        16.207211947550093,
        -35.763179270725274,
        -28.44283445343983,
        0.007812500000003553,
        0.007812499999996447,
        4.212117150182044,
        -5.048131363910668,
        9.10285061972936,
        -18.95874892306743,
        13.91061755915678,
        -2.2722134533748015,
        -14.532216894283025,
        7.104361327820695,
        -16.804430347657814,
        0.015625000000003553,
        0.015625,
        0.031249999999992895,
        1.2337005501360823,
        -1.2825133063562677,
        1.445370100725199,
        -1.5335075627199566,
        0.2509942563636648,
        2.4674011002723724,
        -2.890740201450495,
        4.9348022005446595,
        -9.869604401089337,
        6.978864199638856,
        1.1062383823668136,
        7.2298584560025585,
        -3.4894320998194512,
        8.336096838369384,
        -0.2502059339270125,
        -0.37060507876259896,
        0.5531191911833886,
        -0.6208110126895917,
        -1.1659750710079768,
        -7.3023584382805,
        3.6149292280012597,
        -8.46833350928846,
        1.744716049909699,
        -2.157391162460165,
        4.168048419184681,
        -9.089144521978096,
        6.931753359517909,
        0.031249999999998224,
        0.03125,
        0.06250000000000178,
        0.125,
        0.6168502750680891,
        -0.6228340660351881,
        0.641256653178148,
        -0.6482232081921382,
        0.025389142156996225,
        0.722685050362593,
        -0.7333490389903053,
        0.7667537813600298,
        -0.7804598791112878,
        0.047110840120979325,
        0.05973668864115289,
        0.07249998227796733,
        -0.12549712818183784,
        0.13223667091910524,
        1.2337005501362541,
        -1.2825133063564014,
        1.4453701007252509,
        -1.533507562720016,
        0.25099425636364514,
        2.4674011002723475,
        -2.8907402014504893,
        4.934802200544687,
        -9.869604401089374,
        6.978864199638929,
        1.1062383823668194,
        7.229858456002519,
        -3.4894320998194113,
        8.336096838369306,
        0.25020593392703927,
        0.37060507876259763,
        -0.5531191911833986,
        0.620811012689624,
        1.1659750710079524,
        7.302358438280487,
        -3.6149292280012064,
        8.468333509288424,
        -1.744716049909717,
        2.1573911624601836,
        -4.168048419184657,
        9.089144521978064,
        -6.931753359517919,
        0.06250000000000133,
        0.06249999999999689,
        0.12500000000000222,
        0.2500000000000031,
        0.5000000000000004,
        0.5,
        0.25,
        0.25
    ],