{
    "load_date": "2026-02-02 18:39:24.101819",
    "potential": "linear",
    "cutoff": 8,
    "N": 2,
    "a": 1.0,
    "c": null,
    "x_max": 2.0,
    "boundary_condition": "dirichlet",
    "num_qubits": 8,
    "H_size": [
        256,
        256
    ],
    "H_dense_mem_estimate_bytes": 1048576,
    "H_sparse_mem_estimate_bytes": 82948,
    "H_pauli_time": "0:00:00.010850",
    "H_creation_time": "0:00:00.000445",
    "H_eigenvalue_time": "0:00:00.010117",
    "eigenvalues": [
        -0.20207075976059016,
        0.9159632289892976,
        0.9159632289892989,
        1.1031354765403785,
        1.1031354765403896,
        1.5327255818878691,
        1.5327255818878787,
        2.0339972177391816
    ],
    "best_basis_state": [
        1,
        1,
        0,
        0,
        0,
        1,
        0,
        0
    ],
    "basis_prob": 0.06437823909103363,
    "num_paulis": 35,
    "pauli_coeffs": [
        14.945706051497865,
        -4.212117150182058,
        0.0625,
        1.233700550136172,
        -2.467401100272341,
        -1.7447160499097192,
        0.125,
        0.125,
        0.6168502750680848,
        -0.7226850503626198,
        1.2337005501361675,
        -2.4674011002723377,
        1.7447160499097203,
        0.25,
        0.25,
        0.5,
        -0.5,
        -4.212117150182058,
        0.0625,
        1.233700550136172,
        -2.467401100272341,
        -1.7447160499097192,
        0.125,
        0.125,
        0.6168502750680848,
        -0.7226850503626198,
        1.2337005501361675,
        -2.4674011002723377,
        1.7447160499097203,
        0.25,
        0.25,
        0.5,
        0.5,
        0.25,
        0.25
    ],
    "pauli_labels": [
        "IIIIIIII",
        "IIIIIIIX",
        "IIIIIIIZ",
        "IIIIIIXI",
        "IIIIIIXX",
        "IIIIIIYY",
        "IIIIIIZI",
        "IIIIIIZZ",
        "IIIIIXII",
        "IIIIIXIX",
        "IIIIIXXI",
        "IIIIIXXX",
        "IIIIIXYY",
        "IIIIIZII",
        "IIIIIZIZ",
        "IIIIIZZI",
        "IIIIZIII",
        "IIIXIIII",
        "IIIZIIII",
        "IIXIIIII",
        "IIXXIIII",
        "IIYYIIII",
        "IIZIIIII",
        "IIZZIIII",
        "IXIIIIII",
        "IXIXIIII",
        "IXXIIIII",
        "IXXXIIII",
        "IXYYIIII",
        "IZIIIIII",
        "IZIZIIII",
        "IZZIIIII",
        "ZIIIIIII",
        "XIIIXIII",
        "YIIIYIII"
    ],
    "boson_position_marginals": {
        "site_0": {
            "x_grid": [
                -2.0,
                -1.5,
                -1.0,
                -0.5,
                0.0,
                0.5,
                1.0,
                1.5
            ],
            "P_x": [
                0.02318353077943779,
                0.04244124407712034,
                0.10805889702629945,
                0.20755672662373625,
                0.26070273376624586,
                0.20755672662373573,
                0.10805889702629891,
                0.042441244077120285
            ],
            "edge_mass_2": 0.21612491595997732
        },
        "site_1": {
            "x_grid": [
                -2.0,
                -1.5,
                -1.0,
                -0.5,
                0.0,
                0.5,
                1.0,
                1.5
            ],
            "P_x": [
                0.023183530779437758,
                0.04244124407712029,
                0.10805889702629928,
                0.20755672662373603,
                0.26070273376624586,
                0.2075567266237359,
                0.10805889702629899,
                0.042441244077120396
            ],
            "edge_mass_2": 0.21612491595997743
        }
    }
}