{
    "load_date": "2026-02-02 18:39:24.566961",
    "potential": "linear",
    "cutoff": 16,
    "N": 2,
    "a": 1.0,
    "c": null,
    "x_max": 2.0,
    "boundary_condition": "dirichlet",
    "num_qubits": 10,
    "H_size": [
        1024,
        1024
    ],
    "H_dense_mem_estimate_bytes": 16777216,
    "H_sparse_mem_estimate_bytes": 659460,
    "H_pauli_time": "0:00:00.415097",
    "H_creation_time": "0:00:00.001198",
    "H_eigenvalue_time": "0:00:00.046445",
    "eigenvalues": [
        -0.20756367457015742,
        0.9104703141797331,
        0.9104703141797377,
        1.1019176354778835,
        1.1019176354779072,
        1.4971356269634961,
        1.4971356269635152,
        2.0285043029295893
    ],
    "best_basis_state": [
        1,
        1,
        0,
        0,
        0,
        0,
        1,
        0,
        0,
        0
    ],
    "basis_prob": 0.015888038300425088,
    "num_paulis": 79,
    "pauli_coeffs": [
        54.3928736558553,
        -16.20721194755007,
        0.015625,
        4.21211715018206,
        -9.102850619729356,
        -7.104361327820708,
        0.03125000000000089,
        0.031249999999999112,
        1.2337005501361662,
        -1.4453701007252413,
        2.4674011002723417,
        -4.934802200544677,
        3.4894320998194472,
        -0.553119191183415,
        -3.614929228001266,
        1.7447160499097265,
        -4.168048419184687,
        0.06250000000000089,
        0.06249999999999911,
        0.1250000000000009,
        0.6168502750680847,
        -0.6412566531781666,
        0.7226850503626205,
        -0.7667537813600043,
        0.12549712818183045,
        1.2337005501361724,
        -1.4453701007252389,
        2.467401100272335,
        -4.934802200544681,
        3.4894320998194392,
        0.5531191911834037,
        3.6149292280012677,
        -1.7447160499097125,
        4.168048419184677,
        0.12499999999999978,
        0.12500000000000022,
        0.24999999999999978,
        0.49999999999999933,
        -0.5,
        -16.20721194755007,
        0.015625,
        4.21211715018206,
        -9.102850619729356,
        -7.104361327820708,
        0.03125000000000089,
        0.031249999999999112,
        1.2337005501361662,
        -1.4453701007252413,
        2.4674011002723417,
        -4.934802200544677,
        3.4894320998194472,
        -0.553119191183415,
        -3.614929228001266,
        1.7447160499097265,
        -4.168048419184687,
        0.06250000000000089,
        0.06249999999999911,
        0.1250000000000009,
        0.6168502750680847,
        -0.6412566531781666,
        0.7226850503626205,
        -0.7667537813600043,
        0.12549712818183045,
        1.2337005501361724,
        -1.4453701007252389,
        2.467401100272335,
        -4.934802200544681,
        3.4894320998194392,
        0.5531191911834037,
        3.6149292280012677,
        -1.7447160499097125,
        4.168048419184677,
        0.12499999999999978,
        0.12500000000000022,
        0.24999999999999978,
        0.49999999999999933,
        0.5,
        0.25,
        0.25
    ],
    "pauli_labels": [
        "IIIIIIIIII",
        "IIIIIIIIIX",
        "IIIIIIIIIZ",
        "IIIIIIIIXI",
        "IIIIIIIIXX",
        "IIIIIIIIYY",
        "IIIIIIIIZI",
        "IIIIIIIIZZ",
        "IIIIIIIXII",
        "IIIIIIIXIX",
        "IIIIIIIXXI",
        "IIIIIIIXXX",
        "IIIIIIIXYY",
        "IIIIIIIYIY",
        "IIIIIIIYXY",
        "IIIIIIIYYI",
        "IIIIIIIYYX",
        "IIIIIIIZII",
        "IIIIIIIZIZ",
        "IIIIIIIZZI",
        "IIIIIIXIII",
        "IIIIIIXIIX",
        "IIIIIIXIXI",
        "IIIIIIXIXX",
        "IIIIIIXIYY",
        "IIIIIIXXII",
        "IIIIIIXXIX",
        "IIIIIIXXXI",
        "IIIIIIXXXX",
        "IIIIIIXXYY",
        "IIIIIIXYIY",
        "IIIIIIXYXY",
        "IIIIIIXYYI",
        "IIIIIIXYYX",
        "IIIIIIZIII",
        "IIIIIIZIIZ",
        "IIIIIIZIZI",
        "IIIIIIZZII",
        "IIIIIZIIII",
        "IIIIXIIIII",
        "IIIIZIIIII",
        "IIIXIIIIII",
        "IIIXXIIIII",
        "IIIYYIIIII",
        "IIIZIIIIII",
        "IIIZZIIIII",
        "IIXIIIIIII",
        "IIXIXIIIII",
        "IIXXIIIIII",
        "IIXXXIIIII",
        "IIXYYIIIII",
        "IIYIYIIIII",
        "IIYXYIIIII",
        "IIYYIIIIII",
        "IIYYXIIIII",
        "IIZIIIIIII",
        "IIZIZIIIII",
        "IIZZIIIIII",
        "IXIIIIIIII",
        "IXIIXIIIII",
        "IXIXIIIIII",
        "IXIXXIIIII",
        "IXIYYIIIII",
        "IXXIIIIIII",
        "IXXIXIIIII",
        "IXXXIIIIII",
        "IXXXXIIIII",
        "IXXYYIIIII",
        "IXYIYIIIII",
        "IXYXYIIIII",
        "IXYYIIIIII",
        "IXYYXIIIII",
        "IZIIIIIIII",
        "IZIIZIIIII",
        "IZIZIIIIII",
        "IZZIIIIIII",
        "ZIIIIIIIII",
        "XIIIIXIIII",
        "YIIIIYIIII"
    ],
    "boson_position_marginals": {
        "site_0": {
            "x_grid": [
                -2.0,
                -1.75,
                -1.5,
                -1.25,
                -1.0,
                -0.75,
                -0.5,
                -0.25,
                0.0,
                0.25,
                0.5,
                0.75,
                1.0,
                1.25,
                1.5,
                1.75
            ],
            "P_x": [
                0.012227432235629967,
                0.014572815247141383,
                0.021713111073522733,
                0.034667122395620406,
                0.05406264696943195,
                0.07841237656674353,
                0.10334340870084323,
                0.12235862884337362,
                0.129512348171006,
                0.12235862884337384,
                0.10334340870084342,
                0.07841237656674406,
                0.05406264696943234,
                0.03466712239562048,
                0.02171311107352285,
                0.014572815247141472
            ],
            "edge_mass_2": 0.06308617380343567
        },
        "site_1": {
            "x_grid": [
                -2.0,
                -1.75,
                -1.5,
                -1.25,
                -1.0,
                -0.75,
                -0.5,
                -0.25,
                0.0,
                0.25,
                0.5,
                0.75,
                1.0,
                1.25,
                1.5,
                1.75
            ],
            "P_x": [
                0.012227432235630003,
                0.014572815247141439,
                0.021713111073522792,
                0.034667122395620455,
                0.05406264696943204,
                0.07841237656674362,
                0.10334340870084319,
                0.12235862884337348,
                0.12951234817100582,
                0.12235862884337363,
                0.10334340870084327,
                0.07841237656674414,
                0.05406264696943238,
                0.034667122395620545,
                0.02171311107352289,
                0.014572815247141496
            ],
            "edge_mass_2": 0.06308617380343583
        }
    }
}