{
    "load_date": "2026-02-02 20:16:36.007992",
    "potential": "linear",
    "cutoff": 4,
    "N": 4,
    "a": 1.0,
    "c": null,
    "x_max": 7.0,
    "boundary_condition": "dirichlet",
    "num_qubits": 12,
    "H_size": [
        4096,
        4096
    ],
    "H_dense_mem_estimate_bytes": 268435456,
    "H_sparse_mem_estimate_bytes": 1327108,
    "H_pauli_time": "0:00:00.004974",
    "H_creation_time": "0:00:00.000782",
    "H_eigenvalue_time": "0:00:00.137842",
    "eigenvalues": [
        -1.7386010128142182,
        -0.6919437132111191,
        -0.6919437132110875,
        -0.4523240219652831,
        -0.45232402196526555,
        0.35471358639201483,
        0.5943332776378382,
        0.594333277637843
    ],
    "best_basis_state": [
        1,
        1,
        0,
        0,
        1,
        0,
        1,
        1,
        0,
        0,
        1,
        0
    ],
    "basis_prob": 0.8679007726209391,
    "num_paulis": 43,
    "pauli_coeffs": [
        49.60426149394425,
        -0.10071024899070774,
        3.0625,
        0.050355124495353856,
        -0.10071024899070771,
        6.125,
        7.65625,
        -0.5,
        -0.10071024899070774,
        3.828125,
        0.050355124495353856,
        -0.10071024899070771,
        7.65625,
        9.1875,
        0.5,
        -0.10071024899070774,
        3.828125,
        0.050355124495353856,
        -0.10071024899070771,
        7.65625,
        9.1875,
        -0.5,
        -0.10071024899070774,
        3.0625,
        0.050355124495353856,
        -0.10071024899070771,
        6.125,
        7.65625,
        0.5,
        0.25,
        0.25,
        0.25,
        0.25,
        0.25,
        0.25,
        -0.765625,
        -1.53125,
        -1.53125,
        -3.0625,
        -0.765625,
        -1.53125,
        -1.53125,
        -3.0625
    ],
    "pauli_labels": [
        "IIIIIIIIIIII",
        "IIIIIIIIIIIX",
        "IIIIIIIIIIIZ",
        "IIIIIIIIIIXI",
        "IIIIIIIIIIXX",
        "IIIIIIIIIIZI",
        "IIIIIIIIIIZZ",
        "IIIIIIIIIZII",
        "IIIIIIIIXIII",
        "IIIIIIIIZIII",
        "IIIIIIIXIIII",
        "IIIIIIIXXIII",
        "IIIIIIIZIIII",
        "IIIIIIIZZIII",
        "IIIIIIZIIIII",
        "IIIIIXIIIIII",
        "IIIIIZIIIIII",
        "IIIIXIIIIIII",
        "IIIIXXIIIIII",
        "IIIIZIIIIIII",
        "IIIIZZIIIIII",
        "IIIZIIIIIIII",
        "IIXIIIIIIIII",
        "IIZIIIIIIIII",
        "IXIIIIIIIIII",
        "IXXIIIIIIIII",
        "IZIIIIIIIIII",
        "IZZIIIIIIIII",
        "ZIIIIIIIIIII",
        "IIIIIIXIIXII",
        "IIIIIIYIIYII",
        "IIIXIIXIIIII",
        "IIIYIIYIIIII",
        "XIIXIIIIIIII",
        "YIIYIIIIIIII",
        "IIIIIZIIIIIZ",
        "IIIIIZIIIIZI",
        "IIIIZIIIIIIZ",
        "IIIIZIIIIIZI",
        "IIZIIIIIZIII",
        "IIZIIIIZIIII",
        "IZIIIIIIZIII",
        "IZIIIIIZIIII"
    ],
    "boson_position_marginals": {
        "site_0": {
            "x_grid": [
                -7.0,
                -3.5,
                0.0,
                3.5
            ],
            "P_x": [
                2.4276010260273668e-06,
                0.00017007225296544057,
                0.999657428839636,
                0.00017007130636182487
            ],
            "edge_mass_2": 0.9999999999999893
        },
        "site_1": {
            "x_grid": [
                -7.0,
                -3.5,
                0.0,
                3.5
            ],
            "P_x": [
                1.7169567052490908e-06,
                0.00011846108338111666,
                0.9997613616576829,
                0.00011846030221970754
            ],
            "edge_mass_2": 0.999999999999989
        },
        "site_2": {
            "x_grid": [
                -7.0,
                -3.5,
                0.0,
                3.5
            ],
            "P_x": [
                1.7169567052490906e-06,
                0.00011846108338111666,
                0.999761361657683,
                0.00011846030221970757
            ],
            "edge_mass_2": 0.9999999999999891
        },
        "site_3": {
            "x_grid": [
                -7.0,
                -3.5,
                0.0,
                3.5
            ],
            "P_x": [
                2.4276010260273502e-06,
                0.0001700722529654395,
                0.9996574288396363,
                0.00017007130636182352
            ],
            "edge_mass_2": 0.9999999999999896
        }
    }
}