{
    "load_date": "2026-02-02 20:16:35.860847",
    "potential": "linear",
    "cutoff": 2,
    "N": 4,
    "a": 1.0,
    "c": null,
    "x_max": 7.0,
    "boundary_condition": "dirichlet",
    "num_qubits": 8,
    "H_size": [
        256,
        256
    ],
    "H_dense_mem_estimate_bytes": 1048576,
    "H_sparse_mem_estimate_bytes": 41988,
    "H_pauli_time": "0:00:00.004276",
    "H_creation_time": "0:00:00.003764",
    "H_eigenvalue_time": "0:00:00.012471",
    "eigenvalues": [
        -2.1318173785737518,
        -1.0851600789706592,
        -1.085160078970646,
        -0.8455403877248221,
        -0.8455403877248034,
        -0.03850277936751314,
        0.20111691187831113,
        0.2011169118783172
    ],
    "best_basis_state": [
        1,
        1,
        0,
        1,
        1,
        1,
        0,
        1
    ],
    "basis_prob": 0.8689023992616265,
    "num_paulis": 21,
    "pauli_coeffs": [
        61.45142049798142,
        -0.050355124495353856,
        12.25,
        -0.5,
        -0.050355124495353856,
        15.3125,
        0.5,
        -0.050355124495353856,
        15.3125,
        -0.5,
        -0.050355124495353856,
        12.25,
        0.5,
        0.25,
        0.25,
        0.25,
        0.25,
        0.25,
        0.25,
        -3.0625,
        -3.0625
    ],
    "pauli_labels": [
        "IIIIIIII",
        "IIIIIIIX",
        "IIIIIIIZ",
        "IIIIIIZI",
        "IIIIIXII",
        "IIIIIZII",
        "IIIIZIII",
        "IIIXIIII",
        "IIIZIIII",
        "IIZIIIII",
        "IXIIIIII",
        "IZIIIIII",
        "ZIIIIIII",
        "IIIIXIXI",
        "IIIIYIYI",
        "IIXIXIII",
        "IIYIYIII",
        "XIXIIIII",
        "YIYIIIII",
        "IIIZIIIZ",
        "IZIIIZII"
    ],
    "boson_position_marginals": {
        "site_0": {
            "x_grid": [
                -7.0,
                0.0
            ],
            "P_x": [
                2.7035379388634093e-06,
                0.9999972964620513
            ],
            "edge_mass_2": 1.9999999999999802
        },
        "site_1": {
            "x_grid": [
                -7.0,
                0.0
            ],
            "P_x": [
                1.8774623206654311e-06,
                0.9999981225376695
            ],
            "edge_mass_2": 1.9999999999999805
        },
        "site_2": {
            "x_grid": [
                -7.0,
                0.0
            ],
            "P_x": [
                1.877462320665387e-06,
                0.9999981225376695
            ],
            "edge_mass_2": 1.9999999999999805
        },
        "site_3": {
            "x_grid": [
                -7.0,
                0.0
            ],
            "P_x": [
                2.7035379388635588e-06,
                0.9999972964620513
            ],
            "edge_mass_2": 1.9999999999999802
        }
    }
}