{
    "load_date": "2026-02-02 20:16:40.080568",
    "potential": "linear",
    "cutoff": 8,
    "N": 4,
    "a": 1.0,
    "c": null,
    "x_max": 7.0,
    "boundary_condition": "dirichlet",
    "num_qubits": 16,
    "H_size": [
        65536,
        65536
    ],
    "H_dense_mem_estimate_bytes": 68719476736,
    "H_sparse_mem_estimate_bytes": 42205188,
    "H_pauli_time": "0:00:00.015191",
    "H_creation_time": "0:00:00.007306",
    "H_eigenvalue_time": "0:00:04.037845",
    "eigenvalues": [
        -0.5320613942146599,
        0.5145959053884537,
        0.5145959053884613,
        0.7542155966342706,
        0.7542155966342794,
        1.3673424041718651,
        1.3673424041719011,
        1.561253204991558
    ],
    "best_basis_state": [
        1,
        1,
        0,
        0,
        0,
        1,
        0,
        0,
        1,
        1,
        0,
        0,
        0,
        1,
        0,
        0
    ],
    "basis_prob": 0.7291220466830804,
    "num_paulis": 89,
    "pauli_coeffs": [
        48.15312547779557,
        -0.3438462979740456,
        0.765625,
        0.10071024899070789,
        -0.20142049798141554,
        -0.1424257999926301,
        1.53125,
        1.9140625,
        0.05035512449535384,
        -0.05899469798878527,
        0.10071024899070753,
        -0.2014204979814153,
        0.1424257999926302,
        3.0625,
        3.828125,
        7.65625,
        -0.5,
        -0.3438462979740456,
        0.95703125,
        0.10071024899070789,
        -0.20142049798141554,
        -0.1424257999926301,
        1.9140625,
        2.296875,
        0.05035512449535384,
        -0.05899469798878527,
        0.10071024899070753,
        -0.2014204979814153,
        0.1424257999926302,
        3.828125,
        4.59375,
        9.1875,
        0.5,
        -0.3438462979740456,
        0.95703125,
        0.10071024899070789,
        -0.20142049798141554,
        -0.1424257999926301,
        1.9140625,
        2.296875,
        0.05035512449535384,
        -0.05899469798878527,
        0.10071024899070753,
        -0.2014204979814153,
        0.1424257999926302,
        3.828125,
        4.59375,
        9.1875,
        -0.5,
        -0.3438462979740456,
        0.765625,
        0.10071024899070789,
        -0.20142049798141554,
        -0.1424257999926301,
        1.53125,
        1.9140625,
        0.05035512449535384,
        -0.05899469798878527,
        0.10071024899070753,
        -0.2014204979814153,
        0.1424257999926302,
        3.0625,
        3.828125,
        7.65625,
        0.5,
        0.25,
        0.25,
        0.25,
        0.25,
        0.25,
        0.25,
        -0.19140625,
        -0.3828125,
        -0.765625,
        -0.3828125,
        -0.765625,
        -1.53125,
        -0.765625,
        -1.53125,
        -3.0625,
        -0.19140625,
        -0.3828125,
        -0.765625,
        -0.3828125,
        -0.765625,
        -1.53125,
        -0.765625,
        -1.53125,
        -3.0625
    ],
    "pauli_labels": [
        "IIIIIIIIIIIIIIII",
        "IIIIIIIIIIIIIIIX",
        "IIIIIIIIIIIIIIIZ",
        "IIIIIIIIIIIIIIXI",
        "IIIIIIIIIIIIIIXX",
        "IIIIIIIIIIIIIIYY",
        "IIIIIIIIIIIIIIZI",
        "IIIIIIIIIIIIIIZZ",
        "IIIIIIIIIIIIIXII",
        "IIIIIIIIIIIIIXIX",
        "IIIIIIIIIIIIIXXI",
        "IIIIIIIIIIIIIXXX",
        "IIIIIIIIIIIIIXYY",
        "IIIIIIIIIIIIIZII",
        "IIIIIIIIIIIIIZIZ",
        "IIIIIIIIIIIIIZZI",
        "IIIIIIIIIIIIZIII",
        "IIIIIIIIIIIXIIII",
        "IIIIIIIIIIIZIIII",
        "IIIIIIIIIIXIIIII",
        "IIIIIIIIIIXXIIII",
        "IIIIIIIIIIYYIIII",
        "IIIIIIIIIIZIIIII",
        "IIIIIIIIIIZZIIII",
        "IIIIIIIIIXIIIIII",
        "IIIIIIIIIXIXIIII",
        "IIIIIIIIIXXIIIII",
        "IIIIIIIIIXXXIIII",
        "IIIIIIIIIXYYIIII",
        "IIIIIIIIIZIIIIII",
        "IIIIIIIIIZIZIIII",
        "IIIIIIIIIZZIIIII",
        "IIIIIIIIZIIIIIII",
        "IIIIIIIXIIIIIIII",
        "IIIIIIIZIIIIIIII",
        "IIIIIIXIIIIIIIII",
        "IIIIIIXXIIIIIIII",
        "IIIIIIYYIIIIIIII",
        "IIIIIIZIIIIIIIII",
        "IIIIIIZZIIIIIIII",
        "IIIIIXIIIIIIIIII",
        "IIIIIXIXIIIIIIII",
        "IIIIIXXIIIIIIIII",
        "IIIIIXXXIIIIIIII",
        "IIIIIXYYIIIIIIII",
        "IIIIIZIIIIIIIIII",
        "IIIIIZIZIIIIIIII",
        "IIIIIZZIIIIIIIII",
        "IIIIZIIIIIIIIIII",
        "IIIXIIIIIIIIIIII",
        "IIIZIIIIIIIIIIII",
        "IIXIIIIIIIIIIIII",
        "IIXXIIIIIIIIIIII",
        "IIYYIIIIIIIIIIII",
        "IIZIIIIIIIIIIIII",
        "IIZZIIIIIIIIIIII",
        "IXIIIIIIIIIIIIII",
        "IXIXIIIIIIIIIIII",
        "IXXIIIIIIIIIIIII",
        "IXXXIIIIIIIIIIII",
        "IXYYIIIIIIIIIIII",
        "IZIIIIIIIIIIIIII",
        "IZIZIIIIIIIIIIII",
        "IZZIIIIIIIIIIIII",
        "ZIIIIIIIIIIIIIII",
        "IIIIIIIIXIIIXIII",
        "IIIIIIIIYIIIYIII",
        "IIIIXIIIXIIIIIII",
        "IIIIYIIIYIIIIIII",
        "XIIIXIIIIIIIIIII",
        "YIIIYIIIIIIIIIII",
        "IIIIIIIZIIIIIIIZ",
        "IIIIIIIZIIIIIIZI",
        "IIIIIIIZIIIIIZII",
        "IIIIIIZIIIIIIIIZ",
        "IIIIIIZIIIIIIIZI",
        "IIIIIIZIIIIIIZII",
        "IIIIIZIIIIIIIIIZ",
        "IIIIIZIIIIIIIIZI",
        "IIIIIZIIIIIIIZII",
        "IIIZIIIIIIIZIIII",
        "IIIZIIIIIIZIIIII",
        "IIIZIIIIIZIIIIII",
        "IIZIIIIIIIIZIIII",
        "IIZIIIIIIIZIIIII",
        "IIZIIIIIIZIIIIII",
        "IZIIIIIIIIIZIIII",
        "IZIIIIIIIIZIIIII",
        "IZIIIIIIIZIIIIII"
    ],
    "boson_position_marginals": {
        "site_0": {
            "x_grid": [
                -7.0,
                -5.25,
                -3.5,
                -1.75,
                0.0,
                1.75,
                3.5,
                5.25
            ],
            "P_x": [
                8.567649315748908e-07,
                3.3116308477808843e-06,
                1.9015984250292102e-05,
                0.024692316365727135,
                0.950569953928336,
                0.02469221750620148,
                1.9016110068971145e-05,
                3.3117096241030494e-06
            ],
            "edge_mass_2": 2.649621547242997e-05
        },
        "site_1": {
            "x_grid": [
                -7.0,
                -5.25,
                -3.5,
                -1.75,
                0.0,
                1.75,
                3.5,
                5.25
            ],
            "P_x": [
                7.271683435221456e-07,
                2.87265491384263e-06,
                2.197712924869115e-05,
                0.01822180661223623,
                0.9635060299796819,
                0.01822173651180763,
                2.1977231978462965e-05,
                2.872711778373773e-06
            ],
            "edge_mass_2": 2.8449767014201513e-05
        },
        "site_2": {
            "x_grid": [
                -7.0,
                -5.25,
                -3.5,
                -1.75,
                0.0,
                1.75,
                3.5,
                5.25
            ],
            "P_x": [
                7.271683435221466e-07,
                2.8726549138426113e-06,
                2.197712924869108e-05,
                0.018221806612236265,
                0.9635060299796814,
                0.018221736511807644,
                2.1977231978462962e-05,
                2.8727117783737603e-06
            ],
            "edge_mass_2": 2.8449767014201483e-05
        },
        "site_3": {
            "x_grid": [
                -7.0,
                -5.25,
                -3.5,
                -1.75,
                0.0,
                1.75,
                3.5,
                5.25
            ],