{
    "load_date": "2025-11-24 14:25:08.082545",
    "potential": "quadratic",
    "cutoff": 8,
    "N": 2,
    "a": 1.0,
    "c": -0.2,
    "boundary_condition": "dirichlet",
    "num_qubits": 8,
    "eigenvalues": [
        0.1310336673572728,
        0.18488726431843633,
        0.6022237338012865,
        0.6285218851809787,
        1.456018251076716,
        1.435589366106689,
        1.9175379986742704,
        1.936205576699518
    ],
    "best_basis_state": [
        0,
        0,
        0,
        0,
        0,
        0,
        0,
        0
    ],
    "prob": 0.45296446780228716
}