{
    "load_date": "2025-12-09 15:15:36.909374",
    "potential": "linear",
    "cutoff": 16,
    "N": 3,
    "a": 1.0,
    "c": null,
    "boundary_condition": "dirichlet",
    "num_qubits": 15,
    "num_paulis": 1146,
    "dense_H_size": [
        32768,
        32768
    ],
    "min_eigenvalue": -3.6042420179791245e-15,
    "basis": [
        0,
        0,
        0,
        0,
        0,
        1,
        0,
        0,
        0,
        0,
        0,
        0,
        0,
        0,
        0
    ],
    "tol": 1e-10,
    "dt": 1.0,
    "n_steps": 1,
    "max_k": 15,
    "final_k": 7,
    "converged": true,
    "all_energies": [
        5.008193435419538e-06,
        4.4948481520388863e-08,
        6.0383882802614115e-09,
        5.123000605537131e-09,
        6.978455615995976e-10,
        3.591926438826446e-11,
        3.5701016232631424e-11
    ],
    "all_run_data": [
        {
            "D": 1,
            "t": 1.0,
            "circuit_time": "0:00:00.246052",
            "num_samples": 209,
            "H_reduced_size": [
                209,
                209
            ],
            "reduction": 99.3621826171875,
            "H_reduced_e": 5.008193435419538e-06,
            "eigenvalue_time": "0:00:00.013511",
            "diff": 5.00819343902378e-06,
            "change_from_prev": null
        },
        {
            "D": 2,
            "t": 2.0,
            "circuit_time": "0:00:00.402639",
            "num_samples": 791,
            "H_reduced_size": [
                791,
                791
            ],
            "reduction": 97.5860595703125,
            "H_reduced_e": 4.4948481520388863e-08,
            "eigenvalue_time": "0:00:00.074602",
            "diff": 4.494848512463088e-08,
            "change_from_prev": 4.963244953899149e-06
        },
        {
            "D": 3,
            "t": 3.0,
            "circuit_time": "0:00:00.240695",
            "num_samples": 1162,
            "H_reduced_size": [
                1162,
                1162
            ],
            "reduction": 96.453857421875,
            "H_reduced_e": 6.0383882802614115e-09,
            "eigenvalue_time": "0:00:00.086179",
            "diff": 6.03839188450343e-09,
            "change_from_prev": 3.891009324012745e-08
        },
        {
            "D": 4,
            "t": 4.0,
            "circuit_time": "0:00:00.340929",
            "num_samples": 1390,
            "H_reduced_size": [
                1390,
                1390
            ],
            "reduction": 95.758056640625,
            "H_reduced_e": 5.123000605537131e-09,
            "eigenvalue_time": "0:00:00.090524",
            "diff": 5.1230042097791495e-09,
            "change_from_prev": 9.153876747242802e-10
        },
        {
            "D": 5,
            "t": 5.0,
            "circuit_time": "0:00:00.244379",
            "num_samples": 1882,
            "H_reduced_size": [
                1882,
                1882
            ],
            "reduction": 94.256591796875,
            "H_reduced_e": 6.978455615995976e-10,
            "eigenvalue_time": "0:00:00.117257",
            "diff": 6.978491658416156e-10,
            "change_from_prev": 4.4251550439375334e-09
        },
        {
            "D": 6,
            "t": 6.0,
            "circuit_time": "0:00:00.271254",
            "num_samples": 2138,
            "H_reduced_size": [
                2138,
                2138
            ],
            "reduction": 93.475341796875,
            "H_reduced_e": 3.591926438826446e-11,
            "eigenvalue_time": "0:00:00.118774",
            "diff": 3.5922868630282435e-11,
            "change_from_prev": 6.619262972113332e-10
        },
        {
            "D": 7,
            "t": 7.0,
            "circuit_time": "0:00:00.239498",
            "num_samples": 2174,
            "H_reduced_size": [
                2174,
                2174
            ],
            "reduction": 93.365478515625,
            "H_reduced_e": 3.5701016232631424e-11,
            "eigenvalue_time": "0:00:00.124766",
            "diff": 3.57046204746494e-11,
            "change_from_prev": 2.1824815563303408e-13
        }
    ]
}