{
    "load_date": "2026-01-26 10:18:49.991813",
    "potential": "linear",
    "cutoff": 4,
    "N": 5,
    "a": 1.0,
    "c": null,
    "boundary_condition": "dirichlet",
    "num_qubits": 15,
    "H_size": [
        32768,
        32768
    ],
    "H_dense_mem_estimate_bytes": 17179869184,
    "H_sparse_mem_estimate_bytes": 13238276,
    "H_pauli_time": "0:00:00.005957",
    "H_creation_time": "0:00:00.003564",
    "H_eigenvalue_time": "0:00:01.083789",
    "eigenvalues": [
        -0.948854299229065,
        0.051145700770931196,
        0.16917968952081747,
        0.16917968952082205,
        0.3740213563032187,
        0.3740213563032191,
        1.1691796895207955,
        1.169179689520827
    ],
    "best_basis_state": [
        0,
        1,
        0,
        1,
        1,
        0,
        0,
        1,
        0,
        1,
        1,
        0,
        0,
        1,
        0
    ],
    "basis_prob": 0.7492918198688175,
    "num_paulis": 56,
    "pauli_coeffs": [
        22.56318853150532,
        -0.30842513753404244,
        0.9999999999999996,
        0.15421256876702122,
        -0.30842513753404244,
        2.0,
        2.5,
        -0.5,
        -0.30842513753404244,
        1.2499999999999996,
        0.15421256876702122,
        -0.30842513753404244,
        2.5,
        3.0,
        0.5,
        -0.30842513753404244,
        0.9999999999999996,
        0.15421256876702122,
        -0.30842513753404244,
        2.0,
        3.0,
        -0.5,
        -0.30842513753404244,
        1.2499999999999996,
        0.15421256876702122,
        -0.30842513753404244,
        2.5,
        3.0,
        0.5,
        -0.30842513753404244,
        0.9999999999999996,
        0.15421256876702122,
        -0.30842513753404244,
        2.0,
        2.5,
        -0.5,
        0.25,
        0.25,
        0.25,
        0.25,
        0.25,
        0.25,
        0.25,
        0.25,
        -0.25,
        -0.5,
        -0.5,
        -1.0,
        -0.25,
        -0.5,
        -0.5,
        -1.0,
        -0.25,
        -0.5,
        -0.5,
        -1.0
    ],
    "pauli_labels": [
        "IIIIIIIIIIIIIII",
        "IIIIIIIIIIIIIIX",
        "IIIIIIIIIIIIIIZ",
        "IIIIIIIIIIIIIXI",
        "IIIIIIIIIIIIIXX",
        "IIIIIIIIIIIIIZI",
        "IIIIIIIIIIIIIZZ",
        "IIIIIIIIIIIIZII",
        "IIIIIIIIIIIXIII",
        "IIIIIIIIIIIZIII",
        "IIIIIIIIIIXIIII",
        "IIIIIIIIIIXXIII",
        "IIIIIIIIIIZIIII",
        "IIIIIIIIIIZZIII",
        "IIIIIIIIIZIIIII",
        "IIIIIIIIXIIIIII",
        "IIIIIIIIZIIIIII",
        "IIIIIIIXIIIIIII",
        "IIIIIIIXXIIIIII",
        "IIIIIIIZIIIIIII",
        "IIIIIIIZZIIIIII",
        "IIIIIIZIIIIIIII",
        "IIIIIXIIIIIIIII",
        "IIIIIZIIIIIIIII",
        "IIIIXIIIIIIIIII",
        "IIIIXXIIIIIIIII",
        "IIIIZIIIIIIIIII",
        "IIIIZZIIIIIIIII",
        "IIIZIIIIIIIIIII",
        "IIXIIIIIIIIIIII",
        "IIZIIIIIIIIIIII",
        "IXIIIIIIIIIIIII",
        "IXXIIIIIIIIIIII",
        "IZIIIIIIIIIIIII",
        "IZZIIIIIIIIIIII",
        "ZIIIIIIIIIIIIII",
        "IIIIIIIIIXIIXII",
        "IIIIIIIIIYIIYII",
        "IIIIIIXIIXIIIII",
        "IIIIIIYIIYIIIII",
        "IIIXIIXIIIIIIII",
        "IIIYIIYIIIIIIII",
        "XIIXIIIIIIIIIII",
        "YIIYIIIIIIIIIII",
        "IIIIIIIIZIIIIIZ",
        "IIIIIIIIZIIIIZI",
        "IIIIIIIZIIIIIIZ",
        "IIIIIIIZIIIIIZI",
        "IIIIIZIIIIIZIII",
        "IIIIIZIIIIZIIII",
        "IIIIZIIIIIIZIII",
        "IIIIZIIIIIZIIII",
        "IIZIIIIIZIIIIII",
        "IIZIIIIZIIIIIII",
        "IZIIIIIIZIIIIII",
        "IZIIIIIZIIIIIII"
    ],
    "boson_position_marginals": {
        "site_0": {
            "x_grid": [
                -4.0,
                -2.0,
                0.0,
                2.0
            ],
            "P_x": [
                6.941214577697197e-05,
                0.01232657768639247,
                0.9752795545045762,
                0.012324455663250366
            ],
            "edge_mass_2": 0.999999999999996
        },
        "site_1": {
            "x_grid": [
                -4.0,
                -2.0,
                0.0,
                2.0
            ],
            "P_x": [
                6.156836082812113e-05,
                0.008923455958509642,
                0.9820928116968444,
                0.00892216398381471
            ],
            "edge_mass_2": 0.9999999999999969
        },
        "site_2": {
            "x_grid": [
                -4.0,
                -2.0,
                0.0,
                2.0
            ],
            "P_x": [
                6.154520949192823e-05,
                0.008970509936759796,
                0.9820001357649839,
                0.008967809088764605
            ],
            "edge_mass_2": 1.0000000000000002
        },
        "site_3": {
            "x_grid": [
                -4.0,
                -2.0,
                0.0,
                2.0
            ],
            "P_x": [
                6.156836082812117e-05,
                0.008923455958509654,
                0.9820928116968444,
                0.008922163983814697
            ],
            "edge_mass_2": 0.9999999999999969
        },
        "site_4": {
            "x_grid": [
                -4.0,
                -2.0,
                0.0,
                2.0
            ],
            "P_x": [
                6.941214577697145e-05,
                0.012326577686392667,
                0.9752795545045759,
                0.01232445566325027
            ],
            "edge_mass_2": 0.9999999999999958
        }
    }
}