{
    "load_date": "2026-01-26 10:18:48.892239",
    "potential": "linear",
    "cutoff": 2,
    "N": 5,
    "a": 1.0,
    "c": null,
    "boundary_condition": "dirichlet",
    "num_qubits": 10,
    "H_size": [
        1024,
        1024
    ],
    "H_dense_mem_estimate_bytes": 16777216,
    "H_sparse_mem_estimate_bytes": 208900,
    "H_pauli_time": "0:00:00.005226",
    "H_creation_time": "0:00:00.002486",
    "H_eigenvalue_time": "0:00:00.026334",
    "eigenvalues": [
        -2.180546885064508,
        -1.180546885064516,
        -1.0625128963146282,
        -1.0625128963146153,
        -0.857671229532225,
        -0.8576712295322205,
        -0.06251289631463137,
        -0.06251289631462952
    ],
    "best_basis_state": [
        0,
        1,
        1,
        1,
        0,
        1,
        1,
        1,
        0,
        1
    ],
    "basis_prob": 0.8308129944240119,
    "num_paulis": 27,
    "pauli_coeffs": [
        25.771062843835104,
        -0.1542125687670212,
        4.0,
        -0.5,
        -0.1542125687670212,
        5.0,
        0.5,
        -0.1542125687670212,
        4.0,
        -0.5,
        -0.1542125687670212,
        5.0,
        0.5,
        -0.1542125687670212,
        4.0,
        -0.5,
        0.25,
        0.25,
        0.25,
        0.25,
        0.25,
        0.25,
        0.25,
        0.25,
        -1.0,
        -1.0,
        -1.0
    ],
    "pauli_labels": [
        "IIIIIIIIII",
        "IIIIIIIIIX",
        "IIIIIIIIIZ",
        "IIIIIIIIZI",
        "IIIIIIIXII",
        "IIIIIIIZII",
        "IIIIIIZIII",
        "IIIIIXIIII",
        "IIIIIZIIII",
        "IIIIZIIIII",
        "IIIXIIIIII",
        "IIIZIIIIII",
        "IIZIIIIIII",
        "IXIIIIIIII",
        "IZIIIIIIII",
        "ZIIIIIIIII",
        "IIIIIIXIXI",
        "IIIIIIYIYI",
        "IIIIXIXIII",
        "IIIIYIYIII",
        "IIXIXIIIII",
        "IIYIYIIIII",
        "XIXIIIIIII",
        "YIYIIIIIII",
        "IIIIIZIIIZ",
        "IIIZIIIZII",
        "IZIIIZIIII"
    ],
    "boson_position_marginals": {
        "site_0": {
            "x_grid": [
                -4.0,
                0.0
            ],
            "P_x": [
                0.0002376859046843667,
                0.9997623140953106
            ],
            "edge_mass_2": 1.9999999999999898
        },
        "site_1": {
            "x_grid": [
                -4.0,
                0.0
            ],
            "P_x": [
                0.00016509051819059637,
                0.9998349094818044
            ],
            "edge_mass_2": 1.99999999999999
        },
        "site_2": {
            "x_grid": [
                -4.0,
                0.0
            ],
            "P_x": [
                0.00016513542180331486,
                0.9998348645781914
            ],
            "edge_mass_2": 1.9999999999999893
        },
        "site_3": {
            "x_grid": [
                -4.0,
                0.0
            ],
            "P_x": [
                0.00016509051819059623,
                0.9998349094818044
            ],
            "edge_mass_2": 1.99999999999999
        },
        "site_4": {
            "x_grid": [
                -4.0,
                0.0
            ],
            "P_x": [
                0.00023768590468436563,
                0.9997623140953107
            ],
            "edge_mass_2": 1.99999999999999
        }
    }
}