{
    "load_date": "2026-01-26 10:20:03.938073",
    "potential": "linear",
    "cutoff": 8,
    "N": 5,
    "a": 1.0,
    "c": null,
    "boundary_condition": "dirichlet",
    "num_qubits": 20,
    "H_size": [
        1048576,
        1048576
    ],
    "H_dense_mem_estimate_bytes": 17592186044416,
    "H_sparse_mem_estimate_bytes": 843055108,
    "H_pauli_time": "0:00:00.016479",
    "H_creation_time": "0:00:00.076885",
    "H_eigenvalue_time": "0:01:13.751854",
    "eigenvalues": [
        -0.003974058597011381,
        0.9960259414029803,
        1.0069015772627334,
        1.1140599301528693,
        1.1140599301528755,
        1.1210557391697018,
        1.130708537955368,
        1.318901596935264
    ],
    "best_basis_state": [
        0,
        1,
        0,
        0,
        1,
        1,
        0,
        0,
        0,
        1,
        0,
        0,
        1,
        1,
        0,
        0,
        0,
        1,
        0,
        0
    ],
    "basis_prob": 0.07122238222052617,
    "num_paulis": 116,
    "pauli_coeffs": [
        27.544191282186166,
        -1.0530292875455145,
        0.25,
        0.308425137534043,
        -0.6168502750680852,
        -0.43617901247742974,
        0.5,
        0.625,
        0.1542125687670212,
        -0.18067126259065494,
        0.3084251375340419,
        -0.6168502750680844,
        0.4361790124774301,
        1.0,
        1.25,
        2.5,
        -0.5,
        -1.0530292875455145,
        0.3125,
        0.308425137534043,
        -0.6168502750680852,
        -0.43617901247742974,
        0.625,
        0.75,
        0.1542125687670212,
        -0.18067126259065494,
        0.3084251375340419,
        -0.6168502750680844,
        0.4361790124774301,
        1.25,
        1.5,
        3.0,
        0.5,
        -1.0530292875455145,
        0.25,
        0.308425137534043,
        -0.6168502750680852,
        -0.43617901247742974,
        0.5,
        0.75,
        0.1542125687670212,
        -0.18067126259065494,
        0.3084251375340419,
        -0.6168502750680844,
        0.4361790124774301,
        1.0,
        1.5,
        3.0,
        -0.5,
        -1.0530292875455145,
        0.3125,
        0.308425137534043,
        -0.6168502750680852,
        -0.43617901247742974,
        0.625,
        0.75,
        0.1542125687670212,
        -0.18067126259065494,
        0.3084251375340419,
        -0.6168502750680844,
        0.4361790124774301,
        1.25,
        1.5,
        3.0,
        0.5,
        -1.0530292875455145,
        0.25,
        0.308425137534043,
        -0.6168502750680852,
        -0.43617901247742974,
        0.5,
        0.625,
        0.1542125687670212,
        -0.18067126259065494,
        0.3084251375340419,
        -0.6168502750680844,
        0.4361790124774301,
        1.0,
        1.25,
        2.5,
        -0.5,
        0.25,
        0.25,
        0.25,
        0.25,
        0.25,
        0.25,
        0.25,
        0.25,
        -0.0625,
        -0.125,
        -0.25,
        -0.125,
        -0.25,
        -0.5,
        -0.25,
        -0.5,
        -1.0,
        -0.0625,
        -0.125,
        -0.25,
        -0.125,
        -0.25,
        -0.5,
        -0.25,
        -0.5,
        -1.0,
        -0.0625,
        -0.125,
        -0.25,
        -0.125,
        -0.25,
        -0.5,
        -0.25,
        -0.5,
        -1.0
    ],
    "pauli_labels": [
        "IIIIIIIIIIIIIIIIIIII",
        "IIIIIIIIIIIIIIIIIIIX",
        "IIIIIIIIIIIIIIIIIIIZ",
        "IIIIIIIIIIIIIIIIIIXI",
        "IIIIIIIIIIIIIIIIIIXX",
        "IIIIIIIIIIIIIIIIIIYY",
        "IIIIIIIIIIIIIIIIIIZI",
        "IIIIIIIIIIIIIIIIIIZZ",
        "IIIIIIIIIIIIIIIIIXII",
        "IIIIIIIIIIIIIIIIIXIX",
        "IIIIIIIIIIIIIIIIIXXI",
        "IIIIIIIIIIIIIIIIIXXX",
        "IIIIIIIIIIIIIIIIIXYY",
        "IIIIIIIIIIIIIIIIIZII",
        "IIIIIIIIIIIIIIIIIZIZ",
        "IIIIIIIIIIIIIIIIIZZI",
        "IIIIIIIIIIIIIIIIZIII",
        "IIIIIIIIIIIIIIIXIIII",
        "IIIIIIIIIIIIIIIZIIII",
        "IIIIIIIIIIIIIIXIIIII",
        "IIIIIIIIIIIIIIXXIIII",
        "IIIIIIIIIIIIIIYYIIII",
        "IIIIIIIIIIIIIIZIIIII",
        "IIIIIIIIIIIIIIZZIIII",
        "IIIIIIIIIIIIIXIIIIII",
        "IIIIIIIIIIIIIXIXIIII",
        "IIIIIIIIIIIIIXXIIIII",
        "IIIIIIIIIIIIIXXXIIII",
        "IIIIIIIIIIIIIXYYIIII",
        "IIIIIIIIIIIIIZIIIIII",
        "IIIIIIIIIIIIIZIZIIII",
        "IIIIIIIIIIIIIZZIIIII",
        "IIIIIIIIIIIIZIIIIIII",
        "IIIIIIIIIIIXIIIIIIII",
        "IIIIIIIIIIIZIIIIIIII",
        "IIIIIIIIIIXIIIIIIIII",
        "IIIIIIIIIIXXIIIIIIII",
        "IIIIIIIIIIYYIIIIIIII",
        "IIIIIIIIIIZIIIIIIIII",
        "IIIIIIIIIIZZIIIIIIII",
        "IIIIIIIIIXIIIIIIIIII",
        "IIIIIIIIIXIXIIIIIIII",
        "IIIIIIIIIXXIIIIIIIII",
        "IIIIIIIIIXXXIIIIIIII",
        "IIIIIIIIIXYYIIIIIIII",
        "IIIIIIIIIZIIIIIIIIII",
        "IIIIIIIIIZIZIIIIIIII",
        "IIIIIIIIIZZIIIIIIIII",
        "IIIIIIIIZIIIIIIIIIII",
        "IIIIIIIXIIIIIIIIIIII",
        "IIIIIIIZIIIIIIIIIIII",
        "IIIIIIXIIIIIIIIIIIII",
        "IIIIIIXXIIIIIIIIIIII",
        "IIIIIIYYIIIIIIIIIIII",
        "IIIIIIZIIIIIIIIIIIII",
        "IIIIIIZZIIIIIIIIIIII",
        "IIIIIXIIIIIIIIIIIIII",
        "IIIIIXIXIIIIIIIIIIII",
        "IIIIIXXIIIIIIIIIIIII",
        "IIIIIXXXIIIIIIIIIIII",
        "IIIIIXYYIIIIIIIIIIII",
        "IIIIIZIIIIIIIIIIIIII",
        "IIIIIZIZIIIIIIIIIIII",
        "IIIIIZZIIIIIIIIIIIII",
        "IIIIZIIIIIIIIIIIIIII",
        "IIIXIIIIIIIIIIIIIIII",
        "IIIZIIIIIIIIIIIIIIII",
        "IIXIIIIIIIIIIIIIIIII",
        "IIXXIIIIIIIIIIIIIIII",
        "IIYYIIIIIIIIIIIIIIII",
        "IIZIIIIIIIIIIIIIIIII",
        "IIZZIIIIIIIIIIIIIIII",
        "IXIIIIIIIIIIIIIIIIII",
        "IXIXIIIIIIIIIIIIIIII",
        "IXXIIIIIIIIIIIIIIIII",
        "IXXXIIIIIIIIIIIIIIII",
        "IXYYIIIIIIIIIIIIIIII",
        "IZIIIIIIIIIIIIIIIIII",
        "IZIZIIIIIIIIIIIIIIII",
        "IZZIIIIIIIIIIIIIIIII",
        "ZIIIIIIIIIIIIIIIIIII",
        "IIIIIIIIIIIIXIIIXIII",
        "IIIIIIIIIIIIYIIIYIII",
        "IIIIIIIIXIIIXIIIIIII",
        "IIIIIIIIYIIIYIIIIIII",
        "IIIIXIIIXIIIIIIIIIII",
        "IIIIYIIIYIIIIIIIIIII",
        "XIIIXIIIIIIIIIIIIIII",
        "YIIIYIIIIIIIIIIIIIII",
        "IIIIIIIIIIIZIIIIIIIZ",
        "IIIIIIIIIIIZIIIIIIZI",
        "IIIIIIIIIIIZIIIIIZII",
        "IIIIIIIIIIZIIIIIIIIZ",
        "IIIIIIIIIIZIIIIIIIZI",
        "IIIIIIIIIIZIIIIIIZII",
        "IIIIIIIIIZIIIIIIIIIZ",
        "IIIIIIIIIZIIIIIIIIZI",
        "IIIIIIIIIZIIIIIIIZII",
        "IIIIIIIZIIIIIIIZIIII",
        "IIIIIIIZIIIIIIZIIIII",
        "IIIIIIIZIIIIIZIIIIII",
        "IIIIIIZIIIIIIIIZIIII",
        "IIIIIIZIIIIIIIZIIIII",
        "IIIIIIZIIIIIIZIIIIII",
        "IIIIIZIIIIIIIIIZIIII",
        "IIIIIZIIIIIIIIZIIIII",
        "IIIIIZIIIIIIIZIIIIII",
        "IIIZIIIIIIIZIIIIIIII",
        "IIIZIIIIIIZIIIIIIIII",
        "IIIZIIIIIZIIIIIIIIII",
        "IIZIIIIIIIIZIIIIIIII",
        "IIZIIIIIIIZIIIIIIIII",
        "IIZIIIIIIZIIIIIIIIII",
        "IZIIIIIIIIIZIIIIIIII",
        "IZIIIIIIIIZIIIIIIIII",
        "IZIIIIIIIZIIIIIIIIII"
    ],
    "boson_position_marginals": {
        "site_0": {
            "x_grid": [
                -4.0,
                -3.0,
                -2.0,
                -1.0,
                0.0,
                1.0,
                2.0,
                3.0
            ],
            "P_x": [
                3.788187587918573e-09,
                3.103675636548025e-05,
                0.007134465192500824,
                0.19596836961417213,
                0.5937322812194848,
                0.19596834054069676,
                0.007134469220967465,
                3.103366758570158e-05
            ],
            "edge_mass_2": 0.007196543433106235
        },