{
    "load_date": "2025-11-24 14:07:18.013238",
    "potential": "linear",
    "cutoff": 8,
    "N": 2,
    "a": 1.0,
    "c": null,
    "boundary_condition": "dirichlet",
    "num_qubits": 8,
    "eigenvalues": [
        4.540714620870209e-10,
        1.1180331119095233,
        1.1180339892039635,
        1.118033989203965,
        1.1180331119095281,
        2.236066223364985,
        2.2360679779538555,
        2.2360671006594197
    ],
    "best_basis_state": [
        0,
        0,
        0,
        0,
        1,
        0,
        0,
        0
    ],
    "prob": 0.9442719107487142
}