{
    "load_date": "2025-11-24 14:07:17.980500",
    "potential": "linear",
    "cutoff": 4,
    "N": 2,
    "a": 1.0,
    "c": null,
    "boundary_condition": "dirichlet",
    "num_qubits": 6,
    "eigenvalues": [
        3.225059163269786e-05,
        0.9754060219969184,
        1.9507797934022149,
        0.9754060219969194,
        1.118066239341527,
        1.118066239341527,
        1.2815922398448147,
        1.2815922398448154
    ],
    "best_basis_state": [
        0,
        0,
        0,
        1,
        0,
        0
    ],
    "prob": 0.9443057972696881
}