{
    "load_date": "2025-11-24 14:07:17.974962",
    "potential": "linear",
    "cutoff": 2,
    "N": 2,
    "a": 1.0,
    "c": null,
    "boundary_condition": "dirichlet",
    "num_qubits": 4,
    "eigenvalues": [
        0.0069660112501049075,
        1.1249999999999993,
        0.006966011250105151,
        1.1249999999999998,
        0.006966011250105141,
        0.006966011250105156,
        1.125,
        1.125
    ],
    "best_basis_state": [
        0,
        1,
        1,
        0
    ],
    "prob": 0.38324479971776043
}