{
    "load_date": "2026-02-02 18:42:51.447323",
    "potential": "linear",
    "cutoff": 4,
    "N": 3,
    "a": 1.0,
    "c": null,
    "x_max": 1.0,
    "boundary_condition": "dirichlet",
    "num_qubits": 9,
    "H_size": [
        512,
        512
    ],
    "H_dense_mem_estimate_bytes": 4194304,
    "H_sparse_mem_estimate_bytes": 124932,
    "H_pauli_time": "0:00:00.003648",
    "H_creation_time": "0:00:00.000253",
    "H_eigenvalue_time": "0:00:00.010260",
    "eigenvalues": [
        -1.0215468528338998,
        -0.02154685283390906,
        0.20319801855767727,
        0.20319801855767988,
        1.203198018557676,
        1.2031980185576792,
        1.4279428899492572,
        2.427942889949255
    ],
    "best_basis_state": [
        0,
        1,
        0,
        1,
        1,
        0,
        0,
        1,
        0
    ],
    "basis_prob": 0.020045128850223786,
    "num_paulis": 30,
    "pauli_coeffs": [
        22.940984902451056,
        -4.934802200544679,
        0.06250000000000044,
        2.4674011002723395,
        -4.934802200544679,
        0.125,
        0.15625,
        -0.5,
        -4.934802200544679,
        0.09375000000000044,
        2.4674011002723395,
        -4.934802200544679,
        0.1875,
        0.1875,
        0.5,
        -4.934802200544679,
        0.06250000000000044,
        2.4674011002723395,
        -4.934802200544679,
        0.125,
        0.15625,
        -0.5,
        0.25,
        0.25,
        0.25,
        0.25,
        -0.015625,
        -0.03125,
        -0.03125,
        -0.0625
    ],
    "pauli_labels": [
        "IIIIIIIII",
        "IIIIIIIIX",
        "IIIIIIIIZ",
        "IIIIIIIXI",
        "IIIIIIIXX",
        "IIIIIIIZI",
        "IIIIIIIZZ",
        "IIIIIIZII",
        "IIIIIXIII",
        "IIIIIZIII",
        "IIIIXIIII",
        "IIIIXXIII",
        "IIIIZIIII",
        "IIIIZZIII",
        "IIIZIIIII",
        "IIXIIIIII",
        "IIZIIIIII",
        "IXIIIIIII",
        "IXXIIIIII",
        "IZIIIIIII",
        "IZZIIIIII",
        "ZIIIIIIII",
        "IIIXIIXII",
        "IIIYIIYII",
        "XIIXIIIII",
        "YIIYIIIII",
        "IIZIIIIIZ",
        "IIZIIIIZI",
        "IZIIIIIIZ",
        "IZIIIIIZI"
    ],
    "boson_position_marginals": {
        "site_0": {
            "x_grid": [
                -1.0,
                -0.5,
                0.0,
                0.5
            ],
            "P_x": [
                0.22080774400389183,
                0.2538715346530146,
                0.27714296279887785,
                0.24817775854420626
            ],
            "edge_mass_2": 0.9999999999999906
        },
        "site_1": {
            "x_grid": [
                -1.0,
                -0.5,
                0.0,
                0.5
            ],
            "P_x": [
                0.21188775913421293,
                0.251332166645473,
                0.2854479075748319,
                0.25133216664547314
            ],
            "edge_mass_2": 0.9999999999999909
        },
        "site_2": {
            "x_grid": [
                -1.0,
                -0.5,
                0.0,
                0.5
            ],
            "P_x": [
                0.22080774400389183,
                0.2538715346530145,
                0.2771429627988779,
                0.2481777585442063
            ],
            "edge_mass_2": 0.9999999999999905
        }
    }
}