{
    "load_date": "2026-02-02 18:42:51.430552",
    "potential": "linear",
    "cutoff": 2,
    "N": 3,
    "a": 1.0,
    "c": null,
    "x_max": 1.0,
    "boundary_condition": "dirichlet",
    "num_qubits": 6,
    "H_size": [
        64,
        64
    ],
    "H_dense_mem_estimate_bytes": 65536,
    "H_sparse_mem_estimate_bytes": 7940,
    "H_pauli_time": "0:00:00.003312",
    "H_creation_time": "0:00:00.001804",
    "H_eigenvalue_time": "0:00:00.003015",
    "eigenvalues": [
        -0.8418811224943118,
        0.15811887750569067,
        0.3828637488972784,
        0.38286374889727953,
        1.382863748897271,
        1.3828637488972784,
        1.6076086202888762,
        2.6076086202888646
    ],
    "best_basis_state": [
        0,
        1,
        1,
        1,
        0,
        1
    ],
    "basis_prob": 0.1605859609989936,
    "num_paulis": 15,
    "pauli_coeffs": [
        8.339703300817018,
        -2.467401100272339,
        0.25,
        -0.5,
        -2.467401100272339,
        0.375,
        0.5,
        -2.467401100272339,
        0.25,
        -0.5,
        0.25,
        0.25,
        0.25,
        0.25,
        -0.0625
    ],
    "pauli_labels": [
        "IIIIII",
        "IIIIIX",
        "IIIIIZ",
        "IIIIZI",
        "IIIXII",
        "IIIZII",
        "IIZIII",
        "IXIIII",
        "IZIIII",
        "ZIIIII",
        "IIXIXI",
        "IIYIYI",
        "XIXIII",
        "YIYIII",
        "IZIIIZ"
    ],
    "boson_position_marginals": {
        "site_0": {
            "x_grid": [
                -1.0,
                0.0
            ],
            "P_x": [
                0.44832890137796916,
                0.5516710986220295
            ],
            "edge_mass_2": 1.9999999999999973
        },
        "site_1": {
            "x_grid": [
                -1.0,
                0.0
            ],
            "P_x": [
                0.4248718313406552,
                0.5751281686593435
            ],
            "edge_mass_2": 1.9999999999999973
        },
        "site_2": {
            "x_grid": [
                -1.0,
                0.0
            ],
            "P_x": [
                0.448328901377969,
                0.5516710986220297
            ],
            "edge_mass_2": 1.9999999999999973
        }
    }
}