{
    "load_date": "2026-02-02 18:42:51.587858",
    "potential": "linear",
    "cutoff": 8,
    "N": 3,
    "a": 1.0,
    "c": null,
    "x_max": 1.0,
    "boundary_condition": "dirichlet",
    "num_qubits": 12,
    "H_size": [
        4096,
        4096
    ],
    "H_dense_mem_estimate_bytes": 268435456,
    "H_sparse_mem_estimate_bytes": 1982468,
    "H_pauli_time": "0:00:00.012207",
    "H_creation_time": "0:00:00.000979",
    "H_eigenvalue_time": "0:00:00.124463",
    "eigenvalues": [
        -1.0657833594605672,
        -0.0657833594605697,
        0.1589615119310019,
        0.15896151193102742,
        1.1589615119309669,
        1.1589615119309886,
        1.3837063833225773,
        2.38370638332255
    ],
    "best_basis_state": [
        0,
        1,
        0,
        0,
        1,
        1,
        0,
        0,
        0,
        1,
        0,
        0
    ],
    "basis_prob": 0.002412363636852337,
    "num_paulis": 62,
    "pauli_coeffs": [
        82.10783005898719,
        -16.848468600728232,
        0.015625,
        4.934802200544688,
        -9.869604401089363,
        -6.978864199638877,
        0.03125,
        0.0390625,
        2.467401100272339,
        -2.890740201450479,
        4.93480220054467,
        -9.86960440108935,
        6.978864199638881,
        0.0625,
        0.078125,
        0.15625,
        -0.5,
        -16.848468600728232,
        0.0234375,
        4.934802200544688,
        -9.869604401089363,
        -6.978864199638877,
        0.046875,
        0.046875,
        2.467401100272339,
        -2.890740201450479,
        4.93480220054467,
        -9.86960440108935,
        6.978864199638881,
        0.09375,
        0.09375,
        0.1875,
        0.5,
        -16.848468600728232,
        0.015625,
        4.934802200544688,
        -9.869604401089363,
        -6.978864199638877,
        0.03125,
        0.0390625,
        2.467401100272339,
        -2.890740201450479,
        4.93480220054467,
        -9.86960440108935,
        6.978864199638881,
        0.0625,
        0.078125,
        0.15625,
        -0.5,
        0.25,
        0.25,
        0.25,
        0.25,
        -0.00390625,
        -0.0078125,
        -0.015625,
        -0.0078125,
        -0.015625,
        -0.03125,
        -0.015625,
        -0.03125,
        -0.0625
    ],
    "pauli_labels": [
        "IIIIIIIIIIII",
        "IIIIIIIIIIIX",
        "IIIIIIIIIIIZ",
        "IIIIIIIIIIXI",
        "IIIIIIIIIIXX",
        "IIIIIIIIIIYY",
        "IIIIIIIIIIZI",
        "IIIIIIIIIIZZ",
        "IIIIIIIIIXII",
        "IIIIIIIIIXIX",
        "IIIIIIIIIXXI",
        "IIIIIIIIIXXX",
        "IIIIIIIIIXYY",
        "IIIIIIIIIZII",
        "IIIIIIIIIZIZ",
        "IIIIIIIIIZZI",
        "IIIIIIIIZIII",
        "IIIIIIIXIIII",
        "IIIIIIIZIIII",
        "IIIIIIXIIIII",
        "IIIIIIXXIIII",
        "IIIIIIYYIIII",
        "IIIIIIZIIIII",
        "IIIIIIZZIIII",
        "IIIIIXIIIIII",
        "IIIIIXIXIIII",
        "IIIIIXXIIIII",
        "IIIIIXXXIIII",
        "IIIIIXYYIIII",
        "IIIIIZIIIIII",
        "IIIIIZIZIIII",
        "IIIIIZZIIIII",
        "IIIIZIIIIIII",
        "IIIXIIIIIIII",
        "IIIZIIIIIIII",
        "IIXIIIIIIIII",
        "IIXXIIIIIIII",
        "IIYYIIIIIIII",
        "IIZIIIIIIIII",
        "IIZZIIIIIIII",
        "IXIIIIIIIIII",
        "IXIXIIIIIIII",
        "IXXIIIIIIIII",
        "IXXXIIIIIIII",
        "IXYYIIIIIIII",
        "IZIIIIIIIIII",
        "IZIZIIIIIIII",
        "IZZIIIIIIIII",
        "ZIIIIIIIIIII",
        "IIIIXIIIXIII",
        "IIIIYIIIYIII",
        "XIIIXIIIIIII",
        "YIIIYIIIIIII",
        "IIIZIIIIIIIZ",
        "IIIZIIIIIIZI",
        "IIIZIIIIIZII",
        "IIZIIIIIIIIZ",
        "IIZIIIIIIIZI",
        "IIZIIIIIIZII",
        "IZIIIIIIIIIZ",
        "IZIIIIIIIIZI",
        "IZIIIIIIIZII"
    ],
    "boson_position_marginals": {
        "site_0": {
            "x_grid": [
                -1.0,
                -0.75,
                -0.5,
                -0.25,
                0.0,
                0.25,
                0.5,
                0.75
            ],
            "P_x": [
                0.11119615214096316,
                0.11667424605844941,
                0.12642770110011278,
                0.1346330724959237,
                0.13746649635861163,
                0.13352562976085983,
                0.124746006471314,
                0.11533069561375096
            ],
            "edge_mass_2": 0.4679471002844775
        },
        "site_1": {
            "x_grid": [
                -1.0,
                -0.75,
                -0.5,
                -0.25,
                0.0,
                0.25,
                0.5,
                0.75
            ],
            "P_x": [
                0.10801830875477703,
                0.11397039683066866,
                0.1257070117974162,
                0.1361443559595743,
                0.1403381620698899,
                0.1361443559595742,
                0.12570701179741625,
                0.11397039683066874
            ],
            "edge_mass_2": 0.4616661142135307
        },
        "site_2": {
            "x_grid": [
                -1.0,
                -0.75,
                -0.5,
                -0.25,
                0.0,
                0.25,
                0.5,
                0.75
            ],
            "P_x": [
                0.11119615214096337,
                0.11667424605844955,
                0.1264277011001127,
                0.13463307249592335,
                0.13746649635861147,
                0.1335256297608597,
                0.12474600647131402,
                0.11533069561375113
            ],
            "edge_mass_2": 0.46794710028447806
        }
    }
}