{
    "load_date": "2026-02-02 18:42:55.505325",
    "potential": "linear",
    "cutoff": 16,
    "N": 3,
    "a": 1.0,
    "c": null,
    "x_max": 1.0,
    "boundary_condition": "dirichlet",
    "num_qubits": 15,
    "H_size": [
        32768,
        32768
    ],
    "H_dense_mem_estimate_bytes": 17179869184,
    "H_sparse_mem_estimate_bytes": 31588356,
    "H_pauli_time": "0:00:00.399952",
    "H_creation_time": "0:00:00.014339",
    "H_eigenvalue_time": "0:00:03.493049",
    "eigenvalues": [
        -1.0770754751648475,
        -0.07707547516490507,
        0.14766939622662942,
        0.1476693962266727,
        1.1476693962266322,
        1.1476693962268045,
        1.3724142676181432,
        2.3724142676181974
    ],
    "best_basis_state": [
        0,
        1,
        0,
        0,
        0,
        1,
        1,
        0,
        0,
        0,
        0,
        1,
        0,
        0,
        0
    ],
    "basis_prob": 0.0002992996172400259,
    "num_paulis": 135,
    "pauli_coeffs": [
        318.9656403726318,
        -64.82884779020029,
        0.00390625,
        16.84846860072824,
        -36.411402478917424,
        -28.417445311282833,
        0.007812500000003553,
        0.009765624999996447,
        4.934802200544665,
        -5.781480402900965,
        9.869604401089367,
        -19.73920880217871,
        13.957728399277789,
        -2.21247676473366,
        -14.459716912005064,
        6.978864199638906,
        -16.672193676738747,
        0.015625000000003553,
        0.019531249999996447,
        0.03906250000000355,
        2.4674011002723386,
        -2.5650266127126664,
        2.890740201450482,
        -3.067015125440017,
        0.5019885127273218,
        4.93480220054469,
        -5.781480402900955,
        9.86960440108934,
        -19.739208802178723,
        13.957728399277757,
        2.2124767647336148,
        14.45971691200507,
        -6.97886419963885,
        16.672193676738708,
        0.031249999999999112,
        0.03906250000000089,
        0.07812499999999911,
        0.15624999999999734,
        -0.5,
        -64.82884779020029,
        0.005859375,
        16.84846860072824,
        -36.411402478917424,
        -28.417445311282833,
        0.011718750000003553,
        0.011718749999996447,
        4.934802200544665,
        -5.781480402900965,
        9.869604401089367,
        -19.73920880217871,
        13.957728399277789,
        -2.21247676473366,
        -14.459716912005064,
        6.978864199638906,
        -16.672193676738747,
        0.023437500000003553,
        0.023437499999996447,
        0.04687500000000355,
        2.4674011002723386,
        -2.5650266127126664,
        2.890740201450482,
        -3.067015125440017,
        0.5019885127273218,
        4.93480220054469,
        -5.781480402900955,
        9.86960440108934,
        -19.739208802178723,
        13.957728399277757,
        2.2124767647336148,
        14.45971691200507,
        -6.97886419963885,
        16.672193676738708,
        0.04687499999999911,
        0.04687500000000089,
        0.09374999999999911,
        0.18749999999999734,
        0.5,
        -64.82884779020029,
        0.00390625,
        16.84846860072824,
        -36.411402478917424,
        -28.417445311282833,
        0.007812500000003553,
        0.009765624999996447,
        4.934802200544665,
        -5.781480402900965,
        9.869604401089367,
        -19.73920880217871,
        13.957728399277789,
        -2.21247676473366,
        -14.459716912005064,
        6.978864199638906,
        -16.672193676738747,
        0.015625000000003553,
        0.019531249999996447,
        0.03906250000000355,
        2.4674011002723386,
        -2.5650266127126664,
        2.890740201450482,
        -3.067015125440017,
        0.5019885127273218,
        4.93480220054469,
        -5.781480402900955,
        9.86960440108934,
        -19.739208802178723,
        13.957728399277757,
        2.2124767647336148,
        14.45971691200507,
        -6.97886419963885,
        16.672193676738708,
        0.031249999999999112,
        0.03906250000000089,
        0.07812499999999911,
        0.15624999999999734,
        -0.5,
        0.25,
        0.25,
        0.25,
        0.25,
        -0.0009765625,
        -0.001953125,
        -0.00390625,
        -0.0078125,
        -0.001953125,
        -0.00390625,
        -0.0078125,
        -0.015625,
        -0.00390625,
        -0.0078125,
        -0.015625,
        -0.03125,
        -0.0078125,
        -0.015625,
        -0.03125,
        -0.0625
    ],