{
    "load_date": "2025-11-24 14:25:07.931194",
    "potential": "quadratic",
    "cutoff": 2,
    "N": 2,
    "a": 1.0,
    "c": -0.2,
    "boundary_condition": "dirichlet",
    "num_qubits": 4,
    "eigenvalues": [
        -0.9113455967290592,
        -0.48708152801713045,
        0.42713203435596475,
        0.002867965644036,
        -0.785,
        -0.785,
        0.7149999999999987,
        0.7149999999999999
    ],
    "best_basis_state": [
        0,
        1,
        0,
        0
    ],
    "prob": 0.2500000000000001
}