{
    "load_date": "2025-11-24 14:25:08.830753",
    "potential": "quadratic",
    "cutoff": 16,
    "N": 2,
    "a": 1.0,
    "c": -0.2,
    "boundary_condition": "dirichlet",
    "num_qubits": 10,
    "eigenvalues": [
        0.1946806234473764,
        0.19536405316502228,
        0.6367166526416467,
        0.6367889278263636,
        1.5211801618891672,
        1.51996087386057,
        2.0173140921057637,
        2.017238664377013
    ],
    "best_basis_state": [
        0,
        0,
        0,
        0,
        0,
        0,
        0,
        0,
        0,
        0
    ],
    "prob": 0.49719209639321055
}