{
    "load_date": "2025-11-24 14:25:07.948431",
    "potential": "quadratic",
    "cutoff": 4,
    "N": 2,
    "a": 1.0,
    "c": -0.2,
    "boundary_condition": "dirichlet",
    "num_qubits": 6,
    "eigenvalues": [
        0.18196281160285596,
        0.33439814265914947,
        0.5668410629302794,
        0.5463467443571934,
        0.5932480499948735,
        1.366164699181654,
        1.7564287544593244,
        1.7654292761036885
    ],
    "best_basis_state": [
        0,
        0,
        0,
        1,
        0,
        0
    ],
    "prob": 0.41023323376665544
}