{
    "starttime": "2024-12-03_14-22-28",
    "potential": "linear",
    "boundary_condition": "dirichlet",
    "c": 0,
    "cutoff": 4,
    "num_sites": 2,
    "exact_eigenvalues": [
        3.225059163137977e-05,
        0.9754060219969172,
        0.9754060219969224,
        1.1180662393415244,
        1.1180662393415266,
        2.236100228091435,
        4.513899771908587,
        5.631933760658469,
        5.631933760658492,
        5.774593978003089,
        5.774593978003112,
        6.749967749408377
    ],
    "ansatz": "StronglyEntanglingLayers-1layer",
    "num_VQE": 10,
    "shots": null,
    "Optimizer": {
        "name": "AdamOptimizer",
        "stepsize": 0.5,
        "maxiter": 10000,
        "tolerance": 1e-08,
        "moving_avg_length": 5
    },
    "results": [
        0.11806628284669166,
        0.11806627040224506,
        0.11806628563374154,
        0.11806627908485823,
        0.11806627518726005,
        0.11806627774511222,
        0.11806626956319773,
        0.11806625378833642,
        0.11806626240534206,
        0.11806630998630659
    ],
    "params": [
        [
            [
                [
                    0.09996951703545427,
                    -0.07839586208649396,
                    -3.1423258699923022
                ],
                [
                    0.25579547952555975,
                    -1.3686289238220483e-05,
                    0.03513776660778186
                ],
                [
                    0.5383241543617163,
                    0.07832508305922278,
                    -3.141541753659133
                ],
                [
                    0.4796621610067809,
                    -0.0001336618570014246,
                    0.3282527440348195
                ],
                [
                    0.48350282470906075,
                    -0.00041361607770405094,
                    0.7267732754285025
                ],
                [
                    0.7175680771248488,
                    3.1413039317684,
                    0.35205386702900043
                ]
            ]
        ],
        [
            [
                [
                    0.4181367798192625,
                    0.07832462087600289,
                    -6.282734634063859
                ],
                [
                    0.4408099319765543,
                    -1.9690833634820025e-05,
                    0.5296411683845901
                ],
                [
                    0.4471932577507647,
                    0.07848622953672275,
                    -3.140814087481024
                ],
                [
                    0.602719651758761,
                    6.0289009801870895e-05,
                    0.48626071260159925
                ],
                [
                    0.5926813467525617,
                    0.0001498576145058535,
                    0.3107810113417083
                ],
                [
                    0.058503486358058715,
                    3.1418700141648945,
                    0.31435841073444815
                ]
            ]
        ],
        [
            [
                [
                    0.6458975855183025,
                    0.07854736319749689,
                    0.000337657902769902
                ],
                [
                    0.04314789685148596,
                    -3.169451677391671e-05,
                    0.39883446676529977
                ],
                [
                    0.04054320148120739,
                    -0.07845527783940508,
                    0.000537458358159918
                ],
                [
                    0.1973116562984017,
                    -0.0001447775354160098,
                    0.5302023096197279
                ],
                [
                    0.010714322411189353,
                    0.00026022549828921387,
                    0.6592865309992056
                ],
                [
                    0.37985421086709764,
                    3.141931004841209,
                    0.40670747358502346
                ]
            ]
        ],
        [
            [
                [
                    0.23085657014491023,
                    0.07843811232239964,
                    -0.00019198445863453776
                ],
                [
                    0.6711150503281594,
                    -8.434679267734162e-05,
                    0.5487968321398554
                ],
                [
                    0.21008507264371837,
                    -0.07835779183665631,
                    -6.283440282425587
                ],
                [
                    0.3997636974704749,
                    -0.00011172640179317597,
                    0.11597579699529911
                ],
                [
                    0.5698139949661006,
                    0.00014083034160951996,
                    0.16907438196724625
                ],
                [
                    0.6631602313511503,
                    3.141879673105974,
                    0.43441675780915884
                ]
            ]
        ],
        [
            [
                [
                    0.3301201753589836,
                    0.07837839090331378,
                    -6.282742241621966
                ],
                [
                    0.6710410307458016,
                    -1.1262122551587827e-05,
                    0.12423213907979652
                ],
                [
                    0.6534388871968132,
                    0.07838921807168922,
                    -3.1412910490366475
                ],
                [
                    0.40637429968444033,
                    0.00010609482902445381,
                    0.14653961948263597
                ],
                [
                    0.3375129452707633,
                    -0.00044523857846692083,
                    0.40840574470551394
                ],
                [
                    0.07052187298350442,
                    3.1413281855463313,
                    0.41785842214391905
                ]
            ]
        ],
        [
            [
                [
                    0.016126136370324676,
                    -0.07840095407021153,
                    3.140202171195111
                ],
                [
                    0.6202321833929558,
                    2.9971317535599243e-05,
                    0.3062856834278883
                ],
                [
                    0.20263936207842428,
                    0.07832366034978099,
                    -3.1415119181517235
                ],
                [
                    0.05366485737368234,
                    -0.00010467344500750798,
                    0.007097394373776872
                ],
                [
                    0.3481354824837877,
                    -9.808291019353876e-05,
                    -0.048516240759240874
                ],
                [
                    0.3574359094182849,
                    3.141799528176161,
                    1.3924191881476213
                ]
            ]
        ],
        [
            [
                [
                    0.013569303837755658,
                    -0.07843290982907744,
                    -3.141459916052199
                ],
                [
                    0.5899742210700591,
                    2.095546966835328e-05,
                    0.14630067387539775
                ],
                [
                    0.17143205414513604,
                    0.0784295689347546,
                    -9.424411516247217
                ],
                [
                    0.20129916289838043,
                    -4.193129724080764e-05,
                    0.4023104687781124
                ],
                [
                    0.09572717741470627,
                    0.00023163003699432422,
                    0.38599006364378136
                ],
                [
