{
    "starttime": "2024-12-03_13-59-17",
    "potential": "linear",
    "boundary_condition": "dirichlet",
    "c": 0,
    "cutoff": 2,
    "num_sites": 2,
    "exact_eigenvalues": [
        0.006966011250104929,
        0.006966011250104929,
        0.006966011250104929,
        0.006966011250104929,
        1.1249999999999998,
        1.1249999999999998,
        1.1249999999999998,
        1.1249999999999998,
        1.1249999999999998,
        1.1249999999999998,
        1.1249999999999998,
        1.1249999999999998,
        2.243033988749895,
        2.243033988749895,
        2.243033988749895,
        2.243033988749895
    ],
    "ansatz": "StronglyEntanglingLayers-1layer",
    "num_VQE": 10,
    "shots": null,
    "Optimizer": {
        "name": "AdamOptimizer",
        "stepsize": 0.5,
        "maxiter": 10000,
        "tolerance": 1e-06,
        "moving_avg_length": 5
    },
    "results": [
        0.12500199179549304,
        0.1250013100567013,
        0.12500169413066353,
        0.12500210876341114,
        0.12500101157993385,
        0.1250001094456538,
        0.12500260766483845,
        0.12500282649312122,
        0.12500152913948304,
        0.1250021195680217
    ],
    "params": [
        [
            [
                [
                    0.5175705492182509,
                    2.9614529482319796,
                    0.6687532396118084
                ],
                [
                    0.7102095969035578,
                    0.016263892085217925,
                    0.3894098347303514
                ],
                [
                    0.7604590516463076,
                    0.003248264124981388,
                    0.42220797884552574
                ],
                [
                    0.2785635053644314,
                    -3.1450301163339125,
                    0.5156202145837125
                ]
            ]
        ],
        [
            [
                [
                    0.09066873400235781,
                    0.24536928402342767,
                    0.42965352037849447
                ],
                [
                    0.3405834890953487,
                    -0.02118300146341441,
                    0.30064246513239234
                ],
                [
                    0.7075944307842321,
                    -0.002563450558738148,
                    0.5194225439703617
                ],
                [
                    0.34260573657323384,
                    3.138602349633823,
                    0.5161847501394072
                ]
            ]
        ],
        [
            [
                [
                    0.7519998924045926,
                    0.014703186584496356,
                    0.4017161656219946
                ],
                [
                    0.3186337660591107,
                    0.07091427497439676,
                    0.6141736360633935
                ],
                [
                    0.6506172437508506,
                    -0.0026058659671290767,
                    0.5117181238365933
                ],
                [
                    0.06747991443472151,
                    3.138212187764046,
                    0.43706047715043783
                ]
            ]
        ],
        [
            [
                [
                    0.6469068397298783,
                    -0.0034241261021043063,
                    0.4392165505594819
                ],
                [
                    0.01723212253473772,
                    0.14361152853280412,
                    0.6836047656549017
                ],
                [
                    0.26701082684788596,
                    -0.002143866136062453,
                    0.23033742692676468
                ],
                [
                    0.41510094625474503,
                    3.1376941273531176,
                    0.19658640486465975
                ]
            ]
        ],
        [
            [
                [
                    0.007621611606361555,
                    0.03616436151985354,
                    0.6940257718980689
                ],
                [
                    0.3986765577114125,
                    3.0849063688931277,
                    0.31975065923658547
                ],
                [
                    0.6331459784361847,
                    0.0010435757964224412,
                    1.7180494126376729
                ],
                [
                    0.6666145966876752,
                    3.140867954067695,
                    -1.288734179108218
                ]
            ]
        ],
        [
            [
                [
                    0.38440919874230606,
                    10.680951181565522,
                    0.5810093714948701
                ],
                [
                    0.36851878232673485,
                    0.4862825368616263,
                    0.027742287802533273
                ],
                [
                    0.3843846055293696,
                    0.0009468820328674221,
                    2.3516011056728683
                ],
                [
                    0.0764773181655163,
                    3.1429587119210547,
                    -1.4561388611330053
                ]
            ]
        ],
        [
            [
                [
                    0.15103317021708312,
                    2.9025246595079546,
                    0.7451314168051588
                ],
                [
                    0.49086989648660745,
                    2.8900969014080444,
                    0.14078494029736993
                ],
                [
                    0.2865983209295455,
                    -0.002476810644814945,
                    0.7523756384516985
                ],
                [
                    0.47405781831386545,
                    3.1387213468067747,
                    0.7535759843152002
                ]
            ]
        ],
        [
            [
                [
                    0.4329110768365638,
                    0.042842537049805916,
                    0.3812327532901633
                ],
                [
                    0.026138684043820828,
                    0.12000799075424178,
                    0.16270104577345623
                ],
                [
                    0.49506852551923325,
                    -0.002762775294996837,
                    0.16887960282639464
                ],
                [
                    0.15093505769536203,
                    3.138006227506775,
                    0.2599769112134429
                ]
            ]
        ],
        [
            [
                [
                    0.500561215304657,
                    -0.18029231082128075,
                    0.20998103610324564
                ],
                [
                    0.4127977107048316,
                    -3.1479433083655732,
                    0.279321909210273
                ],
                [
                    0.25959953212283404,
                    0.0010744393009061094,
                    0.7034887209616005
                ],
                [
                    0.3048163130519902,
                    3.137942577152659,
                    0.7119793310329864
                ]
            ]
        ],
        [
            [
                [
                    0.15097314125801012,
                    -6.129894508783371,
                    0.005869366600214425
                ],
                [
                    0.3280799425392912,
                    -6.08654924154647,
                    0.38066963853183666
                ],
                [
                    0.27981037511915147,
                    0.0026360249717244134,
                    2.180464841458308
                ],
                [
                    0.11353830872915574,
                    3.138246622108467,
                    -0.8527696710065585
                ]
