{
    "starttime": "2024-12-03_14-02-32",
    "potential": "linear",
    "boundary_condition": "dirichlet",
    "c": 0,
    "cutoff": 16,
    "num_sites": 2,
    "exact_eigenvalues": [
        2.127320596086375e-15,
        1.1180339887498922,
        1.1180339887499353,
        30.604422145960786,
        31.72245613471023,
        32.091277086869404,
        32.14955906061451,
        33.209311075618594,
        33.20931107561873,
        33.26759304936455,
        33.26759304936489,
        34.327345064368686
    ],
    "ansatz": "StronglyEntanglingLayers-1layer",
    "num_VQE": 10,
    "shots": null,
    "Optimizer": {
        "name": "AdamOptimizer",
        "stepsize": 0.5,
        "maxiter": 10000,
        "tolerance": 1e-06,
        "moving_avg_length": 5
    },
    "results": [
        0.11805293530188189,
        0.11804157867725486,
        0.11803877209399413,
        0.11804046345887478,
        0.11803706327839487,
        0.11804237754594202,
        0.11803616531733066,
        0.11803777510014019,
        0.11803671833123638,
        0.11804775710527438
    ],
    "params": [
        [
            [
                [
                    0.10395315394784553,
                    1.4256840012055066e-05,
                    2.0798414381140247
                ],
                [
                    0.2871712805239685,
                    -0.0020753121286701346,
                    -4.385890551863123
                ],
                [
                    0.6034054668747977,
                    -0.0788818752737734,
                    -0.003351160268051974
                ],
                [
                    0.2873849880626232,
                    0.0006670571344078817,
                    0.4855031444051042
                ],
                [
                    0.2761356360076824,
                    0.00033598020731038744,
                    1.6018767237004825
                ],
                [
                    0.48476663129363656,
                    -0.00414836429557807,
                    -3.0525895932890452
                ],
                [
                    0.21776093486792694,
                    -0.07916739974783436,
                    0.004024680653097782
                ],
                [
                    0.2701520370976265,
                    1.6476361782480136e-05,
                    0.19276877661956682
                ],
                [
                    0.7774976658783114,
                    0.0006464048101862772,
                    1.92990409111273
                ],
                [
                    0.5199958866387554,
                    3.138896505832981,
                    -1.01003617147742
                ]
            ]
        ],
        [
            [
                [
                    0.5813447134212322,
                    0.0002203256029644253,
                    0.9419705688714514
                ],
                [
                    0.06150612208270742,
                    -0.0035100922433228517,
                    -3.430863906290219
                ],
                [
                    0.18344568150047907,
                    0.0793118057764987,
                    -3.142303140041241
                ],
                [
                    0.11550889933352569,
                    -3.6722058983121926e-05,
                    0.02030606505179261
                ],
                [
                    0.6150838806141754,
                    0.0008734944721980872,
                    9.329847169739216
                ],
                [
                    0.447398674154634,
                    0.004565954514294556,
                    -6.029330332720838
                ],
                [
                    0.7753796535393442,
                    -0.07851211301026358,
                    0.0023192895422091977
                ],
                [
                    0.2791615588193142,
                    -0.00011134402932840301,
                    0.40541399760094143
                ],
                [
                    0.3449948972337902,
                    -0.0023571367422961513,
                    -0.021491265814204512
                ],
                [
                    0.7167028734064806,
                    3.137973795629342,
                    0.2426054168018876
                ]
            ]
        ],
        [
            [
                [
                    0.7445003750379764,
                    -0.00013407165850174823,
                    0.5551698550346907
                ],
                [
                    0.728946834587685,
                    -0.0031104086872290482,
                    9.216711376618374
                ],
                [
                    0.18002923495098813,
                    -0.07821270823646169,
                    6.283674369448607
                ],
                [
                    0.33672284251093065,
                    -0.0003793160093735538,
                    0.6823772171674064
                ],
                [
                    0.39876593922911346,
                    0.0006068049829986309,
                    0.597947820463891
                ],
                [
                    0.5517185050830418,
                    0.003977879033957303,
                    0.0548332576330578
                ],
                [
                    0.6208140666328766,
                    -0.07843381933904328,
                    0.00040836640864373643
                ],
                [
                    0.23904718715956041,
                    -0.0010295149668509708,
                    0.26767256447726145
                ],
                [
                    0.669431672623899,
                    -0.0019052015061340544,
                    0.38719609358632984
                ],
                [
                    0.5743326723548212,
                    3.137497665395729,
                    0.0438469866081232
                ]
            ]
        ],
        [
            [
                [
                    0.23218923853434897,
                    1.0542609824055614e-05,
                    3.211607668695692
                ],
                [
                    0.09092871383124665,
                    -0.0038473389370903416,
                    -3.493624273215499
                ],
                [
                    0.0116771425686741,
                    0.07946434246207322,
                    -3.147396056879464
                ],
                [
                    0.5951867585995284,
                    -0.00018806485025792396,
                    0.7160923233433574
                ],
                [
                    0.7433643549251405,
                    -0.0005591715759038278,
                    0.9681794229019846
                ],
                [
                    0.13409465528833628,
                    0.003779879422261179,
                    0.006792006803552279
                ],
                [
                    0.6610332997363785,
                    0.07835000199217394,
                    -3.1375927330485425
                ],
                [
                    0.016017660224061953,
                    3.659300281978295e-05,
                    0.12318203399018916
                ],
                [
                    0.37940690968928625,
                    -0.0016163486828815452,
                    0.3487191631838444
                ],
                [
                    0.2790985359288865,
                    3.1378642495804336,
                    0.4268350743213548
                ]
            ]
        ],
        [
            [
                [
                    0.18087166817310554,
                    -0.0003484011991786105,
                    -3.97690923516305
                ],
                [
                    0.28890618019661235,
                    -0.0034610452216738,
