{
    "load_date": "2026-02-02 19:31:58.263963",
    "potential": "linear",
    "cutoff": 2,
    "N": 4,
    "a": 1.0,
    "c": null,
    "x_max": 3.0,
    "boundary_condition": "dirichlet",
    "num_qubits": 8,
    "H_size": [
        256,
        256
    ],
    "H_dense_mem_estimate_bytes": 1048576,
    "H_sparse_mem_estimate_bytes": 41988,
    "H_pauli_time": "0:00:00.013582",
    "H_creation_time": "0:00:00.006026",
    "H_eigenvalue_time": "0:00:00.020429",
    "eigenvalues": [
        -1.2852271308667604,
        -0.23856983126363257,
        -0.23856983126363152,
        0.001049859982199063,
        0.0010498599822024804,
        0.8080874683395005,
        1.0477071595853307,
        1.0477071595853331
    ],
    "best_basis_state": [
        1,
        1,
        0,
        1,
        1,
        1,
        0,
        1
    ],
    "basis_prob": 0.8619700669877711,
    "num_paulis": 21,
    "pauli_coeffs": [
        12.34662271123215,
        -0.2741556778080376,
        2.25,
        -0.5,
        -0.2741556778080376,
        2.8125,
        0.5,
        -0.2741556778080376,
        2.8125,
        -0.5,
        -0.2741556778080376,
        2.25,
        0.5,
        0.25,
        0.25,
        0.25,
        0.25,
        0.25,
        0.25,
        -0.5625,
        -0.5625
    ],
    "pauli_labels": [
        "IIIIIIII",
        "IIIIIIIX",
        "IIIIIIIZ",
        "IIIIIIZI",
        "IIIIIXII",
        "IIIIIZII",
        "IIIIZIII",
        "IIIXIIII",
        "IIIZIIII",
        "IIZIIIII",
        "IXIIIIII",
        "IZIIIIII",
        "ZIIIIIII",
        "IIIIXIXI",
        "IIIIYIYI",
        "IIXIXIII",
        "IIYIYIII",
        "XIXIIIII",
        "YIYIIIII",
        "IIIZIIIZ",
        "IZIIIZII"
    ],
    "boson_position_marginals": {
        "site_0": {
            "x_grid": [
                -3.0,
                0.0
            ],
            "P_x": [
                0.0023626238990049437,
                0.9976373761009895
            ],
            "edge_mass_2": 1.999999999999989
        },
        "site_1": {
            "x_grid": [
                -3.0,
                0.0
            ],
            "P_x": [
                0.0016448427189982484,
                0.9983551572809962
            ],
            "edge_mass_2": 1.999999999999989
        },
        "site_2": {
            "x_grid": [
                -3.0,
                0.0
            ],
            "P_x": [
                0.0016448427189982475,
                0.9983551572809962
            ],
            "edge_mass_2": 1.999999999999989
        },
        "site_3": {
            "x_grid": [
                -3.0,
                0.0
            ],
            "P_x": [
                0.0023626238990049437,
                0.9976373761009896
            ],
            "edge_mass_2": 1.9999999999999891
        }
    }
}