{
    "load_date": "2026-02-02 19:31:58.336687",
    "potential": "linear",
    "cutoff": 4,
    "N": 4,
    "a": 1.0,
    "c": null,
    "x_max": 3.0,
    "boundary_condition": "dirichlet",
    "num_qubits": 12,
    "H_size": [
        4096,
        4096
    ],
    "H_dense_mem_estimate_bytes": 268435456,
    "H_sparse_mem_estimate_bytes": 1327108,
    "H_pauli_time": "0:00:00.005368",
    "H_creation_time": "0:00:00.000710",
    "H_eigenvalue_time": "0:00:00.061971",
    "eigenvalues": [
        -0.1916048189378379,
        0.8550524806652859,
        0.8550524806652908,
        1.0946721719111159,
        1.0946721719111205,
        1.2138684526047485,
        1.2138684526047543,
        1.4935116390153027
    ],
    "best_basis_state": [
        1,
        1,
        0,
        0,
        1,
        0,
        1,
        1,
        0,
        0,
        1,
        0
    ],
    "basis_prob": 0.5166210493665367,
    "num_paulis": 43,
    "pauli_coeffs": [
        12.289868133696451,
        -0.5483113556160755,
        0.5624999999999999,
        0.27415567780803773,
        -0.5483113556160752,
        1.125,
        1.40625,
        -0.5,
        -0.5483113556160755,
        0.703125,
        0.27415567780803773,
        -0.5483113556160752,
        1.40625,
        1.6875,
        0.5,
        -0.5483113556160755,
        0.703125,
        0.27415567780803773,
        -0.5483113556160752,
        1.40625,
        1.6875,
        -0.5,
        -0.5483113556160755,
        0.5624999999999999,
        0.27415567780803773,
        -0.5483113556160752,
        1.125,
        1.40625,
        0.5,
        0.25,
        0.25,
        0.25,
        0.25,
        0.25,
        0.25,
        -0.140625,
        -0.28125,
        -0.28125,
        -0.5625,
        -0.140625,
        -0.28125,
        -0.28125,
        -0.5625
    ],
    "pauli_labels": [
        "IIIIIIIIIIII",
        "IIIIIIIIIIIX",
        "IIIIIIIIIIIZ",
        "IIIIIIIIIIXI",
        "IIIIIIIIIIXX",
        "IIIIIIIIIIZI",
        "IIIIIIIIIIZZ",
        "IIIIIIIIIZII",
        "IIIIIIIIXIII",
        "IIIIIIIIZIII",
        "IIIIIIIXIIII",
        "IIIIIIIXXIII",
        "IIIIIIIZIIII",
        "IIIIIIIZZIII",
        "IIIIIIZIIIII",
        "IIIIIXIIIIII",
        "IIIIIZIIIIII",
        "IIIIXIIIIIII",
        "IIIIXXIIIIII",
        "IIIIZIIIIIII",
        "IIIIZZIIIIII",
        "IIIZIIIIIIII",
        "IIXIIIIIIIII",
        "IIZIIIIIIIII",
        "IXIIIIIIIIII",
        "IXXIIIIIIIII",
        "IZIIIIIIIIII",
        "IZZIIIIIIIII",
        "ZIIIIIIIIIII",
        "IIIIIIXIIXII",
        "IIIIIIYIIYII",
        "IIIXIIXIIIII",
        "IIIYIIYIIIII",
        "XIIXIIIIIIII",
        "YIIYIIIIIIII",
        "IIIIIZIIIIIZ",
        "IIIIIZIIIIZI",
        "IIIIZIIIIIIZ",
        "IIIIZIIIIIZI",
        "IIZIIIIIZIII",
        "IIZIIIIZIIII",
        "IZIIIIIIZIII",
        "IZIIIIIZIIII"
    ],
    "boson_position_marginals": {
        "site_0": {
            "x_grid": [
                -3.0,
                -1.5,
                0.0,
                1.5
            ],
            "P_x": [
                2.568634873455504e-05,
                0.06768896226137666,
                0.8646046974235211,
                0.06768065396636441
            ],
            "edge_mass_2": 0.9999999999999967
        },
        "site_1": {
            "x_grid": [
                -3.0,
                -1.5,
                0.0,
                1.5
            ],
            "P_x": [
                2.412054852042549e-07,
                0.05460319564112552,
                0.8907993710776124,
                0.054597192075773786
            ],
            "edge_mass_2": 0.9999999999999969
        },
        "site_2": {
            "x_grid": [
                -3.0,
                -1.5,
                0.0,
                1.5
            ],
            "P_x": [
                2.412054852043161e-07,
                0.05460319564112552,
                0.8907993710776126,
                0.054597192075773765
            ],
            "edge_mass_2": 0.9999999999999971
        },
        "site_3": {
            "x_grid": [
                -3.0,
                -1.5,
                0.0,
                1.5
            ],
            "P_x": [
                2.5686348734554564e-05,
                0.0676889622613765,
                0.8646046974235214,
                0.06768065396636434
            ],
            "edge_mass_2": 0.9999999999999968
        }
    }
}