{
    "load_date": "2026-02-02 19:32:00.640912",
    "potential": "linear",
    "cutoff": 8,
    "N": 4,
    "a": 1.0,
    "c": null,
    "x_max": 3.0,
    "boundary_condition": "dirichlet",
    "num_qubits": 16,
    "H_size": [
        65536,
        65536
    ],
    "H_dense_mem_estimate_bytes": 68719476736,
    "H_sparse_mem_estimate_bytes": 42205188,
    "H_pauli_time": "0:00:00.017416",
    "H_creation_time": "0:00:00.007440",
    "H_eigenvalue_time": "0:00:02.266656",
    "eigenvalues": [
        -0.0004426576793850129,
        1.046214641923739,
        1.0462146419237461,
        1.0487532564985378,
        1.048753256498544,
        1.285834333169564,
        1.2858343331695732,
        1.2877903155907837
    ],
    "best_basis_state": [
        1,
        1,
        0,
        0,
        0,
        1,
        0,
        0,
        1,
        1,
        0,
        0,
        0,
        1,
        0,
        0
    ],
    "basis_prob": 0.03746869883175319,
    "num_paulis": 89,
    "pauli_coeffs": [
        20.500349823553655,
        -1.8720520667475813,
        0.140625,
        0.5483113556160762,
        -1.0966227112321512,
        -0.7754293555154308,
        0.28125,
        0.3515625,
        0.2741556778080374,
        -0.3211933557167197,
        0.5483113556160744,
        -1.0966227112321496,
        0.7754293555154309,
        0.5625,
        0.703125,
        1.40625,
        -0.5,
        -1.8720520667475813,
        0.17578125,
        0.5483113556160762,
        -1.0966227112321512,
        -0.7754293555154308,
        0.3515625,
        0.421875,
        0.2741556778080374,
        -0.3211933557167197,
        0.5483113556160744,
        -1.0966227112321496,
        0.7754293555154309,
        0.703125,
        0.84375,
        1.6875,
        0.5,
        -1.8720520667475813,
        0.17578125,
        0.5483113556160762,
        -1.0966227112321512,
        -0.7754293555154308,
        0.3515625,
        0.421875,
        0.2741556778080374,
        -0.3211933557167197,
        0.5483113556160744,
        -1.0966227112321496,
        0.7754293555154309,
        0.703125,
        0.84375,
        1.6875,
        -0.5,
        -1.8720520667475813,
        0.140625,
        0.5483113556160762,
        -1.0966227112321512,
        -0.7754293555154308,
        0.28125,
        0.3515625,
        0.2741556778080374,
        -0.3211933557167197,
        0.5483113556160744,
        -1.0966227112321496,
        0.7754293555154309,
        0.5625,
        0.703125,
        1.40625,
        0.5,
        0.25,
        0.25,
        0.25,
        0.25,
        0.25,
        0.25,
        -0.03515625,
        -0.0703125,
        -0.140625,
        -0.0703125,
        -0.140625,
        -0.28125,
        -0.140625,
        -0.28125,
        -0.5625,
        -0.03515625,
        -0.0703125,
        -0.140625,
        -0.0703125,
        -0.140625,
        -0.28125,
        -0.140625,
        -0.28125,
        -0.5625
    ],
    "pauli_labels": [
        "IIIIIIIIIIIIIIII",
        "IIIIIIIIIIIIIIIX",
        "IIIIIIIIIIIIIIIZ",
        "IIIIIIIIIIIIIIXI",
        "IIIIIIIIIIIIIIXX",
        "IIIIIIIIIIIIIIYY",
        "IIIIIIIIIIIIIIZI",
        "IIIIIIIIIIIIIIZZ",
        "IIIIIIIIIIIIIXII",
        "IIIIIIIIIIIIIXIX",
        "IIIIIIIIIIIIIXXI",
        "IIIIIIIIIIIIIXXX",
        "IIIIIIIIIIIIIXYY",
        "IIIIIIIIIIIIIZII",
        "IIIIIIIIIIIIIZIZ",
        "IIIIIIIIIIIIIZZI",
        "IIIIIIIIIIIIZIII",
        "IIIIIIIIIIIXIIII",
        "IIIIIIIIIIIZIIII",
        "IIIIIIIIIIXIIIII",
        "IIIIIIIIIIXXIIII",
        "IIIIIIIIIIYYIIII",
        "IIIIIIIIIIZIIIII",
        "IIIIIIIIIIZZIIII",
        "IIIIIIIIIXIIIIII",
        "IIIIIIIIIXIXIIII",
        "IIIIIIIIIXXIIIII",
        "IIIIIIIIIXXXIIII",
        "IIIIIIIIIXYYIIII",
        "IIIIIIIIIZIIIIII",
        "IIIIIIIIIZIZIIII",
        "IIIIIIIIIZZIIIII",
        "IIIIIIIIZIIIIIII",
        "IIIIIIIXIIIIIIII",
        "IIIIIIIZIIIIIIII",
        "IIIIIIXIIIIIIIII",
        "IIIIIIXXIIIIIIII",
        "IIIIIIYYIIIIIIII",
        "IIIIIIZIIIIIIIII",
        "IIIIIIZZIIIIIIII",
        "IIIIIXIIIIIIIIII",
        "IIIIIXIXIIIIIIII",
        "IIIIIXXIIIIIIIII",
        "IIIIIXXXIIIIIIII",
        "IIIIIXYYIIIIIIII",
        "IIIIIZIIIIIIIIII",
        "IIIIIZIZIIIIIIII",
        "IIIIIZZIIIIIIIII",
        "IIIIZIIIIIIIIIII",
        "IIIXIIIIIIIIIIII",
        "IIIZIIIIIIIIIIII",
        "IIXIIIIIIIIIIIII",
        "IIXXIIIIIIIIIIII",
        "IIYYIIIIIIIIIIII",
        "IIZIIIIIIIIIIIII",
        "IIZZIIIIIIIIIIII",
        "IXIIIIIIIIIIIIII",
        "IXIXIIIIIIIIIIII",
        "IXXIIIIIIIIIIIII",
        "IXXXIIIIIIIIIIII",
        "IXYYIIIIIIIIIIII",
        "IZIIIIIIIIIIIIII",
        "IZIZIIIIIIIIIIII",
        "IZZIIIIIIIIIIIII",
        "ZIIIIIIIIIIIIIII",
        "IIIIIIIIXIIIXIII",
        "IIIIIIIIYIIIYIII",
        "IIIIXIIIXIIIIIII",
        "IIIIYIIIYIIIIIII",
        "XIIIXIIIIIIIIIII",
        "YIIIYIIIIIIIIIII",
        "IIIIIIIZIIIIIIIZ",
        "IIIIIIIZIIIIIIZI",
        "IIIIIIIZIIIIIZII",
        "IIIIIIZIIIIIIIIZ",
        "IIIIIIZIIIIIIIZI",
        "IIIIIIZIIIIIIZII",
        "IIIIIZIIIIIIIIIZ",
        "IIIIIZIIIIIIIIZI",
        "IIIIIZIIIIIIIZII",
        "IIIZIIIIIIIZIIII",
        "IIIZIIIIIIZIIIII",
        "IIIZIIIIIZIIIIII",
        "IIZIIIIIIIIZIIII",
        "IIZIIIIIIIZIIIII",
        "IIZIIIIIIZIIIIII",
        "IZIIIIIIIIIZIIII",
        "IZIIIIIIIIZIIIII",
        "IZIIIIIIIZIIIIII"
    ],
    "boson_position_marginals": {
        "site_0": {
            "x_grid": [
                -3.0,
                -2.25,
                -1.5,
                -0.75,
                0.0,
                0.75,
                1.5,
                2.25
            ],
            "P_x": [
                8.393931457254684e-05,
                0.001716002398226524,
                0.03718998053417651,
                0.23890385316008697,
                0.44434308579909504,
                0.23887547444360793,
                0.03717748595713288,
                0.0017101783931018568
            ],
            "edge_mass_2": 0.04068760606303381
        },
        "site_1": {
            "x_grid": [
                -3.0,
                -2.25,
                -1.5,
                -0.75,
                0.0,
                0.75,
                1.5,
                2.25
            ],
            "P_x": [
                3.331074855181521e-05,
                0.001038262666623694,
                0.030634006424687443,
                0.23566215384216865,
                0.46535866148116517,
                0.23561774456912365,
                0.030620497309198594,
                0.0010353629584804911
            ],
            "edge_mass_2": 0.0327274336828546
        },
        "site_2": {
            "x_grid": [
                -3.0,
                -2.25,
                -1.5,
                -0.75,
                0.0,
                0.75,
                1.5,
                2.25
            ],
            "P_x": [
                3.331074855181567e-05,
                0.0010382626666236997,
                0.030634006424687513,
                0.23566215384216882,
                0.46535866148116484,
                0.2356177445691236,
                0.030620497309198653,
                0.0010353629584804957
            ],
            "edge_mass_2": 0.03272743368285467
        },
        "site_3": {
            "x_grid": [
                -3.0,
                -2.25,
                -1.5,
                -0.75,
                0.0,
                0.75,
                1.5,
                2.25
            ],
            "P_x": [
                8.39393145725465e-05,
                0.0017160023982265198,
                0.03718998053417645,
                0.23890385316008714,
                0.444343085799095,
                0.23887547444360735,
                0.03717748595713271,
                0.001710178393101852
            ],