{
    "load_date": "2026-02-02 19:33:59.601545",
    "potential": "linear",
    "cutoff": 16,
    "N": 4,
    "a": 1.0,
    "c": null,
    "x_max": 3.0,
    "boundary_condition": "dirichlet",
    "num_qubits": 20,
    "H_size": [
        1048576,
        1048576
    ],
    "H_dense_mem_estimate_bytes": 17592186044416,
    "H_sparse_mem_estimate_bytes": 1346371588,
    "H_pauli_time": "0:00:00.400740",
    "H_creation_time": "0:00:00.166888",
    "H_eigenvalue_time": "0:01:58.231865",
    "eigenvalues": [
        -0.000502111994712653,
        1.046155187608387,
        1.0461551876084136,
        1.0487521029631388,
        1.0487521029631501,
        1.2857748788542116,
        1.2857748788542145,
        1.2878677421062346
    ],
    "best_basis_state": [
        1,
        1,
        0,
        0,
        0,
        0,
        1,
        0,
        0,
        0,
        1,
        1,
        0,
        0,
        0,
        0,
        1,
        0,
        0,
        0
    ],
    "basis_prob": 0.0023409568040653485,
    "num_paulis": 191,
    "pauli_coeffs": [
        55.45165158298248,
        -7.203205310022251,
        0.03515625,
        1.8720520667475817,
        -4.04571138654638,
        -3.157493923475869,
        0.07031250000000044,
        0.08789062500000044,
        0.5483113556160735,
        -0.6423867114334403,
        1.0966227112321514,
        -2.193245422464301,
        1.5508587110308656,
        -0.24583075163707324,
        -1.6066352124450063,
        0.7754293555154331,
        -1.8524659640820826,
        0.14062500000000044,
        0.17578125000000044,
        0.35156250000000044,
        0.2741556778080386,
        -0.28500295696807487,
        0.32119335571672064,
        -0.34077945838222445,
        0.05577650141414639,
        0.5483113556160766,
        -0.6423867114334392,
        1.0966227112321492,
        -2.193245422464301,
        1.5508587110308616,
        0.24583075163706825,
        1.6066352124450072,
        -0.7754293555154276,
        1.8524659640820778,
        0.2812500000000002,
        0.3515625,
        0.7031250000000002,
        1.40625,
        -0.5,
        -7.203205310022251,
        0.0439453125,
        1.8720520667475817,
        -4.04571138654638,
        -3.157493923475869,
        0.08789062500000044,
        0.10546875000000044,
        0.5483113556160735,
        -0.6423867114334403,
        1.0966227112321514,
        -2.193245422464301,
        1.5508587110308656,
        -0.24583075163707324,
        -1.6066352124450063,
        0.7754293555154331,
        -1.8524659640820826,
        0.17578125000000044,
        0.21093750000000044,
        0.42187500000000044,
        0.2741556778080386,
        -0.28500295696807487,
        0.32119335571672064,
        -0.34077945838222445,
        0.05577650141414639,
        0.5483113556160766,
        -0.6423867114334392,
        1.0966227112321492,
        -2.193245422464301,
        1.5508587110308616,
        0.24583075163706825,
        1.6066352124450072,
        -0.7754293555154276,
        1.8524659640820778,
        0.3515625000000002,
        0.421875,
        0.8437500000000002,
        1.6875,
        0.5,
        -7.203205310022251,
        0.0439453125,
        1.8720520667475817,
        -4.04571138654638,
        -3.157493923475869,
        0.08789062500000044,
        0.10546875000000044,
        0.5483113556160735,
        -0.6423867114334403,
        1.0966227112321514,
        -2.193245422464301,
        1.5508587110308656,
        -0.24583075163707324,
        -1.6066352124450063,
        0.7754293555154331,
        -1.8524659640820826,
        0.17578125000000044,
        0.21093750000000044,
        0.42187500000000044,
        0.2741556778080386,
        -0.28500295696807487,
        0.32119335571672064,
        -0.34077945838222445,
        0.05577650141414639,
        0.5483113556160766,
        -0.6423867114334392,
        1.0966227112321492,
        -2.193245422464301,
        1.5508587110308616,
        0.24583075163706825,
        1.6066352124450072,
        -0.7754293555154276,
        1.8524659640820778,
        0.3515625000000002,
        0.421875,
        0.8437500000000002,
        1.6875,
        -0.5,
        -7.203205310022251,
        0.03515625,
        1.8720520667475817,
        -4.04571138654638,
        -3.157493923475869,
        0.07031250000000044,
        0.08789062500000044,
        0.5483113556160735,
        -0.6423867114334403,
        1.0966227112321514,
        -2.193245422464301,
        1.5508587110308656,
        -0.24583075163707324,
        -1.6066352124450063,
        0.7754293555154331,
        -1.8524659640820826,
        0.14062500000000044,
        0.17578125000000044,
        0.35156250000000044,
        0.2741556778080386,
        -0.28500295696807487,
        0.32119335571672064,
        -0.34077945838222445,
        0.05577650141414639,
        0.5483113556160766,
        -0.6423867114334392,
        1.0966227112321492,
        -2.193245422464301,
        1.5508587110308616,
        0.24583075163706825,
        1.6066352124450072,
        -0.7754293555154276,
        1.8524659640820778,
        0.2812500000000002,
        0.3515625,
        0.7031250000000002,
        1.40625,
        0.5,
        0.25,
        0.25,
        0.25,
        0.25,
        0.25,
        0.25,
        -0.0087890625,
        -0.017578125,
        -0.03515625,
        -0.0703125,
        -0.017578125,
        -0.03515625,
        -0.0703125,
        -0.140625,
        -0.03515625,
        -0.0703125,
        -0.140625,
        -0.28125,
        -0.0703125,
        -0.140625,
        -0.28125,
        -0.5625,
        -0.0087890625,
        -0.017578125,
        -0.03515625,
        -0.0703125,
        -0.017578125,
        -0.03515625,
        -0.0703125,
        -0.140625,
        -0.03515625,
        -0.0703125,
        -0.140625,
        -0.28125,
        -0.0703125,
        -0.140625,
        -0.28125,
        -0.5625
    ],