{
    "potential": "AHO",
    "cutoff": 2,
    "exact_eigenvalues": [
        -0.4375,
        -0.4375,
        2.0625,
        2.0625
    ],
    "ansatz": "ry_cnot_ansatz",
    "num_VQE": 100,
    "Optimizer": {
        "name": "AdamOptimizer",
        "stepsize": 0.5,
        "maxiter": 2500,
        "tolerance": 1e-08
    },
    "results": [
        -0.4374999242187698,
        -0.4374998811000382,
        -0.4374999367302857,
        -0.43749987961274056,
        -0.4374998855244899,
        -0.43749993500303286,
        -0.437499985050504,
        -0.43749987990391254,
        -0.43749996976649497,
        -0.4374999438866914,
        -0.4374998841718119,
        -0.4374999348976521,
        -0.4374992529184221,
        -0.43749993864915493,
        -0.43749999146902707,
        -0.4374999384798931,
        -0.43749998189825573,
        -0.4374998935019081,
        -0.4374993065805924,
        -0.4374999450203616,
        -0.4374998829019926,
        -0.43749987923424677,
        -0.4374999383385365,
        -0.43749987524892464,
        -0.43749866415247646,
        -0.4374999046014149,
        -0.4374999422552609,
        -0.4374999827126915,
        -0.43749995208526826,
        -0.43749993273740695,
        -0.437499962750333,
        -0.43749998524042,
        -0.43749992164965673,
        -0.4374999325024217,
        -0.4374999628240711,
        -0.4374999792675455,
        -0.43749981346013994,
        -0.4374998891726523,
        -0.43749993532104753,
        -0.4374999346526913,
        -0.43749993731311115,
        -0.4374998826121742,
        -0.43749993263190495,
        -0.43749993019462347,
        -0.43749956141225105,
        -0.4374998805950194,
        -0.4374998869046666,
        -0.437499887677172,
        -0.4374999646566454,
        -0.43749990338966477,
        -0.43749989150575563,
        -0.437499938187208,
        -0.43749987812940355,
        -0.43749988597143363,
        -0.437499936760424,
        -0.4374999894444741,
        -0.4374999989169425,
        -0.43749993044690944,
        -0.4374997852973934,
        -0.43749998928677225,
        -0.43749975916041056,
        -0.4374999418394338,
        -0.4374974335049655,
        -0.43749945132647067,
        -0.4374999482307236,
        -0.43749999383294313,
        -0.4374999751362652,
        -0.4374997345780357,
        -0.4374999732938373,
        -0.4374999383694004,
        -0.43749988568790826,
        -0.4374999335665295,
        -0.4374999320890932,
        -0.4374997885146598,
        -0.43749989074043155,
        -0.437499890653695,
        -0.43749993874969734,
        -0.43749977809453455,
        -0.43749998451297384,
        -0.4374998892392214,
        -0.4374999203008272,
        -0.4374999588244622,
        -0.43749989448868376,
        -0.43749988732233114,
        -0.43749052857125215,
        -0.4374999863970618,
        -0.4374999436804104,
        -0.4374998724061932,
        -0.4374999468880701,
        -0.43749992996948145,
        -0.43749926583002874,
        -0.43749931345020177,
        -0.43749995860911556,
        -0.43749993650460356,
        -0.43749993308349083,
        -0.43749998383864014,
        -0.4374999613334664,
        -0.43749989119733285,
        -0.43749988457470756,
        -0.43749946219644403
    ],
    "params": [
        [
            -3.141828100961892,
            -0.09798315888172691
        ],
        [
            -3.1418960136782483,
            -0.5026363494562572
        ],
        [
            3.1413802471551735,
            -0.901897165932694
        ],
        [
            3.1419137958535464,
            -0.4535758820800155
        ],
        [
            -3.1419087520156403,
            -0.20542400379933567
        ],
        [
            3.1413423188150875,
            -1.3293441071500247
        ],
        [
            -3.141951399524375,
            -0.4645955747969229
        ],
        [
            -3.142704425532761,
            0.39838549947344626
        ],
        [
            3.1421477051955486,
            0.7014134503766422
        ],
        [
            -3.141371347608911,
            -0.8617819237078027
        ],
        [
            3.1419017482799356,
            0.9214365935162478
        ],
        [
            -3.1413631072245782,
            -0.38413057543915036
        ],
        [
            -3.1407786257527137,
            -0.7911275830496448
        ],
        [
            3.1408071964440203,
            0.2405370748116842
        ],
        [
            -3.141896078943259,
            0.2302042743485435
        ],
        [
            -3.1413458312694895,
            0.5984857425114221
        ],
        [
            3.1411302551482527,
            -0.268851134477201
        ],
        [
            3.1418950477226417,
            0.26397350003794157
        ],
        [
            3.1408104559059904,
            -0.07701188483639498
        ],
        [
            3.1413611639245933,
            -0.8115450626880247
        ],
        [
            3.1419207979652017,
            -0.20278783842570783
        ],
        [
            -3.141917135801105,
            2.229481135250251
        ],
        [
            3.14137494979086,
            -0.7466565867467608
        ],
        [
            -3.1419235986194787,
            -0.8794846736064833
        ],
        [
            3.1425038197334114,
            0.9880253871787884
        ],
        [
            3.1405833861533923,
            0.6780967895897352
        ],
        [
            -3.141378008492656,
            0.7232241362427898
        ],
        [
            -3.141138909865311,
            -0.11962113027063867
        ],
        [
            3.1414261042826324,
            -0.7552619188622276
        ],
        [
            3.14241190749774,
            0.5812006476396115
        ],
        [
            -3.142210012317721,
            1.019361010844817
        ],
        [
            -3.141204191813616,
            -0.06050275611901385
        ],
        [
            -3.141348871753954,
            -0.8028319793238213
        ],
        [
            3.141355204788432,
            -0.6310992247189599
        ],
        [
            3.1422212177359428,
            -1.4441972367696834
        ],
        [
            3.1411539502338455,
            0.3345376801814533
        ],
        [
            3.1411909801265003,
            -1.2046220633093305
        ],
        [
            -3.1419136559572682,
            0.5174859471328878
        ],
        [
            3.1413430406808143,
            0.7672829106200955
        ],
        [
            3.1413553629709563,
            -0.8140012123923012
        ],
        [
            3.1413737559039787,
            0.031396575354568225
        ],
        [
            -3.1419006396561886,
            -0.5832593775817325
        ],
        [
            -3.141377954488711,
            0.647094140475395
        ],
        [
            3.141353471056801,
            -1.4122843398839569
        ],
        [
            -3.142195591708997,
            -0.6265722855987134
        ],
        [
            -3.141925507870401,
            0.2641095155483229
        ],
        [
            3.141906710000695,
            0.23095173130711621
        ],
        [
            -3.141888823949134,
            0.9157794282809978
        ],
        [
            3.1422074732937477,
            -1.163564316534695
        ],
        [
            3.1418738990537505,
            -0.07293935578523673
        ],
        [
            -3.141891403200556,
            -1.2857635496957298
        ],
        [
            -3.141382807418583,
            0.2573801548268823
        ],
        [
            3.141902381381975,
            -0.15152651992076166
        ],
        [
            -3.1419066191833656,
            -0.10331611122136879
        ],
        [
            3.141366293847332,
            0.9063247521141373
        ],
        [
