{
    "load_date": "2026-02-02 20:51:41.223438",
    "potential": "linear",
    "cutoff": 2,
    "N": 3,
    "a": 1.0,
    "c": null,
    "x_max": 4.0,
    "boundary_condition": "periodic",
    "num_qubits": 6,
    "H_size": [
        64,
        64
    ],
    "H_dense_mem_estimate_bytes": 65536,
    "H_sparse_mem_estimate_bytes": 9220,
    "H_pauli_time": "0:00:00.004500",
    "H_creation_time": "0:00:00.003747",
    "H_eigenvalue_time": "0:00:00.002033",
    "eigenvalues": [
        -1.32408349006928,
        -0.7294477452993768,
        -0.04330708366486838,
        0.4566929163351293,
        0.737469322739546,
        0.9566929163351299,
        1.4566929163351297,
        2.142833577969639
    ],
    "best_basis_state": [
        0,
        1,
        1,
        1,
        0,
        1
    ],
    "basis_prob": 0.8633756626657997,
    "num_paulis": 19,
    "pauli_coeffs": [
        15.46263770630106,
        -0.1542125687670212,
        4.0,
        -0.5,
        -0.1542125687670212,
        4.0,
        0.5,
        -0.1542125687670212,
        4.0,
        -0.5,
        0.25,
        0.25,
        0.25,
        0.25,
        -0.25,
        -0.25,
        -1.0,
        -1.0,
        -1.0
    ],
    "pauli_labels": [
        "IIIIII",
        "IIIIIX",
        "IIIIIZ",
        "IIIIZI",
        "IIIXII",
        "IIIZII",
        "IIZIII",
        "IXIIII",
        "IZIIII",
        "ZIIIII",
        "IIXIXI",
        "IIYIYI",
        "XIXIII",
        "YIYIII",
        "XIIIXI",
        "YIIIYI",
        "IZIZII",
        "IIIZIZ",
        "IZIIIZ"
    ],
    "boson_position_marginals": {
        "site_0": {
            "x_grid": [
                -4.0,
                0.0
            ],
            "P_x": [
                0.0001651134089905144,
                0.9998348865910085
            ],
            "edge_mass_2": 1.999999999999998
        },
        "site_1": {
            "x_grid": [
                -4.0,
                0.0
            ],
            "P_x": [
                0.0001651134089905126,
                0.9998348865910085
            ],
            "edge_mass_2": 1.999999999999998
        },
        "site_2": {
            "x_grid": [
                -4.0,
                0.0
            ],
            "P_x": [
                0.00016511340899051148,
                0.9998348865910085
            ],
            "edge_mass_2": 1.999999999999998
        }
    }
}