{
    "load_date": "2026-02-02 20:51:41.359179",
    "potential": "linear",
    "cutoff": 8,
    "N": 3,
    "a": 1.0,
    "c": null,
    "x_max": 4.0,
    "boundary_condition": "periodic",
    "num_qubits": 12,
    "H_size": [
        4096,
        4096
    ],
    "H_dense_mem_estimate_bytes": 268435456,
    "H_sparse_mem_estimate_bytes": 2064388,
    "H_pauli_time": "0:00:00.015222",
    "H_creation_time": "0:00:00.000896",
    "H_eigenvalue_time": "0:00:00.095946",
    "eigenvalues": [
        0.039258236596289006,
        0.6338939813661854,
        1.056036941671478,
        1.3200346430006833,
        1.3740338965297598,
        1.374033896529774,
        1.6506726864413948,
        1.8200346430006848
    ],
    "best_basis_state": [
        0,
        1,
        0,
        0,
        1,
        1,
        0,
        0,
        0,
        1,
        0,
        0
    ],
    "basis_prob": 0.2071271694962066,
    "num_paulis": 82,
    "pauli_coeffs": [
        17.2765147693117,
        -1.0530292875455145,
        0.25,
        0.308425137534043,
        -0.6168502750680852,
        -0.4361790124774298,
        0.5,
        0.75,
        0.1542125687670212,
        -0.18067126259065494,
        0.3084251375340419,
        -0.6168502750680844,
        0.4361790124774301,
        1.0,
        1.5,
        3.0,
        -0.5,
        -1.0530292875455145,
        0.25,
        0.308425137534043,
        -0.6168502750680852,
        -0.4361790124774298,
        0.5,
        0.75,
        0.1542125687670212,
        -0.18067126259065494,
        0.3084251375340419,
        -0.6168502750680844,
        0.4361790124774301,
        1.0,
        1.5,
        3.0,
        0.5,
        -1.0530292875455145,
        0.25,
        0.308425137534043,
        -0.6168502750680852,
        -0.4361790124774298,
        0.5,
        0.75,
        0.1542125687670212,
        -0.18067126259065494,
        0.3084251375340419,
        -0.6168502750680844,
        0.4361790124774301,
        1.0,
        1.5,
        3.0,
        -0.5,
        0.25,
        0.25,
        0.25,
        0.25,
        -0.25,
        -0.25,
        -0.0625,
        -0.125,
        -0.25,
        -0.125,
        -0.25,
        -0.5,
        -0.25,
        -0.5,
        -1.0,
        -0.0625,
        -0.125,
        -0.25,
        -0.125,
        -0.25,
        -0.5,
        -0.25,
        -0.5,
        -1.0,
        -0.0625,
        -0.125,
        -0.25,
        -0.125,
        -0.25,
        -0.5,
        -0.25,
        -0.5,
        -1.0
    ],
    "pauli_labels": [
        "IIIIIIIIIIII",
        "IIIIIIIIIIIX",
        "IIIIIIIIIIIZ",
        "IIIIIIIIIIXI",
        "IIIIIIIIIIXX",
        "IIIIIIIIIIYY",
        "IIIIIIIIIIZI",
        "IIIIIIIIIIZZ",
        "IIIIIIIIIXII",
        "IIIIIIIIIXIX",
        "IIIIIIIIIXXI",
        "IIIIIIIIIXXX",
        "IIIIIIIIIXYY",
        "IIIIIIIIIZII",
        "IIIIIIIIIZIZ",
        "IIIIIIIIIZZI",
        "IIIIIIIIZIII",
        "IIIIIIIXIIII",
        "IIIIIIIZIIII",
        "IIIIIIXIIIII",
        "IIIIIIXXIIII",
        "IIIIIIYYIIII",
        "IIIIIIZIIIII",
        "IIIIIIZZIIII",
        "IIIIIXIIIIII",
        "IIIIIXIXIIII",
        "IIIIIXXIIIII",
        "IIIIIXXXIIII",
        "IIIIIXYYIIII",
        "IIIIIZIIIIII",
        "IIIIIZIZIIII",
        "IIIIIZZIIIII",
        "IIIIZIIIIIII",
        "IIIXIIIIIIII",
        "IIIZIIIIIIII",
        "IIXIIIIIIIII",
        "IIXXIIIIIIII",
        "IIYYIIIIIIII",
        "IIZIIIIIIIII",
        "IIZZIIIIIIII",
        "IXIIIIIIIIII",
        "IXIXIIIIIIII",
        "IXXIIIIIIIII",
        "IXXXIIIIIIII",
        "IXYYIIIIIIII",
        "IZIIIIIIIIII",
        "IZIZIIIIIIII",
        "IZZIIIIIIIII",
        "ZIIIIIIIIIII",
        "IIIIXIIIXIII",
        "IIIIYIIIYIII",
        "XIIIXIIIIIII",
        "YIIIYIIIIIII",
        "XIIIIIIIXIII",
        "YIIIIIIIYIII",
        "IIIZIIIZIIII",
        "IIZIIIIZIIII",
        "IZIIIIIZIIII",
        "IIIZIIZIIIII",
        "IIZIIIZIIIII",
        "IZIIIIZIIIII",
        "IIIZIZIIIIII",
        "IIZIIZIIIIII",
        "IZIIIZIIIIII",
        "IIIIIIIZIIIZ",
        "IIIIIIIZIIZI",
        "IIIIIIIZIZII",
        "IIIIIIZIIIIZ",
        "IIIIIIZIIIZI",
        "IIIIIIZIIZII",
        "IIIIIZIIIIIZ",
        "IIIIIZIIIIZI",
        "IIIIIZIIIZII",
        "IIIZIIIIIIIZ",
        "IIIZIIIIIIZI",
        "IIIZIIIIIZII",
        "IIZIIIIIIIIZ",
        "IIZIIIIIIIZI",
        "IIZIIIIIIZII",
        "IZIIIIIIIIIZ",
        "IZIIIIIIIIZI",
        "IZIIIIIIIZII"
    ],
    "boson_position_marginals": {
        "site_0": {
            "x_grid": [
                -4.0,
                -3.0,
                -2.0,
                -1.0,
                0.0,
                1.0,
                2.0,
                3.0
            ],
            "P_x": [
                1.660403977587709e-08,
                1.534192951273078e-05,
                0.005118390970258803,
                0.18558489452836285,
                0.6185626903951686,
                0.1855849388769457,
                0.00511838078157949,
                1.5345914122614158e-05
            ],
            "edge_mass_2": 0.005149085229254611
        },
        "site_1": {
            "x_grid": [
                -4.0,
                -3.0,
                -2.0,
                -1.0,
                0.0,
                1.0,
                2.0,
                3.0
            ],
            "P_x": [
                1.6604039775878282e-08,
                1.5341929512730977e-05,
                0.005118390970258807,
                0.18558489452836266,
                0.6185626903951685,
                0.1855849388769458,
                0.005118380781579477,
                1.534591412261366e-05
            ],
            "edge_mass_2": 0.005149085229254597
        },
        "site_2": {
            "x_grid": [
                -4.0,
                -3.0,
                -2.0,
                -1.0,
                0.0,
                1.0,
                2.0,
                3.0
            ],
            "P_x": [
                1.660403977587914e-08,
                1.5341929512730685e-05,
                0.005118390970258812,
                0.18558489452836283,
                0.6185626903951684,
                0.1855849388769458,
                0.005118380781579503,
                1.5345914122614067e-05
            ],
            "edge_mass_2": 0.005149085229254624
        }
    }
}