{
    "load_date": "2025-12-09 15:26:15.330566",
    "potential": "linear",
    "cutoff": 16,
    "N": 3,
    "a": 1.0,
    "c": null,
    "boundary_condition": "dirichlet",
    "num_qubits": 15,
    "num_paulis": 1146,
    "dense_H_size": [
        32768,
        32768
    ],
    "min_eigenvalue": -3.6042420179791245e-15,
    "basis": [
        0,
        0,
        0,
        0,
        0,
        1,
        0,
        0,
        0,
        0,
        0,
        0,
        0,
        0,
        0
    ],
    "tol": 1e-10,
    "dt": 1.0,
    "n_steps": 1,
    "max_k": 15,
    "final_k": 3,
    "converged": true,
    "all_energies": [
        2.935169107867787e-06,
        1.9511852381336578e-08,
        1.9474601071205377e-08
    ],
    "all_run_data": [
        {
            "D": 1,
            "t": 1.0,
            "circuit_time": "0:00:00.140652",
            "num_samples": 200,
            "H_reduced_size": [
                200,
                200
            ],
            "reduction": 99.3896484375,
            "H_reduced_e": 2.935169107867787e-06,
            "eigenvalue_time": "0:00:00.002000",
            "diff": 2.935169111472029e-06,
            "change_from_prev": null
        },
        {
            "D": 2,
            "t": 2.0,
            "circuit_time": "0:00:00.135645",
            "num_samples": 807,
            "H_reduced_size": [
                807,
                807
            ],
            "reduction": 97.5372314453125,
            "H_reduced_e": 1.9511852381336578e-08,
            "eigenvalue_time": "0:00:00.039062",
            "diff": 1.9511855985578596e-08,
            "change_from_prev": 2.9156572554864505e-06
        },
        {
            "D": 3,
            "t": 3.0,
            "circuit_time": "0:00:00.136369",
            "num_samples": 970,
            "H_reduced_size": [
                970,
                970
            ],
            "reduction": 97.039794921875,
            "H_reduced_e": 1.9474601071205377e-08,
            "eigenvalue_time": "0:00:00.038263",
            "diff": 1.9474604675447396e-08,
            "change_from_prev": 3.725131013120025e-11
        }
    ]
}