{
    "load_date": "2025-12-18 10:50:50.778571",
    "potential": "linear",
    "cutoff": 8,
    "N": 3,
    "a": 1.0,
    "c": null,
    "boundary_condition": "dirichlet",
    "num_qubits": 12,
    "num_paulis": 194,
    "dense_H_size": [
        4096,
        4096
    ],
    "min_eigenvalue": 2.7357169812820412e-08,
    "basis": [
        0,
        0,
        0,
        0,
        1,
        0,
        0,
        0,
        0,
        0,
        0,
        0
    ],
    "tol": 1e-10,
    "dt": 1.0,
    "n_steps": 1,
    "max_k": 15,
    "final_k": 7,
    "converged": true,
    "all_energies": [
        0.00035286362049039444,
        7.024862126233657e-05,
        3.0733946337525004e-05,
        3.069437636548454e-05,
        2.0700043336836945e-06,
        2.818086559937437e-08,
        2.8180864075127808e-08
    ],
    "all_run_data": [
        {
            "D": 1,
            "t": 1.0,
            "circuit_time": "0:00:00.013403",
            "num_samples": 34,
            "H_reduced_size": [
                34,
                34
            ],
            "reduction": 99.169921875,
            "H_reduced_e": 0.00035286362049039444,
            "eigenvalue_time": "0:00:00.000921",
            "diff": 0.00035283626332058163,
            "change_from_prev": null
        },
        {
            "D": 2,
            "t": 2.0,
            "circuit_time": "0:00:00.012222",
            "num_samples": 166,
            "H_reduced_size": [
                166,
                166
            ],
            "reduction": 95.947265625,
            "H_reduced_e": 7.024862126233657e-05,
            "eigenvalue_time": "0:00:00.001436",
            "diff": 7.022126409252376e-05,
            "change_from_prev": 0.00028261499922805787
        },
        {
            "D": 3,
            "t": 3.0,
            "circuit_time": "0:00:00.012553",
            "num_samples": 235,
            "H_reduced_size": [
                235,
                235
            ],
            "reduction": 94.2626953125,
            "H_reduced_e": 3.0733946337525004e-05,
            "eigenvalue_time": "0:00:00.009299",
            "diff": 3.070658916771218e-05,
            "change_from_prev": 3.951467492481157e-05
        },
        {
            "D": 4,
            "t": 4.0,
            "circuit_time": "0:00:00.012092",
            "num_samples": 275,
            "H_reduced_size": [
                275,
                275
            ],
            "reduction": 93.2861328125,
            "H_reduced_e": 3.069437636548454e-05,
            "eigenvalue_time": "0:00:00.015083",
            "diff": 3.066701919567172e-05,
            "change_from_prev": 3.956997204046227e-08
        },
        {
            "D": 5,
            "t": 5.0,
            "circuit_time": "0:00:00.012572",
            "num_samples": 366,
            "H_reduced_size": [
                366,
                366
            ],
            "reduction": 91.064453125,
            "H_reduced_e": 2.0700043336836945e-06,
            "eigenvalue_time": "0:00:00.023867",
            "diff": 2.042647163870874e-06,
            "change_from_prev": 2.862437203180085e-05
        },
        {
            "D": 6,
            "t": 6.0,
            "circuit_time": "0:00:00.012775",
            "num_samples": 378,
            "H_reduced_size": [
                378,
                378
            ],
            "reduction": 90.771484375,
            "H_reduced_e": 2.818086559937437e-08,
            "eigenvalue_time": "0:00:00.030085",
            "diff": 8.236957865539577e-10,
            "change_from_prev": 2.04182346808432e-06
        },
        {
            "D": 7,
            "t": 7.0,
            "circuit_time": "0:00:00.012384",
            "num_samples": 378,
            "H_reduced_size": [
                378,
                378
            ],
            "reduction": 90.771484375,
            "H_reduced_e": 2.8180864075127808e-08,
            "eigenvalue_time": "0:00:00.029318",
            "diff": 8.236942623073959e-10,
            "change_from_prev": 1.5242465617844114e-15
        }
    ]
}