{
    "potential": "AHO",
    "cutoff": 16,
    "optimizer": "COBYLA",
    "num steps": 10,
    "op_list": [
        "(<class 'pennylane.ops.qubit.parametric_ops_single_qubit.Rot'>, array([4.80762232, 3.14159203, 4.09471548]), Wires([0]), np.float64(0.9375000000002398))",
        "(<class 'pennylane.ops.qubit.parametric_ops_single_qubit.Rot'>, array([5.75011973, 6.60226688, 3.14159278]), Wires([3]), np.float64(0.12682403353350716))",
        "(<class 'pennylane.ops.qubit.parametric_ops_single_qubit.Rot'>, array([5.75894364, 6.25118174, 3.64743276]), Wires([2]), np.float64(0.10191859832442209))",
        "(<class 'pennylane.ops.qubit.parametric_ops_single_qubit.Rot'>, array([5.73663609, 6.87593064, 2.72141567]), Wires([3]), np.float64(0.08637660845267811))",
        "(<class 'pennylane.ops.op_math.controlled_ops.CZ'>, array([4.7619112 , 5.77295492, 4.0303931 ]), Wires([2, 3]), np.float64(0.07053370207537138))",
        "(<class 'pennylane.ops.qubit.parametric_ops_single_qubit.Rot'>, array([4.49167385, 6.28798761, 3.75883223]), Wires([1]), np.float64(0.06705899175749347))",
        "(<class 'pennylane.ops.qubit.parametric_ops_single_qubit.Rot'>, array([4.55504609, 6.25823361, 1.67431588]), Wires([3]), np.float64(0.06582835566964088))"
    ],
    "reduced_op_list": [
        [
            "Rot",
            [
                0
            ]
        ],
        [
            "Rot",
            [
                3
            ]
        ],
        [
            "Rot",
            [
                2
            ]
        ],
        [
            "CZ",
            [
                2,
                3
            ]
        ],
        [
            "Rot",
            [
                1
            ]
        ],
        [
            "Rot",
            [
                3
            ]
        ]
    ],
    "num_params": 15,
    "overlap": 0.000716589030021253,
    "hellinger_fidelity": 0.00024501455348058254
}