{
    "load_date": "2026-02-02 18:39:22.954104",
    "potential": "linear",
    "cutoff": 2,
    "N": 2,
    "a": 1.0,
    "c": null,
    "x_max": 0.5,
    "boundary_condition": "dirichlet",
    "num_qubits": 4,
    "H_size": [
        16,
        16
    ],
    "H_dense_mem_estimate_bytes": 4096,
    "H_sparse_mem_estimate_bytes": 1348,
    "H_pauli_time": "0:00:00.010532",
    "H_creation_time": "0:00:00.004204",
    "H_eigenvalue_time": "0:00:00.013427",
    "eigenvalues": [
        -0.9934297706556854,
        0.12460421809422025,
        0.12460421809422152,
        1.2426382068441135,
        18.746174813428805,
        18.74617481342882,
        19.864208802178712,
        19.864208802178712
    ],
    "best_basis_state": [
        1,
        1,
        0,
        1
    ],
    "basis_prob": 0.23981198461375774,
    "num_paulis": 9,
    "pauli_coeffs": [
        19.864208802178712,
        -9.869604401089356,
        0.0625,
        -0.5,
        -9.869604401089356,
        0.0625,
        0.5,
        0.25,
        0.25
    ],
    "pauli_labels": [
        "IIII",
        "IIIX",
        "IIIZ",
        "IIZI",
        "IXII",
        "IZII",
        "ZIII",
        "XIXI",
        "YIYI"
    ],
    "boson_position_marginals": {
        "site_0": {
            "x_grid": [
                -0.5,
                0.0
            ],
            "P_x": [
                0.49683377649568594,
                0.5031662235043146
            ],
            "edge_mass_2": 2.000000000000001
        },
        "site_1": {
            "x_grid": [
                -0.5,
                0.0
            ],
            "P_x": [
                0.496833776495686,
                0.5031662235043145
            ],
            "edge_mass_2": 2.000000000000001
        }
    }
}