{
    "load_date": "2026-02-02 19:36:47.662518",
    "potential": "linear",
    "cutoff": 32,
    "N": 2,
    "a": 1.0,
    "c": null,
    "x_max": 0.5,
    "boundary_condition": "dirichlet",
    "num_qubits": 12,
    "H_size": [
        4096,
        4096
    ],
    "H_dense_mem_estimate_bytes": 268435456,
    "H_sparse_mem_estimate_bytes": 5259268,
    "H_pauli_time": "0:00:26.903170",
    "H_creation_time": "0:00:00.004011",
    "H_eigenvalue_time": "0:00:02.351002",
    "eigenvalues": [
        -1.0346710104752015,
        0.0833629782742785,
        0.08336297827435143,
        1.2013969670242943,
        18.698181049380324,
        18.698181049381887,
        18.711070304937568,
        18.711070304940293
    ],
    "best_basis_state": [
        1,
        1,
        0,
        0,
        0,
        0,
        0,
        1,
        0,
        0,
        0,
        0
    ],
    "basis_prob": 0.0009340574051160705,
    "num_paulis": 197,
    "pauli_coeffs": [
        3375.48820126631,
        -1027.2962195866412,
        0.000244140625,
        259.3153911608015,
        -572.2108683316044,
        -455.08535125503727,
        0.0004882812500568434,
        0.0004882812499431566,
        67.3938744029127,
        -80.7701018225707,
        145.64560991566975,
        -303.33998276907886,
        222.56988094650848,
        -36.355415253996824,
        -232.5154703085284,
        113.66978124513112,
        -268.870885562525,
        0.0009765625000568434,
        0.0009765625,
        0.0019531249998863132,
        19.739208802177316,
        -20.520212901700283,
        23.125921611603182,
        -24.536121003519305,
        4.015908101818637,
        39.47841760435796,
        -46.25184322320792,
        78.95683520871455,
        -157.9136704174294,
        111.6618271942217,
        17.699814117869018,
        115.67773529604094,
        -55.83091359711122,
        133.37754941391015,
        -4.0032949428322,
        -5.929681260201583,
        8.849907058934217,
        -9.932976203033467,
        -18.65560113612763,
        -116.837735012488,
        57.838867648020155,
        -135.49333614861536,
        27.915456798555184,
        -34.51825859936264,
        66.6887747069549,
        -145.42631235164953,
        110.90805375228655,
        0.0019531249999715783,
        0.001953125,
        0.003906250000028422,
        0.0078125,
        9.869604401089425,
        -9.96534505656301,
        10.260106450850367,
        -10.371571331074211,
        0.4062262745119396,
        11.562960805801488,
        -11.733584623844886,
        12.268060501760477,
        -12.487358065780604,
        0.7537734419356692,
        0.9557870182584463,
        1.1599997164474773,
        -2.0079540509094054,
        2.115786734705684,
        19.739208802180066,
        -20.520212901702422,
        23.125921611604014,
        -24.536121003520257,
        4.015908101818322,
        39.47841760435756,
        -46.25184322320783,
        78.95683520871499,
        -157.91367041742998,
        111.66182719422287,
        17.69981411786911,
        115.67773529604031,
        -55.83091359711058,
        133.3775494139089,
        4.003294942832628,
        5.929681260201562,
        -8.849907058934377,
        9.932976203033984,
        18.65560113612724,
        116.8377350124878,
        -57.8388676480193,
        135.4933361486148,
        -27.91545679855547,
        34.51825859936294,
        -66.68877470695452,
        145.42631235164902,
        -110.9080537522867,
        0.003906250000021316,
        0.003906249999950262,
        0.007812500000035527,
        0.015625000000049738,
        0.031250000000007105,
        -0.5,
        -1027.2962195866412,
        0.000244140625,
        259.3153911608015,
        -572.2108683316044,
        -455.08535125503727,
        0.0004882812500568434,
        0.0004882812499431566,
        67.3938744029127,
        -80.7701018225707,
        145.64560991566975,
        -303.33998276907886,
        222.56988094650848,
        -36.355415253996824,
        -232.5154703085284,
        113.66978124513112,
        -268.870885562525,
        0.0009765625000568434,
        0.0009765625,
        0.0019531249998863132,
        19.739208802177316,
        -20.520212901700283,
        23.125921611603182,
        -24.536121003519305,
        4.015908101818637,
        39.47841760435796,
        -46.25184322320792,
        78.95683520871455,
        -157.9136704174294,
        111.6618271942217,
        17.699814117869018,
        115.67773529604094,
        -55.83091359711122,
        133.37754941391015,
        -4.0032949428322,
        -5.929681260201583,
        8.849907058934217,
        -9.932976203033467,
        -18.65560113612763,
        -116.837735012488,
        57.838867648020155,
        -135.49333614861536,
        27.915456798555184,
        -34.51825859936264,
        66.6887747069549,
        -145.42631235164953,
        110.90805375228655,
        0.0019531249999715783,
        0.001953125,
        0.003906250000028422,
        0.0078125,
        9.869604401089425,
        -9.96534505656301,
        10.260106450850367,
        -10.371571331074211,
        0.4062262745119396,
        11.562960805801488,
        -11.733584623844886,
        12.268060501760477,
        -12.487358065780604,
        0.7537734419356692,
        0.9557870182584463,
        1.1599997164474773,
        -2.0079540509094054,
        2.115786734705684,
        19.739208802180066,
        -20.520212901702422,
        23.125921611604014,
        -24.536121003520257,
        4.015908101818322,
        39.47841760435756,
        -46.25184322320783,
        78.95683520871499,
        -157.91367041742998,
        111.66182719422287,
        17.69981411786911,
        115.67773529604031,
        -55.83091359711058,
        133.3775494139089,
        4.003294942832628,
        5.929681260201562,
        -8.849907058934377,
        9.932976203033984,
        18.65560113612724,
        116.8377350124878,
        -57.8388676480193,
        135.4933361486148,
        -27.91545679855547,
        34.51825859936294,
        -66.68877470695452,
        145.42631235164902,
        -110.9080537522867,
        0.003906250000021316,
        0.003906249999950262,
        0.007812500000035527,
        0.015625000000049738,
        0.031250000000007105,
        0.5,
        0.25,
        0.25
    ],