{
    "load_date": "2026-02-02 18:39:23.531664",
    "potential": "linear",
    "cutoff": 16,
    "N": 2,
    "a": 1.0,
    "c": null,
    "x_max": 0.5,
    "boundary_condition": "dirichlet",
    "num_qubits": 10,
    "H_size": [
        1024,
        1024
    ],
    "H_dense_mem_estimate_bytes": 16777216,
    "H_sparse_mem_estimate_bytes": 659460,
    "H_pauli_time": "0:00:00.437143",
    "H_creation_time": "0:00:00.001419",
    "H_eigenvalue_time": "0:00:00.097030",
    "eigenvalues": [
        -1.0341855059602276,
        0.08384848278942904,
        0.08384848278962817,
        1.2018824715395056,
        18.69841416018186,
        18.698414160182523,
        18.711811687936393,
        18.711811687936933
    ],
    "best_basis_state": [
        1,
        1,
        0,
        0,
        0,
        0,
        1,
        0,
        0,
        0
    ],
    "basis_prob": 0.0037365350122387565,
    "num_paulis": 79,
    "pauli_coeffs": [
        848.8699628686848,
        -259.31539116080114,
        0.0009765625,
        67.39387440291296,
        -145.6456099156697,
        -113.66978124513133,
        0.001953125000014211,
        0.0019531249999857891,
        19.73920880217866,
        -23.12592161160386,
        39.47841760435747,
        -78.95683520871484,
        55.830913597111156,
        -8.84990705893464,
        -57.838867648020255,
        27.915456798555624,
        -66.68877470695499,
        0.003906250000014211,
        0.003906249999985789,
        0.00781250000001421,
        9.869604401089354,
        -10.260106450850666,
        11.562960805801929,
        -12.268060501760068,
        2.0079540509092872,
        19.73920880217876,
        -23.12592161160382,
        39.47841760435736,
        -78.95683520871489,
        55.83091359711103,
        8.849907058934459,
        57.83886764802028,
        -27.9154567985554,
        66.68877470695483,
        0.007812499999996447,
        0.007812500000003553,
        0.015624999999996447,
        0.031249999999989342,
        -0.5,
        -259.31539116080114,
        0.0009765625,
        67.39387440291296,
        -145.6456099156697,
        -113.66978124513133,
        0.001953125000014211,
        0.0019531249999857891,
        19.73920880217866,
        -23.12592161160386,
        39.47841760435747,
        -78.95683520871484,
        55.830913597111156,
        -8.84990705893464,
        -57.838867648020255,
        27.915456798555624,
        -66.68877470695499,
        0.003906250000014211,
        0.003906249999985789,
        0.00781250000001421,
        9.869604401089354,
        -10.260106450850666,
        11.562960805801929,
        -12.268060501760068,
        2.0079540509092872,
        19.73920880217876,
        -23.12592161160382,
        39.47841760435736,
        -78.95683520871489,
        55.83091359711103,
        8.849907058934459,
        57.83886764802028,
        -27.9154567985554,
        66.68877470695483,
        0.007812499999996447,
        0.007812500000003553,
        0.015624999999996447,
        0.031249999999989342,
        0.5,
        0.25,
        0.25
    ],
    "pauli_labels": [
        "IIIIIIIIII",
        "IIIIIIIIIX",
        "IIIIIIIIIZ",
        "IIIIIIIIXI",
        "IIIIIIIIXX",
        "IIIIIIIIYY",
        "IIIIIIIIZI",
        "IIIIIIIIZZ",
        "IIIIIIIXII",
        "IIIIIIIXIX",
        "IIIIIIIXXI",
        "IIIIIIIXXX",
        "IIIIIIIXYY",
        "IIIIIIIYIY",
        "IIIIIIIYXY",
        "IIIIIIIYYI",
        "IIIIIIIYYX",
        "IIIIIIIZII",
        "IIIIIIIZIZ",
        "IIIIIIIZZI",
        "IIIIIIXIII",
        "IIIIIIXIIX",
        "IIIIIIXIXI",
        "IIIIIIXIXX",
        "IIIIIIXIYY",
        "IIIIIIXXII",
        "IIIIIIXXIX",
        "IIIIIIXXXI",
        "IIIIIIXXXX",
        "IIIIIIXXYY",
        "IIIIIIXYIY",
        "IIIIIIXYXY",
        "IIIIIIXYYI",
        "IIIIIIXYYX",
        "IIIIIIZIII",
        "IIIIIIZIIZ",
        "IIIIIIZIZI",
        "IIIIIIZZII",
        "IIIIIZIIII",
        "IIIIXIIIII",
        "IIIIZIIIII",
        "IIIXIIIIII",
        "IIIXXIIIII",
        "IIIYYIIIII",
        "IIIZIIIIII",
        "IIIZZIIIII",
        "IIXIIIIIII",
        "IIXIXIIIII",
        "IIXXIIIIII",
        "IIXXXIIIII",
        "IIXYYIIIII",
        "IIYIYIIIII",
        "IIYXYIIIII",
        "IIYYIIIIII",
        "IIYYXIIIII",
        "IIZIIIIIII",
        "IIZIZIIIII",
        "IIZZIIIIII",
        "IXIIIIIIII",
        "IXIIXIIIII",
        "IXIXIIIIII",
        "IXIXXIIIII",
        "IXIYYIIIII",
        "IXXIIIIIII",
        "IXXIXIIIII",
        "IXXXIIIIII",
        "IXXXXIIIII",
        "IXXYYIIIII",
        "IXYIYIIIII",
        "IXYXYIIIII",
        "IXYYIIIIII",
        "IXYYXIIIII",
        "IZIIIIIIII",
        "IZIIZIIIII",
        "IZIZIIIIII",
        "IZZIIIIIII",
        "ZIIIIIIIII",
        "XIIIIXIIII",
        "YIIIIYIIII"
    ],
    "boson_position_marginals": {
        "site_0": {
            "x_grid": [
                -0.5,
                -0.4375,
                -0.375,
                -0.3125,
                -0.25,
                -0.1875,
                -0.125,
                -0.0625,
                0.0,
                0.0625,
                0.125,
                0.1875,
                0.25,
                0.3125,
                0.375,
                0.4375
            ],
            "P_x": [
                0.06214702673706834,
                0.06218444462168185,
                0.0622752046336628,
                0.06239372304036984,
                0.06251954726799958,
                0.06263528543764783,
                0.0627276689754534,
                0.06278693065835873,
                0.06280736399254418,
                0.06278693065835875,
                0.06272766897545339,
                0.06263528543764814,
                0.06251954726799977,
                0.06239372304036982,
                0.062275204633663046,
                0.06218444462168205
            ],
            "edge_mass_2": 0.2487911206140953
        },
        "site_1": {
            "x_grid": [
                -0.5,
                -0.4375,
                -0.375,
                -0.3125,
                -0.25,
                -0.1875,
                -0.125,
                -0.0625,
                0.0,
                0.0625,
                0.125,
                0.1875,
                0.25,
                0.3125,
                0.375,
                0.4375
            ],
            "P_x": [
                0.06214702673706849,
                0.06218444462168203,
                0.06227520463366295,
                0.06239372304037,
                0.06251954726799973,
                0.06263528543764782,
                0.0627276689754533,
                0.06278693065835864,
                0.0628073639925441,
                0.06278693065835855,
                0.0627276689754532,
                0.062635285437648,
                0.06251954726799973,
                0.06239372304036986,
                0.06227520463366301,
                0.06218444462168207
            ],
            "edge_mass_2": 0.2487911206140956
        }
    }
}