{
    "load_date": "2026-02-02 18:39:22.993371",
    "potential": "linear",
    "cutoff": 8,
    "N": 2,
    "a": 1.0,
    "c": null,
    "x_max": 0.5,
    "boundary_condition": "dirichlet",
    "num_qubits": 8,
    "H_size": [
        256,
        256
    ],
    "H_dense_mem_estimate_bytes": 1048576,
    "H_sparse_mem_estimate_bytes": 82948,
    "H_pauli_time": "0:00:00.012862",
    "H_creation_time": "0:00:00.001539",
    "H_eigenvalue_time": "0:00:00.012721",
    "eigenvalues": [
        -1.0322442288782228,
        0.0857897598715748,
        0.08578975987165102,
        1.2038237486215548,
        18.699217602150462,
        18.699217602150515,
        18.71490547751047,
        18.71490547751051
    ],
    "best_basis_state": [
        1,
        1,
        0,
        0,
        0,
        1,
        0,
        0
    ],
    "basis_prob": 0.014951247161917494,
    "num_paulis": 35,
    "pauli_coeffs": [
        217.21723432396584,
        -67.39387440291293,
        0.00390625,
        19.73920880217875,
        -39.47841760435745,
        -27.915456798555507,
        0.0078125,
        0.0078125,
        9.869604401089356,
        -11.562960805801916,
        19.73920880217868,
        -39.4784176043574,
        27.915456798555525,
        0.015625,
        0.015625,
        0.03125,
        -0.5,
        -67.39387440291293,
        0.00390625,
        19.73920880217875,
        -39.47841760435745,
        -27.915456798555507,
        0.0078125,
        0.0078125,
        9.869604401089356,
        -11.562960805801916,
        19.73920880217868,
        -39.4784176043574,
        27.915456798555525,
        0.015625,
        0.015625,
        0.03125,
        0.5,
        0.25,
        0.25
    ],
    "pauli_labels": [
        "IIIIIIII",
        "IIIIIIIX",
        "IIIIIIIZ",
        "IIIIIIXI",
        "IIIIIIXX",
        "IIIIIIYY",
        "IIIIIIZI",
        "IIIIIIZZ",
        "IIIIIXII",
        "IIIIIXIX",
        "IIIIIXXI",
        "IIIIIXXX",
        "IIIIIXYY",
        "IIIIIZII",
        "IIIIIZIZ",
        "IIIIIZZI",
        "IIIIZIII",
        "IIIXIIII",
        "IIIZIIII",
        "IIXIIIII",
        "IIXXIIII",
        "IIYYIIII",
        "IIZIIIII",
        "IIZZIIII",
        "IXIIIIII",
        "IXIXIIII",
        "IXXIIIII",
        "IXXXIIII",
        "IXYYIIII",
        "IZIIIIII",
        "IZIZIIII",
        "IZZIIIII",
        "ZIIIIIII",
        "XIIIXIII",
        "YIIIYIII"
    ],
    "boson_position_marginals": {
        "site_0": {
            "x_grid": [
                -0.5,
                -0.375,
                -0.25,
                -0.125,
                0.0,
                0.125,
                0.25,
                0.375
            ],
            "P_x": [
                0.12426024501284763,
                0.12453462171433245,
                0.1250456632694072,
                0.1254714987601399,
                0.12563618749938887,
                0.1254714987601394,
                0.12504566326940678,
                0.12453462171433229
            ],
            "edge_mass_2": 0.4983751517109192
        },
        "site_1": {
            "x_grid": [
                -0.5,
                -0.375,
                -0.25,
                -0.125,
                0.0,
                0.125,
                0.25,
                0.375
            ],
            "P_x": [
                0.12426024501284753,
                0.12453462171433217,
                0.12504566326940683,
                0.12547149876013974,
                0.1256361874993889,
                0.1254714987601397,
                0.12504566326940714,
                0.12453462171433254
            ],
            "edge_mass_2": 0.4983751517109194
        }
    }
}