{
    "load_date": "2026-02-02 18:39:22.964287",
    "potential": "linear",
    "cutoff": 4,
    "N": 2,
    "a": 1.0,
    "c": null,
    "x_max": 0.5,
    "boundary_condition": "dirichlet",
    "num_qubits": 6,
    "H_size": [
        64,
        64
    ],
    "H_dense_mem_estimate_bytes": 65536,
    "H_sparse_mem_estimate_bytes": 10500,
    "H_pauli_time": "0:00:00.002149",
    "H_creation_time": "0:00:00.000393",
    "H_eigenvalue_time": "0:00:00.003648",
    "eigenvalues": [
        -1.0244878302847336,
        0.09354615846515887,
        0.09354615846518016,
        1.2115801472150667,
        18.699197892661367,
        18.6991978926614,
        18.730513717439795,
        18.730513717439806
    ],
    "best_basis_state": [
        1,
        1,
        0,
        0,
        1,
        0
    ],
    "basis_prob": 0.05990585583318867,
    "num_paulis": 17,
    "pauli_coeffs": [
        59.311376406536155,
        -19.739208802178716,
        0.015625000000001776,
        9.869604401089358,
        -19.739208802178716,
        0.03125,
        0.03125,
        -0.5,
        -19.739208802178716,
        0.015625000000001776,
        9.869604401089358,
        -19.739208802178716,
        0.03125,
        0.03125,
        0.5,
        0.25,
        0.25
    ],
    "pauli_labels": [
        "IIIIII",
        "IIIIIX",
        "IIIIIZ",
        "IIIIXI",
        "IIIIXX",
        "IIIIZI",
        "IIIIZZ",
        "IIIZII",
        "IIXIII",
        "IIZIII",
        "IXIIII",
        "IXXIII",
        "IZIIII",
        "IZZIII",
        "ZIIIII",
        "XIIXII",
        "YIIYII"
    ],
    "boson_position_marginals": {
        "site_0": {
            "x_grid": [
                -0.5,
                -0.25,
                0.0,
                0.25
            ],
            "P_x": [
                0.2483216776803216,
                0.25009706920309027,
                0.2514841839134979,
                0.25009706920309016
            ],
            "edge_mass_2": 1.0
        },
        "site_1": {
            "x_grid": [
                -0.5,
                -0.25,
                0.0,
                0.25
            ],
            "P_x": [
                0.24832167768032168,
                0.2500970692030902,
                0.2514841839134979,
                0.25009706920309016
            ],
            "edge_mass_2": 1.0
        }
    }
}