{
    "potential": "linear",
    "cutoff": 2,
    "bc": "periodic",
    "N": 2,
    "a": 1.0,
    "c": null,
    "optimizer": "COBYLA",
    "num steps": 10,
    "op_list": [
        "(<class 'pennylane.ops.qubit.parametric_ops_single_qubit.Rot'>, array([4.26851563, 3.14159172, 5.37181171]), Wires([3]), np.float64(2.1887496692570533e-13))",
        "(<class 'pennylane.ops.qubit.parametric_ops_single_qubit.Rot'>, array([3.96820228, 1.16004266, 5.92299933]), Wires([0]), np.float64(2.1887496692570526e-13))",
        "(<class 'pennylane.ops.qubit.parametric_ops_single_qubit.Rot'>, array([3.98707041, 0.23228374, 5.81564142]), Wires([1]), np.float64(2.188749669257052e-13))",
        "(<class 'pennylane.ops.qubit.parametric_ops_single_qubit.Rot'>, array([5.01388447, 0.08277265, 5.83600729]), Wires([0]), np.float64(2.1887496692570518e-13))",
        "(<class 'pennylane.ops.qubit.parametric_ops_single_qubit.Rot'>, array([3.96900063, 0.20702435, 5.92244774]), Wires([1]), np.float64(2.1887496692570513e-13))",
        "(<class 'pennylane.ops.qubit.parametric_ops_single_qubit.Rot'>, array([3.95493791, 1.16434024, 5.93005164]), Wires([0]), np.float64(2.1887496692570513e-13))",
        "(<class 'pennylane.ops.qubit.parametric_ops_single_qubit.Rot'>, array([4.96786015, 0.16072145, 5.92238337]), Wires([0]), np.float64(2.188749669257051e-13))",
        "(<class 'pennylane.ops.qubit.parametric_ops_single_qubit.Rot'>, array([3.99634328, 1.20897039, 6.0345297 ]), Wires([1]), np.float64(2.1887496692570506e-13))",
        "(<class 'pennylane.ops.qubit.parametric_ops_single_qubit.Rot'>, array([3.96819537, 0.41004637, 5.42300092]), Wires([1]), np.float64(2.1887496692570503e-13))",
        "(<class 'pennylane.ops.qubit.parametric_ops_single_qubit.Rot'>, array([3.96820266, 0.1600443 , 5.92299887]), Wires([1]), np.float64(2.18874966925705e-13))"
    ],
    "reduced_op_list": [
        [
            "Rot",
            [
                3
            ]
        ],
        [
            "Rot",
            [
                0
            ]
        ],
        [
            "Rot",
            [
                1
            ]
        ]
    ],
    "num_params": 9,
    "overlap": 8.881784197001252e-16,
    "hellinger_fidelity": 2.220446049250313e-16
}