{
    "potential": "QHO",
    "cutoff": 16,
    "exact_eigenvalues": [
        0.0,
        1.0,
        1.0,
        2.0,
        2.0,
        3.0,
        3.0,
        4.0,
        4.0,
        5.0,
        5.0,
        6.0,
        6.0,
        7.0,
        7.0,
        7.0,
        8.0,
        8.0,
        8.0,
        9.0,
        9.0,
        10.0,
        10.0,
        11.0,
        11.0,
        12.0,
        12.0,
        13.0,
        13.0,
        14.0,
        14.0,
        15.0
    ],
    "ansatz": "StronglyEntanglingLayers-1layer",
    "shots": 1024,
    "num_VQD": 10,
    "num_energy_levels": 3,
    "Optimizer": {
        "name": "differential_evolution",
        "bounds": "[(0, 2 * np.pi) for _ in range(np.prod(params_shape))]",
        "maxiter": 500,
        "tolerance": 0.001,
        "strategy": "best1bin",
        "popsize": 15
    },
    "converged_energies": [
        [
            0.0,
            0.75,
            0.642578125
        ],
        [
            0.0,
            0.7685546875,
            0.6367187499999998
        ],
        [
            0.0,
            0.73046875,
            0.6826171875
        ],
        [
            0.0,
            0.751953125,
            0.642578125
        ],
        [
            0.0,
            0.7685546875,
            0.6611328125
        ],
        [
            0.0,
            0.7685546874999998,
            0.65625
        ],
        [
            0.0,
            0.775390625,
            0.701171875
        ],
        [
            0.0,
            0.7509765624999998,
            0.6689453125
        ],
        [
            0.0,
            0.7666015625,
            0.654296875
        ],
        [
            0.0,
            0.740234375,
            0.654296875
        ]
    ],
    "converged_params": [
        [
            3.53586829895287,
            3.112634108240153,
            4.200769286979085,
            2.878719816803459,
            0.0028169244978628605,
            1.4872668341524644,
            1.110507764796084,
            0.06149513040167065,
            3.67355364858871,
            1.2035063555268561,
            0.0583575352829353,
            4.89869696024351,
            2.1268656644794435,
            6.277779504407924,
            4.728609315181448
        ],
        [
            1.7621607243070818,
            2.9727653824300377,
            2.6877549607893507,
            6.1582968081155585,
            0.03334683979000319,
            3.299320465740544,
            4.363532110909601,
            0.010462312508114913,
            3.1658811740443586,
            2.1444413270066063,
            0.0778587770097845,
            3.461585805289308,
            2.658529431635984,
            3.184211682095828,
            5.896976945932214
        ],
        [
            0.8856685878545565,
            6.207379442719658,
            5.142455665201231,
            5.044311605934618,
            0.11418222100421094,
            0.9832036352902271,
            3.9179052618622277,
            6.269799044808659,
            2.5323855053360442,
            2.157972108545095,
            0.2457147880851327,
            1.2677000806907863,
            5.579484953631135,
            6.059238779153855,
            1.5070537225582825
        ]
    ],
    "num_iters": [
        [
            18030,
            113157,
            113253
        ],
        [
            18416,
            113221,
            113429
        ],
        [
            21404,
            113413,
            113173
        ],
        [
            16986,
            113173,
            113221
        ],
        [
            24555,
            113189,
            113061
        ],
        [
            15636,
            113013,
            113061
        ],
        [
            18496,
            113189,
            113221
        ],
        [
            25391,
            113269,
            113061
        ],
        [
            15186,
            113173,
            113093
        ],
        [
            22386,
            113093,
            113205
        ]
    ],
    "evaluations": [
        [
            18030,
            113157,
            113253
        ],
        [
            18416,
            113221,
            113429
        ],
        [
            21404,
            113413,
            113173
        ],
        [
            16986,
            113173,
            113221
        ],
        [
            24555,
            113189,
            113061
        ],
        [
            15636,
            113013,
            113061
        ],
        [
            18496,
            113189,
            113221
        ],
        [
            25391,
            113269,
            113061
        ],
        [
            15186,
            113173,
            113093
        ],
        [
            22386,
            113093,
            113205
        ]
    ],
    "success": [
        [
            true,
            false,
            false
        ],
        [
            true,
            false,
            false
        ],
        [
            true,
            false,
            false
        ],
        [
            true,
            false,
            false
        ],
        [
            true,
            false,
            false
        ],
        [
            true,
            false,
            false
        ],
        [
            true,
            false,
            false
        ],
        [
            true,
            false,
            false
        ],
        [
            true,
            false,
            false
        ],
        [
            true,
            false,
            false
        ]
    ],
    "run_times": [
        "0:24:15.685301",
        "0:23:11.583793",
        "0:23:38.641760",
        "0:24:47.900302",
        "0:25:12.432782",
        "0:24:43.659710",
        "0:24:59.280308",
        "0:24:42.176931",
        "0:23:41.278561",
        "0:23:28.714920"
    ],
    "total_run_time": "4:02:41.360483"
}