{
    "load_date": "2026-02-04 15:48:48.057871",
    "potential": "linear",
    "cutoff": 4,
    "N": 2,
    "a": 1.0,
    "c": null,
    "boundary_condition": "dirichlet",
    "num_qubits": 6,
    "H_size": [
        64,
        64
    ],
    "H_dense_mem_estimate_bytes": 65536,
    "H_sparse_mem_estimate_bytes": 2820,
    "H_pauli_time": "0:00:00.002195",
    "H_creation_time": "0:00:00.002113",
    "H_eigenvalue_time": "0:00:00.000379",
    "used_dense": true,
    "eigenvalues": [
        -0.11803398874989485,
        0.8819660112501051,
        0.8819660112501051,
        0.8819660112501051,
        0.8819660112501051,
        0.9999999999999999,
        1.0,
        1.881966011250105
    ],
    "best_basis_state": [
        1,
        0,
        0,
        0,
        0,
        0
    ],
    "basis_prob": 0.9472135954999578,
    "num_paulis": 9,
    "pauli_coeffs": [
        3.0,
        -0.4999999999999999,
        -0.5000000000000001,
        -0.5,
        -0.4999999999999999,
        -0.5000000000000001,
        0.5,
        0.25,
        0.25
    ],
    "pauli_labels": [
        "IIIIII",
        "IIIIZI",
        "IIIIZZ",
        "IIIZII",
        "IZIIII",
        "IZZIII",
        "ZIIIII",
        "XIIXII",
        "YIIYII"
    ]
}