{
    "load_date": "2026-02-04 15:48:54.842603",
    "potential": "linear",
    "cutoff": 16,
    "N": 2,
    "a": 1.0,
    "c": null,
    "boundary_condition": "dirichlet",
    "num_qubits": 10,
    "H_size": [
        1024,
        1024
    ],
    "H_dense_mem_estimate_bytes": 16777216,
    "H_sparse_mem_estimate_bytes": 45060,
    "H_pauli_time": "0:00:00.416484",
    "H_creation_time": "0:00:00.002970",
    "H_eigenvalue_time": "0:00:00.351360",
    "used_dense": true,
    "eigenvalues": [
        -0.11803398874989474,
        0.8819660112501051,
        0.8819660112501051,
        0.9999999999999996,
        1.0,
        1.881966011250105,
        1.881966011250105,
        1.881966011250105
    ],
    "best_basis_state": [
        1,
        0,
        0,
        0,
        0,
        0,
        0,
        0,
        0,
        0
    ],
    "basis_prob": 0.9472135954999578,
    "num_paulis": 33,
    "pauli_coeffs": [
        15.0,
        -0.5000000000000002,
        -0.4999999999999998,
        -1.5,
        -0.49999999999999967,
        -0.49999999999999967,
        0.4999999999999999,
        -3.5,
        -0.5,
        -0.5,
        0.5,
        -0.5000000000000001,
        0.4999999999999999,
        0.4999999999999999,
        -0.5000000000000001,
        -0.5,
        -0.5000000000000002,
        -0.4999999999999998,
        -1.5,
        -0.49999999999999967,
        -0.49999999999999967,
        0.4999999999999999,
        -3.5,
        -0.5,
        -0.5,
        0.5,
        -0.5000000000000001,
        0.4999999999999999,
        0.4999999999999999,
        -0.5000000000000001,
        0.5,
        0.25,
        0.25
    ],
    "pauli_labels": [
        "IIIIIIIIII",
        "IIIIIIIIZI",
        "IIIIIIIIZZ",
        "IIIIIIIZII",
        "IIIIIIIZIZ",
        "IIIIIIIZZI",
        "IIIIIIIZZZ",
        "IIIIIIZIII",
        "IIIIIIZIIZ",
        "IIIIIIZIZI",
        "IIIIIIZIZZ",
        "IIIIIIZZII",
        "IIIIIIZZIZ",
        "IIIIIIZZZI",
        "IIIIIIZZZZ",
        "IIIIIZIIII",
        "IIIZIIIIII",
        "IIIZZIIIII",
        "IIZIIIIIII",
        "IIZIZIIIII",
        "IIZZIIIIII",
        "IIZZZIIIII",
        "IZIIIIIIII",
        "IZIIZIIIII",
        "IZIZIIIIII",
        "IZIZZIIIII",
        "IZZIIIIIII",
        "IZZIZIIIII",
        "IZZZIIIIII",
        "IZZZZIIIII",
        "ZIIIIIIIII",
        "XIIIIXIIII",
        "YIIIIYIIII"
    ]
}