{
    "load_date": "2026-02-04 15:48:51.095914",
    "potential": "linear",
    "cutoff": 8,
    "N": 2,
    "a": 1.0,
    "c": null,
    "boundary_condition": "dirichlet",
    "num_qubits": 8,
    "H_size": [
        256,
        256
    ],
    "H_dense_mem_estimate_bytes": 1048576,
    "H_sparse_mem_estimate_bytes": 11268,
    "H_pauli_time": "0:00:00.011886",
    "H_creation_time": "0:00:00.001903",
    "H_eigenvalue_time": "0:00:00.009825",
    "used_dense": true,
    "eigenvalues": [
        -0.11803398874989529,
        0.8819660112501052,
        0.8819660112501074,
        0.9999999999999996,
        1.0000000000000009,
        1.8819660112501049,
        1.881966011250105,
        1.8819660112501058
    ],
    "best_basis_state": [
        1,
        0,
        0,
        0,
        0,
        0,
        0,
        0
    ],
    "basis_prob": 0.9472135954999578,
    "num_paulis": 17,
    "pauli_coeffs": [
        7.0,
        -0.5,
        -0.5,
        -1.4999999999999998,
        -0.5,
        -0.4999999999999999,
        0.49999999999999967,
        -0.5,
        -0.5,
        -0.5,
        -1.4999999999999998,
        -0.5,
        -0.4999999999999999,
        0.49999999999999967,
        0.5,
        0.25,
        0.25
    ],
    "pauli_labels": [
        "IIIIIIII",
        "IIIIIIZI",
        "IIIIIIZZ",
        "IIIIIZII",
        "IIIIIZIZ",
        "IIIIIZZI",
        "IIIIIZZZ",
        "IIIIZIII",
        "IIZIIIII",
        "IIZZIIII",
        "IZIIIIII",
        "IZIZIIII",
        "IZZIIIII",
        "IZZZIIII",
        "ZIIIIIII",
        "XIIIXIII",
        "YIIIYIII"
    ]
}