{
    "load_date": "2025-12-09 14:59:33.888988",
    "potential": "linear",
    "cutoff": 16,
    "N": 3,
    "a": 1.0,
    "c": null,
    "boundary_condition": "dirichlet",
    "num_qubits": 15,
    "num_paulis": 1146,
    "dense_H_size": [
        32768,
        32768
    ],
    "min_eigenvalue": -3.6042420179791245e-15,
    "basis": [
        0,
        0,
        0,
        0,
        0,
        1,
        0,
        0,
        0,
        0,
        0,
        0,
        0,
        0,
        0
    ],
    "tol": 1e-10,
    "dt": 0.3,
    "n_steps": 1,
    "max_k": 10,
    "final_k": 9,
    "converged": true,
    "all_energies": [
        0.0005358009115171097,
        0.00020140056059088314,
        7.517791306105485e-05,
        3.1509246663933364e-07,
        1.9871964160410712e-07,
        1.984212737362499e-07,
        6.982994110222718e-09,
        1.6783998389098459e-09,
        1.677834515944092e-09
    ],
    "all_run_data": [
        {
            "D": 1,
            "t": 0.3,
            "circuit_time": "0:00:00.248430",
            "num_samples": 22,
            "H_reduced_size": [
                22,
                22
            ],
            "reduction": 99.932861328125,
            "H_reduced_e": 0.0005358009115171097,
            "eigenvalue_time": "0:00:00.001006",
            "diff": 0.000535800911520714,
            "change_from_prev": null
        },
        {
            "D": 2,
            "t": 0.6,
            "circuit_time": "0:00:00.242193",
            "num_samples": 62,
            "H_reduced_size": [
                62,
                62
            ],
            "reduction": 99.810791015625,
            "H_reduced_e": 0.00020140056059088314,
            "eigenvalue_time": "0:00:00.002006",
            "diff": 0.00020140056059448738,
            "change_from_prev": 0.0003344003509262266
        },
        {
            "D": 3,
            "t": 0.8999999999999999,
            "circuit_time": "0:00:00.249763",
            "num_samples": 151,
            "H_reduced_size": [
                151,
                151
            ],
            "reduction": 99.5391845703125,
            "H_reduced_e": 7.517791306105485e-05,
            "eigenvalue_time": "0:00:00.003001",
            "diff": 7.517791306465909e-05,
            "change_from_prev": 0.00012622264752982829
        },
        {
            "D": 4,
            "t": 1.2,
            "circuit_time": "0:00:00.253525",
            "num_samples": 325,
            "H_reduced_size": [
                325,
                325
            ],
            "reduction": 99.0081787109375,
            "H_reduced_e": 3.1509246663933364e-07,
            "eigenvalue_time": "0:00:00.047270",
            "diff": 3.1509247024357566e-07,
            "change_from_prev": 7.486282059441551e-05
        },
        {
            "D": 5,
            "t": 1.5,
            "circuit_time": "0:00:00.237299",
            "num_samples": 569,
            "H_reduced_size": [
                569,
                569
            ],
            "reduction": 98.2635498046875,
            "H_reduced_e": 1.9871964160410712e-07,
            "eigenvalue_time": "0:00:00.063115",
            "diff": 1.9871964520834915e-07,
            "change_from_prev": 1.1637282503522652e-07
        },
        {
            "D": 6,
            "t": 1.7999999999999998,
            "circuit_time": "0:00:00.238584",
            "num_samples": 914,
            "H_reduced_size": [
                914,
                914
            ],
            "reduction": 97.210693359375,
            "H_reduced_e": 1.984212737362499e-07,
            "eigenvalue_time": "0:00:00.077909",
            "diff": 1.9842127734049192e-07,
            "change_from_prev": 2.983678678572274e-10
        },
        {
            "D": 7,
            "t": 2.1,
            "circuit_time": "0:00:00.237888",
            "num_samples": 1200,
            "H_reduced_size": [
                1200,
                1200
            ],
            "reduction": 96.337890625,
            "H_reduced_e": 6.982994110222718e-09,
            "eigenvalue_time": "0:00:00.086839",
            "diff": 6.982997714464737e-09,
            "change_from_prev": 1.9143827962602718e-07
        },
        {
            "D": 8,
            "t": 2.4,
            "circuit_time": "0:00:00.238691",
            "num_samples": 1394,
            "H_reduced_size": [
                1394,
                1394
            ],
            "reduction": 95.745849609375,
            "H_reduced_e": 1.6783998389098459e-09,
            "eigenvalue_time": "0:00:00.109114",
            "diff": 1.678403443151864e-09,
            "change_from_prev": 5.3045942713128725e-09
        },
        {
            "D": 9,
            "t": 2.6999999999999997,
            "circuit_time": "0:00:00.308686",
            "num_samples": 1491,
            "H_reduced_size": [
                1491,
                1491
            ],
            "reduction": 95.4498291015625,
            "H_reduced_e": 1.677834515944092e-09,
            "eigenvalue_time": "0:00:00.098100",
            "diff": 1.67783812018611e-09,
            "change_from_prev": 5.653229657538946e-13
        }
    ]
}