{
    "load_date": "2025-11-28 10:41:54.279591",
    "potential": "linear",
    "cutoff": 8,
    "N": 4,
    "a": 1.0,
    "c": null,
    "boundary_condition": "dirichlet",
    "num_qubits": 16,
    "num_paulis": 355,
    "dense_H_size": [
        65536,
        65536
    ],
    "min_eigenvalue": -3.759967020602324e-08,
    "basis": [
        0,
        0,
        0,
        0,
        1,
        0,
        0,
        0,
        0,
        0,
        0,
        0,
        1,
        0,
        0,
        0
    ],
    "tol": 1e-12,
    "dt": 1.0,
    "n_steps": 1,
    "max_k": 10,
    "final_k": 10,
    "converged": false,
    "all_energies": [
        0.0060018007700032615,
        0.005197938815852326,
        0.005083116359569429,
        0.005062642695150456,
        0.0046099968546459875,
        0.00460023010943095,
        0.004563358984831371,
        0.004470057911199757,
        0.00195392410421944,
        0.0019434069822495325
    ],
    "all_run_data": [
        {
            "D": 1,
            "t": 1.0,
            "circuit_time": "0:00:00.057223",
            "num_samples": 49,
            "H_reduced_size": [
                49,
                49
            ],
            "reduction": 99.92523193359375,
            "H_reduced_e": 0.0060018007700032615,
            "eigenvalue_time": "0:00:00.000913",
            "diff": 0.006001838369673468,
            "change_from_prev": null
        },
        {
            "D": 2,
            "t": 2.0,
            "circuit_time": "0:00:00.056124",
            "num_samples": 325,
            "H_reduced_size": [
                325,
                325
            ],
            "reduction": 99.50408935546875,
            "H_reduced_e": 0.005197938815852326,
            "eigenvalue_time": "0:00:00.017108",
            "diff": 0.005197976415522532,
            "change_from_prev": 0.0008038619541509357
        },
        {
            "D": 3,
            "t": 3.0,
            "circuit_time": "0:00:00.056009",
            "num_samples": 654,
            "H_reduced_size": [
                654,
                654
            ],
            "reduction": 99.0020751953125,
            "H_reduced_e": 0.005083116359569429,
            "eigenvalue_time": "0:00:00.025729",
            "diff": 0.005083153959239636,
            "change_from_prev": 0.00011482245628289655
        },
        {
            "D": 4,
            "t": 4.0,
            "circuit_time": "0:00:00.058438",
            "num_samples": 982,
            "H_reduced_size": [
                982,
                982
            ],
            "reduction": 98.5015869140625,
            "H_reduced_e": 0.005062642695150456,
            "eigenvalue_time": "0:00:00.025033",
            "diff": 0.005062680294820663,
            "change_from_prev": 2.0473664418972984e-05
        },
        {
            "D": 5,
            "t": 5.0,
            "circuit_time": "0:00:00.057287",
            "num_samples": 1278,
            "H_reduced_size": [
                1278,
                1278
            ],
            "reduction": 98.0499267578125,
            "H_reduced_e": 0.0046099968546459875,
            "eigenvalue_time": "0:00:00.032378",
            "diff": 0.004610034454316194,
            "change_from_prev": 0.00045264584050446876
        },
        {
            "D": 6,
            "t": 6.0,
            "circuit_time": "0:00:00.058900",
            "num_samples": 1613,
            "H_reduced_size": [
                1613,
                1613
            ],
            "reduction": 97.53875732421875,
            "H_reduced_e": 0.00460023010943095,
            "eigenvalue_time": "0:00:00.032085",
            "diff": 0.004600267709101156,
            "change_from_prev": 9.76674521503771e-06
        },
        {
            "D": 7,
            "t": 7.0,
            "circuit_time": "0:00:00.058046",
            "num_samples": 1862,
            "H_reduced_size": [
                1862,
                1862
            ],
            "reduction": 97.1588134765625,
            "H_reduced_e": 0.004563358984831371,
            "eigenvalue_time": "0:00:00.033030",
            "diff": 0.004563396584501577,
            "change_from_prev": 3.687112459957887e-05
        },
        {
            "D": 8,
            "t": 8.0,
            "circuit_time": "0:00:00.057672",
            "num_samples": 2124,
            "H_reduced_size": [
                2124,
                2124
            ],
            "reduction": 96.759033203125,
            "H_reduced_e": 0.004470057911199757,
            "eigenvalue_time": "0:00:00.034660",
            "diff": 0.004470095510869963,
            "change_from_prev": 9.330107363161432e-05
        },
        {
            "D": 9,
            "t": 9.0,
            "circuit_time": "0:00:00.058111",
            "num_samples": 2375,
            "H_reduced_size": [
                2375,
                2375
            ],
            "reduction": 96.37603759765625,
            "H_reduced_e": 0.00195392410421944,
            "eigenvalue_time": "0:00:00.038539",
            "diff": 0.001953961703889646,
            "change_from_prev": 0.0025161338069803166
        },
        {
            "D": 10,
            "t": 10.0,
            "circuit_time": "0:00:00.058218",
            "num_samples": 2622,
            "H_reduced_size": [
                2622,
                2622
            ],
            "reduction": 95.9991455078125,
            "H_reduced_e": 0.0019434069822495325,
            "eigenvalue_time": "0:00:00.040054",
            "diff": 0.0019434445819197386,
            "change_from_prev": 1.0517121969907516e-05
        }
    ]
}