{
    "load_date": "2025-11-28 10:35:49.717942",
    "potential": "linear",
    "cutoff": 2,
    "N": 4,
    "a": 1.0,
    "c": null,
    "boundary_condition": "dirichlet",
    "num_qubits": 8,
    "num_paulis": 13,
    "dense_H_size": [
        256,
        256
    ],
    "min_eigenvalue": -0.207934290452101,
    "basis": [
        0,
        0,
        1,
        0,
        0,
        0,
        1,
        0
    ],
    "tol": 1e-12,
    "dt": 1.0,
    "n_steps": 1,
    "max_k": 50,
    "final_k": 5,
    "converged": true,
    "all_energies": [
        -0.03873811164211641,
        -0.13471169870239144,
        -0.18476018841882788,
        -0.20793429045210116,
        -0.20793429045209993
    ],
    "all_run_data": [
        {
            "D": 1,
            "t": 1.0,
            "circuit_time": "0:00:00.003144",
            "num_samples": 12,
            "H_reduced_size": [
                12,
                12
            ],
            "reduction": 95.3125,
            "H_reduced_e": -0.03873811164211641,
            "eigenvalue_time": "0:00:00.000338",
            "diff": 0.16919617880998458,
            "change_from_prev": null
        },
        {
            "D": 2,
            "t": 2.0,
            "circuit_time": "0:00:00.002396",
            "num_samples": 19,
            "H_reduced_size": [
                19,
                19
            ],
            "reduction": 92.578125,
            "H_reduced_e": -0.13471169870239144,
            "eigenvalue_time": "0:00:00.000251",
            "diff": 0.07322259174970955,
            "change_from_prev": 0.09597358706027503
        },
        {
            "D": 3,
            "t": 3.0,
            "circuit_time": "0:00:00.002209",
            "num_samples": 22,
            "H_reduced_size": [
                22,
                22
            ],
            "reduction": 91.40625,
            "H_reduced_e": -0.18476018841882788,
            "eigenvalue_time": "0:00:00.000255",
            "diff": 0.02317410203327311,
            "change_from_prev": 0.05004848971643644
        },
        {
            "D": 4,
            "t": 4.0,
            "circuit_time": "0:00:00.002562",
            "num_samples": 24,
            "H_reduced_size": [
                24,
                24
            ],
            "reduction": 90.625,
            "H_reduced_e": -0.20793429045210116,
            "eigenvalue_time": "0:00:00.000240",
            "diff": 1.6653345369377348e-16,
            "change_from_prev": 0.023174102033273275
        },
        {
            "D": 5,
            "t": 5.0,
            "circuit_time": "0:00:00.002190",
            "num_samples": 24,
            "H_reduced_size": [
                24,
                24
            ],
            "reduction": 90.625,
            "H_reduced_e": -0.20793429045209993,
            "eigenvalue_time": "0:00:00.000235",
            "diff": 1.0547118733938987e-15,
            "change_from_prev": 1.2212453270876722e-15
        }
    ]
}