{
    "load_date": "2026-01-16 11:20:43.790460",
    "potential": "quadratic",
    "cutoff": 2,
    "N": 4,
    "a": 1.0,
    "c": -0.2,
    "boundary_condition": "periodic",
    "num_qubits": 8,
    "H_size": [
        256,
        256
    ],
    "H_dense_mem_estimate_bytes": 1048576,
    "H_sparse_mem_estimate_bytes": 57348,
    "H_pauli_time": "0:00:00.004441",
    "H_creation_time": "0:00:00.003285",
    "H_eigenvalue_time": "0:00:00.019937",
    "eigenvalues": [
        -1.966264369941958,
        -1.9662643699419526,
        -1.6484271247461741,
        -1.6484271247461717,
        -1.3153523924572847,
        -1.3153523924572814,
        -1.3153523924572734,
        -1.3153523924572728
    ],
    "best_basis_state": [
        0,
        1,
        1,
        1,
        0,
        1,
        1,
        1
    ],
    "basis_prob": 0.03705402410142898,
    "num_paulis": 15,
    "pauli_coeffs": [
        1.6800000000000002,
        -0.7071067811865475,
        0.7071067811865475,
        -0.7071067811865475,
        0.7071067811865475,
        0.25,
        0.25,
        0.25,
        0.25,
        0.25,
        0.25,
        -0.25,
        -0.25,
        -0.24999999999999994,
        -0.24999999999999994
    ],
    "pauli_labels": [
        "IIIIIIII",
        "IIIIIIZX",
        "IIIIZXII",
        "IIZXIIII",
        "ZXIIIIII",
        "IIIIXIXI",
        "IIIIYIYI",
        "IIXIXIII",
        "IIYIYIII",
        "XIXIIIII",
        "YIYIIIII",
        "XIIIIIXI",
        "YIIIIIYI",
        "IXIIIXII",
        "IIIXIIIX"
    ]
}