{
    "potential": "AHO",
    "cutoff": 2,
    "exact_eigenvalues": [
        -0.4375,
        -0.4375,
        2.0625,
        2.0625
    ],
    "ansatz": "ry_cnot_ansatz",
    "num_VQE": 100,
    "Optimizer": {
        "name": "AdamOptimizer",
        "stepsize": 0.1,
        "maxiter": 2500,
        "tolerance": 1e-08
    },
    "results": [
        -0.4374992173284774,
        -0.43749998798959544,
        -0.4374999967572433,
        -0.4374999767871777,
        -0.4374999993440395,
        -0.43749996521625745,
        -0.43749997457079665,
        -0.4374999056108949,
        -0.4374993431356465,
        -0.43749997545493724,
        -0.4374998110434223,
        -0.4374997322286816,
        -0.4374999888847467,
        -0.4374990892125259,
        -0.4374999693737842,
        -0.4374990636094412,
        -0.43749999277662904,
        -0.4374991105014993,
        -0.4374998075517056,
        -0.4374997012665997,
        -0.43749999200381845,
        -0.43749999391687905,
        -0.43749999936370815,
        -0.43749999026476405,
        -0.4374999870956964,
        -0.4374997777825268,
        -0.43749976579391386,
        -0.43749483061460254,
        -0.4374999951468466,
        -0.4374990866712225,
        -0.4374990419652093,
        -0.43749997702124904,
        -0.43749999509665155,
        -0.43749910778013723,
        -0.4374991028614773,
        -0.43749999750699065,
        -0.43749899503226036,
        -0.4374999920876569,
        -0.4374999799218258,
        -0.4374998162857179,
        -0.4374999724735945,
        -0.4374999764150099,
        -0.43749999186782235,
        -0.43747815879549107,
        -0.43749999695419184,
        -0.4374989564063427,
        -0.43749999212359203,
        -0.437499770237277,
        -0.4374989841608381,
        -0.4374998024160508,
        -0.4374999947662142,
        -0.4374999974590613,
        -0.43749976635731797,
        -0.4374999942216278,
        -0.43749890491969534,
        -0.43749999236064196,
        -0.4374999952490065,
        -0.43749998331575557,
        -0.43749999583031607,
        -0.4374999999333657,
        -0.4374989372458424,
        -0.43749999597253264,
        -0.4374999996995943,
        -0.4374999914063156,
        -0.4374999946169606,
        -0.43749910732140107,
        -0.4374999967130981,
        -0.43749997384172273,
        -0.4374999793048481,
        -0.43749998980340066,
        -0.4374793806834525,
        -0.43749999525016875,
        -0.4374990726607592,
        -0.4374999908014035,
        -0.4374999956196552,
        -0.43749583891248983,
        -0.4374999963907051,
        -0.43749999746461987,
        -0.43747949630522065,
        -0.43749999626967234,
        -0.43749997451859957,
        -0.4374017409693693,
        -0.4374994036314056,
        -0.43749999331314765,
        -0.4374999891004197,
        -0.43749999242354204,
        -0.4374999899663039,
        -0.4374999932166804,
        -0.43749999052277055,
        -0.4374999974053331,
        -0.4374997350648379,
        -0.43749999588300387,
        -0.43749562833205324,
        -0.43749998309936583,
        -0.43749999413239626,
        -0.4374991251735642,
        -0.4374999799316292,
        -0.43749991948879324,
        -0.43749999561120856,
        -0.4374989605934023
    ],
    "params": [
        [
            -3.1426628961691283,
            -0.28776737610492886
        ],
        [
            3.1411890286817896,
            0.5451132921727873
        ],
        [
            3.1418042152183885,
            -1.2357197048684505
        ],
        [
            3.141089895712626,
            0.15176853067979187
        ],
        [
            3.14146788214185,
            0.1250789546721478
        ],
        [
            -3.1409724588223735,
            -0.5991642635680298
        ],
        [
            -3.1410655805558423,
            -0.5443626189478838
        ],
        [
            3.1426510229576836,
            -0.13339601155209482
        ],
        [
            3.140617231237469,
            -0.8089797551569168
        ],
        [
            -3.141049841997472,
            -0.7778710064767974
        ],
        [
            -3.142109868169332,
            0.8678970443033605
        ],
        [
            3.142224081828645,
            -0.22644274761247968
        ],
        [
            3.1418925228957506,
            -0.03249728006660234
        ],
        [
            3.1404414032959003,
            -0.42115083722525365
        ],
        [
            3.1409692461546417,
            1.5378954503769913
        ],
        [
            3.1404210907005625,
            0.4958900692443395
        ],
        [
            -3.14185683022735,
            0.6476174251518989
        ],
        [
            -3.1404530185500756,
            -1.0100264837656674
        ],
        [
            3.142108876200731,
            1.0590678588084332
        ],
        [
            3.14224885676139,
            1.3577563603749212
        ],
        [
            3.1418737631178346,
            0.2352213408587549
        ],
        [
            3.1418567992606614,
            -0.7649962304137266
        ],
        [
            -3.1414701435086485,
            0.30019831700837846
        ],
        [
            3.1413041366968386,
            -0.20571197913376835
        ],
        [
            -3.1419442149788166,
            -0.3272205541615757
        ],
        [
            3.142151221060158,
            0.782344687208799
        ],
        [
            3.1421641445944517,
            0.9220140069280593
        ],
        [
            3.1443410358538566,
            0.5422772633799672
        ],
        [
            -3.141818652358843,
            -0.31418826535617395
        ],
        [
            -3.140437856169447,
            0.8266491059707805
        ],
        [
            3.1404092525681304,
            -0.5531640119989947
        ],
        [
            3.1410956231082277,
            1.0675734260195815
        ],
        [
            3.1418269843881914,
            0.04841713152484129
        ],
        [
            -3.1404479708284807,
            -0.06719133798070495
        ],
        [
            -3.140445643899888,
            -0.16617958973105523
        ],
        [
            -3.141807264161957,
            -0.8247719246603604
        ],
        [
            -3.140388654760192,
            0.6059964276979989
        ],
        [
            -3.1418629020022837,
            -0.18998292427775806
        ],
        [
            -3.1410704028529057,
            -0.6809223950930753
        ],
        [
            3.1420972286496056,
            0.5816209516529007
        ],
        [
            3.1410330916657667,
            0.5001560372179504
        ],
        [
            -3.1410832457262834,
            0.43383567040632515
        ],
        [
            3.141847123174184,
            -1.2727264670217728
        ],
        [
            3.1359164814954084,
            -1.313303219719997
        ],
        [
            -3.141794249277893,
            1.001818336116173
        ],
        [
            3.140363149672087,
            -0.4377685299230716
        ],
        [
            3.1418715547619165,
            1.3607760301698237
        ],
        [
            3.142159302746618,
            1.2749150145705288
        ],
        [
            -3.1403748519711603,
            -0.6670059674651249
        ],
        [
            -3.1421182354701926,
            -1.125780624480044
        ],
        [
            -3.141856602214224,
            -0.4217694769623055
        ],
        [
            3.1418167447688834,
            0.6894012643103248
        ],
        [
            3.142161969718591,
            0.2652058755069685
        ],
        [
            3.141862319945838,
            1.1948912856591039
        ],
        [
            3.1403360578864783,
            0.16133684449106866
        ],
        [
