{
    "load_date": "2025-12-09 15:00:01.233165",
    "potential": "linear",
    "cutoff": 16,
    "N": 3,
    "a": 1.0,
    "c": null,
    "boundary_condition": "dirichlet",
    "num_qubits": 15,
    "num_paulis": 1146,
    "dense_H_size": [
        32768,
        32768
    ],
    "min_eigenvalue": -3.6042420179791245e-15,
    "basis": [
        0,
        0,
        0,
        0,
        0,
        1,
        0,
        0,
        0,
        0,
        0,
        0,
        0,
        0,
        0
    ],
    "tol": 1e-10,
    "dt": 0.6,
    "n_steps": 1,
    "max_k": 10,
    "final_k": 7,
    "converged": true,
    "all_energies": [
        0.00013438706608519133,
        2.8684764654771093e-05,
        2.043570617779854e-07,
        1.9794434284885307e-07,
        7.568853400188319e-09,
        1.3579056514881998e-09,
        1.3575331687031564e-09
    ],
    "all_run_data": [
        {
            "D": 1,
            "t": 0.6,
            "circuit_time": "0:00:00.318636",
            "num_samples": 58,
            "H_reduced_size": [
                58,
                58
            ],
            "reduction": 99.822998046875,
            "H_reduced_e": 0.00013438706608519133,
            "eigenvalue_time": "0:00:00.001001",
            "diff": 0.00013438706608879557,
            "change_from_prev": null
        },
        {
            "D": 2,
            "t": 1.2,
            "circuit_time": "0:00:00.273324",
            "num_samples": 312,
            "H_reduced_size": [
                312,
                312
            ],
            "reduction": 99.0478515625,
            "H_reduced_e": 2.8684764654771093e-05,
            "eigenvalue_time": "0:00:00.040848",
            "diff": 2.8684764658375334e-05,
            "change_from_prev": 0.00010570230143042023
        },
        {
            "D": 3,
            "t": 1.7999999999999998,
            "circuit_time": "0:00:00.329747",
            "num_samples": 783,
            "H_reduced_size": [
                783,
                783
            ],
            "reduction": 97.6104736328125,
            "H_reduced_e": 2.043570617779854e-07,
            "eigenvalue_time": "0:00:00.077037",
            "diff": 2.0435706538222743e-07,
            "change_from_prev": 2.8480407592993108e-05
        },
        {
            "D": 4,
            "t": 2.4,
            "circuit_time": "0:00:00.269208",
            "num_samples": 1144,
            "H_reduced_size": [
                1144,
                1144
            ],
            "reduction": 96.5087890625,
            "H_reduced_e": 1.9794434284885307e-07,
            "eigenvalue_time": "0:00:00.083756",
            "diff": 1.979443464530951e-07,
            "change_from_prev": 6.412718929132332e-09
        },
        {
            "D": 5,
            "t": 3.0,
            "circuit_time": "0:00:00.241633",
            "num_samples": 1342,
            "H_reduced_size": [
                1342,
                1342
            ],
            "reduction": 95.904541015625,
            "H_reduced_e": 7.568853400188319e-09,
            "eigenvalue_time": "0:00:00.094251",
            "diff": 7.568857004430337e-09,
            "change_from_prev": 1.9037548944866476e-07
        },
        {
            "D": 6,
            "t": 3.5999999999999996,
            "circuit_time": "0:00:00.265120",
            "num_samples": 1490,
            "H_reduced_size": [
                1490,
                1490
            ],
            "reduction": 95.452880859375,
            "H_reduced_e": 1.3579056514881998e-09,
            "eigenvalue_time": "0:00:00.095611",
            "diff": 1.3579092557302179e-09,
            "change_from_prev": 6.210947748700119e-09
        },
        {
            "D": 7,
            "t": 4.2,
            "circuit_time": "0:00:00.242169",
            "num_samples": 1686,
            "H_reduced_size": [
                1686,
                1686
            ],
            "reduction": 94.854736328125,
            "H_reduced_e": 1.3575331687031564e-09,
            "eigenvalue_time": "0:00:00.102115",
            "diff": 1.3575367729451744e-09,
            "change_from_prev": 3.724827850434562e-13
        }
    ]
}