{
    "load_date": "2026-02-02 19:32:54.740293",
    "potential": "linear",
    "cutoff": 4,
    "N": 3,
    "a": 1.0,
    "c": null,
    "x_max": 7.0,
    "boundary_condition": "dirichlet",
    "num_qubits": 9,
    "H_size": [
        512,
        512
    ],
    "H_dense_mem_estimate_bytes": 4194304,
    "H_sparse_mem_estimate_bytes": 124932,
    "H_pauli_time": "0:00:00.003855",
    "H_creation_time": "0:00:00.000250",
    "H_eigenvalue_time": "0:00:00.009189",
    "eigenvalues": [
        -1.2792185047239886,
        -0.2792185047239902,
        -0.05447363333241017,
        -0.054473633332405964,
        0.945526366667592,
        0.9455263666675962,
        1.170271238059185,
        2.1702712380591875
    ],
    "best_basis_state": [
        0,
        1,
        0,
        1,
        1,
        0,
        0,
        1,
        0
    ],
    "basis_prob": 0.9074095315822202,
    "num_paulis": 30,
    "pauli_coeffs": [
        36.43757112045819,
        -0.10071024899070774,
        3.0625,
        0.050355124495353856,
        -0.10071024899070771,
        6.125,
        7.65625,
        -0.5,
        -0.10071024899070774,
        4.59375,
        0.050355124495353856,
        -0.10071024899070771,
        9.1875,
        9.1875,
        0.5,
        -0.10071024899070774,
        3.0625,
        0.050355124495353856,
        -0.10071024899070771,
        6.125,
        7.65625,
        -0.5,
        0.25,
        0.25,
        0.25,
        0.25,
        -0.765625,
        -1.53125,
        -1.53125,
        -3.0625
    ],
    "pauli_labels": [
        "IIIIIIIII",
        "IIIIIIIIX",
        "IIIIIIIIZ",
        "IIIIIIIXI",
        "IIIIIIIXX",
        "IIIIIIIZI",
        "IIIIIIIZZ",
        "IIIIIIZII",
        "IIIIIXIII",
        "IIIIIZIII",
        "IIIIXIIII",
        "IIIIXXIII",
        "IIIIZIIII",
        "IIIIZZIII",
        "IIIZIIIII",
        "IIXIIIIII",
        "IIZIIIIII",
        "IXIIIIIII",
        "IXXIIIIII",
        "IZIIIIIII",
        "IZZIIIIII",
        "ZIIIIIIII",
        "IIIXIIXII",
        "IIIYIIYII",
        "XIIXIIIII",
        "YIIYIIIII",
        "IIZIIIIIZ",
        "IIZIIIIZI",
        "IZIIIIIIZ",
        "IZIIIIIZI"
    ],
    "boson_position_marginals": {
        "site_0": {
            "x_grid": [
                -7.0,
                -3.5,
                0.0,
                3.5
            ],
            "P_x": [
                2.4276262376853535e-06,
                0.0001700772298256624,
                0.9996574192581924,
                0.00017007588574094419
            ],
            "edge_mass_2": 0.9999999999999967
        },
        "site_1": {
            "x_grid": [
                -7.0,
                -3.5,
                0.0,
                3.5
            ],
            "P_x": [
                1.7169174166721802e-06,
                0.00011845409269754684,
                0.9997613748971848,
                0.00011845409269754682
            ],
            "edge_mass_2": 0.9999999999999964
        },
        "site_2": {
            "x_grid": [
                -7.0,
                -3.5,
                0.0,
                3.5
            ],
            "P_x": [
                2.427626237685579e-06,
                0.00017007722982565976,
                0.9996574192581923,
                0.0001700758857409466
            ],
            "edge_mass_2": 0.9999999999999966
        }
    }
}