{
    "load_date": "2026-02-02 19:32:54.903524",
    "potential": "linear",
    "cutoff": 8,
    "N": 3,
    "a": 1.0,
    "c": null,
    "x_max": 7.0,
    "boundary_condition": "dirichlet",
    "num_qubits": 12,
    "H_size": [
        4096,
        4096
    ],
    "H_dense_mem_estimate_bytes": 268435456,
    "H_sparse_mem_estimate_bytes": 1982468,
    "H_pauli_time": "0:00:00.012050",
    "H_creation_time": "0:00:00.000787",
    "H_eigenvalue_time": "0:00:00.147509",
    "eigenvalues": [
        -0.3822067401647514,
        0.6177932598352318,
        0.8425381312268113,
        0.842538131226826,
        1.4739151407238575,
        1.556966119524821,
        1.7837457268457295,
        1.82217644737461
    ],
    "best_basis_state": [
        0,
        1,
        0,
        0,
        1,
        1,
        0,
        0,
        0,
        1,
        0,
        0
    ],
    "basis_prob": 0.7909081536995638,
    "num_paulis": 62,
    "pauli_coeffs": [
        35.157812858346674,
        -0.3438462979740456,
        0.765625,
        0.10071024899070789,
        -0.20142049798141554,
        -0.1424257999926301,
        1.53125,
        1.9140625,
        0.05035512449535384,
        -0.05899469798878527,
        0.10071024899070753,
        -0.2014204979814153,
        0.1424257999926302,
        3.0625,
        3.828125,
        7.65625,
        -0.5,
        -0.3438462979740456,
        1.1484375,
        0.10071024899070789,
        -0.20142049798141554,
        -0.1424257999926301,
        2.296875,
        2.296875,
        0.05035512449535384,
        -0.05899469798878527,
        0.10071024899070753,
        -0.2014204979814153,
        0.1424257999926302,
        4.59375,
        4.59375,
        9.1875,
        0.5,
        -0.3438462979740456,
        0.765625,
        0.10071024899070789,
        -0.20142049798141554,
        -0.1424257999926301,
        1.53125,
        1.9140625,
        0.05035512449535384,
        -0.05899469798878527,
        0.10071024899070753,
        -0.2014204979814153,
        0.1424257999926302,
        3.0625,
        3.828125,
        7.65625,
        -0.5,
        0.25,
        0.25,
        0.25,
        0.25,
        -0.19140625,
        -0.3828125,
        -0.765625,
        -0.3828125,
        -0.765625,
        -1.53125,
        -0.765625,
        -1.53125,
        -3.0625
    ],
    "pauli_labels": [
        "IIIIIIIIIIII",
        "IIIIIIIIIIIX",
        "IIIIIIIIIIIZ",
        "IIIIIIIIIIXI",
        "IIIIIIIIIIXX",
        "IIIIIIIIIIYY",
        "IIIIIIIIIIZI",
        "IIIIIIIIIIZZ",
        "IIIIIIIIIXII",
        "IIIIIIIIIXIX",
        "IIIIIIIIIXXI",
        "IIIIIIIIIXXX",
        "IIIIIIIIIXYY",
        "IIIIIIIIIZII",
        "IIIIIIIIIZIZ",
        "IIIIIIIIIZZI",
        "IIIIIIIIZIII",
        "IIIIIIIXIIII",
        "IIIIIIIZIIII",
        "IIIIIIXIIIII",
        "IIIIIIXXIIII",
        "IIIIIIYYIIII",
        "IIIIIIZIIIII",
        "IIIIIIZZIIII",
        "IIIIIXIIIIII",
        "IIIIIXIXIIII",
        "IIIIIXXIIIII",
        "IIIIIXXXIIII",
        "IIIIIXYYIIII",
        "IIIIIZIIIIII",
        "IIIIIZIZIIII",
        "IIIIIZZIIIII",
        "IIIIZIIIIIII",
        "IIIXIIIIIIII",
        "IIIZIIIIIIII",
        "IIXIIIIIIIII",
        "IIXXIIIIIIII",
        "IIYYIIIIIIII",
        "IIZIIIIIIIII",
        "IIZZIIIIIIII",
        "IXIIIIIIIIII",
        "IXIXIIIIIIII",
        "IXXIIIIIIIII",
        "IXXXIIIIIIII",
        "IXYYIIIIIIII",
        "IZIIIIIIIIII",
        "IZIZIIIIIIII",
        "IZZIIIIIIIII",
        "ZIIIIIIIIIII",
        "IIIIXIIIXIII",
        "IIIIYIIIYIII",
        "XIIIXIIIIIII",
        "YIIIYIIIIIII",
        "IIIZIIIIIIIZ",
        "IIIZIIIIIIZI",
        "IIIZIIIIIZII",
        "IIZIIIIIIIIZ",
        "IIZIIIIIIIZI",
        "IIZIIIIIIZII",
        "IZIIIIIIIIIZ",
        "IZIIIIIIIIZI",
        "IZIIIIIIIZII"
    ],
    "boson_position_marginals": {
        "site_0": {
            "x_grid": [
                -7.0,
                -5.25,
                -3.5,
                -1.75,
                0.0,
                1.75,
                3.5,
                5.25
            ],
            "P_x": [
                8.558161443658905e-07,
                3.3072077467003165e-06,
                1.8922569272560873e-05,
                0.02476701737846253,
                0.9504207597137042,
                0.024766907288880303,
                1.8922709645998136e-05,
                3.3073161388448874e-06
            ],
            "edge_mass_2": 2.639304967590923e-05
        },
        "site_1": {
            "x_grid": [
                -7.0,
                -5.25,
                -3.5,
                -1.75,
                0.0,
                1.75,
                3.5,
                5.25
            ],
            "P_x": [
                7.284905031051836e-07,
                2.878690638899645e-06,
                2.213366190546479e-05,
                0.018094997384504565,
                0.9637592520353955,
                0.018094997384504565,
                2.2133661905465205e-05,
                2.8786906388996254e-06
            ],
            "edge_mass_2": 2.861953368636966e-05
        },
        "site_2": {
            "x_grid": [
                -7.0,
                -5.25,
                -3.5,
                -1.75,
                0.0,
                1.75,
                3.5,
                5.25
            ],
            "P_x": [
                8.558161443658744e-07,
                3.307207746700284e-06,
                1.8922569272561063e-05,
                0.02476701737846242,
                0.9504207597137039,
                0.02476690728888045,
                1.8922709645997855e-05,
                3.3073161388448865e-06
            ],
            "edge_mass_2": 2.63930496759089e-05
        }
    }
}