{
    "load_date": "2026-02-02 19:32:57.482385",
    "potential": "linear",
    "cutoff": 16,
    "N": 3,
    "a": 1.0,
    "c": null,
    "x_max": 7.0,
    "boundary_condition": "dirichlet",
    "num_qubits": 15,
    "H_size": [
        32768,
        32768
    ],
    "H_dense_mem_estimate_bytes": 17179869184,
    "H_sparse_mem_estimate_bytes": 31588356,
    "H_pauli_time": "0:00:00.394591",
    "H_creation_time": "0:00:00.007930",
    "H_eigenvalue_time": "0:00:02.166261",
    "eigenvalues": [
        -0.0001915364891782131,
        0.9998084635108049,
        1.0006254288405283,
        1.2245533349023936,
        1.2245533349023994,
        1.2251950108861323,
        1.2267822179506398,
        1.9959811848795541
    ],
    "best_basis_state": [
        0,
        1,
        0,
        0,
        0,
        1,
        1,
        0,
        0,
        0,
        0,
        1,
        0,
        0,
        0
    ],
    "basis_prob": 0.13410685647698323,
    "num_paulis": 135,
    "pauli_coeffs": [
        39.369834497400646,
        -1.323037710004087,
        0.19140625,
        0.34384629797404576,
        -0.743089846508519,
        -0.5799478634955679,
        0.3828125,
        0.478515625,
        0.10071024899070743,
        -0.1179893959775707,
        0.20142049798141565,
        -0.4028409959628309,
        0.28485159998526105,
        -0.045152587035380956,
        -0.29509626351030743,
        0.1424257999926308,
        -0.3402488505456888,
        0.765625,
        0.95703125,
        1.9140625,
        0.050355124495353946,
        -0.05234748189209524,
        0.05899469798878523,
        -0.06259214541714316,
        0.010244663525047326,
        0.10071024899070796,
        -0.11798939597757058,
        0.20142049798141504,
        -0.40284099596283085,
        0.2848515999852602,
        0.045152587035380075,
        0.2950962635103075,
        -0.14242579999262978,
        0.3402488505456879,
        1.53125,
        1.9140625,
        3.828125,
        7.65625,
        -0.5,
        -1.323037710004087,
        0.287109375,
        0.34384629797404576,
        -0.743089846508519,
        -0.5799478634955679,
        0.57421875,
        0.57421875,
        0.10071024899070743,
        -0.1179893959775707,
        0.20142049798141565,
        -0.4028409959628309,
        0.28485159998526105,
        -0.045152587035380956,
        -0.29509626351030743,
        0.1424257999926308,
        -0.3402488505456888,
        1.1484375,
        1.1484375,
        2.296875,
        0.050355124495353946,
        -0.05234748189209524,
        0.05899469798878523,
        -0.06259214541714316,
        0.010244663525047326,
        0.10071024899070796,
        -0.11798939597757058,
        0.20142049798141504,
        -0.40284099596283085,
        0.2848515999852602,
        0.045152587035380075,
        0.2950962635103075,
        -0.14242579999262978,
        0.3402488505456879,
        2.296875,
        2.296875,
        4.59375,
        9.1875,
        0.5,
        -1.323037710004087,
        0.19140625,
        0.34384629797404576,
        -0.743089846508519,
        -0.5799478634955679,
        0.3828125,
        0.478515625,
        0.10071024899070743,
        -0.1179893959775707,
        0.20142049798141565,
        -0.4028409959628309,
        0.28485159998526105,
        -0.045152587035380956,
        -0.29509626351030743,
        0.1424257999926308,
        -0.3402488505456888,
        0.765625,
        0.95703125,
        1.9140625,
        0.050355124495353946,
        -0.05234748189209524,
        0.05899469798878523,
        -0.06259214541714316,
        0.010244663525047326,
        0.10071024899070796,
        -0.11798939597757058,
        0.20142049798141504,
        -0.40284099596283085,
        0.2848515999852602,
        0.045152587035380075,
        0.2950962635103075,
        -0.14242579999262978,
        0.3402488505456879,
        1.53125,
        1.9140625,
        3.828125,
        7.65625,
        -0.5,
        0.25,
        0.25,
        0.25,
        0.25,
        -0.0478515625,
        -0.095703125,
        -0.19140625,
        -0.3828125,
        -0.095703125,
        -0.19140625,
        -0.3828125,
        -0.765625,
        -0.19140625,
        -0.3828125,
        -0.765625,
        -1.53125,
        -0.3828125,
        -0.765625,
        -1.53125,
        -3.0625
    ],