{
    "load_date": "2026-02-02 19:32:54.724047",
    "potential": "linear",
    "cutoff": 2,
    "N": 3,
    "a": 1.0,
    "c": null,
    "x_max": 7.0,
    "boundary_condition": "dirichlet",
    "num_qubits": 6,
    "H_size": [
        64,
        64
    ],
    "H_dense_mem_estimate_bytes": 65536,
    "H_sparse_mem_estimate_bytes": 7940,
    "H_pauli_time": "0:00:00.003345",
    "H_creation_time": "0:00:00.000620",
    "H_eigenvalue_time": "0:00:00.002701",
    "eigenvalues": [
        -1.573914087130401,
        -0.5739140871303937,
        -0.34916921573880993,
        -0.34916921573879706,
        0.6508307842611886,
        0.6508307842612036,
        0.8755756556527924,
        1.8755756556527767
    ],
    "best_basis_state": [
        0,
        1,
        1,
        1,
        0,
        1
    ],
    "basis_prob": 0.9082416743134393,
    "num_paulis": 15,
    "pauli_coeffs": [
        46.08856537348606,
        -0.050355124495353856,
        12.25,
        -0.5,
        -0.050355124495353856,
        18.375,
        0.5,
        -0.050355124495353856,
        12.25,
        -0.5,
        0.25,
        0.25,
        0.25,
        0.25,
        -3.0625
    ],
    "pauli_labels": [
        "IIIIII",
        "IIIIIX",
        "IIIIIZ",
        "IIIIZI",
        "IIIXII",
        "IIIZII",
        "IIZIII",
        "IXIIII",
        "IZIIII",
        "ZIIIII",
        "IIXIXI",
        "IIYIYI",
        "XIXIII",
        "YIYIII",
        "IZIIIZ"
    ],
    "boson_position_marginals": {
        "site_0": {
            "x_grid": [
                -7.0,
                0.0
            ],
            "P_x": [
                2.7035404911224696e-06,
                0.9999972964595107
            ],
            "edge_mass_2": 2.0000000000000036
        },
        "site_1": {
            "x_grid": [
                -7.0,
                0.0
            ],
            "P_x": [
                1.8774579342217834e-06,
                0.9999981225420677
            ],
            "edge_mass_2": 2.0000000000000036
        },
        "site_2": {
            "x_grid": [
                -7.0,
                0.0
            ],
            "P_x": [
                2.7035404911225166e-06,
                0.9999972964595107
            ],
            "edge_mass_2": 2.0000000000000036
        }
    }
}