{
    "load_date": "2026-01-15 14:05:16.745743",
    "potential": "linear",
    "cutoff": 2,
    "N": 4,
    "a": 1.0,
    "c": null,
    "boundary_condition": "periodic",
    "num_qubits": 8,
    "H_size": [
        256,
        256
    ],
    "H_dense_mem_estimate_bytes": 1048576,
    "H_sparse_mem_estimate_bytes": 36868,
    "H_pauli_time": "0:00:00.011826",
    "H_creation_time": "0:00:00.006625",
    "H_eigenvalue_time": "0:00:00.027097",
    "eigenvalues": [
        -0.41421356237309376,
        -0.414213562373093,
        -0.4142135623730927,
        -0.41421356237309165,
        0.08578643762690381,
        0.08578643762690417,
        0.08578643762690454,
        0.08578643762690474
    ],
    "best_basis_state": [
        1,
        1,
        0,
        1,
        1,
        0,
        0,
        1
    ],
    "basis_prob": 0.1321096992535653,
    "num_paulis": 15,
    "pauli_coeffs": [
        2.5,
        -0.5,
        0.5,
        -0.5,
        0.5,
        0.25,
        0.25,
        0.25,
        0.25,
        0.25,
        0.25,
        -0.25,
        -0.25,
        -0.24999999999999994,
        -0.24999999999999994
    ],
    "pauli_labels": [
        "IIIIIIII",
        "IIIIIIZI",
        "IIIIZIII",
        "IIZIIIII",
        "ZIIIIIII",
        "IIIIXIXI",
        "IIIIYIYI",
        "IIXIXIII",
        "IIYIYIII",
        "XIXIIIII",
        "YIYIIIII",
        "XIIIIIXI",
        "YIIIIIYI",
        "IXIIIXII",
        "IIIXIIIX"
    ]
}