{
    "load_date": "2026-01-15 14:05:16.894656",
    "potential": "linear",
    "cutoff": 4,
    "N": 4,
    "a": 1.0,
    "c": null,
    "boundary_condition": "periodic",
    "num_qubits": 12,
    "H_size": [
        4096,
        4096
    ],
    "H_dense_mem_estimate_bytes": 268435456,
    "H_sparse_mem_estimate_bytes": 1409028,
    "H_pauli_time": "0:00:00.008631",
    "H_creation_time": "0:00:00.006460",
    "H_eigenvalue_time": "0:00:00.130053",
    "eigenvalues": [
        -0.0014583367399706485,
        0.828562616638579,
        0.8285626166385797,
        1.0798419507283292,
        1.0798419507283328,
        1.1880103542415137,
        1.1880103542415166,
        1.1880103542415301
    ],
    "best_basis_state": [
        1,
        0,
        0,
        0,
        0,
        0,
        1,
        0,
        0,
        0,
        0,
        0
    ],
    "basis_prob": 0.8266536549759168,
    "num_paulis": 61,
    "pauli_coeffs": [
        7.5,
        -0.6249999999999999,
        -0.6250000000000001,
        -0.5,
        -0.6249999999999999,
        -0.6250000000000001,
        0.5,
        -0.6249999999999999,
        -0.6250000000000001,
        -0.5,
        -0.6249999999999999,
        -0.6250000000000001,
        0.5,
        0.25,
        0.25,
        0.25,
        0.25,
        0.25,
        0.25,
        -0.25,
        -0.25,
        0.24148145657226705,
        -0.06470476127563018,
        0.24148145657226705,
        -0.06470476127563018,
        -0.4665063509461096,
        -0.24148145657226705,
        -0.24148145657226705,
        0.125,
        -0.24148145657226705,
        -0.125,
        -0.125,
        0.06470476127563018,
        -0.24148145657226705,
        -0.125,
        -0.125,
        0.06470476127563018,
        0.125,
        0.06470476127563018,
        0.06470476127563018,
        -0.03349364905389034,
        0.24148145657226705,
        -0.06470476127563018,
        0.24148145657226705,
        -0.06470476127563018,
        -0.4665063509461096,
        -0.24148145657226705,
        -0.24148145657226705,
        0.125,
        -0.24148145657226705,
        -0.125,
        -0.125,
        0.06470476127563018,
        -0.24148145657226705,
        -0.125,
        -0.125,
        0.06470476127563018,
        0.125,
        0.06470476127563018,
        0.06470476127563018,
        -0.03349364905389034
    ],
    "pauli_labels": [
        "IIIIIIIIIIII",
        "IIIIIIIIIIZI",
        "IIIIIIIIIIZZ",
        "IIIIIIIIIZII",
        "IIIIIIIZIIII",
        "IIIIIIIZZIII",
        "IIIIIIZIIIII",
        "IIIIZIIIIIII",
        "IIIIZZIIIIII",
        "IIIZIIIIIIII",
        "IZIIIIIIIIII",
        "IZZIIIIIIIII",
        "ZIIIIIIIIIII",
        "IIIIIIXIIXII",
        "IIIIIIYIIYII",
        "IIIXIIXIIIII",
        "IIIYIIYIIIII",
        "XIIXIIIIIIII",
        "YIIYIIIIIIII",
        "XIIIIIIIIXII",
        "YIIIIIIIIYII",
        "IIIIIIIXIIII",
        "IIIIIIIXZIII",
        "IXIIIIIIIIII",
        "IXZIIIIIIIII",
        "IIXIIIIIXIII",
        "IXXIIIIIXIII",
        "IYYIIIIIXIII",
        "IZXIIIIIXIII",
        "IIXIIIIXXIII",
        "IXXIIIIXXIII",
        "IYYIIIIXXIII",
        "IZXIIIIXXIII",
        "IIXIIIIYYIII",
        "IXXIIIIYYIII",
        "IYYIIIIYYIII",
        "IZXIIIIYYIII",
        "IIXIIIIZXIII",
        "IXXIIIIZXIII",
        "IYYIIIIZXIII",
        "IZXIIIIZXIII",
        "IIIIXIIIIIII",
        "IIIIXZIIIIII",
        "IIIIIIIIIIXI",
        "IIIIIIIIIIXZ",
        "IIIIIXIIIIIX",
        "IIIIIXIIIIXX",
        "IIIIIXIIIIYY",
        "IIIIIXIIIIZX",
        "IIIIXXIIIIIX",
        "IIIIXXIIIIXX",
        "IIIIXXIIIIYY",
        "IIIIXXIIIIZX",
        "IIIIYYIIIIIX",
        "IIIIYYIIIIXX",
        "IIIIYYIIIIYY",
        "IIIIYYIIIIZX",
        "IIIIZXIIIIIX",
        "IIIIZXIIIIXX",
        "IIIIZXIIIIYY",
        "IIIIZXIIIIZX"
    ]
}