{
    "load_date": "2026-02-04 15:49:43.225080",
    "potential": "linear",
    "cutoff": 4,
    "N": 4,
    "a": 1.0,
    "c": null,
    "boundary_condition": "dirichlet",
    "num_qubits": 12,
    "H_size": [
        4096,
        4096
    ],
    "H_dense_mem_estimate_bytes": 268435456,
    "H_sparse_mem_estimate_bytes": 1982468,
    "H_pauli_time": "0:00:00.005973",
    "H_creation_time": "0:00:00.003359",
    "H_eigenvalue_time": "0:00:00.103045",
    "used_dense": false,
    "eigenvalues": [
        -0.15704200749579922,
        0.6504565438460286,
        0.6504565438460332,
        0.8896152921073333,
        0.8896152921073359,
        0.8938303972462136,
        0.8938303972462235,
        0.9050386824642047
    ],
    "best_basis_state": [
        1,
        0,
        0,
        0,
        0,
        0,
        1,
        0,
        0,
        0,
        0,
        0
    ],
    "basis_prob": 0.8425471791291119,
    "num_paulis": 91,
    "pauli_coeffs": [
        6.75,
        -0.5624999999999999,
        -0.5625000000000001,
        -0.5,
        -0.5624999999999999,
        -0.5625000000000001,
        0.5,
        -0.5624999999999999,
        -0.5625000000000001,
        -0.5,
        -0.5624999999999999,
        -0.5625000000000001,
        0.5,
        0.25,
        0.25,
        0.25,
        0.25,
        0.25,
        0.25,
        0.12074072828613353,
        -0.03235238063781509,
        0.12074072828613353,
        -0.03235238063781509,
        -0.2332531754730548,
        -0.12074072828613353,
        -0.12074072828613353,
        0.0625,
        -0.12074072828613353,
        -0.0625,
        -0.0625,
        0.03235238063781509,
        -0.12074072828613353,
        -0.0625,
        -0.0625,
        0.03235238063781509,
        0.06249999999999999,
        0.03235238063781509,
        0.03235238063781509,
        -0.01674682452694517,
        -0.4665063509461096,
        -0.24148145657226705,
        -0.24148145657226705,
        0.125,
        -0.24148145657226705,
        -0.125,
        -0.125,
        0.06470476127563018,
        -0.24148145657226705,
        -0.125,
        -0.125,
        0.06470476127563018,
        0.12499999999999999,
        0.06470476127563018,
        0.06470476127563018,
        -0.03349364905389034,
        0.12074072828613353,
        -0.03235238063781509,
        0.12074072828613353,
        -0.03235238063781509,
        -0.2332531754730548,
        -0.12074072828613353,
        -0.12074072828613353,
        0.0625,
        -0.12074072828613353,
        -0.0625,
        -0.0625,
        0.03235238063781509,
        -0.12074072828613353,
        -0.0625,
        -0.0625,
        0.03235238063781509,
        0.06249999999999999,
        0.03235238063781509,
        0.03235238063781509,
        -0.01674682452694517,
        0.4665063509461096,
        0.24148145657226705,
        0.24148145657226705,
        -0.125,
        0.24148145657226705,
        0.125,
        0.125,
        -0.06470476127563018,
        0.24148145657226705,
        0.125,
        0.125,
        -0.06470476127563018,
        -0.12499999999999999,
        -0.06470476127563018,
        -0.06470476127563018,
        0.03349364905389034
    ],
    "pauli_labels": [
        "IIIIIIIIIIII",
        "IIIIIIIIIIZI",
        "IIIIIIIIIIZZ",
        "IIIIIIIIIZII",
        "IIIIIIIZIIII",
        "IIIIIIIZZIII",
        "IIIIIIZIIIII",
        "IIIIZIIIIIII",
        "IIIIZZIIIIII",
        "IIIZIIIIIIII",
        "IZIIIIIIIIII",
        "IZZIIIIIIIII",
        "ZIIIIIIIIIII",
        "IIIIIIXIIXII",
        "IIIIIIYIIYII",
        "IIIXIIXIIIII",
        "IIIYIIYIIIII",
        "XIIXIIIIIIII",
        "YIIYIIIIIIII",
        "IIIIXIIIIIII",
        "IIIIXZIIIIII",
        "IIIIIIIIIIXI",
        "IIIIIIIIIIXZ",
        "IIIIIXIIIIIX",
        "IIIIIXIIIIXX",
        "IIIIIXIIIIYY",
        "IIIIIXIIIIZX",
        "IIIIXXIIIIIX",
        "IIIIXXIIIIXX",
        "IIIIXXIIIIYY",
        "IIIIXXIIIIZX",
        "IIIIYYIIIIIX",
        "IIIIYYIIIIXX",
        "IIIIYYIIIIYY",
        "IIIIYYIIIIZX",
        "IIIIZXIIIIIX",
        "IIIIZXIIIIXX",
        "IIIIZXIIIIYY",
        "IIIIZXIIIIZX",
        "IIIIIIIIXIIX",
        "IIIIIIIXXIIX",
        "IIIIIIIYYIIX",
        "IIIIIIIZXIIX",
        "IIIIIIIIXIXX",
        "IIIIIIIXXIXX",
        "IIIIIIIYYIXX",
        "IIIIIIIZXIXX",
        "IIIIIIIIXIYY",
        "IIIIIIIXXIYY",
        "IIIIIIIYYIYY",
        "IIIIIIIZXIYY",
        "IIIIIIIIXIZX",
        "IIIIIIIXXIZX",
        "IIIIIIIYYIZX",
        "IIIIIIIZXIZX",
        "IXIIIIIIIIII",
        "IXZIIIIIIIII",
        "IIIIIIIXIIII",
        "IIIIIIIXZIII",
        "IIXIIIIIXIII",
        "IIXIIIIXXIII",
        "IIXIIIIYYIII",
        "IIXIIIIZXIII",
        "IXXIIIIIXIII",
        "IXXIIIIXXIII",
        "IXXIIIIYYIII",
        "IXXIIIIZXIII",
        "IYYIIIIIXIII",
        "IYYIIIIXXIII",
        "IYYIIIIYYIII",
        "IYYIIIIZXIII",
        "IZXIIIIIXIII",
        "IZXIIIIXXIII",
        "IZXIIIIYYIII",
        "IZXIIIIZXIII",
        "IIXIIXIIIIII",
        "IIXIXXIIIIII",
        "IIXIYYIIIIII",
        "IIXIZXIIIIII",
        "IXXIIXIIIIII",
        "IXXIXXIIIIII",
        "IXXIYYIIIIII",
        "IXXIZXIIIIII",
        "IYYIIXIIIIII",
        "IYYIXXIIIIII",
        "IYYIYYIIIIII",
        "IYYIZXIIIIII",
        "IZXIIXIIIIII",
        "IZXIXXIIIIII",
        "IZXIYYIIIIII",
        "IZXIZXIIIIII"
    ]
}