{
    "load_date": "2026-02-04 15:49:40.270115",
    "potential": "linear",
    "cutoff": 2,
    "N": 4,
    "a": 1.0,
    "c": null,
    "boundary_condition": "dirichlet",
    "num_qubits": 8,
    "H_size": [
        256,
        256
    ],
    "H_dense_mem_estimate_bytes": 1048576,
    "H_sparse_mem_estimate_bytes": 41988,
    "H_pauli_time": "0:00:00.003645",
    "H_creation_time": "0:00:00.002312",
    "H_eigenvalue_time": "0:00:00.013538",
    "used_dense": true,
    "eigenvalues": [
        -0.5829342904521039,
        -0.5829342904521029,
        -0.5829342904521015,
        -0.5829342904520988,
        -0.3329342904521064,
        -0.3329342904521034,
        -0.33293429045210293,
        -0.3329342904521019
    ],
    "best_basis_state": [
        1,
        0,
        0,
        0,
        1,
        1,
        0,
        0
    ],
    "basis_prob": 0.1122929788450051,
    "num_paulis": 15,
    "pauli_coeffs": [
        2.25,
        -0.5,
        0.5,
        -0.5,
        0.5,
        0.25,
        0.25,
        0.25,
        0.25,
        0.25,
        0.25,
        -0.12499999999999997,
        -0.24999999999999994,
        -0.12499999999999997,
        0.24999999999999994
    ],
    "pauli_labels": [
        "IIIIIIII",
        "IIIIIIZI",
        "IIIIZIII",
        "IIZIIIII",
        "ZIIIIIII",
        "IIIIXIXI",
        "IIIIYIYI",
        "IIXIXIII",
        "IIYIYIII",
        "XIXIIIII",
        "YIYIIIII",
        "IIIXIIIX",
        "IIIIIXIX",
        "IXIIIXII",
        "IXIXIIII"
    ]
}