{
    "load_date": "2025-12-09 14:59:09.105988",
    "potential": "linear",
    "cutoff": 16,
    "N": 3,
    "a": 1.0,
    "c": null,
    "boundary_condition": "dirichlet",
    "num_qubits": 15,
    "num_paulis": 1146,
    "dense_H_size": [
        32768,
        32768
    ],
    "min_eigenvalue": -3.6042420179791245e-15,
    "basis": [
        0,
        0,
        0,
        0,
        0,
        1,
        0,
        0,
        0,
        0,
        0,
        0,
        0,
        0,
        0
    ],
    "tol": 1e-10,
    "dt": 0.1,
    "n_steps": 1,
    "max_k": 10,
    "final_k": 10,
    "converged": false,
    "all_energies": [
        0.025255128608411045,
        0.004124805916302578,
        0.00030222990698484573,
        0.0002473382846146161,
        0.00013703731856016952,
        7.136993512075424e-05,
        6.860086077395015e-05,
        6.46140864803026e-05,
        5.927994155607e-06,
        9.140951803710273e-07
    ],
    "all_run_data": [
        {
            "D": 1,
            "t": 0.1,
            "circuit_time": "0:00:00.242617",
            "num_samples": 4,
            "H_reduced_size": [
                4,
                4
            ],
            "reduction": 99.98779296875,
            "H_reduced_e": 0.025255128608411045,
            "eigenvalue_time": "0:00:00",
            "diff": 0.02525512860841465,
            "change_from_prev": null
        },
        {
            "D": 2,
            "t": 0.2,
            "circuit_time": "0:00:00.263228",
            "num_samples": 16,
            "H_reduced_size": [
                16,
                16
            ],
            "reduction": 99.951171875,
            "H_reduced_e": 0.004124805916302578,
            "eigenvalue_time": "0:00:00",
            "diff": 0.004124805916306182,
            "change_from_prev": 0.021130322692108468
        },
        {
            "D": 3,
            "t": 0.30000000000000004,
            "circuit_time": "0:00:00.274187",
            "num_samples": 23,
            "H_reduced_size": [
                23,
                23
            ],
            "reduction": 99.9298095703125,
            "H_reduced_e": 0.00030222990698484573,
            "eigenvalue_time": "0:00:00.001001",
            "diff": 0.00030222990698845,
            "change_from_prev": 0.0038225760093177318
        },
        {
            "D": 4,
            "t": 0.4,
            "circuit_time": "0:00:00.289685",
            "num_samples": 32,
            "H_reduced_size": [
                32,
                32
            ],
            "reduction": 99.90234375,
            "H_reduced_e": 0.0002473382846146161,
            "eigenvalue_time": "0:00:00.002106",
            "diff": 0.00024733828461822037,
            "change_from_prev": 5.4891622370229626e-05
        },
        {
            "D": 5,
            "t": 0.5,
            "circuit_time": "0:00:00.243724",
            "num_samples": 44,
            "H_reduced_size": [
                44,
                44
            ],
            "reduction": 99.86572265625,
            "H_reduced_e": 0.00013703731856016952,
            "eigenvalue_time": "0:00:00.002002",
            "diff": 0.00013703731856377376,
            "change_from_prev": 0.00011030096605444659
        },
        {
            "D": 6,
            "t": 0.6000000000000001,
            "circuit_time": "0:00:00.233205",
            "num_samples": 57,
            "H_reduced_size": [
                57,
                57
            ],
            "reduction": 99.8260498046875,
            "H_reduced_e": 7.136993512075424e-05,
            "eigenvalue_time": "0:00:00.002000",
            "diff": 7.136993512435848e-05,
            "change_from_prev": 6.566738343941528e-05
        },
        {
            "D": 7,
            "t": 0.7000000000000001,
            "circuit_time": "0:00:00.256466",
            "num_samples": 89,
            "H_reduced_size": [
                89,
                89
            ],
            "reduction": 99.7283935546875,
            "H_reduced_e": 6.860086077395015e-05,
            "eigenvalue_time": "0:00:00.004010",
            "diff": 6.860086077755439e-05,
            "change_from_prev": 2.7690743468040903e-06
        },
        {
            "D": 8,
            "t": 0.8,
            "circuit_time": "0:00:00.241404",
            "num_samples": 132,
            "H_reduced_size": [
                132,
                132
            ],
            "reduction": 99.59716796875,
            "H_reduced_e": 6.46140864803026e-05,
            "eigenvalue_time": "0:00:00.002999",
            "diff": 6.461408648390684e-05,
            "change_from_prev": 3.9867742936475486e-06
        },
        {
            "D": 9,
            "t": 0.9,
            "circuit_time": "0:00:00.238548",
            "num_samples": 171,
            "H_reduced_size": [
                171,
                171
            ],
            "reduction": 99.4781494140625,
            "H_reduced_e": 5.927994155607e-06,
            "eigenvalue_time": "0:00:00.004000",
            "diff": 5.927994159211242e-06,
            "change_from_prev": 5.8686092324695605e-05
        },
        {
            "D": 10,
            "t": 1.0,
            "circuit_time": "0:00:00.316610",
            "num_samples": 230,
            "H_reduced_size": [
                230,
                230
            ],
            "reduction": 99.298095703125,
            "H_reduced_e": 9.140951803710273e-07,
            "eigenvalue_time": "0:00:00.018512",
            "diff": 9.140951839752692e-07,
            "change_from_prev": 5.013898975235972e-06
        }
    ]
}