{
    "load_date": "2025-12-09 15:01:34.099163",
    "potential": "linear",
    "cutoff": 16,
    "N": 3,
    "a": 1.0,
    "c": null,
    "boundary_condition": "dirichlet",
    "num_qubits": 15,
    "num_paulis": 1146,
    "dense_H_size": [
        32768,
        32768
    ],
    "min_eigenvalue": -3.6042420179791245e-15,
    "basis": [
        0,
        0,
        0,
        0,
        0,
        1,
        0,
        0,
        0,
        0,
        0,
        0,
        0,
        0,
        0
    ],
    "tol": 1e-10,
    "dt": 1.5,
    "n_steps": 1,
    "max_k": 10,
    "final_k": 8,
    "converged": true,
    "all_energies": [
        2.227768340773052,
        0.11874791087529375,
        0.11868180875290969,
        5.101911820973436e-07,
        5.000047213604792e-07,
        2.1015842250156494e-08,
        3.179078893270497e-10,
        3.17625954821927e-10
    ],
    "all_run_data": [
        {
            "D": 1,
            "t": 1.5,
            "circuit_time": "0:00:00.337481",
            "num_samples": 493,
            "H_reduced_size": [
                493,
                493
            ],
            "reduction": 98.4954833984375,
            "H_reduced_e": 2.227768340773052,
            "eigenvalue_time": "0:00:00.038007",
            "diff": 2.2277683407730557,
            "change_from_prev": null
        },
        {
            "D": 2,
            "t": 3.0,
            "circuit_time": "0:00:00.239982",
            "num_samples": 866,
            "H_reduced_size": [
                866,
                866
            ],
            "reduction": 97.357177734375,
            "H_reduced_e": 0.11874791087529375,
            "eigenvalue_time": "0:00:00.047558",
            "diff": 0.11874791087529736,
            "change_from_prev": 2.1090204298977584
        },
        {
            "D": 3,
            "t": 4.5,
            "circuit_time": "0:00:00.246013",
            "num_samples": 1436,
            "H_reduced_size": [
                1436,
                1436
            ],
            "reduction": 95.61767578125,
            "H_reduced_e": 0.11868180875290969,
            "eigenvalue_time": "0:00:00.058262",
            "diff": 0.1186818087529133,
            "change_from_prev": 6.610212238405966e-05
        },
        {
            "D": 4,
            "t": 6.0,
            "circuit_time": "0:00:00.298956",
            "num_samples": 1888,
            "H_reduced_size": [
                1888,
                1888
            ],
            "reduction": 94.23828125,
            "H_reduced_e": 5.101911820973436e-07,
            "eigenvalue_time": "0:00:00.096202",
            "diff": 5.101911857015855e-07,
            "change_from_prev": 0.1186812985617276
        },
        {
            "D": 5,
            "t": 7.5,
            "circuit_time": "0:00:00.244623",
            "num_samples": 2038,
            "H_reduced_size": [
                2038,
                2038
            ],
            "reduction": 93.780517578125,
            "H_reduced_e": 5.000047213604792e-07,
            "eigenvalue_time": "0:00:00.095351",
            "diff": 5.000047249647211e-07,
            "change_from_prev": 1.0186460736864385e-08
        },
        {
            "D": 6,
            "t": 9.0,
            "circuit_time": "0:00:00.244717",
            "num_samples": 2279,
            "H_reduced_size": [
                2279,
                2279
            ],
            "reduction": 93.0450439453125,
            "H_reduced_e": 2.1015842250156494e-08,
            "eigenvalue_time": "0:00:00.116045",
            "diff": 2.1015845854398512e-08,
            "change_from_prev": 4.789888791103226e-07
        },
        {
            "D": 7,
            "t": 10.5,
            "circuit_time": "0:00:00.254489",
            "num_samples": 2311,
            "H_reduced_size": [
                2311,
                2311
            ],
            "reduction": 92.9473876953125,
            "H_reduced_e": 3.179078893270497e-10,
            "eigenvalue_time": "0:00:00.116292",
            "diff": 3.179114935690677e-10,
            "change_from_prev": 2.0697934360829444e-08
        },
        {
            "D": 8,
            "t": 12.0,
            "circuit_time": "0:00:00.242005",
            "num_samples": 2332,
            "H_reduced_size": [
                2332,
                2332
            ],
            "reduction": 92.88330078125,
            "H_reduced_e": 3.17625954821927e-10,
            "eigenvalue_time": "0:00:00.134130",
            "diff": 3.1762955906394497e-10,
            "change_from_prev": 2.8193450512271657e-13
        }
    ]
}