{
    "load_date": "2025-11-24 14:07:18.096731",
    "potential": "linear",
    "cutoff": 16,
    "N": 2,
    "a": 1.0,
    "c": null,
    "boundary_condition": "dirichlet",
    "num_qubits": 10,
    "eigenvalues": [
        -7.108284715503127e-16,
        2.236067977499757,
        1.1180339887498858,
        2.2360679774997614,
        1.1180339887498871,
        1.118033988749891,
        2.2360679774997743,
        1.1180339887498933
    ],
    "best_basis_state": [
        0,
        0,
        0,
        0,
        0,
        1,
        0,
        0,
        0,
        0
    ],
    "prob": 0.94427190999915
}