{
    "load_date": "2026-02-02 09:37:38.202579",
    "potential": "quadratic",
    "cutoff": 4,
    "N": 2,
    "a": 1.0,
    "c": -0.8,
    "boundary_condition": "periodic",
    "num_qubits": 6,
    "H_size": [
        64,
        64
    ],
    "H_dense_mem_estimate_bytes": 65536,
    "H_sparse_mem_estimate_bytes": 9220,
    "H_pauli_time": "0:00:00.001869",
    "H_creation_time": "0:00:00.000327",
    "H_eigenvalue_time": "0:00:00.001577",
    "eigenvalues": [
        0.35718387975074783,
        0.35718387975074795,
        0.3571838797507486,
        0.35718387975074956,
        1.0568863664974069,
        1.056886366497408,
        1.056886366497409,
        1.0568863664974093
    ],
    "best_basis_state": [
        1,
        0,
        0,
        1,
        0,
        0
    ],
    "basis_prob": 0.39231864520008675,
    "num_paulis": 17,
    "pauli_coeffs": [
        3.4899999999999993,
        0.1931851652578133,
        -0.05176380902050412,
        -0.5999999999999998,
        -0.6,
        -0.9659258262890682,
        -0.5,
        -0.5,
        0.25881904510252074,
        0.1931851652578133,
        -0.05176380902050412,
        -0.5999999999999998,
        -0.6,
        0.9659258262890682,
        0.5,
        0.5,
        -0.25881904510252074
    ],
    "pauli_labels": [
        "IIIIII",
        "IIIIXI",
        "IIIIXZ",
        "IIIIZI",
        "IIIIZZ",
        "IIIZIX",
        "IIIZXX",
        "IIIZYY",
        "IIIZZX",
        "IXIIII",
        "IXZIII",
        "IZIIII",
        "IZZIII",
        "ZIXIII",
        "ZXXIII",
        "ZYYIII",
        "ZZXIII"
    ]
}