{
    "load_date": "2026-02-02 09:37:38.195280",
    "potential": "quadratic",
    "cutoff": 2,
    "N": 2,
    "a": 1.0,
    "c": -0.8,
    "boundary_condition": "periodic",
    "num_qubits": 4,
    "H_size": [
        16,
        16
    ],
    "H_dense_mem_estimate_bytes": 4096,
    "H_sparse_mem_estimate_bytes": 1028,
    "H_pauli_time": "0:00:00.001962",
    "H_creation_time": "0:00:00.001122",
    "H_eigenvalue_time": "0:00:00.000688",
    "eigenvalues": [
        -0.8242135623730955,
        -0.8242135623730948,
        -0.8242135623730946,
        -0.8242135623730943,
        0.5900000000000001,
        0.5900000000000002,
        0.5900000000000002,
        0.5900000000000002
    ],
    "best_basis_state": [
        0,
        0,
        1,
        1
    ],
    "basis_prob": 0.12964535839191185,
    "num_paulis": 3,
    "pauli_coeffs": [
        0.5900000000000002,
        -0.7071067811865475,
        0.7071067811865475
    ],
    "pauli_labels": [
        "IIII",
        "IIZX",
        "ZXII"
    ]
}