{
    "load_date": "2026-02-02 09:37:38.232048",
    "potential": "quadratic",
    "cutoff": 8,
    "N": 2,
    "a": 1.0,
    "c": -0.8,
    "boundary_condition": "periodic",
    "num_qubits": 8,
    "H_size": [
        256,
        256
    ],
    "H_dense_mem_estimate_bytes": 1048576,
    "H_sparse_mem_estimate_bytes": 67588,
    "H_pauli_time": "0:00:00.011601",
    "H_creation_time": "0:00:00.000396",
    "H_eigenvalue_time": "0:00:00.015246",
    "eigenvalues": [
        0.010277902158318747,
        0.010277902158323582,
        0.010277902158324498,
        0.010277902158327148,
        1.4356299535610917,
        1.4356299535610941,
        1.4356299535610955,
        1.4356299535611
    ],
    "best_basis_state": [
        0,
        0,
        0,
        0,
        0,
        0,
        0,
        0
    ],
    "basis_prob": 0.21841540708155857,
    "num_paulis": 61,
    "pauli_coeffs": [
        21.289999999999992,
        5.870618506742066,
        -0.04882097481917125,
        -1.1000000000000003,
        -2.0999999999999988,
        1.9940578152830877,
        -0.502017474872049,
        2.741482326162713,
        -0.8362264378369485,
        -1.003218400553733,
        0.12355049583848854,
        2.741482326162713,
        -0.8362264378369485,
        -6.799999999999997,
        -1.35,
        -5.065060905788459,
        -0.6153152698971267,
        -1.599999999999999,
        2.849999999999998,
        -1.3459547940123242,
        -0.6830127018922192,
        -0.6830127018922192,
        0.2018319883769557,
        -0.35355339059327373,
        0.35355339059327373,
        -0.35355339059327373,
        -0.35355339059327373,
        0.38002896772325595,
        0.18301270189221924,
        0.18301270189221924,
        0.05698705672556509,
        5.870618506742066,
        -0.04882097481917125,
        -1.1000000000000003,
        -2.0999999999999988,
        1.9940578152830877,
        -0.502017474872049,
        2.741482326162713,
        -0.8362264378369485,
        -1.003218400553733,
        0.12355049583848854,
        2.741482326162713,
        -0.8362264378369485,
        -6.799999999999997,
        -1.35,
        -5.065060905788459,
        -0.6153152698971267,
        -1.599999999999999,
        2.849999999999998,
        1.3459547940123242,
        0.6830127018922192,
        0.6830127018922192,
        -0.2018319883769557,
        0.35355339059327373,
        -0.35355339059327373,
        0.35355339059327373,
        0.35355339059327373,
        -0.38002896772325595,
        -0.18301270189221924,
        -0.18301270189221924,
        -0.05698705672556509
    ],
    "pauli_labels": [
        "IIIIIIII",
        "IIIIIIXI",
        "IIIIIIXZ",
        "IIIIIIZI",
        "IIIIIIZZ",
        "IIIIIXII",
        "IIIIIXIZ",
        "IIIIIXXI",
        "IIIIIXXZ",
        "IIIIIXZI",
        "IIIIIXZZ",
        "IIIIIYYI",
        "IIIIIYYZ",
        "IIIIIZII",
        "IIIIIZIZ",
        "IIIIIZXI",
        "IIIIIZXZ",
        "IIIIIZZI",
        "IIIIIZZZ",
        "IIIIZIIX",
        "IIIIZIXX",
        "IIIIZIYY",
        "IIIIZIZX",
        "IIIIZXXX",
        "IIIIZXYY",
        "IIIIZYXY",
        "IIIIZYYX",
        "IIIIZZIX",
        "IIIIZZXX",
        "IIIIZZYY",
        "IIIIZZZX",
        "IIXIIIII",
        "IIXZIIII",
        "IIZIIIII",
        "IIZZIIII",
        "IXIIIIII",
        "IXIZIIII",
        "IXXIIIII",
        "IXXZIIII",
        "IXZIIIII",
        "IXZZIIII",
        "IYYIIIII",
        "IYYZIIII",
        "IZIIIIII",
        "IZIZIIII",
        "IZXIIIII",
        "IZXZIIII",
        "IZZIIIII",
        "IZZZIIII",
        "ZIIXIIII",
        "ZIXXIIII",
        "ZIYYIIII",
        "ZIZXIIII",
        "ZXXXIIII",
        "ZXYYIIII",
        "ZYXYIIII",
        "ZYYXIIII",
        "ZZIXIIII",
        "ZZXXIIII",
        "ZZYYIIII",
        "ZZZXIIII"
    ]
}