{
    "load_date": "2026-02-02 09:37:38.717500",
    "potential": "quadratic",
    "cutoff": 16,
    "N": 2,
    "a": 1.0,
    "c": -0.8,
    "boundary_condition": "periodic",
    "num_qubits": 10,
    "H_size": [
        1024,
        1024
    ],
    "H_dense_mem_estimate_bytes": 16777216,
    "H_sparse_mem_estimate_bytes": 393220,
    "H_pauli_time": "0:00:00.391242",
    "H_creation_time": "0:00:00.001080",
    "H_eigenvalue_time": "0:00:00.090841",
    "eigenvalues": [
        0.07769924921972933,
        0.07769924921978436,
        0.07769924921980835,
        0.07769924921980911,
        1.5196325734379406,
        1.5196325734380065,
        1.5196325734380212,
        1.5196325734380745
    ],
    "best_basis_state": [
        0,
        0,
        0,
        0,
        0,
        1,
        0,
        0,
        0,
        0
    ],
    "basis_prob": 0.25692953770491894,
    "num_paulis": 173,
    "pauli_coeffs": [
        104.88999999999996,
        33.257283641182624,
        -0.04900628627455106,
        -2.0999999999999996,
        -5.1,
        9.996804026484869,
        -1.0010280154202835,
        17.438055735175094,
        -1.8367930423402443,
        -2.0016469473073117,
        0.12427045080997878,
        17.438055735175094,
        -1.8367930423402443,
        -13.799999999999994,
        -4.349999999999994,
        -11.069199281731311,
        -2.6203597850225693,
        -6.5999999999999925,
        5.849999999999996,
        3.999469541338309,
        -0.5000707769310031,
        6.71816109315716,
        -0.9185921436575519,
        -1.00013480998492,
        0.062473737067513246,
        -6.71816109315716,
        0.9185921436575519,
        6.71816109315716,
        -0.9185921436575519,
        3.999469541338309,
        -0.5000707769310031,
        6.71816109315716,
        -0.9185921436575519,
        -1.00013480998492,
        0.062473737067513246,
        -37.19999999999999,
        -2.8500000000000014,
        -25.766479959838588,
        -1.6199998631465853,
        -3.6000000000000014,
        5.850000000000001,
        -8.002746211201782,
        0.4990105405482348,
        -14.69657340901238,
        1.0005666045032973,
        0.9984285467535794,
        -0.0007199549714900222,
        -14.69657340901238,
        1.0005666045032973,
        2.3999999999999955,
        5.849999999999994,
        4.38395320134089,
        3.6252296897274077,
        9.599999999999994,
        -5.849999999999998,
        -1.8923087429803596,
        -0.9517337620166572,
        -0.9517337620166572,
        0.15253981507366654,
        -0.4829629131445341,
        0.4829629131445341,
        -0.4829629131445341,
        -0.4829629131445341,
        0.2927137739679863,
        0.1427167676417097,
        0.1427167676417097,
        0.03284159156561178,
        -0.25,
        0.25,
        0.25,
        0.25,
        -0.25,
        -0.25,
        -0.25,
        0.25,
        0.5463539489680354,
        0.26872106012443786,
        0.26872106012443786,
        0.04929217330328903,
        0.12940952255126037,
        -0.12940952255126037,
        0.12940952255126037,
        0.12940952255126037,
        0.08731519375526972,
        0.04029593425050956,
        0.04029593425050956,
        0.024145465159953333,
        33.257283641182624,
        -0.04900628627455106,
        -2.0999999999999996,
        -5.1,
        9.996804026484869,
        -1.0010280154202835,
        17.438055735175094,
        -1.8367930423402443,
        -2.0016469473073117,
        0.12427045080997878,
        17.438055735175094,
        -1.8367930423402443,
        -13.799999999999994,
        -4.349999999999994,
        -11.069199281731311,
        -2.6203597850225693,
        -6.5999999999999925,
        5.849999999999996,
        3.999469541338309,
        -0.5000707769310031,
        6.71816109315716,
        -0.9185921436575519,
        -1.00013480998492,
        0.062473737067513246,
        -6.71816109315716,
        0.9185921436575519,
        6.71816109315716,
        -0.9185921436575519,
        3.999469541338309,
        -0.5000707769310031,
        6.71816109315716,
        -0.9185921436575519,
        -1.00013480998492,
        0.062473737067513246,
        -37.19999999999999,
        -2.8500000000000014,
        -25.766479959838588,
        -1.6199998631465853,
        -3.6000000000000014,
        5.850000000000001,
        -8.002746211201782,
        0.4990105405482348,
        -14.69657340901238,
        1.0005666045032973,
        0.9984285467535794,
        -0.0007199549714900222,
        -14.69657340901238,
        1.0005666045032973,
        2.3999999999999955,
        5.849999999999994,
        4.38395320134089,
        3.6252296897274077,
        9.599999999999994,
        -5.849999999999998,
        1.8923087429803596,
        0.9517337620166572,
        0.9517337620166572,
        -0.15253981507366654,
        0.4829629131445341,
        -0.4829629131445341,
        0.4829629131445341,
        0.4829629131445341,
        -0.2927137739679863,
        -0.1427167676417097,
        -0.1427167676417097,
        -0.03284159156561178,
        0.25,
        -0.25,
        -0.25,
        -0.25,
        0.25,
        0.25,
        0.25,
        -0.25,
        -0.5463539489680354,
        -0.26872106012443786,
        -0.26872106012443786,
        -0.04929217330328903,
        -0.12940952255126037,
        0.12940952255126037,
        -0.12940952255126037,
        -0.12940952255126037,
        -0.08731519375526972,
        -0.04029593425050956,
        -0.04029593425050956,
        -0.024145465159953333
    ],