{
    "load_date": "2025-11-24 14:08:05.100489",
    "potential": "linear",
    "cutoff": 8,
    "N": 5,
    "a": 1.0,
    "c": null,
    "boundary_condition": "dirichlet",
    "num_qubits": 20,
    "eigenvalues": [
        -7.037943106586024e-08,
        0.9999999296205502,
        0.9999933625430699,
        1.1180075663647537,
        1.1180333924412262,
        1.1180339183704366,
        1.3228477353722985,
        1.1180339183704597
    ],
    "best_basis_state": [
        0,
        0,
        0,
        0,
        1,
        0,
        0,
        0,
        0,
        0,
        0,
        0,
        1,
        0,
        0,
        0,
        0,
        0,
        0,
        0
    ],
    "prob": 0.8130196615271678
}