{
    "load_date": "2026-02-02 19:31:50.329316",
    "potential": "linear",
    "cutoff": 8,
    "N": 3,
    "a": 1.0,
    "c": null,
    "x_max": 3.0,
    "boundary_condition": "dirichlet",
    "num_qubits": 12,
    "H_size": [
        4096,
        4096
    ],
    "H_dense_mem_estimate_bytes": 268435456,
    "H_sparse_mem_estimate_bytes": 1982468,
    "H_pauli_time": "0:00:00.014245",
    "H_creation_time": "0:00:00.001493",
    "H_eigenvalue_time": "0:00:00.079499",
    "eigenvalues": [
        -0.00037458664679153086,
        0.9996254133532019,
        1.0025800006355716,
        1.2243702847447846,
        1.2243702847447924,
        1.2257824653722214,
        1.227470372675498,
        1.9954645671120617
    ],
    "best_basis_state": [
        0,
        1,
        0,
        0,
        1,
        1,
        0,
        0,
        0,
        1,
        0,
        0
    ],
    "basis_prob": 0.08421012315230025,
    "num_paulis": 62,
    "pauli_coeffs": [
        15.199481117665242,
        -1.8720520667475813,
        0.140625,
        0.5483113556160762,
        -1.0966227112321512,
        -0.7754293555154308,
        0.28125,
        0.3515625,
        0.2741556778080374,
        -0.3211933557167197,
        0.5483113556160744,
        -1.0966227112321496,
        0.7754293555154309,
        0.5625,
        0.703125,
        1.40625,
        -0.5,
        -1.8720520667475813,
        0.2109375,
        0.5483113556160762,
        -1.0966227112321512,
        -0.7754293555154308,
        0.421875,
        0.421875,
        0.2741556778080374,
        -0.3211933557167197,
        0.5483113556160744,
        -1.0966227112321496,
        0.7754293555154309,
        0.84375,
        0.84375,
        1.6875,
        0.5,
        -1.8720520667475813,
        0.140625,
        0.5483113556160762,
        -1.0966227112321512,
        -0.7754293555154308,
        0.28125,
        0.3515625,
        0.2741556778080374,
        -0.3211933557167197,
        0.5483113556160744,
        -1.0966227112321496,
        0.7754293555154309,
        0.5625,
        0.703125,
        1.40625,
        -0.5,
        0.25,
        0.25,
        0.25,
        0.25,
        -0.03515625,
        -0.0703125,
        -0.140625,
        -0.0703125,
        -0.140625,
        -0.28125,
        -0.140625,
        -0.28125,
        -0.5625
    ],
    "pauli_labels": [
        "IIIIIIIIIIII",
        "IIIIIIIIIIIX",
        "IIIIIIIIIIIZ",
        "IIIIIIIIIIXI",
        "IIIIIIIIIIXX",
        "IIIIIIIIIIYY",
        "IIIIIIIIIIZI",
        "IIIIIIIIIIZZ",
        "IIIIIIIIIXII",
        "IIIIIIIIIXIX",
        "IIIIIIIIIXXI",
        "IIIIIIIIIXXX",
        "IIIIIIIIIXYY",
        "IIIIIIIIIZII",
        "IIIIIIIIIZIZ",
        "IIIIIIIIIZZI",
        "IIIIIIIIZIII",
        "IIIIIIIXIIII",
        "IIIIIIIZIIII",
        "IIIIIIXIIIII",
        "IIIIIIXXIIII",
        "IIIIIIYYIIII",
        "IIIIIIZIIIII",
        "IIIIIIZZIIII",
        "IIIIIXIIIIII",
        "IIIIIXIXIIII",
        "IIIIIXXIIIII",
        "IIIIIXXXIIII",
        "IIIIIXYYIIII",
        "IIIIIZIIIIII",
        "IIIIIZIZIIII",
        "IIIIIZZIIIII",
        "IIIIZIIIIIII",
        "IIIXIIIIIIII",
        "IIIZIIIIIIII",
        "IIXIIIIIIIII",
        "IIXXIIIIIIII",
        "IIYYIIIIIIII",
        "IIZIIIIIIIII",
        "IIZZIIIIIIII",
        "IXIIIIIIIIII",
        "IXIXIIIIIIII",
        "IXXIIIIIIIII",
        "IXXXIIIIIIII",
        "IXYYIIIIIIII",
        "IZIIIIIIIIII",
        "IZIZIIIIIIII",
        "IZZIIIIIIIII",
        "ZIIIIIIIIIII",
        "IIIIXIIIXIII",
        "IIIIYIIIYIII",
        "XIIIXIIIIIII",
        "YIIIYIIIIIII",
        "IIIZIIIIIIIZ",
        "IIIZIIIIIIZI",
        "IIIZIIIIIZII",
        "IIZIIIIIIIIZ",
        "IIZIIIIIIIZI",
        "IIZIIIIIIZII",
        "IZIIIIIIIIIZ",
        "IZIIIIIIIIZI",
        "IZIIIIIIIZII"
    ],
    "boson_position_marginals": {
        "site_0": {
            "x_grid": [
                -3.0,
                -2.25,
                -1.5,
                -0.75,
                0.0,
                0.75,
                1.5,
                2.25
            ],
            "P_x": [
                8.474636529715404e-05,
                0.0017355082749136465,
                0.03735865404622159,
                0.23898209237209214,
                0.44385089278596884,
                0.23892442446803902,
                0.03733569274324372,
                0.0017279889442218933
            ],
            "edge_mass_2": 0.040883936327676416
        },
        "site_1": {
            "x_grid": [
                -3.0,
                -2.25,
                -1.5,
                -0.75,
                0.0,
                0.75,
                1.5,
                2.25
            ],
            "P_x": [
                3.117723144689807e-05,
                0.0009684560803494371,
                0.029793620335034774,
                0.23510436597660653,
                0.4682359379845695,
                0.2351043659766069,
                0.0297936203350348,
                0.0009684560803494421
            ],
            "edge_mass_2": 0.03176170972718058
        },
        "site_2": {
            "x_grid": [
                -3.0,
                -2.25,
                -1.5,
                -0.75,
                0.0,
                0.75,
                1.5,
                2.25
            ],
            "P_x": [
                8.474636529715408e-05,
                0.0017355082749136476,
                0.037358654046221594,
                0.23898209237209225,
                0.4438508927859689,
                0.23892442446803905,
                0.03733569274324377,
                0.0017279889442218962
            ],
            "edge_mass_2": 0.040883936327676465
        }
    }
}