{
    "load_date": "2026-02-02 19:31:50.231140",
    "potential": "linear",
    "cutoff": 4,
    "N": 3,
    "a": 1.0,
    "c": null,
    "x_max": 3.0,
    "boundary_condition": "dirichlet",
    "num_qubits": 9,
    "H_size": [
        512,
        512
    ],
    "H_dense_mem_estimate_bytes": 4194304,
    "H_sparse_mem_estimate_bytes": 124932,
    "H_pauli_time": "0:00:00.003898",
    "H_creation_time": "0:00:00.001740",
    "H_eigenvalue_time": "0:00:00.009840",
    "eigenvalues": [
        -0.13541533108379597,
        0.8645846689162016,
        1.0893295403077858,
        1.0893295403077914,
        1.206127070975406,
        1.3630963196004198,
        1.5474295521585222,
        1.8815202756077603
    ],
    "best_basis_state": [
        0,
        1,
        0,
        1,
        1,
        0,
        0,
        1,
        0
    ],
    "basis_prob": 0.6059944464334718,
    "num_paulis": 30,
    "pauli_coeffs": [
        9.076776100272339,
        -0.5483113556160755,
        0.5624999999999999,
        0.27415567780803773,
        -0.5483113556160752,
        1.125,
        1.40625,
        -0.5,
        -0.5483113556160755,
        0.84375,
        0.27415567780803773,
        -0.5483113556160752,
        1.6875,
        1.6875,
        0.5,
        -0.5483113556160755,
        0.5624999999999999,
        0.27415567780803773,
        -0.5483113556160752,
        1.125,
        1.40625,
        -0.5,
        0.25,
        0.25,
        0.25,
        0.25,
        -0.140625,
        -0.28125,
        -0.28125,
        -0.5625
    ],
    "pauli_labels": [
        "IIIIIIIII",
        "IIIIIIIIX",
        "IIIIIIIIZ",
        "IIIIIIIXI",
        "IIIIIIIXX",
        "IIIIIIIZI",
        "IIIIIIIZZ",
        "IIIIIIZII",
        "IIIIIXIII",
        "IIIIIZIII",
        "IIIIXIIII",
        "IIIIXXIII",
        "IIIIZIIII",
        "IIIIZZIII",
        "IIIZIIIII",
        "IIXIIIIII",
        "IIZIIIIII",
        "IXIIIIIII",
        "IXXIIIIII",
        "IZIIIIIII",
        "IZZIIIIII",
        "ZIIIIIIII",
        "IIIXIIXII",
        "IIIYIIYII",
        "XIIXIIIII",
        "YIIYIIIII",
        "IIZIIIIIZ",
        "IIZIIIIZI",
        "IZIIIIIIZ",
        "IZIIIIIZI"
    ],
    "boson_position_marginals": {
        "site_0": {
            "x_grid": [
                -3.0,
                -1.5,
                0.0,
                1.5
            ],
            "P_x": [
                2.671560445064049e-05,
                0.06801357575305177,
                0.8639676469344525,
                0.06799206170803931
            ],
            "edge_mass_2": 0.9999999999999942
        },
        "site_1": {
            "x_grid": [
                -3.0,
                -1.5,
                0.0,
                1.5
            ],
            "P_x": [
                4.2500465471175877e-07,
                0.053819012321669954,
                0.8923615503519995,
                0.05381901232167005
            ],
            "edge_mass_2": 0.9999999999999942
        },
        "site_2": {
            "x_grid": [
                -3.0,
                -1.5,
                0.0,
                1.5
            ],
            "P_x": [
                2.6715604450640576e-05,
                0.06801357575305175,
                0.8639676469344523,
                0.06799206170803943
            ],
            "edge_mass_2": 0.999999999999994
        }
    }
}