{
    "load_date": "2026-02-02 19:31:50.212437",
    "potential": "linear",
    "cutoff": 2,
    "N": 3,
    "a": 1.0,
    "c": null,
    "x_max": 3.0,
    "boundary_condition": "dirichlet",
    "num_qubits": 6,
    "H_size": [
        64,
        64
    ],
    "H_dense_mem_estimate_bytes": 65536,
    "H_sparse_mem_estimate_bytes": 7940,
    "H_pauli_time": "0:00:00.003513",
    "H_creation_time": "0:00:00.002772",
    "H_eigenvalue_time": "0:00:00.002764",
    "eigenvalues": [
        -0.9400710372543927,
        0.05992896274560892,
        0.2846738341371974,
        0.2846738341371989,
        1.2846738341371948,
        1.2846738341372,
        1.5094187055287909,
        2.5094187055287867
    ],
    "best_basis_state": [
        0,
        1,
        1,
        1,
        0,
        1
    ],
    "basis_prob": 0.902477133797372,
    "num_paulis": 15,
    "pauli_coeffs": [
        9.259967033424113,
        -0.2741556778080376,
        2.25,
        -0.5,
        -0.2741556778080376,
        3.375,
        0.5,
        -0.2741556778080376,
        2.25,
        -0.5,
        0.25,
        0.25,
        0.25,
        0.25,
        -0.5625
    ],
    "pauli_labels": [
        "IIIIII",
        "IIIIIX",
        "IIIIIZ",
        "IIIIZI",
        "IIIXII",
        "IIIZII",
        "IIZIII",
        "IXIIII",
        "IZIIII",
        "ZIIIII",
        "IIXIXI",
        "IIYIYI",
        "XIXIII",
        "YIYIII",
        "IZIIIZ"
    ],
    "boson_position_marginals": {
        "site_0": {
            "x_grid": [
                -3.0,
                0.0
            ],
            "P_x": [
                0.002364545362966017,
                0.9976354546370348
            ],
            "edge_mass_2": 2.0000000000000018
        },
        "site_1": {
            "x_grid": [
                -3.0,
                0.0
            ],
            "P_x": [
                0.001641512291145586,
                0.9983584877088552
            ],
            "edge_mass_2": 2.0000000000000013
        },
        "site_2": {
            "x_grid": [
                -3.0,
                0.0
            ],
            "P_x": [
                0.00236454536296602,
                0.9976354546370348
            ],
            "edge_mass_2": 2.0000000000000018
        }
    }
}