{
    "load_date": "2026-02-02 18:57:03.670851",
    "potential": "linear",
    "cutoff": 2,
    "N": 4,
    "a": 1.0,
    "c": null,
    "x_max": 2.0,
    "boundary_condition": "dirichlet",
    "num_qubits": 8,
    "H_size": [
        256,
        256
    ],
    "H_dense_mem_estimate_bytes": 1048576,
    "H_sparse_mem_estimate_bytes": 41988,
    "H_pauli_time": "0:00:00.004886",
    "H_creation_time": "0:00:00.004540",
    "H_eigenvalue_time": "0:00:00.008154",
    "eigenvalues": [
        -0.40186005564876415,
        0.644797243954362,
        0.6447972439543659,
        0.8844169352001912,
        0.8844169352001968,
        1.691454543557494,
        1.9310742348033236,
        1.9310742348033305
    ],
    "best_basis_state": [
        1,
        1,
        0,
        1,
        1,
        1,
        0,
        1
    ],
    "basis_prob": 0.7203239835880448,
    "num_paulis": 21,
    "pauli_coeffs": [
        7.467401100272339,
        -0.6168502750680848,
        1.0,
        -0.5,
        -0.6168502750680848,
        1.25,
        0.5,
        -0.6168502750680848,
        1.25,
        -0.5,
        -0.6168502750680848,
        1.0,
        0.5,
        0.25,
        0.25,
        0.25,
        0.25,
        0.25,
        0.25,
        -0.25,
        -0.25
    ],
    "pauli_labels": [
        "IIIIIIII",
        "IIIIIIIX",
        "IIIIIIIZ",
        "IIIIIIZI",
        "IIIIIXII",
        "IIIIIZII",
        "IIIIZIII",
        "IIIXIIII",
        "IIIZIIII",
        "IIZIIIII",
        "IXIIIIII",
        "IZIIIIII",
        "ZIIIIIII",
        "IIIIXIXI",
        "IIIIYIYI",
        "IIXIXIII",
        "IIYIYIII",
        "XIXIIIII",
        "YIYIIIII",
        "IIIZIIIZ",
        "IZIIIZII"
    ],
    "boson_position_marginals": {
        "site_0": {
            "x_grid": [
                -2.0,
                0.0
            ],
            "P_x": [
                0.053320220541954365,
                0.9466797794580398
            ],
            "edge_mass_2": 1.9999999999999885
        },
        "site_1": {
            "x_grid": [
                -2.0,
                0.0
            ],
            "P_x": [
                0.03906699055977048,
                0.9609330094402238
            ],
            "edge_mass_2": 1.9999999999999885
        },
        "site_2": {
            "x_grid": [
                -2.0,
                0.0
            ],
            "P_x": [
                0.03906699055977051,
                0.9609330094402236
            ],
            "edge_mass_2": 1.9999999999999882
        },
        "site_3": {
            "x_grid": [
                -2.0,
                0.0
            ],
            "P_x": [
                0.0533202205419543,
                0.9466797794580399
            ],
            "edge_mass_2": 1.9999999999999885
        }
    }
}