{
    "load_date": "2026-02-02 18:57:06.997344",
    "potential": "linear",
    "cutoff": 8,
    "N": 4,
    "a": 1.0,
    "c": null,
    "x_max": 2.0,
    "boundary_condition": "dirichlet",
    "num_qubits": 16,
    "H_size": [
        65536,
        65536
    ],
    "H_dense_mem_estimate_bytes": 68719476736,
    "H_sparse_mem_estimate_bytes": 42205188,
    "H_pauli_time": "0:00:00.016489",
    "H_creation_time": "0:00:00.009791",
    "H_eigenvalue_time": "0:00:03.220418",
    "eigenvalues": [
        -0.10789359467178386,
        0.9387637049313385,
        0.9387637049313442,
        1.166377171189874,
        1.166377171189876,
        1.1783833961771735,
        1.178383396177178,
        1.3878525640129167
    ],
    "best_basis_state": [
        1,
        1,
        0,
        0,
        0,
        1,
        0,
        0,
        1,
        1,
        0,
        0,
        0,
        1,
        0,
        0
    ],
    "basis_prob": 0.006126958251659954,
    "num_paulis": 89,
    "pauli_coeffs": [
        30.89141210299573,
        -4.212117150182058,
        0.0625,
        1.233700550136172,
        -2.467401100272341,
        -1.7447160499097192,
        0.125,
        0.15625,
        0.6168502750680848,
        -0.7226850503626198,
        1.2337005501361675,
        -2.4674011002723377,
        1.7447160499097203,
        0.25,
        0.3125,
        0.625,
        -0.5,
        -4.212117150182058,
        0.078125,
        1.233700550136172,
        -2.467401100272341,
        -1.7447160499097192,
        0.15625,
        0.1875,
        0.6168502750680848,
        -0.7226850503626198,
        1.2337005501361675,
        -2.4674011002723377,
        1.7447160499097203,
        0.3125,
        0.375,
        0.75,
        0.5,
        -4.212117150182058,
        0.078125,
        1.233700550136172,
        -2.467401100272341,
        -1.7447160499097192,
        0.15625,
        0.1875,
        0.6168502750680848,
        -0.7226850503626198,
        1.2337005501361675,
        -2.4674011002723377,
        1.7447160499097203,
        0.3125,
        0.375,
        0.75,
        -0.5,
        -4.212117150182058,
        0.0625,
        1.233700550136172,
        -2.467401100272341,
        -1.7447160499097192,
        0.125,
        0.15625,
        0.6168502750680848,
        -0.7226850503626198,
        1.2337005501361675,
        -2.4674011002723377,
        1.7447160499097203,
        0.25,
        0.3125,
        0.625,
        0.5,
        0.25,
        0.25,
        0.25,
        0.25,
        0.25,
        0.25,
        -0.015625,
        -0.03125,
        -0.0625,
        -0.03125,
        -0.0625,
        -0.125,
        -0.0625,
        -0.125,
        -0.25,
        -0.015625,
        -0.03125,
        -0.0625,
        -0.03125,
        -0.0625,
        -0.125,
        -0.0625,
        -0.125,
        -0.25
    ],
    "pauli_labels": [
        "IIIIIIIIIIIIIIII",
        "IIIIIIIIIIIIIIIX",
        "IIIIIIIIIIIIIIIZ",
        "IIIIIIIIIIIIIIXI",
        "IIIIIIIIIIIIIIXX",
        "IIIIIIIIIIIIIIYY",
        "IIIIIIIIIIIIIIZI",
        "IIIIIIIIIIIIIIZZ",
        "IIIIIIIIIIIIIXII",
        "IIIIIIIIIIIIIXIX",
        "IIIIIIIIIIIIIXXI",
        "IIIIIIIIIIIIIXXX",
        "IIIIIIIIIIIIIXYY",
        "IIIIIIIIIIIIIZII",
        "IIIIIIIIIIIIIZIZ",
        "IIIIIIIIIIIIIZZI",
        "IIIIIIIIIIIIZIII",
        "IIIIIIIIIIIXIIII",
        "IIIIIIIIIIIZIIII",
        "IIIIIIIIIIXIIIII",
        "IIIIIIIIIIXXIIII",
        "IIIIIIIIIIYYIIII",
        "IIIIIIIIIIZIIIII",
        "IIIIIIIIIIZZIIII",
        "IIIIIIIIIXIIIIII",
        "IIIIIIIIIXIXIIII",
        "IIIIIIIIIXXIIIII",
        "IIIIIIIIIXXXIIII",
        "IIIIIIIIIXYYIIII",
        "IIIIIIIIIZIIIIII",
        "IIIIIIIIIZIZIIII",
        "IIIIIIIIIZZIIIII",
        "IIIIIIIIZIIIIIII",
        "IIIIIIIXIIIIIIII",
        "IIIIIIIZIIIIIIII",
        "IIIIIIXIIIIIIIII",
        "IIIIIIXXIIIIIIII",
        "IIIIIIYYIIIIIIII",
        "IIIIIIZIIIIIIIII",
        "IIIIIIZZIIIIIIII",
        "IIIIIXIIIIIIIIII",
        "IIIIIXIXIIIIIIII",
        "IIIIIXXIIIIIIIII",
        "IIIIIXXXIIIIIIII",
        "IIIIIXYYIIIIIIII",
        "IIIIIZIIIIIIIIII",
        "IIIIIZIZIIIIIIII",
        "IIIIIZZIIIIIIIII",
        "IIIIZIIIIIIIIIII",
        "IIIXIIIIIIIIIIII",
        "IIIZIIIIIIIIIIII",
        "IIXIIIIIIIIIIIII",
        "IIXXIIIIIIIIIIII",
        "IIYYIIIIIIIIIIII",
        "IIZIIIIIIIIIIIII",
        "IIZZIIIIIIIIIIII",
        "IXIIIIIIIIIIIIII",
        "IXIXIIIIIIIIIIII",
        "IXXIIIIIIIIIIIII",
        "IXXXIIIIIIIIIIII",
        "IXYYIIIIIIIIIIII",
        "IZIIIIIIIIIIIIII",
        "IZIZIIIIIIIIIIII",
        "IZZIIIIIIIIIIIII",
        "ZIIIIIIIIIIIIIII",
        "IIIIIIIIXIIIXIII",
        "IIIIIIIIYIIIYIII",
        "IIIIXIIIXIIIIIII",
        "IIIIYIIIYIIIIIII",
        "XIIIXIIIIIIIIIII",
        "YIIIYIIIIIIIIIII",
        "IIIIIIIZIIIIIIIZ",
        "IIIIIIIZIIIIIIZI",
        "IIIIIIIZIIIIIZII",
        "IIIIIIZIIIIIIIIZ",
        "IIIIIIZIIIIIIIZI",
        "IIIIIIZIIIIIIZII",
        "IIIIIZIIIIIIIIIZ",
        "IIIIIZIIIIIIIIZI",
        "IIIIIZIIIIIIIZII",
        "IIIZIIIIIIIZIIII",
        "IIIZIIIIIIZIIIII",
        "IIIZIIIIIZIIIIII",
        "IIZIIIIIIIIZIIII",
        "IIZIIIIIIIZIIIII",
        "IIZIIIIIIZIIIIII",
        "IZIIIIIIIIIZIIII",
        "IZIIIIIIIIZIIIII",
        "IZIIIIIIIZIIIIII"
    ],
    "boson_position_marginals": {
        "site_0": {
            "x_grid": [
                -2.0,
                -1.5,
                -1.0,
                -0.5,
                0.0,
                0.5,
                1.0,
                1.5
            ],
            "P_x": [
                0.0159251592934609,
                0.03417350845596514,
                0.1029934417895589,
                0.21737294050594524,
                0.2803871664212987,
                0.21510012329885972,
                0.10085798307960729,
                0.033189677155299226
            ],
            "edge_mass_2": 0.18414632798433256
        },
        "site_1": {
            "x_grid": [
                -2.0,
                -1.5,
                -1.0,
                -0.5,
                0.0,
                0.5,
                1.0,
                1.5
            ],
            "P_x": [
                0.010931526222230774,
                0.027217178898356325,
                0.09683506186001758,
                0.2246010975325421,
                0.29831647614985335,
                0.22158736390984474,
                0.09427680680526793,
                0.026234488621882525
            ],
            "edge_mass_2": 0.15866000054773755
        },
        "site_2": {
            "x_grid": [
                -2.0,
                -1.5,
                -1.0,
                -0.5,
                0.0,
                0.5,
                1.0,
                1.5
            ],
            "P_x": [
                0.010931526222230807,
                0.027217178898356266,
                0.09683506186001736,
                0.22460109753254168,
                0.298316476149853,
                0.22158736390984504,
                0.094276806805268,
                0.02623448862188268
            ],
            "edge_mass_2": 0.15866000054773777
        },
        "site_3": {
            "x_grid": [
                -2.0,
                -1.5,
                -1.0,
                -0.5,
                0.0,
                0.5,
                1.0,
                1.5
            ],
            "P_x": [
                0.01592515929346082,
                0.034173508455965076,
                0.10299344178955883,
                0.21737294050594533,
                0.28038716642129896,
                0.2151001232988597,
                0.1008579830796071,
                0.03318967715529909
            ],
            "edge_mass_2": 0.1841463279843321
        }
    }
}