{
    "load_date": "2026-02-02 19:00:45.111796",
    "potential": "linear",
    "cutoff": 16,
    "N": 4,
    "a": 1.0,
    "c": null,
    "x_max": 2.0,
    "boundary_condition": "dirichlet",
    "num_qubits": 20,
    "H_size": [
        1048576,
        1048576
    ],
    "H_dense_mem_estimate_bytes": 17592186044416,
    "H_sparse_mem_estimate_bytes": 1346371588,
    "H_pauli_time": "0:00:00.412084",
    "H_creation_time": "0:00:00.245667",
    "H_eigenvalue_time": "0:03:37.292045",
    "eigenvalues": [
        -0.11581374178663684,
        0.930843557816441,
        0.9308435578164528,
        1.1594063498868454,
        1.1594063498868687,
        1.1704632490622886,
        1.1704632490623277,
        1.3863866600406565
    ],
    "best_basis_state": [
        1,
        1,
        0,
        0,
        0,
        0,
        1,
        0,
        0,
        0,
        1,
        1,
        0,
        0,
        0,
        0,
        1,
        0,
        0,
        0
    ],
    "basis_prob": 0.0003763804229391402,
    "num_paulis": 191,
    "pauli_coeffs": [
        109.7857473117106,
        -16.20721194755007,
        0.015625,
        4.21211715018206,
        -9.102850619729356,
        -7.104361327820708,
        0.03125000000000089,
        0.03906249999999911,
        1.2337005501361662,
        -1.4453701007252413,
        2.4674011002723417,
        -4.934802200544677,
        3.4894320998194472,
        -0.553119191183415,
        -3.614929228001266,
        1.7447160499097265,
        -4.168048419184687,
        0.06250000000000089,
        0.07812499999999911,
        0.1562500000000009,
        0.6168502750680847,
        -0.6412566531781666,
        0.7226850503626205,
        -0.7667537813600043,
        0.12549712818183045,
        1.2337005501361724,
        -1.4453701007252389,
        2.467401100272335,
        -4.934802200544681,
        3.4894320998194392,
        0.5531191911834037,
        3.6149292280012677,
        -1.7447160499097125,
        4.168048419184677,
        0.12499999999999978,
        0.15625000000000022,
        0.3124999999999998,
        0.6249999999999993,
        -0.5,
        -16.20721194755007,
        0.01953125,
        4.21211715018206,
        -9.102850619729356,
        -7.104361327820708,
        0.03906250000000089,
        0.04687499999999911,
        1.2337005501361662,
        -1.4453701007252413,
        2.4674011002723417,
        -4.934802200544677,
        3.4894320998194472,
        -0.553119191183415,
        -3.614929228001266,
        1.7447160499097265,
        -4.168048419184687,
        0.07812500000000089,
        0.09374999999999911,
        0.1875000000000009,
        0.6168502750680847,
        -0.6412566531781666,
        0.7226850503626205,
        -0.7667537813600043,
        0.12549712818183045,
        1.2337005501361724,
        -1.4453701007252389,
        2.467401100272335,
        -4.934802200544681,
        3.4894320998194392,
        0.5531191911834037,
        3.6149292280012677,
        -1.7447160499097125,
        4.168048419184677,
        0.15624999999999978,
        0.18750000000000022,
        0.3749999999999998,
        0.7499999999999993,
        0.5,
        -16.20721194755007,
        0.01953125,
        4.21211715018206,
        -9.102850619729356,
        -7.104361327820708,
        0.03906250000000089,
        0.04687499999999911,
        1.2337005501361662,
        -1.4453701007252413,
        2.4674011002723417,
        -4.934802200544677,
        3.4894320998194472,
        -0.553119191183415,
        -3.614929228001266,
        1.7447160499097265,
        -4.168048419184687,
        0.07812500000000089,
        0.09374999999999911,
        0.1875000000000009,
        0.6168502750680847,
        -0.6412566531781666,
        0.7226850503626205,
        -0.7667537813600043,
        0.12549712818183045,
        1.2337005501361724,
        -1.4453701007252389,
        2.467401100272335,
        -4.934802200544681,
        3.4894320998194392,
        0.5531191911834037,
        3.6149292280012677,
        -1.7447160499097125,
        4.168048419184677,
        0.15624999999999978,
        0.18750000000000022,
        0.3749999999999998,
        0.7499999999999993,
        -0.5,
        -16.20721194755007,
        0.015625,
        4.21211715018206,
        -9.102850619729356,
        -7.104361327820708,
        0.03125000000000089,
        0.03906249999999911,
        1.2337005501361662,
        -1.4453701007252413,
        2.4674011002723417,
        -4.934802200544677,
        3.4894320998194472,
        -0.553119191183415,
        -3.614929228001266,
        1.7447160499097265,
        -4.168048419184687,
        0.06250000000000089,
        0.07812499999999911,
        0.1562500000000009,
        0.6168502750680847,
        -0.6412566531781666,
        0.7226850503626205,
        -0.7667537813600043,
        0.12549712818183045,
        1.2337005501361724,
        -1.4453701007252389,
        2.467401100272335,
        -4.934802200544681,
        3.4894320998194392,
        0.5531191911834037,
        3.6149292280012677,
        -1.7447160499097125,
        4.168048419184677,
        0.12499999999999978,
        0.15625000000000022,
        0.3124999999999998,
        0.6249999999999993,
        0.5,
        0.25,
        0.25,
        0.25,
        0.25,
        0.25,
        0.25,
        -0.00390625,
        -0.0078125,
        -0.015625,
        -0.03125,
        -0.0078125,
        -0.015625,
        -0.03125,
        -0.0625,
        -0.015625,
        -0.03125,
        -0.0625,
        -0.125,
        -0.03125,
        -0.0625,
        -0.125,
        -0.25,
        -0.00390625,
        -0.0078125,
        -0.015625,
        -0.03125,
        -0.0078125,
        -0.015625,
        -0.03125,
        -0.0625,
        -0.015625,
        -0.03125,
        -0.0625,
        -0.125,
        -0.03125,
        -0.0625,
        -0.125,
        -0.25
    ],