{
    "load_date": "2026-02-02 18:57:03.737932",
    "potential": "linear",
    "cutoff": 4,
    "N": 4,
    "a": 1.0,
    "c": null,
    "x_max": 2.0,
    "boundary_condition": "dirichlet",
    "num_qubits": 12,
    "H_size": [
        4096,
        4096
    ],
    "H_dense_mem_estimate_bytes": 268435456,
    "H_sparse_mem_estimate_bytes": 1327108,
    "H_pauli_time": "0:00:00.005245",
    "H_creation_time": "0:00:00.000664",
    "H_eigenvalue_time": "0:00:00.058016",
    "eigenvalues": [
        -0.084040445472744,
        0.9626168541303837,
        0.9626168541303867,
        1.1689364874892796,
        1.1689364874892798,
        1.2022365453762214,
        1.2022365453762216,
        1.3726786577233947
    ],
    "best_basis_state": [
        1,
        1,
        0,
        0,
        1,
        0,
        1,
        1,
        0,
        0,
        1,
        0
    ],
    "basis_prob": 0.10469703502400915,
    "num_paulis": 43,
    "pauli_coeffs": [
        11.402203300817018,
        -1.2337005501361697,
        0.2500000000000002,
        0.6168502750680849,
        -1.2337005501361697,
        0.5,
        0.625,
        -0.5,
        -1.2337005501361697,
        0.3125000000000002,
        0.6168502750680849,
        -1.2337005501361697,
        0.625,
        0.75,
        0.5,
        -1.2337005501361697,
        0.3125000000000002,
        0.6168502750680849,
        -1.2337005501361697,
        0.625,
        0.75,
        -0.5,
        -1.2337005501361697,
        0.2500000000000002,
        0.6168502750680849,
        -1.2337005501361697,
        0.5,
        0.625,
        0.5,
        0.25,
        0.25,
        0.25,
        0.25,
        0.25,
        0.25,
        -0.0625,
        -0.125,
        -0.125,
        -0.25,
        -0.0625,
        -0.125,
        -0.125,
        -0.25
    ],
    "pauli_labels": [
        "IIIIIIIIIIII",
        "IIIIIIIIIIIX",
        "IIIIIIIIIIIZ",
        "IIIIIIIIIIXI",
        "IIIIIIIIIIXX",
        "IIIIIIIIIIZI",
        "IIIIIIIIIIZZ",
        "IIIIIIIIIZII",
        "IIIIIIIIXIII",
        "IIIIIIIIZIII",
        "IIIIIIIXIIII",
        "IIIIIIIXXIII",
        "IIIIIIIZIIII",
        "IIIIIIIZZIII",
        "IIIIIIZIIIII",
        "IIIIIXIIIIII",
        "IIIIIZIIIIII",
        "IIIIXIIIIIII",
        "IIIIXXIIIIII",
        "IIIIZIIIIIII",
        "IIIIZZIIIIII",
        "IIIZIIIIIIII",
        "IIXIIIIIIIII",
        "IIZIIIIIIIII",
        "IXIIIIIIIIII",
        "IXXIIIIIIIII",
        "IZIIIIIIIIII",
        "IZZIIIIIIIII",
        "ZIIIIIIIIIII",
        "IIIIIIXIIXII",
        "IIIIIIYIIYII",
        "IIIXIIXIIIII",
        "IIIYIIYIIIII",
        "XIIXIIIIIIII",
        "YIIYIIIIIIII",
        "IIIIIZIIIIIZ",
        "IIIIIZIIIIZI",
        "IIIIZIIIIIIZ",
        "IIIIZIIIIIZI",
        "IIZIIIIIZIII",
        "IIZIIIIZIIII",
        "IZIIIIIIZIII",
        "IZIIIIIZIIII"
    ],
    "boson_position_marginals": {
        "site_0": {
            "x_grid": [
                -2.0,
                -1.0,
                0.0,
                1.0
            ],
            "P_x": [
                0.028492142383524315,
                0.20374150795178697,
                0.5712003993551246,
                0.19656595030956242
            ],
            "edge_mass_2": 0.9999999999999982
        },
        "site_1": {
            "x_grid": [
                -2.0,
                -1.0,
                0.0,
                1.0
            ],
            "P_x": [
                0.019584536297353808,
                0.19208095958709878,
                0.6049512141890252,
                0.18338328992652023
            ],
            "edge_mass_2": 0.999999999999998
        },
        "site_2": {
            "x_grid": [
                -2.0,
                -1.0,
                0.0,
                1.0
            ],
            "P_x": [
                0.01958453629735383,
                0.19208095958709884,
                0.6049512141890248,
                0.18338328992652017
            ],
            "edge_mass_2": 0.9999999999999976
        },
        "site_3": {
            "x_grid": [
                -2.0,
                -1.0,
                0.0,
                1.0
            ],
            "P_x": [
                0.02849214238352437,
                0.2037415079517874,
                0.5712003993551239,
                0.19656595030956225
            ],
            "edge_mass_2": 0.9999999999999979
        }
    }
}