{
    "load_date": "2026-01-16 13:56:29.086455",
    "potential": "quadratic",
    "cutoff": 2,
    "N": 5,
    "a": 1.0,
    "c": -0.2,
    "boundary_condition": "periodic",
    "num_qubits": 10,
    "H_size": [
        1024,
        1024
    ],
    "H_dense_mem_estimate_bytes": 16777216,
    "H_sparse_mem_estimate_bytes": 331780,
    "H_pauli_time": "0:00:00.036591",
    "H_creation_time": "0:00:00.011223",
    "H_eigenvalue_time": "0:00:00.342676",
    "eigenvalues": [
        -2.3968452345080173,
        -2.3968452345080147,
        -1.8968452345080296,
        -1.8968452345080156,
        -1.8968452345080125,
        -1.896845234508009,
        -1.7458602469323408,
        -1.7458602469323368
    ],
    "best_basis_state": [
        1,
        0,
        0,
        0,
        1,
        1,
        0,
        0,
        1,
        0
    ],
    "basis_prob": 0.01788860830264767,
    "num_paulis": 21,
    "pauli_coeffs": [
        2.1,
        -0.7071067811865475,
        0.7071067811865475,
        -0.7071067811865475,
        0.7071067811865475,
        -0.7071067811865475,
        0.25,
        0.25,
        0.25,
        0.25,
        0.25,
        0.25,
        0.25,
        0.25,
        -0.25,
        -0.25,
        -0.12499999999999997,
        -0.12499999999999997,
        -0.12499999999999997,
        -0.12499999999999997,
        -0.12499999999999997
    ],
    "pauli_labels": [
        "IIIIIIIIII",
        "IIIIIIIIZX",
        "IIIIIIZXII",
        "IIIIZXIIII",
        "IIZXIIIIII",
        "ZXIIIIIIII",
        "IIIIIIXIXI",
        "IIIIIIYIYI",
        "IIIIXIXIII",
        "IIIIYIYIII",
        "IIXIXIIIII",
        "IIYIYIIIII",
        "XIXIIIIIII",
        "YIYIIIIIII",
        "XIIIIIIIXI",
        "YIIIIIIIYI",
        "IXIIIIIXII",
        "IIIIIXIIIX",
        "IIIXIIIXII",
        "IXIIIXIIII",
        "IIIXIIIIIX"
    ]
}