{
    "load_date": "2026-01-16 13:56:33.310871",
    "potential": "quadratic",
    "cutoff": 4,
    "N": 5,
    "a": 1.0,
    "c": -0.2,
    "boundary_condition": "periodic",
    "num_qubits": 15,
    "H_size": [
        32768,
        32768
    ],
    "H_dense_mem_estimate_bytes": 17179869184,
    "H_sparse_mem_estimate_bytes": 40108036,
    "H_pauli_time": "0:00:00.022609",
    "H_creation_time": "0:00:00.111894",
    "H_eigenvalue_time": "0:00:04.080375",
    "eigenvalues": [
        0.3349363815335007,
        0.33493638153351163,
        0.7177417786285735,
        0.7177417786285839,
        0.7269745592181991,
        0.7269745592182042,
        0.8556257338057396,
        0.8556257338057525
    ],
    "best_basis_state": [
        0,
        0,
        0,
        1,
        0,
        0,
        0,
        0,
        0,
        1,
        0,
        0,
        0,
        0,
        0
    ],
    "basis_prob": 0.08551323283918656,
    "num_paulis": 291,
    "pauli_coeffs": [
        13.599999999999998,
        1.014222117603521,
        -0.2717599973576468,
        -1.0249999999999997,
        -1.025,
        -0.9659258262890682,
        -0.5,
        -0.5,
        0.25881904510252074,
        1.014222117603521,
        -0.2717599973576468,
        -1.0249999999999997,
        -1.025,
        0.9659258262890682,
        0.5,
        0.5,
        -0.25881904510252074,
        1.014222117603521,
        -0.2717599973576468,
        -1.0249999999999997,
        -1.025,
        -0.9659258262890682,
        -0.5,
        -0.5,
        0.25881904510252074,
        1.014222117603521,
        -0.2717599973576468,
        -1.0249999999999997,
        -1.025,
        0.9659258262890682,
        0.5,
        0.5,
        -0.25881904510252074,
        1.014222117603521,
        -0.2717599973576468,
        -1.0249999999999997,
        -1.025,
        -0.9659258262890682,
        -0.5,
        -0.5,
        0.25881904510252074,
        0.25,
        0.25,
        0.25,
        0.25,
        0.25,
        0.25,
        0.25,
        0.25,
        -0.25,
        -0.25,
        -0.2332531754730548,
        -0.12074072828613353,
        -0.12074072828613353,
        0.0625,
        -0.12074072828613353,
        -0.0625,
        -0.0625,
        0.03235238063781509,
        -0.12074072828613353,
        -0.0625,
        -0.0625,
        0.03235238063781509,
        0.06249999999999999,
        0.03235238063781509,
        0.03235238063781509,
        -0.01674682452694517,
        0.4665063509461096,
        0.24148145657226705,
        0.24148145657226705,
        -0.125,
        -0.12499999999999999,
        -0.06470476127563018,
        -0.06470476127563018,
        0.03349364905389034,
        -0.24148145657226697,
        -0.12499999999999996,
        -0.12499999999999996,
        0.06470476127563016,
        -0.241481456572267,
        -0.12499999999999999,
        -0.12499999999999999,
        0.06470476127563013,
        -0.4665063509461096,
        -0.24148145657226705,
        -0.24148145657226705,
        0.125,
        0.12499999999999999,
        0.06470476127563018,
        0.06470476127563018,
        -0.03349364905389034,
        0.24148145657226697,
        0.12499999999999996,
        0.12499999999999996,
        -0.06470476127563016,
        0.241481456572267,
        0.12499999999999999,
        0.12499999999999999,
        -0.06470476127563013,
        -0.2332531754730548,
        -0.12074072828613353,
        -0.12074072828613353,
        0.0625,
        -0.12074072828613353,
        -0.0625,
        -0.0625,
        0.03235238063781509,
        -0.12074072828613353,
        -0.0625,
        -0.0625,
        0.03235238063781509,
        0.06249999999999999,
        0.03235238063781509,
        0.03235238063781509,
        -0.01674682452694517,
        0.4665063509461096,
        0.24148145657226705,
        0.24148145657226705,
        -0.125,
        -0.12499999999999999,
        -0.06470476127563018,
        -0.06470476127563018,
        0.03349364905389034,
        -0.24148145657226697,
        -0.12499999999999996,
        -0.12499999999999996,
        0.06470476127563016,
        -0.241481456572267,
        -0.12499999999999999,
        -0.12499999999999999,
        0.06470476127563013,
        -0.4665063509461096,
        -0.24148145657226705,
        -0.24148145657226705,
        0.125,
        0.12499999999999999,
        0.06470476127563018,
        0.06470476127563018,
        -0.03349364905389034,
        0.24148145657226697,
        0.12499999999999996,
        0.12499999999999996,
        -0.06470476127563016,
        0.241481456572267,
        0.12499999999999999,
        0.12499999999999999,
        -0.06470476127563013,
        -0.2332531754730548,
        -0.12074072828613353,
        -0.12074072828613353,
        0.0625,
        -0.12074072828613353,
        -0.0625,
        -0.0625,
        0.03235238063781509,
        -0.12074072828613353,
        -0.0625,
        -0.0625,
        0.03235238063781509,
        0.06249999999999999,
        0.03235238063781509,
        0.03235238063781509,
        -0.01674682452694517,
        0.4665063509461096,
        0.24148145657226705,
        0.24148145657226705,
        -0.125,
        -0.12499999999999999,
        -0.06470476127563018,
        -0.06470476127563018,
        0.03349364905389034,
        -0.24148145657226697,
        -0.12499999999999996,
        -0.12499999999999996,
        0.06470476127563016,
        -0.241481456572267,
        -0.12499999999999999,
        -0.12499999999999999,
        0.06470476127563013,
        -0.4665063509461096,
        -0.24148145657226705,
        -0.24148145657226705,
        0.125,
        0.12499999999999999,
        0.06470476127563018,
        0.06470476127563018,
        -0.03349364905389034,
        0.24148145657226697,
        0.12499999999999996,
        0.12499999999999996,
        -0.06470476127563016,
        0.241481456572267,
        0.12499999999999999,
        0.12499999999999999,
        -0.06470476127563013,
        -0.2332531754730548,
        -0.12074072828613353,
        -0.12074072828613353,
        0.0625,
        -0.12074072828613353,
        -0.0625,
        -0.0625,
        0.03235238063781509,
        -0.12074072828613353,
        -0.0625,
        -0.0625,
        0.03235238063781509,
        0.06249999999999999,
        0.03235238063781509,
        0.03235238063781509,
        -0.01674682452694517,
        0.4665063509461096,
        0.24148145657226705,
        0.24148145657226705,
        -0.125,
        -0.12499999999999999,
        -0.06470476127563018,
        -0.06470476127563018,
        0.03349364905389034,
        -0.24148145657226697,
        -0.12499999999999996,
        -0.12499999999999996,
        0.06470476127563016,
        -0.241481456572267,
        -0.12499999999999999,
        -0.12499999999999999,
        0.06470476127563013,
        -0.4665063509461096,
        -0.24148145657226705,
        -0.24148145657226705,
        0.125,
        0.12499999999999999,
        0.06470476127563018,
        0.06470476127563018,
        -0.03349364905389034,
        0.24148145657226697,
        0.12499999999999996,
        0.12499999999999996,
        -0.06470476127563016,
        0.241481456572267,
        0.12499999999999999,
        0.12499999999999999,
        -0.06470476127563013,
        -0.2332531754730548,
        -0.12074072828613353,
        -0.12074072828613353,
        0.0625,
        -0.12074072828613353,
        -0.0625,
        -0.0625,
        0.03235238063781509,
        -0.12074072828613353,
        -0.0625,
        -0.0625,
        0.03235238063781509,
        0.06249999999999999,
        0.03235238063781509,
        0.03235238063781509,
        -0.01674682452694517,
        0.4665063509461096,
        0.24148145657226705,
        0.24148145657226705,
        -0.125,
        -0.12499999999999999,
        -0.06470476127563018,
        -0.06470476127563018,
        0.03349364905389034,
