{
    "load_date": "2026-01-16 13:58:32.994746",
    "potential": "quadratic",
    "cutoff": 2,
    "N": 5,
    "a": 1.0,
    "c": -0.2,
    "boundary_condition": "dirichlet",
    "num_qubits": 10,
    "H_size": [
        1024,
        1024
    ],
    "H_dense_mem_estimate_bytes": 16777216,
    "H_sparse_mem_estimate_bytes": 270340,
    "H_pauli_time": "0:00:00.022715",
    "H_creation_time": "0:00:00.010746",
    "H_eigenvalue_time": "0:00:00.072203",
    "eigenvalues": [
        -2.265419176364245,
        -2.2654191763642366,
        -2.1483724529607433,
        -2.148372452960725,
        -1.9860542088293316,
        -1.9860542088293291,
        -1.935533905932738,
        -1.9355339059327341
    ],
    "best_basis_state": [
        0,
        0,
        1,
        1,
        0,
        1,
        1,
        0,
        0,
        1
    ],
    "basis_prob": 0.0178921725046363,
    "num_paulis": 19,
    "pauli_coeffs": [
        1.975,
        -0.7071067811865475,
        0.7071067811865475,
        -0.7071067811865475,
        0.7071067811865475,
        -0.7071067811865475,
        0.25,
        0.25,
        0.25,
        0.25,
        0.25,
        0.25,
        0.25,
        0.25,
        0.10606601717798207,
        -0.12499999999999997,
        -0.12499999999999997,
        -0.12499999999999997,
        -0.10606601717798207
    ],
    "pauli_labels": [
        "IIIIIIIIII",
        "IIIIIIIIZX",
        "IIIIIIZXII",
        "IIIIZXIIII",
        "IIZXIIIIII",
        "ZXIIIIIIII",
        "IIIIIIXIXI",
        "IIIIIIYIYI",
        "IIIIXIXIII",
        "IIIIYIYIII",
        "IIXIXIIIII",
        "IIYIYIIIII",
        "XIXIIIIIII",
        "YIYIIIIIII",
        "IIIIIIIIIX",
        "IIIIIXIIIX",
        "IIIXIIIXII",
        "IXIIIXIIII",
        "IXIIIIIIII"
    ]
}