{
    "load_date": "2026-01-16 13:58:35.415594",
    "potential": "quadratic",
    "cutoff": 4,
    "N": 5,
    "a": 1.0,
    "c": -0.2,
    "boundary_condition": "dirichlet",
    "num_qubits": 15,
    "H_size": [
        32768,
        32768
    ],
    "H_dense_mem_estimate_bytes": 17179869184,
    "H_sparse_mem_estimate_bytes": 31588356,
    "H_pauli_time": "0:00:00.012673",
    "H_creation_time": "0:00:00.032014",
    "H_eigenvalue_time": "0:00:02.369404",
    "eigenvalues": [
        0.4268107347517348,
        0.42681073475174,
        0.6645290604975985,
        0.6645290604976,
        0.7209521103262523,
        0.7209521103262626,
        0.8045276612651883,
        0.8045276612651974
    ],
    "best_basis_state": [
        0,
        0,
        0,
        1,
        0,
        0,
        0,
        0,
        0,
        1,
        0,
        0,
        0,
        0,
        0
    ],
    "basis_prob": 0.0983910298046717,
    "num_paulis": 233,
    "pauli_coeffs": [
        13.224999999999998,
        0.8934813893173876,
        -0.23940761671983168,
        -0.9624999999999998,
        -0.9625,
        -0.9659258262890682,
        -0.5,
        -0.5,
        0.25881904510252074,
        1.014222117603521,
        -0.2717599973576468,
        -1.0249999999999997,
        -1.025,
        0.9659258262890682,
        0.5,
        0.5,
        -0.25881904510252074,
        1.014222117603521,
        -0.2717599973576468,
        -1.0249999999999997,
        -1.025,
        -0.9659258262890682,
        -0.5,
        -0.5,
        0.25881904510252074,
        1.014222117603521,
        -0.2717599973576468,
        -1.0249999999999997,
        -1.025,
        0.9659258262890682,
        0.5,
        0.5,
        -0.25881904510252074,
        0.8934813893173876,
        -0.23940761671983168,
        -0.9624999999999998,
        -0.9625,
        -0.9659258262890682,
        -0.5,
        -0.5,
        0.25881904510252074,
        0.25,
        0.25,
        0.25,
        0.25,
        0.25,
        0.25,
        0.25,
        0.25,
        0.6278517870878942,
        0.32499999999999996,
        0.32499999999999996,
        -0.16823237931663848,
        0.4665063509461096,
        0.24148145657226705,
        0.24148145657226705,
        -0.125,
        -0.12499999999999999,
        -0.06470476127563018,
        -0.06470476127563018,
        0.03349364905389034,
        -0.24148145657226697,
        -0.12499999999999996,
        -0.12499999999999996,
        0.06470476127563016,
        -0.241481456572267,
        -0.12499999999999999,
        -0.12499999999999999,
        0.06470476127563013,
        -0.2332531754730548,
        -0.12074072828613353,
        -0.12074072828613353,
        0.0625,
        -0.12074072828613353,
        -0.0625,
        -0.0625,
        0.03235238063781509,
        -0.12074072828613353,
        -0.0625,
        -0.0625,
        0.03235238063781509,
        0.06249999999999999,
        0.03235238063781509,
        0.03235238063781509,
        -0.01674682452694517,
        0.4665063509461096,
        0.24148145657226705,
        0.24148145657226705,
        -0.125,
        -0.12499999999999999,
        -0.06470476127563018,
        -0.06470476127563018,
        0.03349364905389034,
        -0.24148145657226697,
        -0.12499999999999996,
        -0.12499999999999996,
        0.06470476127563016,
        -0.241481456572267,
        -0.12499999999999999,
        -0.12499999999999999,
        0.06470476127563013,
        -0.4665063509461096,
        -0.24148145657226705,
        -0.24148145657226705,
        0.125,
        0.12499999999999999,
        0.06470476127563018,
        0.06470476127563018,
        -0.03349364905389034,
        0.24148145657226697,
        0.12499999999999996,
        0.12499999999999996,
        -0.06470476127563016,
        0.241481456572267,
        0.12499999999999999,
        0.12499999999999999,
        -0.06470476127563013,
        -0.2332531754730548,
        -0.12074072828613353,
        -0.12074072828613353,
        0.0625,
        -0.12074072828613353,
        -0.0625,
        -0.0625,
        0.03235238063781509,
        -0.12074072828613353,
        -0.0625,
        -0.0625,
        0.03235238063781509,
        0.06249999999999999,
        0.03235238063781509,
        0.03235238063781509,
        -0.01674682452694517,
        0.4665063509461096,
        0.24148145657226705,
        0.24148145657226705,
        -0.125,
        -0.12499999999999999,
        -0.06470476127563018,
        -0.06470476127563018,
        0.03349364905389034,
        -0.24148145657226697,
        -0.12499999999999996,
        -0.12499999999999996,
        0.06470476127563016,
        -0.241481456572267,
        -0.12499999999999999,
        -0.12499999999999999,
        0.06470476127563013,
        -0.4665063509461096,
        -0.24148145657226705,
        -0.24148145657226705,
        0.125,
        0.12499999999999999,
        0.06470476127563018,
        0.06470476127563018,
        -0.03349364905389034,
        0.24148145657226697,
        0.12499999999999996,
        0.12499999999999996,
        -0.06470476127563016,
        0.241481456572267,
        0.12499999999999999,
        0.12499999999999999,
        -0.06470476127563013,
        -0.2332531754730548,
        -0.12074072828613353,
        -0.12074072828613353,
        0.0625,
        -0.12074072828613353,
        -0.0625,
        -0.0625,
        0.03235238063781509,
        -0.12074072828613353,
        -0.0625,
        -0.0625,
        0.03235238063781509,
        0.06249999999999999,
        0.03235238063781509,
        0.03235238063781509,
        -0.01674682452694517,
        0.4665063509461096,
        0.24148145657226705,
        0.24148145657226705,
        -0.125,
        -0.12499999999999999,
        -0.06470476127563018,
        -0.06470476127563018,
        0.03349364905389034,
        -0.24148145657226697,
        -0.12499999999999996,
        -0.12499999999999996,
        0.06470476127563016,
        -0.241481456572267,
        -0.12499999999999999,
        -0.12499999999999999,
        0.06470476127563013,
        -0.4665063509461096,
        -0.24148145657226705,
        -0.24148145657226705,
        0.125,
        0.12499999999999999,
        0.06470476127563018,
        0.06470476127563018,
        -0.03349364905389034,
        0.24148145657226697,
        0.12499999999999996,
        0.12499999999999996,
        -0.06470476127563016,
        0.241481456572267,
        0.12499999999999999,
        0.12499999999999999,
        -0.06470476127563013,
        -0.6278517870878942,
        -0.32499999999999996,
        -0.32499999999999996,
        0.16823237931663848,
        -0.4665063509461096,
        -0.24148145657226705,
        -0.24148145657226705,
        0.125,
        0.12499999999999999,
        0.06470476127563018,
        0.06470476127563018,
        -0.03349364905389034,
        0.24148145657226697,
        0.12499999999999996,
        0.12499999999999996,
        -0.06470476127563016,
        0.241481456572267,
        0.12499999999999999,
        0.12499999999999999,
        -0.06470476127563013
    ],