{
    "load_date": "2025-11-24 14:27:00.973596",
    "potential": "quadratic",
    "cutoff": 8,
    "N": 4,
    "a": 1.0,
    "c": -0.2,
    "boundary_condition": "dirichlet",
    "num_qubits": 16,
    "eigenvalues": [
        0.30444040574084646,
        0.3388093654694853,
        0.5577081471702924,
        0.5811190150632208,
        0.6099716300158697,
        0.6303064081275187,
        0.8475307185930039,
        0.8680791438582541
    ],
    "best_basis_state": [
        0,
        0,
        0,
        0,
        1,
        0,
        0,
        0,
        0,
        0,
        0,
        0,
        0,
        0,
        0,
        0
    ],
    "prob": 0.1833699481241746
}