{
    "load_date": "2026-01-16 13:59:30.055703",
    "potential": "quadratic",
    "cutoff": 4,
    "N": 3,
    "a": 1.0,
    "c": -0.2,
    "boundary_condition": "dirichlet",
    "num_qubits": 9,
    "H_size": [
        512,
        512
    ],
    "H_dense_mem_estimate_bytes": 4194304,
    "H_sparse_mem_estimate_bytes": 247812,
    "H_pauli_time": "0:00:00.005939",
    "H_creation_time": "0:00:00.009534",
    "H_eigenvalue_time": "0:00:00.024510",
    "eigenvalues": [
        0.30217665249190095,
        0.3021766524919034,
        0.6318123111342763,
        0.6318123111342816,
        0.7111597269328862,
        0.7111597269328918,
        0.8152921637335431,
        0.8152921637335523
    ],
    "best_basis_state": [
        1,
        0,
        0,
        0,
        0,
        0,
        1,
        0,
        0
    ],
    "basis_prob": 0.3027519477122022,
    "num_paulis": 117,
    "pauli_coeffs": [
        7.784999999999999,
        0.8934813893173876,
        -0.23940761671983168,
        -0.9624999999999998,
        -0.9625,
        -0.9659258262890682,
        -0.5,
        -0.5,
        0.25881904510252074,
        1.014222117603521,
        -0.2717599973576468,
        -1.0249999999999997,
        -1.025,
        0.9659258262890682,
        0.5,
        0.5,
        -0.25881904510252074,
        0.8934813893173876,
        -0.23940761671983168,
        -0.9624999999999998,
        -0.9625,
        -0.9659258262890682,
        -0.5,
        -0.5,
        0.25881904510252074,
        0.25,
        0.25,
        0.25,
        0.25,
        0.6278517870878942,
        0.32499999999999996,
        0.32499999999999996,
        -0.16823237931663848,
        0.4665063509461096,
        0.24148145657226705,
        0.24148145657226705,
        -0.125,
        -0.12499999999999999,
        -0.06470476127563018,
        -0.06470476127563018,
        0.03349364905389034,
        -0.24148145657226697,
        -0.12499999999999996,
        -0.12499999999999996,
        0.06470476127563016,
        -0.241481456572267,
        -0.12499999999999999,
        -0.12499999999999999,
        0.06470476127563013,
        -0.2332531754730548,
        -0.12074072828613353,
        -0.12074072828613353,
        0.0625,
        -0.12074072828613353,
        -0.0625,
        -0.0625,
        0.03235238063781509,
        -0.12074072828613353,
        -0.0625,
        -0.0625,
        0.03235238063781509,
        0.06249999999999999,
        0.03235238063781509,
        0.03235238063781509,
        -0.01674682452694517,
        0.4665063509461096,
        0.24148145657226705,
        0.24148145657226705,
        -0.125,
        -0.12499999999999999,
        -0.06470476127563018,
        -0.06470476127563018,
        0.03349364905389034,
        -0.24148145657226697,
        -0.12499999999999996,
        -0.12499999999999996,
        0.06470476127563016,
        -0.241481456572267,
        -0.12499999999999999,
        -0.12499999999999999,
        0.06470476127563013,
        -0.4665063509461096,
        -0.24148145657226705,
        -0.24148145657226705,
        0.125,
        0.12499999999999999,
        0.06470476127563018,
        0.06470476127563018,
        -0.03349364905389034,
        0.24148145657226697,
        0.12499999999999996,
        0.12499999999999996,
        -0.06470476127563016,
        0.241481456572267,
        0.12499999999999999,
        0.12499999999999999,
        -0.06470476127563013,
        -0.6278517870878942,
        -0.32499999999999996,
        -0.32499999999999996,
        0.16823237931663848,
        -0.4665063509461096,
        -0.24148145657226705,
        -0.24148145657226705,
        0.125,
        0.12499999999999999,
        0.06470476127563018,
        0.06470476127563018,
        -0.03349364905389034,
        0.24148145657226697,
        0.12499999999999996,
        0.12499999999999996,
        -0.06470476127563016,
        0.241481456572267,
        0.12499999999999999,
        0.12499999999999999,
        -0.06470476127563013
    ],
    "pauli_labels": [
        "IIIIIIIII",
        "IIIIIIIXI",
        "IIIIIIIXZ",
        "IIIIIIIZI",
        "IIIIIIIZZ",
        "IIIIIIZIX",
        "IIIIIIZXX",
        "IIIIIIZYY",
        "IIIIIIZZX",
        "IIIIXIIII",
        "IIIIXZIII",
        "IIIIZIIII",
        "IIIIZZIII",
        "IIIZIXIII",
        "IIIZXXIII",
        "IIIZYYIII",
        "IIIZZXIII",
        "IXIIIIIII",
        "IXZIIIIII",
        "IZIIIIIII",
        "IZZIIIIII",
        "ZIXIIIIII",
        "ZXXIIIIII",
        "ZYYIIIIII",
        "ZZXIIIIII",
        "IIIXIIXII",
        "IIIYIIYII",
        "XIIXIIIII",
        "YIIYIIIII",
        "IIIIIIIIX",
        "IIIIIIIXX",
        "IIIIIIIYY",
        "IIIIIIIZX",
        "IIIIXIIIX",
        "IIIIXIIXX",
        "IIIIXIIYY",
        "IIIIXIIZX",
        "IIIIXZIIX",
        "IIIIXZIXX",
        "IIIIXZIYY",
        "IIIIXZIZX",
        "IIIIZIIIX",
        "IIIIZIIXX",
        "IIIIZIIYY",
        "IIIIZIIZX",
        "IIIIZZIIX",
        "IIIIZZIXX",
        "IIIIZZIYY",
        "IIIIZZIZX",
        "IIXIIIIIX",
        "IIXIIIIXX",
        "IIXIIIIYY",
        "IIXIIIIZX",
        "IXXIIIIIX",
        "IXXIIIIXX",
        "IXXIIIIYY",
        "IXXIIIIZX",
        "IYYIIIIIX",
        "IYYIIIIXX",
        "IYYIIIIYY",
        "IYYIIIIZX",
        "IZXIIIIIX",
        "IZXIIIIXX",
        "IZXIIIIYY",
        "IZXIIIIZX",
        "IXIIIXIII",
        "IXIIXXIII",
        "IXIIYYIII",
        "IXIIZXIII",
        "IXZIIXIII",
        "IXZIXXIII",
        "IXZIYYIII",
        "IXZIZXIII",
        "IZIIIXIII",
        "IZIIXXIII",
        "IZIIYYIII",
        "IZIIZXIII",
        "IZZIIXIII",
        "IZZIXXIII",
        "IZZIYYIII",
        "IZZIZXIII",
        "IIIIIXIXI",
        "IIIIXXIXI",
        "IIIIYYIXI",
        "IIIIZXIXI",
        "IIIIIXIXZ",
        "IIIIXXIXZ",
        "IIIIYYIXZ",
        "IIIIZXIXZ",
        "IIIIIXIZI",
        "IIIIXXIZI",
        "IIIIYYIZI",
        "IIIIZXIZI",
        "IIIIIXIZZ",
        "IIIIXXIZZ",
        "IIIIYYIZZ",
        "IIIIZXIZZ",
        "IIXIIIIII",
        "IXXIIIIII",
        "IYYIIIIII",
        "IZXIIIIII",
        "IIXIXIIII",
        "IXXIXIIII",
        "IYYIXIIII",
        "IZXIXIIII",
        "IIXIXZIII",
        "IXXIXZIII",
        "IYYIXZIII",
        "IZXIXZIII",
        "IIXIZIIII",
        "IXXIZIIII",
        "IYYIZIIII",
        "IZXIZIIII",
        "IIXIZZIII",
        "IXXIZZIII",
        "IYYIZZIII",
        "IZXIZZIII"
    ]
}