{
    "load_date": "2026-01-16 13:59:30.012684",
    "potential": "quadratic",
    "cutoff": 2,
    "N": 3,
    "a": 1.0,
    "c": -0.2,
    "boundary_condition": "dirichlet",
    "num_qubits": 6,
    "H_size": [
        64,
        64
    ],
    "H_dense_mem_estimate_bytes": 65536,
    "H_sparse_mem_estimate_bytes": 9220,
    "H_pauli_time": "0:00:00.003653",
    "H_creation_time": "0:00:00.002279",
    "H_eigenvalue_time": "0:00:00.003530",
    "eigenvalues": [
        -1.2782456112707419,
        -1.2782456112707374,
        -1.161759705102465,
        -1.1617597051024642,
        -1.1113203435596437,
        -1.1113203435596404,
        -0.7374956363905372,
        -0.737495636390536
    ],
    "best_basis_state": [
        1,
        0,
        0,
        0,
        1,
        1
    ],
    "basis_prob": 0.10937059265037352,
    "num_paulis": 11,
    "pauli_coeffs": [
        1.135,
        -0.7071067811865475,
        0.7071067811865475,
        -0.7071067811865475,
        0.25,
        0.25,
        0.25,
        0.25,
        0.10606601717798207,
        -0.12499999999999997,
        -0.10606601717798207
    ],
    "pauli_labels": [
        "IIIIII",
        "IIIIZX",
        "IIZXII",
        "ZXIIII",
        "IIXIXI",
        "IIYIYI",
        "XIXIII",
        "YIYIII",
        "IIIIIX",
        "IXIIIX",
        "IXIIII"
    ]
}