{
    "load_date": "2025-11-24 14:25:42.453065",
    "potential": "quadratic",
    "cutoff": 8,
    "N": 3,
    "a": 1.0,
    "c": -0.2,
    "boundary_condition": "dirichlet",
    "num_qubits": 12,
    "eigenvalues": [
        0.27038377342167735,
        0.27038377342167474,
        0.9790549299887644,
        0.6093574034049426,
        0.6093574034049525,
        0.6118691589759366,
        0.6118691589759587,
        0.9790549299887774
    ],
    "best_basis_state": [
        0,
        0,
        0,
        0,
        1,
        0,
        0,
        0,
        0,
        0,
        0,
        0
    ],
    "prob": 0.18957652244179415
}