{
    "load_date": "2025-11-24 14:25:48.200636",
    "potential": "quadratic",
    "cutoff": 16,
    "N": 3,
    "a": 1.0,
    "c": -0.2,
    "boundary_condition": "dirichlet",
    "num_qubits": 15,
    "eigenvalues": [
        0.2994365549235482,
        0.2994365549235592,
        1.0112858645684542,
        1.0112858645685743,
        0.6630894872852655,
        0.6630894872853093,
        0.6630434196525394,
        0.6630434196525037
    ],
    "best_basis_state": [
        0,
        0,
        0,
        0,
        0,
        1,
        0,
        0,
        0,
        0,
        0,
        0,
        0,
        0,
        0
    ],
    "prob": 0.25140294675077807
}