{
    "load_date": "2025-11-24 14:25:41.960221",
    "potential": "quadratic",
    "cutoff": 2,
    "N": 3,
    "a": 1.0,
    "c": -0.2,
    "boundary_condition": "dirichlet",
    "num_qubits": 6,
    "eigenvalues": [
        -1.1617597051024653,
        -1.111320343559641,
        -1.2782456112707377,
        -1.2782456112707408,
        -1.1617597051024666,
        -1.1113203435596446,
        -0.7374956363905381,
        -0.7374956363905361
    ],
    "best_basis_state": [
        0,
        0,
        1,
        0,
        0,
        0
    ],
    "prob": 0.1093336279578713
}