{
    "load_date": "2025-11-24 14:25:42.060180",
    "potential": "quadratic",
    "cutoff": 4,
    "N": 3,
    "a": 1.0,
    "c": -0.2,
    "boundary_condition": "dirichlet",
    "num_qubits": 9,
    "eigenvalues": [
        0.3021766524919007,
        0.6318123111342776,
        0.3021766524918992,
        0.6318123111342707,
        0.711159726932892,
        0.7111597269328898,
        0.8152921637335458,
        0.8152921637335512
    ],
    "best_basis_state": [
        0,
        0,
        0,
        1,
        0,
        0,
        0,
        0,
        0
    ],
    "prob": 0.2994778282344258
}