{
    "load_date": "2026-02-12 14:36:58.883908",
    "potential": "linear",
    "cutoff": 16,
    "N": 2,
    "a": 1.0,
    "c": null,
    "boundary_condition": "periodic",
    "num_qubits": 10,
    "H_size": [
        1024,
        1024
    ],
    "H_dense_mem_estimate_bytes": 16777216,
    "H_sparse_mem_estimate_bytes": 24580,
    "H_pauli_time": "0:00:00.378537",
    "H_creation_time": "0:00:00.002709",
    "H_eigenvalue_time": "0:00:00.257134",
    "used_dense": true,
    "eigenvalues": [
        -4.440892098500626e-16,
        0.9999999999999996,
        0.9999999999999996,
        0.9999999999999996,
        1.0,
        1.9999999999999996,
        1.9999999999999996,
        2.0
    ],
    "best_basis_state": [
        1,
        0,
        0,
        0,
        0,
        0,
        0,
        0,
        0,
        0
    ],
    "basis_prob": 1.0,
    "num_paulis": 31,
    "pauli_coeffs": [
        15.0,
        -0.5000000000000002,
        -0.4999999999999998,
        -1.5,
        -0.49999999999999967,
        -0.49999999999999967,
        0.4999999999999999,
        -3.5,
        -0.5,
        -0.5,
        0.5,
        -0.5000000000000001,
        0.4999999999999999,
        0.4999999999999999,
        -0.5000000000000001,
        -0.5,
        -0.5000000000000002,
        -0.4999999999999998,
        -1.5,
        -0.49999999999999967,
        -0.49999999999999967,
        0.4999999999999999,
        -3.5,
        -0.5,
        -0.5,
        0.5,
        -0.5000000000000001,
        0.4999999999999999,
        0.4999999999999999,
        -0.5000000000000001,
        0.5
    ],
    "pauli_labels": [
        "IIIIIIIIII",
        "IIIIIIIIZI",
        "IIIIIIIIZZ",
        "IIIIIIIZII",
        "IIIIIIIZIZ",
        "IIIIIIIZZI",
        "IIIIIIIZZZ",
        "IIIIIIZIII",
        "IIIIIIZIIZ",
        "IIIIIIZIZI",
        "IIIIIIZIZZ",
        "IIIIIIZZII",
        "IIIIIIZZIZ",
        "IIIIIIZZZI",
        "IIIIIIZZZZ",
        "IIIIIZIIII",
        "IIIZIIIIII",
        "IIIZZIIIII",
        "IIZIIIIIII",
        "IIZIZIIIII",
        "IIZZIIIIII",
        "IIZZZIIIII",
        "IZIIIIIIII",
        "IZIIZIIIII",
        "IZIZIIIIII",
        "IZIZZIIIII",
        "IZZIIIIIII",
        "IZZIZIIIII",
        "IZZZIIIIII",
        "IZZZZIIIII",
        "ZIIIIIIIII"
    ]
}