{
    "load_date": "2026-02-12 14:36:58.437588",
    "potential": "linear",
    "cutoff": 4,
    "N": 2,
    "a": 1.0,
    "c": null,
    "boundary_condition": "periodic",
    "num_qubits": 6,
    "H_size": [
        64,
        64
    ],
    "H_dense_mem_estimate_bytes": 65536,
    "H_sparse_mem_estimate_bytes": 1540,
    "H_pauli_time": "0:00:00.002638",
    "H_creation_time": "0:00:00.002100",
    "H_eigenvalue_time": "0:00:00.000372",
    "used_dense": true,
    "eigenvalues": [
        -1.1102230246251565e-16,
        0.9999999999999999,
        1.0,
        1.0,
        1.0,
        1.0,
        1.0,
        2.0
    ],
    "best_basis_state": [
        1,
        0,
        0,
        0,
        0,
        0
    ],
    "basis_prob": 1.0,
    "num_paulis": 7,
    "pauli_coeffs": [
        3.0,
        -0.4999999999999999,
        -0.5000000000000001,
        -0.5,
        -0.4999999999999999,
        -0.5000000000000001,
        0.5
    ],
    "pauli_labels": [
        "IIIIII",
        "IIIIZI",
        "IIIIZZ",
        "IIIZII",
        "IZIIII",
        "IZZIII",
        "ZIIIII"
    ]
}