{
    "load_date": "2026-02-12 14:36:58.263792",
    "potential": "linear",
    "cutoff": 8,
    "N": 2,
    "a": 1.0,
    "c": null,
    "boundary_condition": "periodic",
    "num_qubits": 8,
    "H_size": [
        256,
        256
    ],
    "H_dense_mem_estimate_bytes": 1048576,
    "H_sparse_mem_estimate_bytes": 6148,
    "H_pauli_time": "0:00:00.011062",
    "H_creation_time": "0:00:00.001773",
    "H_eigenvalue_time": "0:00:00.005465",
    "used_dense": true,
    "eigenvalues": [
        -4.440892098500626e-16,
        0.9999999999999996,
        0.9999999999999996,
        0.9999999999999996,
        1.0000000000000004,
        1.9999999999999996,
        1.9999999999999996,
        1.9999999999999996
    ],
    "best_basis_state": [
        1,
        0,
        0,
        0,
        0,
        0,
        0,
        0
    ],
    "basis_prob": 1.0,
    "num_paulis": 15,
    "pauli_coeffs": [
        7.0,
        -0.5,
        -0.5,
        -1.4999999999999998,
        -0.5,
        -0.4999999999999999,
        0.49999999999999967,
        -0.5,
        -0.5,
        -0.5,
        -1.4999999999999998,
        -0.5,
        -0.4999999999999999,
        0.49999999999999967,
        0.5
    ],
    "pauli_labels": [
        "IIIIIIII",
        "IIIIIIZI",
        "IIIIIIZZ",
        "IIIIIZII",
        "IIIIIZIZ",
        "IIIIIZZI",
        "IIIIIZZZ",
        "IIIIZIII",
        "IIZIIIII",
        "IIZZIIII",
        "IZIIIIII",
        "IZIZIIII",
        "IZZIIIII",
        "IZZZIIII",
        "ZIIIIIII"
    ]
}