{
    "load_date": "2026-02-12 14:37:23.574138",
    "potential": "linear",
    "cutoff": 32,
    "N": 2,
    "a": 1.0,
    "c": null,
    "boundary_condition": "periodic",
    "num_qubits": 12,
    "H_size": [
        4096,
        4096
    ],
    "H_dense_mem_estimate_bytes": 268435456,
    "H_sparse_mem_estimate_bytes": 98308,
    "H_pauli_time": "0:00:24.667639",
    "H_creation_time": "0:00:00.002883",
    "H_eigenvalue_time": "0:00:00.162178",
    "used_dense": false,
    "eigenvalues": [
        -4.7114207551069666e-15,
        0.9999999999999479,
        0.9999999999999561,
        0.9999999999999665,
        0.9999999999999705,
        1.9999999999998854,
        1.9999999999998943,
        1.9999999999999143
    ],
    "best_basis_state": [
        1,
        0,
        0,
        0,
        0,
        0,
        0,
        0,
        0,
        0,
        0,
        0
    ],
    "basis_prob": 0.9999999999999745,
    "num_paulis": 63,
    "pauli_coeffs": [
        31.0,
        -0.5,
        -0.5,
        -1.5,
        -0.5,
        -0.5,
        0.5,
        -3.5,
        -0.5,
        -0.5000000000000001,
        0.5000000000000001,
        -0.5000000000000001,
        0.5000000000000001,
        0.5000000000000001,
        -0.5000000000000001,
        -7.5,
        -0.5,
        -0.5,
        0.5000000000000004,
        -0.4999999999999999,
        0.5000000000000003,
        0.5000000000000006,
        -0.5000000000000001,
        -0.5000000000000002,
        0.49999999999999983,
        0.49999999999999967,
        -0.5,
        0.49999999999999967,
        -0.5,
        -0.5000000000000002,
        0.49999999999999983,
        -0.5,
        -0.5,
        -0.5,
        -1.5,
        -0.5,
        -0.5,
        0.5,
        -3.5,
        -0.5,
        -0.5000000000000001,
        0.5000000000000001,
        -0.5000000000000001,
        0.5000000000000001,
        0.5000000000000001,
        -0.5000000000000001,
        -7.5,
        -0.5,
        -0.5,
        0.5000000000000004,
        -0.4999999999999999,
        0.5000000000000003,
        0.5000000000000006,
        -0.5000000000000001,
        -0.5000000000000002,
        0.49999999999999983,
        0.49999999999999967,
        -0.5,
        0.49999999999999967,
        -0.5,
        -0.5000000000000002,
        0.49999999999999983,
        0.5
    ],
    "pauli_labels": [
        "IIIIIIIIIIII",
        "IIIIIIIIIIZI",
        "IIIIIIIIIIZZ",
        "IIIIIIIIIZII",
        "IIIIIIIIIZIZ",
        "IIIIIIIIIZZI",
        "IIIIIIIIIZZZ",
        "IIIIIIIIZIII",
        "IIIIIIIIZIIZ",
        "IIIIIIIIZIZI",
        "IIIIIIIIZIZZ",
        "IIIIIIIIZZII",
        "IIIIIIIIZZIZ",
        "IIIIIIIIZZZI",
        "IIIIIIIIZZZZ",
        "IIIIIIIZIIII",
        "IIIIIIIZIIIZ",
        "IIIIIIIZIIZI",
        "IIIIIIIZIIZZ",
        "IIIIIIIZIZII",
        "IIIIIIIZIZIZ",
        "IIIIIIIZIZZI",
        "IIIIIIIZIZZZ",
        "IIIIIIIZZIII",
        "IIIIIIIZZIIZ",
        "IIIIIIIZZIZI",
        "IIIIIIIZZIZZ",
        "IIIIIIIZZZII",
        "IIIIIIIZZZIZ",
        "IIIIIIIZZZZI",
        "IIIIIIIZZZZZ",
        "IIIIIIZIIIII",
        "IIIIZIIIIIII",
        "IIIIZZIIIIII",
        "IIIZIIIIIIII",
        "IIIZIZIIIIII",
        "IIIZZIIIIIII",
        "IIIZZZIIIIII",
        "IIZIIIIIIIII",
        "IIZIIZIIIIII",
        "IIZIZIIIIIII",
        "IIZIZZIIIIII",
        "IIZZIIIIIIII",
        "IIZZIZIIIIII",
        "IIZZZIIIIIII",
        "IIZZZZIIIIII",
        "IZIIIIIIIIII",
        "IZIIIZIIIIII",
        "IZIIZIIIIIII",
        "IZIIZZIIIIII",
        "IZIZIIIIIIII",
        "IZIZIZIIIIII",
        "IZIZZIIIIIII",
        "IZIZZZIIIIII",
        "IZZIIIIIIIII",
        "IZZIIZIIIIII",
        "IZZIZIIIIIII",
        "IZZIZZIIIIII",
        "IZZZIIIIIIII",
        "IZZZIZIIIIII",
        "IZZZZIIIIIII",
        "IZZZZZIIIIII",
        "ZIIIIIIIIIII"
    ]
}