{
    "load_date": "2026-02-02 20:53:32.269589",
    "potential": "linear",
    "cutoff": 8,
    "N": 3,
    "a": 1.0,
    "c": null,
    "x_max": 5.0,
    "boundary_condition": "periodic",
    "num_qubits": 12,
    "H_size": [
        4096,
        4096
    ],
    "H_dense_mem_estimate_bytes": 268435456,
    "H_sparse_mem_estimate_bytes": 2064388,
    "H_pauli_time": "0:00:00.015796",
    "H_creation_time": "0:00:00.001147",
    "H_eigenvalue_time": "0:00:00.127112",
    "eigenvalues": [
        -0.006755274526931601,
        0.5878804702429647,
        1.170903533522684,
        1.2740211318774675,
        1.4410211885234703,
        1.4410211885234716,
        1.7655392782925672,
        1.77402113187746
    ],
    "best_basis_state": [
        0,
        1,
        0,
        0,
        1,
        1,
        0,
        0,
        0,
        1,
        0,
        0
    ],
    "basis_prob": 0.41135539673881016,
    "num_paulis": 82,
    "pauli_coeffs": [
        22.299938202359485,
        -0.6739387440291293,
        0.390625,
        0.19739208802178745,
        -0.3947841760435744,
        -0.27915456798555516,
        0.78125,
        1.171875,
        0.09869604401089338,
        -0.115629608058019,
        0.19739208802178673,
        -0.3947841760435739,
        0.2791545679855552,
        1.5625,
        2.34375,
        4.6875,
        -0.5,
        -0.6739387440291293,
        0.390625,
        0.19739208802178745,
        -0.3947841760435744,
        -0.27915456798555516,
        0.78125,
        1.171875,
        0.09869604401089338,
        -0.115629608058019,
        0.19739208802178673,
        -0.3947841760435739,
        0.2791545679855552,
        1.5625,
        2.34375,
        4.6875,
        0.5,
        -0.6739387440291293,
        0.390625,
        0.19739208802178745,
        -0.3947841760435744,
        -0.27915456798555516,
        0.78125,
        1.171875,
        0.09869604401089338,
        -0.115629608058019,
        0.19739208802178673,
        -0.3947841760435739,
        0.2791545679855552,
        1.5625,
        2.34375,
        4.6875,
        -0.5,
        0.25,
        0.25,
        0.25,
        0.25,
        -0.25,
        -0.25,
        -0.09765625,
        -0.1953125,
        -0.390625,
        -0.1953125,
        -0.390625,
        -0.78125,
        -0.390625,
        -0.78125,
        -1.5625,
        -0.09765625,
        -0.1953125,
        -0.390625,
        -0.1953125,
        -0.390625,
        -0.78125,
        -0.390625,
        -0.78125,
        -1.5625,
        -0.09765625,
        -0.1953125,
        -0.390625,
        -0.1953125,
        -0.390625,
        -0.78125,
        -0.390625,
        -0.78125,
        -1.5625
    ],
    "pauli_labels": [
        "IIIIIIIIIIII",
        "IIIIIIIIIIIX",
        "IIIIIIIIIIIZ",
        "IIIIIIIIIIXI",
        "IIIIIIIIIIXX",
        "IIIIIIIIIIYY",
        "IIIIIIIIIIZI",
        "IIIIIIIIIIZZ",
        "IIIIIIIIIXII",
        "IIIIIIIIIXIX",
        "IIIIIIIIIXXI",
        "IIIIIIIIIXXX",
        "IIIIIIIIIXYY",
        "IIIIIIIIIZII",
        "IIIIIIIIIZIZ",
        "IIIIIIIIIZZI",
        "IIIIIIIIZIII",
        "IIIIIIIXIIII",
        "IIIIIIIZIIII",
        "IIIIIIXIIIII",
        "IIIIIIXXIIII",
        "IIIIIIYYIIII",
        "IIIIIIZIIIII",
        "IIIIIIZZIIII",
        "IIIIIXIIIIII",
        "IIIIIXIXIIII",
        "IIIIIXXIIIII",
        "IIIIIXXXIIII",
        "IIIIIXYYIIII",
        "IIIIIZIIIIII",
        "IIIIIZIZIIII",
        "IIIIIZZIIIII",
        "IIIIZIIIIIII",
        "IIIXIIIIIIII",
        "IIIZIIIIIIII",
        "IIXIIIIIIIII",
        "IIXXIIIIIIII",
        "IIYYIIIIIIII",
        "IIZIIIIIIIII",
        "IIZZIIIIIIII",
        "IXIIIIIIIIII",
        "IXIXIIIIIIII",
        "IXXIIIIIIIII",
        "IXXXIIIIIIII",
        "IXYYIIIIIIII",
        "IZIIIIIIIIII",
        "IZIZIIIIIIII",
        "IZZIIIIIIIII",
        "ZIIIIIIIIIII",
        "IIIIXIIIXIII",
        "IIIIYIIIYIII",
        "XIIIXIIIIIII",
        "YIIIYIIIIIII",
        "XIIIIIIIXIII",
        "YIIIIIIIYIII",
        "IIIZIIIZIIII",
        "IIZIIIIZIIII",
        "IZIIIIIZIIII",
        "IIIZIIZIIIII",
        "IIZIIIZIIIII",
        "IZIIIIZIIIII",
        "IIIZIZIIIIII",
        "IIZIIZIIIIII",
        "IZIIIZIIIIII",
        "IIIIIIIZIIIZ",
        "IIIIIIIZIIZI",
        "IIIIIIIZIZII",
        "IIIIIIZIIIIZ",
        "IIIIIIZIIIZI",
        "IIIIIIZIIZII",
        "IIIIIZIIIIIZ",
        "IIIIIZIIIIZI",
        "IIIIIZIIIZII",
        "IIIZIIIIIIIZ",
        "IIIZIIIIIIZI",
        "IIIZIIIIIZII",
        "IIZIIIIIIIIZ",
        "IIZIIIIIIIZI",
        "IIZIIIIIIZII",
        "IZIIIIIIIIIZ",
        "IZIIIIIIIIZI",
        "IZIIIIIIIZII"
    ],
    "boson_position_marginals": {
        "site_0": {
            "x_grid": [
                -5.0,
                -3.75,
                -2.5,
                -1.25,
                0.0,
                1.25,
                2.5,
                3.75
            ],
            "P_x": [
                6.448992678902657e-07,
                2.3491185215742225e-06,
                0.00031451315305967164,
                0.11028765957640106,
                0.7787906758206253,
                0.11028731706801909,
                0.0003144900387086032,
                2.3503253857075053e-06
            ],
            "edge_mass_2": 0.0003198343818837752
        },
        "site_1": {
            "x_grid": [
                -5.0,
                -3.75,
                -2.5,
                -1.25,
                0.0,
                1.25,
                2.5,
                3.75
            ],
            "P_x": [
                6.448992678902472e-07,
                2.349118521574195e-06,
                0.0003145131530596697,
                0.11028765957640083,
                0.778790675820625,
                0.1102873170680192,
                0.00031449003870860393,
                2.3503253857074604e-06
            ],
            "edge_mass_2": 0.0003198343818837758
        },
        "site_2": {
            "x_grid": [
                -5.0,
                -3.75,
                -2.5,
                -1.25,
                0.0,
                1.25,
                2.5,
                3.75
            ],
            "P_x": [
                6.448992678902568e-07,
                2.3491185215741755e-06,
                0.00031451315305967197,
                0.11028765957640103,
                0.7787906758206249,
                0.11028731706801904,
                0.00031449003870860214,
                2.35032538570743e-06
            ],
            "edge_mass_2": 0.000319834381883774
        }
    }
}