{
    "load_date": "2026-02-02 20:53:32.106025",
    "potential": "linear",
    "cutoff": 2,
    "N": 3,
    "a": 1.0,
    "c": null,
    "x_max": 5.0,
    "boundary_condition": "periodic",
    "num_qubits": 6,
    "H_size": [
        64,
        64
    ],
    "H_dense_mem_estimate_bytes": 65536,
    "H_sparse_mem_estimate_bytes": 9220,
    "H_pauli_time": "0:00:00.004772",
    "H_creation_time": "0:00:00.002589",
    "H_eigenvalue_time": "0:00:00.002159",
    "eigenvalues": [
        -1.4862467939182658,
        -0.8916110491483562,
        -0.20547038751384825,
        0.29452961248615195,
        0.5753060188905649,
        0.7945296124861522,
        1.2945296124861518,
        1.9806702741206588
    ],
    "best_basis_state": [
        0,
        1,
        1,
        1,
        0,
        1
    ],
    "basis_prob": 0.8637316416091954,
    "num_paulis": 19,
    "pauli_coeffs": [
        23.73358813203268,
        -0.09869604401089355,
        6.25,
        -0.5,
        -0.09869604401089355,
        6.25,
        0.5,
        -0.09869604401089355,
        6.25,
        -0.5,
        0.25,
        0.25,
        0.25,
        0.25,
        -0.25,
        -0.25,
        -1.5625,
        -1.5625,
        -1.5625
    ],
    "pauli_labels": [
        "IIIIII",
        "IIIIIX",
        "IIIIIZ",
        "IIIIZI",
        "IIIXII",
        "IIIZII",
        "IIZIII",
        "IXIIII",
        "IZIIII",
        "ZIIIII",
        "IIXIXI",
        "IIYIYI",
        "XIXIII",
        "YIYIII",
        "XIIIXI",
        "YIIIYI",
        "IZIZII",
        "IIIZIZ",
        "IZIIIZ"
    ],
    "boson_position_marginals": {
        "site_0": {
            "x_grid": [
                -5.0,
                0.0
            ],
            "P_x": [
                2.7706461375233444e-05,
                0.9999722935386244
            ],
            "edge_mass_2": 1.9999999999999993
        },
        "site_1": {
            "x_grid": [
                -5.0,
                0.0
            ],
            "P_x": [
                2.7706461375235016e-05,
                0.9999722935386244
            ],
            "edge_mass_2": 1.9999999999999993
        },
        "site_2": {
            "x_grid": [
                -5.0,
                0.0
            ],
            "P_x": [
                2.7706461375233613e-05,
                0.9999722935386244
            ],
            "edge_mass_2": 1.9999999999999993
        }
    }
}