{
    "load_date": "2026-02-02 20:53:32.122306",
    "potential": "linear",
    "cutoff": 4,
    "N": 3,
    "a": 1.0,
    "c": null,
    "x_max": 5.0,
    "boundary_condition": "periodic",
    "num_qubits": 9,
    "H_size": [
        512,
        512
    ],
    "H_dense_mem_estimate_bytes": 4194304,
    "H_sparse_mem_estimate_bytes": 135172,
    "H_pauli_time": "0:00:00.005529",
    "H_creation_time": "0:00:00.000515",
    "H_eigenvalue_time": "0:00:00.007876",
    "eigenvalues": [
        -0.9422858239239088,
        -0.3476500791539978,
        0.3384905824805089,
        0.83849058248051,
        1.1192669888849252,
        1.338490582480508,
        1.8384905824805158,
        2.5246312441150103
    ],
    "best_basis_state": [
        0,
        1,
        0,
        1,
        1,
        0,
        0,
        1,
        0
    ],
    "basis_prob": 0.8551281289484245,
    "num_paulis": 40,
    "pauli_coeffs": [
        20.810139396098045,
        -0.19739208802178715,
        1.5625,
        0.09869604401089357,
        -0.19739208802178715,
        3.125,
        4.6875,
        -0.5,
        -0.19739208802178715,
        1.5625,
        0.09869604401089357,
        -0.19739208802178715,
        3.125,
        4.6875,
        0.5,
        -0.19739208802178715,
        1.5625,
        0.09869604401089357,
        -0.19739208802178715,
        3.125,
        4.6875,
        -0.5,
        0.25,
        0.25,
        0.25,
        0.25,
        -0.25,
        -0.25,
        -0.390625,
        -0.78125,
        -0.78125,
        -1.5625,
        -0.390625,
        -0.78125,
        -0.78125,
        -1.5625,
        -0.390625,
        -0.78125,
        -0.78125,
        -1.5625
    ],
    "pauli_labels": [
        "IIIIIIIII",
        "IIIIIIIIX",
        "IIIIIIIIZ",
        "IIIIIIIXI",
        "IIIIIIIXX",
        "IIIIIIIZI",
        "IIIIIIIZZ",
        "IIIIIIZII",
        "IIIIIXIII",
        "IIIIIZIII",
        "IIIIXIIII",
        "IIIIXXIII",
        "IIIIZIIII",
        "IIIIZZIII",
        "IIIZIIIII",
        "IIXIIIIII",
        "IIZIIIIII",
        "IXIIIIIII",
        "IXXIIIIII",
        "IZIIIIIII",
        "IZZIIIIII",
        "ZIIIIIIII",
        "IIIXIIXII",
        "IIIYIIYII",
        "XIIXIIIII",
        "YIIYIIIII",
        "XIIIIIXII",
        "YIIIIIYII",
        "IIZIIZIII",
        "IZIIIZIII",
        "IIZIZIIII",
        "IZIIZIIII",
        "IIIIIZIIZ",
        "IIIIIZIZI",
        "IIIIZIIIZ",
        "IIIIZIIZI",
        "IIZIIIIIZ",
        "IIZIIIIZI",
        "IZIIIIIIZ",
        "IZIIIIIZI"
    ],
    "boson_position_marginals": {
        "site_0": {
            "x_grid": [
                -5.0,
                -2.5,
                0.0,
                2.5
            ],
            "P_x": [
                1.928640727969974e-05,
                0.00167042735712179,
                0.9966400282349729,
                0.001670258000625701
            ],
            "edge_mass_2": 1.0
        },
        "site_1": {
            "x_grid": [
                -5.0,
                -2.5,
                0.0,
                2.5
            ],
            "P_x": [
                1.928640727969973e-05,
                0.0016704273571217945,
                0.996640028234973,
                0.0016702580006256868
            ],
            "edge_mass_2": 1.0000000000000002
        },
        "site_2": {
            "x_grid": [
                -5.0,
                -2.5,
                0.0,
                2.5
            ],
            "P_x": [
                1.9286407279699757e-05,
                0.001670427357121782,
                0.996640028234973,
                0.0016702580006256885
            ],
            "edge_mass_2": 1.0000000000000002
        }
    }
}