{
    "load_date": "2026-02-02 20:53:34.773071",
    "potential": "linear",
    "cutoff": 16,
    "N": 3,
    "a": 1.0,
    "c": null,
    "x_max": 5.0,
    "boundary_condition": "periodic",
    "num_qubits": 15,
    "H_size": [
        32768,
        32768
    ],
    "H_dense_mem_estimate_bytes": 17179869184,
    "H_sparse_mem_estimate_bytes": 32243716,
    "H_pauli_time": "0:00:00.446125",
    "H_creation_time": "0:00:00.009446",
    "H_eigenvalue_time": "0:00:02.036446",
    "eigenvalues": [
        0.04209923756097014,
        0.6367349823308581,
        1.0420994267168586,
        1.3228756439653697,
        1.364975033514793,
        1.3649750335147943,
        1.636735171486765,
        1.8228756439653482
    ],
    "best_basis_state": [
        0,
        1,
        0,
        0,
        0,
        1,
        1,
        0,
        0,
        0,
        0,
        1,
        0,
        0,
        0
    ],
    "basis_prob": 0.05010153416580465,
    "num_paulis": 169,
    "pauli_coeffs": [
        31.555031864905267,
        -2.5931539116080113,
        0.09765624999999911,
        0.6739387440291296,
        -1.4564560991566968,
        -1.1366978124513132,
        0.19531249999999956,
        0.29296874999999956,
        0.19739208802178637,
        -0.23125921611603845,
        0.39478417604357463,
        -0.7895683520871484,
        0.5583091359711116,
        -0.0884990705893464,
        -0.5783886764802024,
        0.27915456798555605,
        -0.6668877470695498,
        0.3906249999999998,
        0.5859374999999998,
        1.1718749999999998,
        0.09869604401089377,
        -0.10260106450850683,
        0.11562960805801938,
        -0.1226806050176007,
        0.020079540509092726,
        0.19739208802178737,
        -0.23125921611603817,
        0.39478417604357363,
        -0.7895683520871485,
        0.5583091359711102,
        0.08849907058934474,
        0.5783886764802028,
        -0.27915456798555416,
        0.6668877470695481,
        0.78125,
        1.1718749999999998,
        2.34375,
        4.6875,
        -0.5,
        -2.5931539116080113,
        0.09765624999999911,
        0.6739387440291296,
        -1.4564560991566968,
        -1.1366978124513132,
        0.19531249999999956,
        0.29296874999999956,
        0.19739208802178637,
        -0.23125921611603845,
        0.39478417604357463,
        -0.7895683520871484,
        0.5583091359711116,
        -0.0884990705893464,
        -0.5783886764802024,
        0.27915456798555605,
        -0.6668877470695498,
        0.3906249999999998,
        0.5859374999999998,
        1.1718749999999998,
        0.09869604401089377,
        -0.10260106450850683,
        0.11562960805801938,
        -0.1226806050176007,
        0.020079540509092726,
        0.19739208802178737,
        -0.23125921611603817,
        0.39478417604357363,
        -0.7895683520871485,
        0.5583091359711102,
        0.08849907058934474,
        0.5783886764802028,
        -0.27915456798555416,
        0.6668877470695481,
        0.78125,
        1.1718749999999998,
        2.34375,
        4.6875,
        0.5,
        -2.5931539116080113,
        0.09765624999999911,
        0.6739387440291296,
        -1.4564560991566968,
        -1.1366978124513132,
        0.19531249999999956,
        0.29296874999999956,
        0.19739208802178637,
        -0.23125921611603845,
        0.39478417604357463,
        -0.7895683520871484,
        0.5583091359711116,
        -0.0884990705893464,
        -0.5783886764802024,
        0.27915456798555605,
        -0.6668877470695498,
        0.3906249999999998,
        0.5859374999999998,
        1.1718749999999998,
        0.09869604401089377,
        -0.10260106450850683,
        0.11562960805801938,
        -0.1226806050176007,
        0.020079540509092726,
        0.19739208802178737,
        -0.23125921611603817,
        0.39478417604357363,
        -0.7895683520871485,
        0.5583091359711102,
        0.08849907058934474,
        0.5783886764802028,
        -0.27915456798555416,
        0.6668877470695481,
        0.78125,
        1.1718749999999998,
        2.34375,
        4.6875,
        -0.5,
        0.25,
        0.25,
        0.25,
        0.25,
        -0.25,
        -0.25,
        -0.0244140625,
        -0.048828125,
        -0.09765625,
        -0.1953125,
        -0.048828125,
        -0.09765625,
        -0.1953125,
        -0.390625,
        -0.09765625,
        -0.1953125,
        -0.390625,
        -0.78125,
        -0.1953125,
        -0.390625,
        -0.78125,
        -1.5625,
        -0.0244140625,
        -0.048828125,
        -0.09765625,
        -0.1953125,
        -0.048828125,
        -0.09765625,
        -0.1953125,
        -0.390625,
        -0.09765625,
        -0.1953125,
        -0.390625,
        -0.78125,
        -0.1953125,
        -0.390625,
        -0.78125,
        -1.5625,
        -0.0244140625,
        -0.048828125,
        -0.09765625,
        -0.1953125,
        -0.048828125,
        -0.09765625,
        -0.1953125,
        -0.390625,
        -0.09765625,
        -0.1953125,
        -0.390625,
        -0.78125,
        -0.1953125,
        -0.390625,
        -0.78125,
        -1.5625
    ],