{
    "load_date": "2026-02-02 19:31:42.416380",
    "potential": "linear",
    "cutoff": 8,
    "N": 2,
    "a": 1.0,
    "c": null,
    "x_max": 3.0,
    "boundary_condition": "dirichlet",
    "num_qubits": 8,
    "H_size": [
        256,
        256
    ],
    "H_dense_mem_estimate_bytes": 1048576,
    "H_sparse_mem_estimate_bytes": 82948,
    "H_pauli_time": "0:00:00.012685",
    "H_creation_time": "0:00:00.000512",
    "H_eigenvalue_time": "0:00:00.008722",
    "eigenvalues": [
        -0.1187997445280317,
        0.8873335473759997,
        0.8873335473760028,
        0.9992342442218579,
        0.9992342442218605,
        1.84057709070292,
        1.840577090702924,
        1.8934668392800447
    ],
    "best_basis_state": [
        1,
        1,
        0,
        0,
        0,
        1,
        0,
        0
    ],
    "basis_prob": 0.16926206935970034,
    "num_paulis": 35,
    "pauli_coeffs": [
        9.125174911776828,
        -1.8720520667475813,
        0.140625,
        0.5483113556160762,
        -1.0966227112321512,
        -0.7754293555154308,
        0.28125,
        0.28125,
        0.2741556778080374,
        -0.3211933557167197,
        0.5483113556160744,
        -1.0966227112321496,
        0.7754293555154309,
        0.5625,
        0.5625,
        1.125,
        -0.5,
        -1.8720520667475813,
        0.140625,
        0.5483113556160762,
        -1.0966227112321512,
        -0.7754293555154308,
        0.28125,
        0.28125,
        0.2741556778080374,
        -0.3211933557167197,
        0.5483113556160744,
        -1.0966227112321496,
        0.7754293555154309,
        0.5625,
        0.5625,
        1.125,
        0.5,
        0.25,
        0.25
    ],
    "pauli_labels": [
        "IIIIIIII",
        "IIIIIIIX",
        "IIIIIIIZ",
        "IIIIIIXI",
        "IIIIIIXX",
        "IIIIIIYY",
        "IIIIIIZI",
        "IIIIIIZZ",
        "IIIIIXII",
        "IIIIIXIX",
        "IIIIIXXI",
        "IIIIIXXX",
        "IIIIIXYY",
        "IIIIIZII",
        "IIIIIZIZ",
        "IIIIIZZI",
        "IIIIZIII",
        "IIIXIIII",
        "IIIZIIII",
        "IIXIIIII",
        "IIXXIIII",
        "IIYYIIII",
        "IIZIIIII",
        "IIZZIIII",
        "IXIIIIII",
        "IXIXIIII",
        "IXXIIIII",
        "IXXXIIII",
        "IXYYIIII",
        "IZIIIIII",
        "IZIZIIII",
        "IZZIIIII",
        "ZIIIIIII",
        "XIIIXIII",
        "YIIIYIII"
    ],
    "boson_position_marginals": {
        "site_0": {
            "x_grid": [
                -3.0,
                -2.25,
                -1.5,
                -0.75,
                0.0,
                0.75,
                1.5,
                2.25
            ],
            "P_x": [
                0.0002182436090534481,
                0.0028128723985823057,
                0.04475986726626557,
                0.24095664653485713,
                0.4227229839915331,
                0.24095664653485716,
                0.04475986726626554,
                0.0028128723985823057
            ],
            "edge_mass_2": 0.0506038556724836
        },
        "site_1": {
            "x_grid": [
                -3.0,
                -2.25,
                -1.5,
                -0.75,
                0.0,
                0.75,
                1.5,
                2.25
            ],
            "P_x": [
                0.00021824360905344604,
                0.002812872398582306,
                0.04475986726626561,
                0.24095664653485704,
                0.4227229839915329,
                0.2409566465348572,
                0.04475986726626558,
                0.0028128723985823088
            ],
            "edge_mass_2": 0.05060385567248364
        }
    }
}