{
    "load_date": "2026-02-02 20:07:48.107548",
    "potential": "linear",
    "cutoff": 32,
    "N": 2,
    "a": 1.0,
    "c": null,
    "x_max": 3.0,
    "boundary_condition": "dirichlet",
    "num_qubits": 12,
    "H_size": [
        4096,
        4096
    ],
    "H_dense_mem_estimate_bytes": 268435456,
    "H_sparse_mem_estimate_bytes": 5259268,
    "H_pauli_time": "0:00:27.408477",
    "H_creation_time": "0:00:00.010812",
    "H_eigenvalue_time": "0:00:00.371099",
    "eigenvalues": [
        -0.11891973638141556,
        0.8876028973676434,
        0.8876028973676623,
        0.9991142523684621,
        0.9991142523684716,
        1.8302331512878154,
        1.8302331512878318,
        1.8941255311166767
    ],
    "best_basis_state": [
        1,
        1,
        0,
        0,
        0,
        0,
        0,
        1,
        0,
        0,
        0,
        0
    ],
    "basis_prob": 0.010574101019769347,
    "num_paulis": 197,
    "pauli_coeffs": [
        96.76710118534888,
        -28.53600609962892,
        0.0087890625,
        7.203205310022265,
        -15.894746342544565,
        -12.641259757084367,
        0.017578125,
        0.017578125,
        1.8720520667475755,
        -2.2436139395158543,
        4.045711386546383,
        -8.426110632474415,
        6.18249669295857,
        -1.009872645944355,
        -6.45876306412579,
        3.1574939234758626,
        -7.468635710070139,
        0.03515625,
        0.03515625,
        0.0703125,
        0.5483113556160383,
        -0.5700059139361207,
        0.6423867114334225,
        -0.6815589167644258,
        0.11155300282829417,
        1.0966227112321643,
        -1.284773422866886,
        2.193245422464293,
        -4.386490844928593,
        3.1017174220617134,
        0.491661503274139,
        3.213270424890025,
        -1.5508587110308663,
        3.704931928164169,
        -0.11120263730089533,
        -0.1647133683389341,
        0.24583075163706403,
        -0.27591600563982066,
        -0.5182111426702105,
        -3.2454926392357772,
        1.606635212445004,
        -3.763703781905981,
        0.7754293555154237,
        -0.9588405166489642,
        1.852465964082083,
        -4.0396197875458215,
        3.0807792708968478,
        0.07031249999999956,
        0.07031249999999956,
        0.14062500000000044,
        0.28124999999999867,
        0.27415567780803496,
        -0.2768151404600796,
        0.285002956968063,
        -0.2880992036409472,
        0.011284063180888287,
        0.3211933557167048,
        -0.3259329062179103,
        0.3407794583822332,
        -0.3468710573827923,
        0.020938151164880348,
        0.026549639396066804,
        0.03222221434576471,
        -0.0557765014141505,
        0.058771853741824934,
        0.5483113556161154,
        -0.5700059139361796,
        0.6423867114334454,
        -0.6815589167644518,
        0.11155300282828567,
        1.0966227112321545,
        -1.2847734228668823,
        2.1932454224643054,
        -4.386490844928608,
        3.1017174220617463,
        0.4916615032741411,
        3.213270424890007,
        -1.5508587110308456,
        3.7049319281641337,
        0.11120263730090732,
        0.16471336833893338,
        -0.2458307516370688,
        0.2759160056398351,
        0.5182111426701999,
        3.2454926392357732,
        -1.6066352124449792,
        3.7637037819059644,
        -0.7754293555154337,
        0.9588405166489722,
        -1.8524659640820715,
        4.03961978754581,
        -3.080779270896853,
        0.14062499999999956,
        0.1406250000000009,
        0.28125,
        0.5624999999999996,
        1.1250000000000004,
        -0.5,
        -28.53600609962892,
        0.0087890625,
        7.203205310022265,
        -15.894746342544565,
        -12.641259757084367,
        0.017578125,
        0.017578125,
        1.8720520667475755,
        -2.2436139395158543,
        4.045711386546383,
        -8.426110632474415,
        6.18249669295857,
        -1.009872645944355,
        -6.45876306412579,
        3.1574939234758626,
        -7.468635710070139,
        0.03515625,
        0.03515625,
        0.0703125,
        0.5483113556160383,
        -0.5700059139361207,
        0.6423867114334225,
        -0.6815589167644258,
        0.11155300282829417,
        1.0966227112321643,
        -1.284773422866886,
        2.193245422464293,
        -4.386490844928593,
        3.1017174220617134,
        0.491661503274139,
        3.213270424890025,
        -1.5508587110308663,
        3.704931928164169,
        -0.11120263730089533,
        -0.1647133683389341,
        0.24583075163706403,
        -0.27591600563982066,
        -0.5182111426702105,
        -3.2454926392357772,
        1.606635212445004,
        -3.763703781905981,
        0.7754293555154237,
        -0.9588405166489642,
        1.852465964082083,
        -4.0396197875458215,
        3.0807792708968478,
        0.07031249999999956,
        0.07031249999999956,
        0.14062500000000044,
        0.28124999999999867,
        0.27415567780803496,
        -0.2768151404600796,
        0.285002956968063,
        -0.2880992036409472,
        0.011284063180888287,
        0.3211933557167048,
        -0.3259329062179103,
        0.3407794583822332,
        -0.3468710573827923,
        0.020938151164880348,
        0.026549639396066804,
        0.03222221434576471,
        -0.0557765014141505,
        0.058771853741824934,
        0.5483113556161154,
        -0.5700059139361796,
        0.6423867114334454,
        -0.6815589167644518,
        0.11155300282828567,
        1.0966227112321545,
        -1.2847734228668823,
        2.1932454224643054,
        -4.386490844928608,
        3.1017174220617463,
        0.4916615032741411,
        3.213270424890007,
        -1.5508587110308456,
        3.7049319281641337,
        0.11120263730090732,
        0.16471336833893338,
        -0.2458307516370688,
        0.2759160056398351,
        0.5182111426701999,
        3.2454926392357732,
        -1.6066352124449792,
        3.7637037819059644,
        -0.7754293555154337,
        0.9588405166489722,
        -1.8524659640820715,
        4.03961978754581,
        -3.080779270896853,
        0.14062499999999956,
        0.1406250000000009,
        0.28125,
        0.5624999999999996,
        1.1250000000000004,
        0.5,
        0.25,
        0.25
    ],