{
    "load_date": "2026-02-02 19:31:42.898777",
    "potential": "linear",
    "cutoff": 16,
    "N": 2,
    "a": 1.0,
    "c": null,
    "x_max": 3.0,
    "boundary_condition": "dirichlet",
    "num_qubits": 10,
    "H_size": [
        1024,
        1024
    ],
    "H_dense_mem_estimate_bytes": 16777216,
    "H_sparse_mem_estimate_bytes": 659460,
    "H_pauli_time": "0:00:00.438315",
    "H_creation_time": "0:00:00.000710",
    "H_eigenvalue_time": "0:00:00.040878",
    "eigenvalues": [
        -0.1188905143155064,
        0.8875931132370803,
        0.8875931132370816,
        0.9991434744343812,
        0.9991434744343878,
        1.8326631260409247,
        1.832663126040931,
        1.8940767407896704
    ],
    "best_basis_state": [
        1,
        1,
        0,
        0,
        0,
        0,
        1,
        0,
        0,
        0
    ],
    "basis_prob": 0.04230031860929432,
    "num_paulis": 79,
    "pauli_coeffs": [
        26.60082579149124,
        -7.203205310022251,
        0.03515625,
        1.8720520667475817,
        -4.04571138654638,
        -3.157493923475869,
        0.07031250000000044,
        0.07031250000000044,
        0.5483113556160735,
        -0.6423867114334403,
        1.0966227112321514,
        -2.193245422464301,
        1.5508587110308656,
        -0.24583075163707324,
        -1.6066352124450063,
        0.7754293555154331,
        -1.8524659640820826,
        0.14062500000000044,
        0.14062500000000044,
        0.28125000000000044,
        0.2741556778080386,
        -0.28500295696807487,
        0.32119335571672064,
        -0.34077945838222445,
        0.05577650141414639,
        0.5483113556160766,
        -0.6423867114334392,
        1.0966227112321492,
        -2.193245422464301,
        1.5508587110308616,
        0.24583075163706825,
        1.6066352124450072,
        -0.7754293555154276,
        1.8524659640820778,
        0.2812500000000002,
        0.28125,
        0.5625000000000002,
        1.125,
        -0.5,
        -7.203205310022251,
        0.03515625,
        1.8720520667475817,
        -4.04571138654638,
        -3.157493923475869,
        0.07031250000000044,
        0.07031250000000044,
        0.5483113556160735,
        -0.6423867114334403,
        1.0966227112321514,
        -2.193245422464301,
        1.5508587110308656,
        -0.24583075163707324,
        -1.6066352124450063,
        0.7754293555154331,
        -1.8524659640820826,
        0.14062500000000044,
        0.14062500000000044,
        0.28125000000000044,
        0.2741556778080386,
        -0.28500295696807487,
        0.32119335571672064,
        -0.34077945838222445,
        0.05577650141414639,
        0.5483113556160766,
        -0.6423867114334392,
        1.0966227112321492,
        -2.193245422464301,
        1.5508587110308616,
        0.24583075163706825,
        1.6066352124450072,
        -0.7754293555154276,
        1.8524659640820778,
        0.2812500000000002,
        0.28125,
        0.5625000000000002,
        1.125,
        0.5,
        0.25,
        0.25
    ],
    "pauli_labels": [
        "IIIIIIIIII",
        "IIIIIIIIIX",
        "IIIIIIIIIZ",
        "IIIIIIIIXI",
        "IIIIIIIIXX",
        "IIIIIIIIYY",
        "IIIIIIIIZI",
        "IIIIIIIIZZ",
        "IIIIIIIXII",
        "IIIIIIIXIX",
        "IIIIIIIXXI",
        "IIIIIIIXXX",
        "IIIIIIIXYY",
        "IIIIIIIYIY",
        "IIIIIIIYXY",
        "IIIIIIIYYI",
        "IIIIIIIYYX",
        "IIIIIIIZII",
        "IIIIIIIZIZ",
        "IIIIIIIZZI",
        "IIIIIIXIII",
        "IIIIIIXIIX",
        "IIIIIIXIXI",
        "IIIIIIXIXX",
        "IIIIIIXIYY",
        "IIIIIIXXII",
        "IIIIIIXXIX",
        "IIIIIIXXXI",
        "IIIIIIXXXX",
        "IIIIIIXXYY",
        "IIIIIIXYIY",
        "IIIIIIXYXY",
        "IIIIIIXYYI",
        "IIIIIIXYYX",
        "IIIIIIZIII",
        "IIIIIIZIIZ",
        "IIIIIIZIZI",
        "IIIIIIZZII",
        "IIIIIZIIII",
        "IIIIXIIIII",
        "IIIIZIIIII",
        "IIIXIIIIII",
        "IIIXXIIIII",
        "IIIYYIIIII",
        "IIIZIIIIII",
        "IIIZZIIIII",
        "IIXIIIIIII",
        "IIXIXIIIII",
        "IIXXIIIIII",
        "IIXXXIIIII",
        "IIXYYIIIII",
        "IIYIYIIIII",
        "IIYXYIIIII",
        "IIYYIIIIII",
        "IIYYXIIIII",
        "IIZIIIIIII",
        "IIZIZIIIII",
        "IIZZIIIIII",
        "IXIIIIIIII",
        "IXIIXIIIII",
        "IXIXIIIIII",
        "IXIXXIIIII",
        "IXIYYIIIII",
        "IXXIIIIIII",
        "IXXIXIIIII",
        "IXXXIIIIII",
        "IXXXXIIIII",
        "IXXYYIIIII",
        "IXYIYIIIII",
        "IXYXYIIIII",
        "IXYYIIIIII",
        "IXYYXIIIII",
        "IZIIIIIIII",
        "IZIIZIIIII",
        "IZIZIIIIII",
        "IZZIIIIIII",
        "ZIIIIIIIII",
        "XIIIIXIIII",
        "YIIIIYIIII"
    ],
    "boson_position_marginals": {
        "site_0": {
            "x_grid": [
                -3.0,
                -2.625,
                -2.25,
                -1.875,
                -1.5,
                -1.125,
                -0.75,
                -0.375,
                0.0,
                0.375,
                0.75,
                1.125,
                1.5,
                1.875,
                2.25,
                2.625
            ],
            "P_x": [
                0.00011558526605666021,
                0.0002867176754825611,
                0.0014193987898720225,
                0.006378919499893522,
                0.02238315342226895,
                0.0597100022329707,
                0.12047952197329967,
                0.1836227284890729,
                0.21132353056821965,
                0.18362272848907316,
                0.1204795219732999,
                0.05971000223297127,
                0.022383153422269188,
                0.006378919499893537,
                0.0014193987898720182,
                0.00028671767548256867
            ],
            "edge_mass_2": 0.002108419406893808
        },
        "site_1": {
            "x_grid": [
                -3.0,
                -2.625,
                -2.25,
                -1.875,
                -1.5,
                -1.125,
                -0.75,
                -0.375,
                0.0,
                0.375,
                0.75,
                1.125,
                1.5,
                1.875,
                2.25,
                2.625
            ],
            "P_x": [
                0.00011558526605666316,
                0.00028671767548256384,
                0.0014193987898720247,
                0.006378919499893516,
                0.022383153422268924,
                0.05971000223297069,
                0.12047952197329964,
                0.18362272848907277,
                0.21132353056821954,
                0.18362272848907324,
                0.12047952197329999,
                0.059710002232971335,
                0.02238315342226925,
                0.006378919499893569,
                0.001419398789872028,
                0.0002867176754825689
            ],
            "edge_mass_2": 0.0021084194068938236
        }
    }
}