{
    "load_date": "2026-02-02 19:31:42.383256",
    "potential": "linear",
    "cutoff": 2,
    "N": 2,
    "a": 1.0,
    "c": null,
    "x_max": 3.0,
    "boundary_condition": "dirichlet",
    "num_qubits": 4,
    "H_size": [
        16,
        16
    ],
    "H_dense_mem_estimate_bytes": 4096,
    "H_sparse_mem_estimate_bytes": 1348,
    "H_pauli_time": "0:00:00.002159",
    "H_creation_time": "0:00:00.002238",
    "H_eigenvalue_time": "0:00:00.000749",
    "eigenvalues": [
        -0.6030045946598754,
        0.515029394090018,
        0.5150293940900182,
        1.6330633828399128,
        3.930277366866183,
        3.930277366866188,
        5.048311355616075,
        5.048311355616075
    ],
    "best_basis_state": [
        1,
        1,
        0,
        1
    ],
    "basis_prob": 0.9402722084950262,
    "num_paulis": 9,
    "pauli_coeffs": [
        5.048311355616075,
        -0.2741556778080376,
        2.25,
        -0.5,
        -0.2741556778080376,
        2.25,
        0.5,
        0.25,
        0.25
    ],
    "pauli_labels": [
        "IIII",
        "IIIX",
        "IIIZ",
        "IIZI",
        "IXII",
        "IZII",
        "ZIII",
        "XIXI",
        "YIYI"
    ],
    "boson_position_marginals": {
        "site_0": {
            "x_grid": [
                -3.0,
                0.0
            ],
            "P_x": [
                0.0036708461781685938,
                0.9963291538218315
            ],
            "edge_mass_2": 2.0
        },
        "site_1": {
            "x_grid": [
                -3.0,
                0.0
            ],
            "P_x": [
                0.0036708461781685894,
                0.9963291538218315
            ],
            "edge_mass_2": 2.0
        }
    }
}