{
    "load_date": "2026-02-02 19:31:42.392437",
    "potential": "linear",
    "cutoff": 4,
    "N": 2,
    "a": 1.0,
    "c": null,
    "x_max": 3.0,
    "boundary_condition": "dirichlet",
    "num_qubits": 6,
    "H_size": [
        64,
        64
    ],
    "H_dense_mem_estimate_bytes": 65536,
    "H_sparse_mem_estimate_bytes": 10500,
    "H_pauli_time": "0:00:00.001987",
    "H_creation_time": "0:00:00.000407",
    "H_eigenvalue_time": "0:00:00.003951",
    "eigenvalues": [
        -0.16451723081808925,
        0.9535167579317996,
        0.9535167579318016,
        1.0320357458320735,
        1.0320357458320821,
        1.699809029779057,
        1.699809029779059,
        2.0715507466816945
    ],
    "best_basis_state": [
        1,
        1,
        0,
        0,
        1,
        0
    ],
    "basis_prob": 0.6534530805632995,
    "num_paulis": 17,
    "pauli_coeffs": [
        5.019934066848226,
        -0.5483113556160755,
        0.5624999999999999,
        0.27415567780803773,
        -0.5483113556160752,
        1.125,
        1.125,
        -0.5,
        -0.5483113556160755,
        0.5624999999999999,
        0.27415567780803773,
        -0.5483113556160752,
        1.125,
        1.125,
        0.5,
        0.25,
        0.25
    ],
    "pauli_labels": [
        "IIIIII",
        "IIIIIX",
        "IIIIIZ",
        "IIIIXI",
        "IIIIXX",
        "IIIIZI",
        "IIIIZZ",
        "IIIZII",
        "IIXIII",
        "IIZIII",
        "IXIIII",
        "IXXIII",
        "IZIIII",
        "IZZIII",
        "ZIIIII",
        "XIIXII",
        "YIIYII"
    ],
    "boson_position_marginals": {
        "site_0": {
            "x_grid": [
                -3.0,
                -1.5,
                0.0,
                1.5
            ],
            "P_x": [
                0.00020347503901881644,
                0.08460656600430873,
                0.830583392952361,
                0.08460656600430894
            ],
            "edge_mass_2": 0.9999999999999976
        },
        "site_1": {
            "x_grid": [
                -3.0,
                -1.5,
                0.0,
                1.5
            ],
            "P_x": [
                0.0002034750390188156,
                0.08460656600430876,
                0.8305833929523613,
                0.08460656600430873
            ],
            "edge_mass_2": 0.9999999999999976
        }
    }
}