{
    "potential": "QHO",
    "cutoff": 8,
    "exact_eigenvalues": [
        0.0,
        1.0,
        1.0000000000000002,
        2.0
    ],
    "shots": 1024,
    "results": [
        {
            "seed": 75915603,
            "energy": 2.7755575615628914e-16,
            "params": [
                0.021102678794295393,
                0.02573473679914695,
                6.261209746505186,
                3.138124950911954
            ],
            "success": true,
            "num_iters": 45,
            "num_evaluations": 1035,
            "run_time": "0:00:38.460724",
            "device_time": "0:00:38.362061"
        }
    ]
}