{
    "load_date": "2025-11-24 14:26:55.557191",
    "potential": "quadratic",
    "cutoff": 2,
    "N": 4,
    "a": 1.0,
    "c": -0.2,
    "boundary_condition": "dirichlet",
    "num_qubits": 8,
    "eigenvalues": [
        -1.7355591591021522,
        -1.771847504513071,
        -1.4118747418855264,
        -1.7718475045130677,
        -1.6547452815399162,
        -1.6547452815399162,
        -1.3618129409308577,
        -1.3618129409308575
    ],
    "best_basis_state": [
        0,
        0,
        1,
        0,
        0,
        1,
        1,
        1
    ],
    "prob": 0.05043521333650722
}