{
    "load_date": "2025-11-24 14:26:55.820513",
    "potential": "quadratic",
    "cutoff": 4,
    "N": 4,
    "a": 1.0,
    "c": -0.2,
    "boundary_condition": "dirichlet",
    "num_qubits": 12,
    "eigenvalues": [
        0.3269486407582835,
        0.4303588909337539,
        0.568727503841945,
        0.5841571569084967,
        0.6362871517365367,
        0.7472809087171451,
        0.8274410323646275,
        0.8370504314865859
    ],
    "best_basis_state": [
        1,
        0,
        0,
        0,
        0,
        0,
        1,
        0,
        0,
        0,
        0,
        0
    ],
    "prob": 0.17628285449136097
}