{
    "load_date": "2026-01-16 13:58:59.821035",
    "potential": "quadratic",
    "cutoff": 2,
    "N": 4,
    "a": 1.0,
    "c": -0.2,
    "boundary_condition": "dirichlet",
    "num_qubits": 8,
    "H_size": [
        256,
        256
    ],
    "H_dense_mem_estimate_bytes": 1048576,
    "H_sparse_mem_estimate_bytes": 52228,
    "H_pauli_time": "0:00:00.004790",
    "H_creation_time": "0:00:00.002325",
    "H_eigenvalue_time": "0:00:00.033732",
    "eigenvalues": [
        -1.7718475045130717,
        -1.7718475045130624,
        -1.7355591591021513,
        -1.6547452815399188,
        -1.6547452815399086,
        -1.4118747418855209,
        -1.3618129409308644,
        -1.361812940930862
    ],
    "best_basis_state": [
        0,
        0,
        1,
        0,
        0,
        0,
        1,
        1
    ],
    "basis_prob": 0.04876076594303092,
    "num_paulis": 15,
    "pauli_coeffs": [
        1.5550000000000002,
        -0.7071067811865475,
        0.7071067811865475,
        -0.7071067811865475,
        0.7071067811865475,
        0.25,
        0.25,
        0.25,
        0.25,
        0.25,
        0.25,
        0.10606601717798207,
        -0.12499999999999997,
        -0.12499999999999997,
        -0.10606601717798207
    ],
    "pauli_labels": [
        "IIIIIIII",
        "IIIIIIZX",
        "IIIIZXII",
        "IIZXIIII",
        "ZXIIIIII",
        "IIIIXIXI",
        "IIIIYIYI",
        "IIXIXIII",
        "IIYIYIII",
        "XIXIIIII",
        "YIYIIIII",
        "IIIIIIIX",
        "IIIXIIIX",
        "IXIIIXII",
        "IXIIIIII"
    ]
}