{
    "load_date": "2026-02-02 20:56:51.560883",
    "potential": "linear",
    "cutoff": 4,
    "N": 3,
    "a": 1.0,
    "c": null,
    "x_max": 7.0,
    "boundary_condition": "periodic",
    "num_qubits": 9,
    "H_size": [
        512,
        512
    ],
    "H_dense_mem_estimate_bytes": 4194304,
    "H_sparse_mem_estimate_bytes": 135172,
    "H_pauli_time": "0:00:00.006457",
    "H_creation_time": "0:00:00.000389",
    "H_eigenvalue_time": "0:00:00.006863",
    "eigenvalues": [
        -1.3343557058709394,
        -0.7397199611010312,
        -0.053579299466530395,
        0.4464207005334772,
        0.7271971069378905,
        0.9464207005334775,
        1.4464207005334746,
        2.132561362167984
    ],
    "best_basis_state": [
        0,
        1,
        0,
        1,
        1,
        0,
        0,
        1,
        0
    ],
    "basis_prob": 0.8631851797832831,
    "num_paulis": 40,
    "pauli_coeffs": [
        39.50007112045819,
        -0.10071024899070774,
        3.0625,
        0.050355124495353856,
        -0.10071024899070771,
        6.125,
        9.1875,
        -0.5,
        -0.10071024899070774,
        3.0625,
        0.050355124495353856,
        -0.10071024899070771,
        6.125,
        9.1875,
        0.5,
        -0.10071024899070774,
        3.0625,
        0.050355124495353856,
        -0.10071024899070771,
        6.125,
        9.1875,
        -0.5,
        0.25,
        0.25,
        0.25,
        0.25,
        -0.25,
        -0.25,
        -0.765625,
        -1.53125,
        -1.53125,
        -3.0625,
        -0.765625,
        -1.53125,
        -1.53125,
        -3.0625,
        -0.765625,
        -1.53125,
        -1.53125,
        -3.0625
    ],
    "pauli_labels": [
        "IIIIIIIII",
        "IIIIIIIIX",
        "IIIIIIIIZ",
        "IIIIIIIXI",
        "IIIIIIIXX",
        "IIIIIIIZI",
        "IIIIIIIZZ",
        "IIIIIIZII",
        "IIIIIXIII",
        "IIIIIZIII",
        "IIIIXIIII",
        "IIIIXXIII",
        "IIIIZIIII",
        "IIIIZZIII",
        "IIIZIIIII",
        "IIXIIIIII",
        "IIZIIIIII",
        "IXIIIIIII",
        "IXXIIIIII",
        "IZIIIIIII",
        "IZZIIIIII",
        "ZIIIIIIII",
        "IIIXIIXII",
        "IIIYIIYII",
        "XIIXIIIII",
        "YIIYIIIII",
        "XIIIIIXII",
        "YIIIIIYII",
        "IIZIIZIII",
        "IZIIIZIII",
        "IIZIZIIII",
        "IZIIZIIII",
        "IIIIIZIIZ",
        "IIIIIZIZI",
        "IIIIZIIIZ",
        "IIIIZIIZI",
        "IIZIIIIIZ",
        "IIZIIIIZI",
        "IZIIIIIIZ",
        "IZIIIIIZI"
    ],
    "boson_position_marginals": {
        "site_0": {
            "x_grid": [
                -7.0,
                -3.5,
                0.0,
                3.5
            ],
            "P_x": [
                1.7169700925932123e-06,
                0.0001184628423361855,
                0.9997613584453207,
                0.00011846174225241446
            ],
            "edge_mass_2": 1.0000000000000018
        },
        "site_1": {
            "x_grid": [
                -7.0,
                -3.5,
                0.0,
                3.5
            ],
            "P_x": [
                1.716970092593239e-06,
                0.0001184628423361866,
                0.9997613584453207,
                0.0001184617422524128
            ],
            "edge_mass_2": 1.0000000000000018
        },
        "site_2": {
            "x_grid": [
                -7.0,
                -3.5,
                0.0,
                3.5
            ],
            "P_x": [
                1.7169700925932477e-06,
                0.00011846284233618719,
                0.9997613584453207,
                0.00011846174225241334
            ],
            "edge_mass_2": 1.0000000000000018
        }
    }
}