{
    "load_date": "2026-02-02 20:56:51.706736",
    "potential": "linear",
    "cutoff": 8,
    "N": 3,
    "a": 1.0,
    "c": null,
    "x_max": 7.0,
    "boundary_condition": "periodic",
    "num_qubits": 12,
    "H_size": [
        4096,
        4096
    ],
    "H_dense_mem_estimate_bytes": 268435456,
    "H_sparse_mem_estimate_bytes": 2064388,
    "H_pauli_time": "0:00:00.016129",
    "H_creation_time": "0:00:00.000804",
    "H_eigenvalue_time": "0:00:00.125452",
    "eigenvalues": [
        -0.40591343263433055,
        0.1887223121355777,
        0.8748629737700695,
        1.3748629737700502,
        1.6556393801744769,
        1.7953818930182133,
        1.8748629737700866,
        1.8867854178354384
    ],
    "best_basis_state": [
        0,
        1,
        0,
        0,
        1,
        1,
        0,
        0,
        0,
        1,
        0,
        0
    ],
    "basis_prob": 0.7726777331764407,
    "num_paulis": 82,
    "pauli_coeffs": [
        38.985937858346674,
        -0.3438462979740456,
        0.765625,
        0.10071024899070789,
        -0.20142049798141554,
        -0.1424257999926301,
        1.53125,
        2.296875,
        0.05035512449535384,
        -0.05899469798878527,
        0.10071024899070753,
        -0.2014204979814153,
        0.1424257999926302,
        3.0625,
        4.59375,
        9.1875,
        -0.5,
        -0.3438462979740456,
        0.765625,
        0.10071024899070789,
        -0.20142049798141554,
        -0.1424257999926301,
        1.53125,
        2.296875,
        0.05035512449535384,
        -0.05899469798878527,
        0.10071024899070753,
        -0.2014204979814153,
        0.1424257999926302,
        3.0625,
        4.59375,
        9.1875,
        0.5,
        -0.3438462979740456,
        0.765625,
        0.10071024899070789,
        -0.20142049798141554,
        -0.1424257999926301,
        1.53125,
        2.296875,
        0.05035512449535384,
        -0.05899469798878527,
        0.10071024899070753,
        -0.2014204979814153,
        0.1424257999926302,
        3.0625,
        4.59375,
        9.1875,
        -0.5,
        0.25,
        0.25,
        0.25,
        0.25,
        -0.25,
        -0.25,
        -0.19140625,
        -0.3828125,
        -0.765625,
        -0.3828125,
        -0.765625,
        -1.53125,
        -0.765625,
        -1.53125,
        -3.0625,
        -0.19140625,
        -0.3828125,
        -0.765625,
        -0.3828125,
        -0.765625,
        -1.53125,
        -0.765625,
        -1.53125,
        -3.0625,
        -0.19140625,
        -0.3828125,
        -0.765625,
        -0.3828125,
        -0.765625,
        -1.53125,
        -0.765625,
        -1.53125,
        -3.0625
    ],
    "pauli_labels": [
        "IIIIIIIIIIII",
        "IIIIIIIIIIIX",
        "IIIIIIIIIIIZ",
        "IIIIIIIIIIXI",
        "IIIIIIIIIIXX",
        "IIIIIIIIIIYY",
        "IIIIIIIIIIZI",
        "IIIIIIIIIIZZ",
        "IIIIIIIIIXII",
        "IIIIIIIIIXIX",
        "IIIIIIIIIXXI",
        "IIIIIIIIIXXX",
        "IIIIIIIIIXYY",
        "IIIIIIIIIZII",
        "IIIIIIIIIZIZ",
        "IIIIIIIIIZZI",
        "IIIIIIIIZIII",
        "IIIIIIIXIIII",
        "IIIIIIIZIIII",
        "IIIIIIXIIIII",
        "IIIIIIXXIIII",
        "IIIIIIYYIIII",
        "IIIIIIZIIIII",
        "IIIIIIZZIIII",
        "IIIIIXIIIIII",
        "IIIIIXIXIIII",
        "IIIIIXXIIIII",
        "IIIIIXXXIIII",
        "IIIIIXYYIIII",
        "IIIIIZIIIIII",
        "IIIIIZIZIIII",
        "IIIIIZZIIIII",
        "IIIIZIIIIIII",
        "IIIXIIIIIIII",
        "IIIZIIIIIIII",
        "IIXIIIIIIIII",
        "IIXXIIIIIIII",
        "IIYYIIIIIIII",
        "IIZIIIIIIIII",
        "IIZZIIIIIIII",
        "IXIIIIIIIIII",
        "IXIXIIIIIIII",
        "IXXIIIIIIIII",
        "IXXXIIIIIIII",
        "IXYYIIIIIIII",
        "IZIIIIIIIIII",
        "IZIZIIIIIIII",
        "IZZIIIIIIIII",
        "ZIIIIIIIIIII",
        "IIIIXIIIXIII",
        "IIIIYIIIYIII",
        "XIIIXIIIIIII",
        "YIIIYIIIIIII",
        "XIIIIIIIXIII",
        "YIIIIIIIYIII",
        "IIIZIIIZIIII",
        "IIZIIIIZIIII",
        "IZIIIIIZIIII",
        "IIIZIIZIIIII",
        "IIZIIIZIIIII",
        "IZIIIIZIIIII",
        "IIIZIZIIIIII",
        "IIZIIZIIIIII",
        "IZIIIZIIIIII",
        "IIIIIIIZIIIZ",
        "IIIIIIIZIIZI",
        "IIIIIIIZIZII",
        "IIIIIIZIIIIZ",
        "IIIIIIZIIIZI",
        "IIIIIIZIIZII",
        "IIIIIZIIIIIZ",
        "IIIIIZIIIIZI",
        "IIIIIZIIIZII",
        "IIIZIIIIIIIZ",
        "IIIZIIIIIIZI",
        "IIIZIIIIIZII",
        "IIZIIIIIIIIZ",
        "IIZIIIIIIIZI",
        "IIZIIIIIIZII",
        "IZIIIIIIIIIZ",
        "IZIIIIIIIIZI",
        "IZIIIIIIIZII"
    ],
    "boson_position_marginals": {
        "site_0": {
            "x_grid": [
                -7.0,
                -5.25,
                -3.5,
                -1.75,
                0.0,
                1.75,
                3.5,
                5.25
            ],
            "P_x": [
                7.267135194589335e-07,
                2.8706636737338322e-06,
                2.192109276265537e-05,
                0.018268348053407425,
                0.9634131212941792,
                0.0182682201720734,
                2.192126296462202e-05,
                2.870747409456615e-06
            ],
            "edge_mass_2": 2.8389387567271403e-05
        },
        "site_1": {
            "x_grid": [
                -7.0,
                -5.25,
                -3.5,
                -1.75,
                0.0,
                1.75,
                3.5,
                5.25
            ],
            "P_x": [
                7.267135194589043e-07,
                2.8706636737338314e-06,
                2.192109276265551e-05,
                0.018268348053407234,
                0.9634131212941793,
                0.018268220172073555,
                2.1921262964621845e-05,
                2.8707474094566137e-06
            ],
            "edge_mass_2": 2.8389387567271193e-05
        },
        "site_2": {
            "x_grid": [
                -7.0,
                -5.25,
                -3.5,
                -1.75,
                0.0,
                1.75,
                3.5,
                5.25
            ],
            "P_x": [
                7.267135194589393e-07,
                2.8706636737338627e-06,
                2.1921092762655063e-05,
                0.01826834805340745,
                0.9634131212941794,
                0.018268220172073243,
                2.192126296462223e-05,
                2.8707474094566353e-06
            ],
            "edge_mass_2": 2.8389387567271667e-05
        }
    }
}