{
    "load_date": "2026-02-02 20:56:51.543788",
    "potential": "linear",
    "cutoff": 2,
    "N": 3,
    "a": 1.0,
    "c": null,
    "x_max": 7.0,
    "boundary_condition": "periodic",
    "num_qubits": 6,
    "H_size": [
        64,
        64
    ],
    "H_dense_mem_estimate_bytes": 65536,
    "H_sparse_mem_estimate_bytes": 9220,
    "H_pauli_time": "0:00:00.004768",
    "H_creation_time": "0:00:00.005196",
    "H_eigenvalue_time": "0:00:00.002001",
    "eigenvalues": [
        -1.6299180235882718,
        -1.0352822788183687,
        -0.3491416171838632,
        0.15085838281613692,
        0.4316347892205547,
        0.6508583828161403,
        1.150858382816139,
        1.8369990444506517
    ],
    "best_basis_state": [
        0,
        1,
        1,
        1,
        0,
        1
    ],
    "basis_prob": 0.863798572288454,
    "num_paulis": 19,
    "pauli_coeffs": [
        46.08856537348606,
        -0.050355124495353856,
        12.25,
        -0.5,
        -0.050355124495353856,
        12.25,
        0.5,
        -0.050355124495353856,
        12.25,
        -0.5,
        0.25,
        0.25,
        0.25,
        0.25,
        -0.25,
        -0.25,
        -3.0625,
        -3.0625,
        -3.0625
    ],
    "pauli_labels": [
        "IIIIII",
        "IIIIIX",
        "IIIIIZ",
        "IIIIZI",
        "IIIXII",
        "IIIZII",
        "IIZIII",
        "IXIIII",
        "IZIIII",
        "ZIIIII",
        "IIXIXI",
        "IIYIYI",
        "XIXIII",
        "YIYIII",
        "XIIIXI",
        "YIIIYI",
        "IZIZII",
        "IIIZIZ",
        "IZIIIZ"
    ],
    "boson_position_marginals": {
        "site_0": {
            "x_grid": [
                -7.0,
                0.0
            ],
            "P_x": [
                1.8774638559553783e-06,
                0.9999981225361431
            ],
            "edge_mass_2": 1.999999999999998
        },
        "site_1": {
            "x_grid": [
                -7.0,
                0.0
            ],
            "P_x": [
                1.8774638559555346e-06,
                0.9999981225361431
            ],
            "edge_mass_2": 1.999999999999998
        },
        "site_2": {
            "x_grid": [
                -7.0,
                0.0
            ],
            "P_x": [
                1.87746385595536e-06,
                0.9999981225361431
            ],
            "edge_mass_2": 1.999999999999998
        }
    }
}