{
    "potential": "linear",
    "cutoff": 2,
    "bc": "periodic",
    "N": 3,
    "a": 1.0,
    "c": null,
    "optimizer": "COBYLA",
    "num steps": 10,
    "op_list": [
        "(<class 'pennylane.ops.qubit.parametric_ops_single_qubit.Rot'>, array([2.54657781, 9.42477618, 3.95573086]), Wires([4]), np.float64(0.375000000000789))",
        "(<class 'pennylane.ops.qubit.parametric_ops_single_qubit.Rot'>, array([1.31636336, 6.28318719, 4.72814255]), Wires([4]), np.float64(0.37500000000078726))",
        "(<class 'pennylane.ops.qubit.parametric_ops_single_qubit.Rot'>, array([0.91944267, 6.28318448, 5.51056803]), Wires([4]), np.float64(0.3750000000002781))",
        "(<class 'pennylane.ops.qubit.parametric_ops_single_qubit.Rot'>, array([0.9194407 , 6.28318512, 5.51057032]), Wires([4]), np.float64(0.37500000000021977))",
        "(<class 'pennylane.ops.qubit.parametric_ops_single_qubit.Rot'>, array([2.25519311, 6.08500998, 5.57186893]), Wires([0]), np.float64(0.3750000000002197))",
        "(<class 'pennylane.ops.qubit.parametric_ops_single_qubit.Rot'>, array([1.33223699, 7.85398151, 3.14159292]), Wires([1]), np.float64(0.356357780713778))",
        "(<class 'pennylane.ops.qubit.parametric_ops_single_qubit.Rot'>, array([1.17443285, 7.85398069, 3.14159421]), Wires([2]), np.float64(0.21271556142757758))",
        "(<class 'pennylane.ops.qubit.parametric_ops_single_qubit.Rot'>, array([2.64326579, 7.78314243, 3.32683083]), Wires([0]), np.float64(7.681843788364416e-13))",
        "(<class 'pennylane.ops.qubit.parametric_ops_single_qubit.Rot'>, array([1.57079454, 7.02463138, 4.712388  ]), Wires([2]), np.float64(4.805131557146953e-13))",
        "(<class 'pennylane.ops.op_math.controlled_ops.CZ'>, array([1.25519298, 6.08501076, 4.57186832]), Wires([0, 5]), np.float64(4.805131557146953e-13))"
    ],
    "reduced_op_list": [
        [
            "Rot",
            [
                4
            ]
        ],
        [
            "Rot",
            [
                0
            ]
        ],
        [
            "Rot",
            [
                1
            ]
        ],
        [
            "Rot",
            [
                2
            ]
        ],
        [
            "CZ",
            [
                0,
                5
            ]
        ]
    ],
    "num_params": 12,
    "overlap": 0.5680982812227511,
    "hellinger_fidelity": 0.5352948683427046
}