{
    "load_date": "2026-02-12 14:25:52.205088",
    "potential": "linear",
    "cutoff": 32,
    "N": 2,
    "a": 1.0,
    "c": null,
    "boundary_condition": "dirichlet",
    "num_qubits": 12,
    "H_size": [
        4096,
        4096
    ],
    "H_dense_mem_estimate_bytes": 268435456,
    "H_sparse_mem_estimate_bytes": 835588,
    "H_pauli_time": "0:00:24.818931",
    "H_creation_time": "0:00:00.007007",
    "H_eigenvalue_time": "0:00:00.197813",
    "used_dense": false,
    "eigenvalues": [
        -9.387728867154066e-15,
        1.1180339887498572,
        1.1180339887498734,
        1.118033988749876,
        1.1180339887498763,
        2.2360679774997103,
        2.236067977499727,
        2.236067977499728
    ],
    "best_basis_state": [
        1,
        0,
        0,
        0,
        0,
        0,
        0,
        0,
        0,
        0,
        0,
        0
    ],
    "basis_prob": 0.944271909999133,
    "num_paulis": 193,
    "pauli_coeffs": [
        34.875,
        -0.5625,
        -0.5625,
        -1.6875,
        -0.5625,
        -0.5625,
        0.5625,
        -3.9375,
        -0.5625,
        -0.5625000000000001,
        0.5625000000000001,
        -0.5625,
        0.5625000000000001,
        0.5625000000000001,
        -0.5625000000000001,
        -8.4375,
        -0.5625,
        -0.5625,
        0.5625000000000004,
        -0.5624999999999999,
        0.5625000000000004,
        0.5625000000000007,
        -0.5625000000000002,
        -0.5625000000000003,
        0.5624999999999998,
        0.5624999999999997,
        -0.5625,
        0.5624999999999997,
        -0.5625,
        -0.5625000000000002,
        0.5624999999999998,
        -0.5,
        -0.5625,
        -0.5625,
        -1.6875,
        -0.5625,
        -0.5625,
        0.5625,
        -3.9375,
        -0.5625,
        -0.5625000000000001,
        0.5625000000000001,
        -0.5625,
        0.5625000000000001,
        0.5625000000000001,
        -0.5625000000000001,
        -8.4375,
        -0.5625,
        -0.5625,
        0.5625000000000004,
        -0.5624999999999999,
        0.5625000000000004,
        0.5625000000000007,
        -0.5625000000000002,
        -0.5625000000000003,
        0.5624999999999998,
        0.5624999999999997,
        -0.5625,
        0.5624999999999997,
        -0.5625,
        -0.5625000000000002,
        0.5624999999999998,
        0.5,
        0.25,
        0.25,
        0.9989667031277417,
        -0.031412714054525614,
        0.49958561308137633,
        -0.01566163052226094,
        0.49958561308137633,
        -0.01566163052226094,
        -0.12541121384841997,
        -0.00012715342201424784,
        0.24983661650218625,
        -0.007821030388988306,
        -0.24983661650218625,
        0.007821030388988306,
        0.24983661650218625,
        -0.007821030388988306,
        0.24983661650218625,
        -0.007821030388988306,
        -0.2505573571069037,
        -0.00014538068247921254,
        -0.1251814897089197,
        -2.858183838819195e-05,
        -0.1251814897089197,
        -2.858183838819195e-05,
        -0.0003449915693072153,
        -0.0001219784781858052,
        0.12493889018476681,
        -0.003908160615785049,
        -0.12493889018476681,
        0.003908160615785049,
        -0.12493889018476681,
        0.003908160615785049,
        -0.12493889018476681,
        0.003908160615785049,
        0.12493889018476681,
        -0.003908160615785049,
        0.12493889018476681,
        -0.003908160615785049,
        0.12493889018476681,
        -0.003908160615785049,
        -0.12493889018476681,
        0.003908160615785049,
        -0.5006955675789613,
        -0.00015514522609977321,
        -0.2502468719875468,
        -3.294013072785429e-05,
        -0.2502468719875468,
        -3.294013072785429e-05,
        -0.0003814097103150005,
        -0.0001257948224612504,
        -0.1250819590976046,
        -6.8336789076778315e-06,
        0.1250819590976046,
        6.8336789076778315e-06,
        -0.1250819590976046,
        -6.8336789076778315e-06,
        -0.1250819590976046,
        -6.8336789076778315e-06,
        -0.0005001912760051602,
        -0.00014287415824353056,
        -0.00015353935151402043,
        -2.7384068964020347e-05,
        -0.00015353935151402043,
        -2.7384068964020347e-05,
        -0.0003352437516960377,
        -0.00012133979380561655,
        0.9989667031277417,
        -0.031412714054525614,
        0.49958561308137633,
        -0.01566163052226094,
        0.49958561308137633,
        -0.01566163052226094,
        -0.12541121384841997,
        -0.00012715342201424784,
        0.24983661650218625,
        -0.007821030388988306,
        -0.24983661650218625,
        0.007821030388988306,
        0.24983661650218625,
        -0.007821030388988306,
        0.24983661650218625,
        -0.007821030388988306,
        -0.2505573571069037,
        -0.00014538068247921254,
        -0.1251814897089197,
        -2.858183838819195e-05,
        -0.1251814897089197,
        -2.858183838819195e-05,
        -0.0003449915693072153,
        -0.0001219784781858052,
        0.12493889018476681,
        -0.003908160615785049,
        -0.12493889018476681,
        0.003908160615785049,
        -0.12493889018476681,
        0.003908160615785049,
        -0.12493889018476681,
        0.003908160615785049,
        0.12493889018476681,
        -0.003908160615785049,
        0.12493889018476681,
        -0.003908160615785049,
        0.12493889018476681,
        -0.003908160615785049,
        -0.12493889018476681,
        0.003908160615785049,
        -0.5006955675789613,
        -0.00015514522609977321,
        -0.2502468719875468,
        -3.294013072785429e-05,
        -0.2502468719875468,
        -3.294013072785429e-05,
        -0.0003814097103150005,
        -0.0001257948224612504,
        -0.1250819590976046,
        -6.8336789076778315e-06,
        0.1250819590976046,
        6.8336789076778315e-06,
        -0.1250819590976046,
        -6.8336789076778315e-06,
        -0.1250819590976046,
        -6.8336789076778315e-06,
        -0.0005001912760051602,
        -0.00014287415824353056,
        -0.00015353935151402043,
        -2.7384068964020347e-05,
        -0.00015353935151402043,
        -2.7384068964020347e-05,
        -0.0003352437516960377,
        -0.00012133979380561655
    ],