{
    "load_date": "2025-12-22 15:15:03.740127",
    "potential": "linear",
    "cutoff": 16,
    "N": 2,
    "a": 1.0,
    "c": null,
    "boundary_condition": "dirichlet",
    "num_qubits": 10,
    "H_size": [
        1024,
        1024
    ],
    "H_dense_mem_estimate_bytes": 16777216,
    "H_sparse_mem_estimate_bytes": 167940,
    "H_pauli_time": "0:00:00.141704",
    "H_creation_time": "0:00:00.016659",
    "H_eigenvalue_time": "0:00:00.072168",
    "eigenvalues": [
        5.822697273908591e-16,
        1.1180339887498802,
        1.1180339887498836,
        1.1180339887498845,
        1.118033988749896,
        2.2360679774997574,
        2.236067977499761,
        2.2360679774997623
    ],
    "best_basis_state": [
        1,
        0,
        0,
        0,
        0,
        0,
        0,
        0,
        0,
        0
    ],
    "basis_prob": 0.9442719099991483,
    "num_paulis": 81,
    "pauli_coeffs": [
        16.875,
        -0.5625000000000002,
        -0.5624999999999998,
        -1.6875,
        -0.5624999999999996,
        -0.5624999999999996,
        0.5624999999999998,
        -3.9375,
        -0.5625,
        -0.5625,
        0.5625,
        -0.5625000000000001,
        0.5624999999999999,
        0.5624999999999999,
        -0.5625000000000001,
        -0.5,
        -0.5625000000000002,
        -0.5624999999999998,
        -1.6875,
        -0.5624999999999996,
        -0.5624999999999996,
        0.5624999999999998,
        -3.9375,
        -0.5625,
        -0.5625,
        0.5625,
        -0.5625000000000001,
        0.5624999999999999,
        0.5624999999999999,
        -0.5625000000000001,
        0.5,
        0.25,
        0.25,
        0.49827113554878055,
        -0.031567859280625415,
        0.24933874109382953,
        -0.015694570652988793,
        0.24933874109382953,
        -0.015694570652988793,
        -0.12579262355873488,
        -0.0002529482444754705,
        0.12475465740458166,
        -0.007827864067895991,
        -0.12475465740458166,
        0.007827864067895991,
        0.12475465740458166,
        -0.007827864067895991,
        0.12475465740458166,
        -0.007827864067895991,
        -0.25105754838290884,
        -0.0002882548407227292,
        -0.12533502906043373,
        -5.5965907352212296e-05,
        -0.12533502906043373,
        -5.5965907352212296e-05,
        -0.0006802353210032808,
        -0.0002433182719914495,
        0.49827113554878055,
        -0.031567859280625415,
        0.24933874109382953,
        -0.015694570652988793,
        0.24933874109382953,
        -0.015694570652988793,
        -0.12579262355873488,
        -0.0002529482444754705,
        0.12475465740458166,
        -0.007827864067895991,
        -0.12475465740458166,
        0.007827864067895991,
        0.12475465740458166,
        -0.007827864067895991,
        0.12475465740458166,
        -0.007827864067895991,
        -0.25105754838290884,
        -0.0002882548407227292,
        -0.12533502906043373,
        -5.5965907352212296e-05,
        -0.12533502906043373,
        -5.5965907352212296e-05,
        -0.0006802353210032808,
        -0.0002433182719914495
    ],
    "pauli_labels": [
        "IIIIIIIIII",
        "IIIIIIIIZI",
        "IIIIIIIIZZ",
        "IIIIIIIZII",
        "IIIIIIIZIZ",
        "IIIIIIIZZI",
        "IIIIIIIZZZ",
        "IIIIIIZIII",
        "IIIIIIZIIZ",
        "IIIIIIZIZI",
        "IIIIIIZIZZ",
        "IIIIIIZZII",
        "IIIIIIZZIZ",
        "IIIIIIZZZI",
        "IIIIIIZZZZ",
        "IIIIIZIIII",
        "IIIZIIIIII",
        "IIIZZIIIII",
        "IIZIIIIIII",
        "IIZIZIIIII",
        "IIZZIIIIII",
        "IIZZZIIIII",
        "IZIIIIIIII",
        "IZIIZIIIII",
        "IZIZIIIIII",
        "IZIZZIIIII",
        "IZZIIIIIII",
        "IZZIZIIIII",
        "IZZZIIIIII",
        "IZZZZIIIII",
        "ZIIIIIIIII",
        "XIIIIXIIII",
        "YIIIIYIIII",
        "IIIXIIIIII",
        "IIIXZIIIII",
        "IIXXIIIIII",
        "IIXXZIIIII",
        "IIYYIIIIII",
        "IIYYZIIIII",
        "IIZXIIIIII",
        "IIZXZIIIII",
        "IXXXIIIIII",
        "IXXXZIIIII",
        "IXYYIIIIII",
        "IXYYZIIIII",
        "IYXYIIIIII",
        "IYXYZIIIII",
        "IYYXIIIIII",
        "IYYXZIIIII",
        "IZIXIIIIII",
        "IZIXZIIIII",
        "IZXXIIIIII",
        "IZXXZIIIII",
        "IZYYIIIIII",
        "IZYYZIIIII",
        "IZZXIIIIII",
        "IZZXZIIIII",
        "IIIIIIIIXI",
        "IIIIIIIIXZ",
        "IIIIIIIXXI",
        "IIIIIIIXXZ",
        "IIIIIIIYYI",
        "IIIIIIIYYZ",
        "IIIIIIIZXI",
        "IIIIIIIZXZ",
        "IIIIIIXXXI",
        "IIIIIIXXXZ",
        "IIIIIIXYYI",
        "IIIIIIXYYZ",
        "IIIIIIYXYI",
        "IIIIIIYXYZ",
        "IIIIIIYYXI",
        "IIIIIIYYXZ",
        "IIIIIIZIXI",
        "IIIIIIZIXZ",
        "IIIIIIZXXI",
        "IIIIIIZXXZ",
        "IIIIIIZYYI",
        "IIIIIIZYYZ",
        "IIIIIIZZXI",
        "IIIIIIZZXZ"
    ]
}