{
    "load_date": "2026-02-12 14:25:26.091051",
    "potential": "linear",
    "cutoff": 8,
    "N": 2,
    "a": 1.0,
    "c": null,
    "boundary_condition": "dirichlet",
    "num_qubits": 8,
    "H_size": [
        256,
        256
    ],
    "H_dense_mem_estimate_bytes": 1048576,
    "H_sparse_mem_estimate_bytes": 31748,
    "H_pauli_time": "0:00:00.017034",
    "H_creation_time": "0:00:00.005169",
    "H_eigenvalue_time": "0:00:00.025443",
    "used_dense": true,
    "eigenvalues": [
        4.5407409397328466e-10,
        1.1180331119095306,
        1.118033111909532,
        1.1180339892039672,
        1.1180339892039677,
        2.236066223364986,
        2.2360671006594224,
        2.2360671006594237
    ],
    "best_basis_state": [
        1,
        0,
        0,
        0,
        0,
        0,
        0,
        0
    ],
    "basis_prob": 0.9442719107487166,
    "num_paulis": 33,
    "pauli_coeffs": [
        7.875,
        -0.5625,
        -0.5625,
        -1.6874999999999998,
        -0.5625,
        -0.5624999999999999,
        0.5624999999999997,
        -0.5,
        -0.5625,
        -0.5625,
        -1.6874999999999998,
        -0.5625,
        -0.5624999999999999,
        0.5624999999999997,
        0.5,
        0.25,
        0.25,
        0.24721358716587172,
        -0.031856114121348145,
        0.12400371203339583,
        -0.015750536560341012,
        0.12400371203339583,
        -0.015750536560341012,
        -0.1264728588797382,
        -0.0004962665164669339,
        0.24721358716587172,
        -0.031856114121348145,
        0.12400371203339583,
        -0.015750536560341012,
        0.12400371203339583,
        -0.015750536560341012,
        -0.1264728588797382,
        -0.0004962665164669339
    ],
    "pauli_labels": [
        "IIIIIIII",
        "IIIIIIZI",
        "IIIIIIZZ",
        "IIIIIZII",
        "IIIIIZIZ",
        "IIIIIZZI",
        "IIIIIZZZ",
        "IIIIZIII",
        "IIZIIIII",
        "IIZZIIII",
        "IZIIIIII",
        "IZIZIIII",
        "IZZIIIII",
        "IZZZIIII",
        "ZIIIIIII",
        "XIIIXIII",
        "YIIIYIII",
        "IIXIIIII",
        "IIXZIIII",
        "IXXIIIII",
        "IXXZIIII",
        "IYYIIIII",
        "IYYZIIII",
        "IZXIIIII",
        "IZXZIIII",
        "IIIIIIXI",
        "IIIIIIXZ",
        "IIIIIXXI",
        "IIIIIXXZ",
        "IIIIIYYI",
        "IIIIIYYZ",
        "IIIIIZXI",
        "IIIIIZXZ"
    ]
}