{
    "load_date": "2026-02-12 14:25:25.968868",
    "potential": "linear",
    "cutoff": 2,
    "N": 2,
    "a": 1.0,
    "c": null,
    "boundary_condition": "dirichlet",
    "num_qubits": 4,
    "H_size": [
        16,
        16
    ],
    "H_dense_mem_estimate_bytes": 4096,
    "H_sparse_mem_estimate_bytes": 708,
    "H_pauli_time": "0:00:00.002090",
    "H_creation_time": "0:00:00.003522",
    "H_eigenvalue_time": "0:00:00.009565",
    "used_dense": true,
    "eigenvalues": [
        0.006966011250105153,
        0.006966011250105153,
        0.006966011250105153,
        0.006966011250105153,
        1.125,
        1.125,
        1.125,
        1.125
    ],
    "best_basis_state": [
        1,
        0,
        0,
        0
    ],
    "basis_prob": 0.9472135954999578,
    "num_paulis": 5,
    "pauli_coeffs": [
        1.125,
        -0.5,
        0.5,
        0.25,
        0.25
    ],
    "pauli_labels": [
        "IIII",
        "IIZI",
        "ZIII",
        "XIXI",
        "YIYI"
    ]
}