{
    "load_date": "2026-02-12 14:25:26.217316",
    "potential": "linear",
    "cutoff": 4,
    "N": 2,
    "a": 1.0,
    "c": null,
    "boundary_condition": "dirichlet",
    "num_qubits": 6,
    "H_size": [
        64,
        64
    ],
    "H_dense_mem_estimate_bytes": 65536,
    "H_sparse_mem_estimate_bytes": 5380,
    "H_pauli_time": "0:00:00.003692",
    "H_creation_time": "0:00:00.003800",
    "H_eigenvalue_time": "0:00:00.012876",
    "used_dense": true,
    "eigenvalues": [
        3.225059163050479e-05,
        0.9754060219969173,
        0.9754060219969208,
        1.1180662393415264,
        1.1180662393415277,
        1.2815922398448165,
        1.2815922398448172,
        1.9507797934022082
    ],
    "best_basis_state": [
        1,
        0,
        0,
        0,
        0,
        0
    ],
    "basis_prob": 0.9443057972696903,
    "num_paulis": 13,
    "pauli_coeffs": [
        3.375,
        -0.5624999999999999,
        -0.5625000000000001,
        -0.5,
        -0.5624999999999999,
        -0.5625000000000001,
        0.5,
        0.25,
        0.25,
        0.12074072828613353,
        -0.03235238063781509,
        0.12074072828613353,
        -0.03235238063781509
    ],
    "pauli_labels": [
        "IIIIII",
        "IIIIZI",
        "IIIIZZ",
        "IIIZII",
        "IZIIII",
        "IZZIII",
        "ZIIIII",
        "XIIXII",
        "YIIYII",
        "IXIIII",
        "IXZIII",
        "IIIIXI",
        "IIIIXZ"
    ]
}