{
    "load_date": "2025-12-22 15:15:03.440863",
    "potential": "linear",
    "cutoff": 4,
    "N": 2,
    "a": 1.0,
    "c": null,
    "boundary_condition": "dirichlet",
    "num_qubits": 6,
    "H_size": [
        64,
        64
    ],
    "H_dense_mem_estimate_bytes": 65536,
    "H_sparse_mem_estimate_bytes": 5380,
    "H_pauli_time": "0:00:00.004095",
    "H_creation_time": "0:00:00.008443",
    "H_eigenvalue_time": "0:00:00.003362",
    "eigenvalues": [
        3.225059163123913e-05,
        0.9754060219969188,
        0.9754060219969242,
        1.1180662393415262,
        1.1180662393415275,
        1.2815922398448145,
        1.2815922398448163,
        1.9507797934022064
    ],
    "best_basis_state": [
        1,
        0,
        0,
        0,
        0,
        0
    ],
    "basis_prob": 0.9443057972696894,
    "num_paulis": 13,
    "pauli_coeffs": [
        3.375,
        -0.5624999999999999,
        -0.5625000000000001,
        -0.5,
        -0.5624999999999999,
        -0.5625000000000001,
        0.5,
        0.25,
        0.25,
        0.12074072828613353,
        -0.03235238063781509,
        0.12074072828613353,
        -0.03235238063781509
    ],
    "pauli_labels": [
        "IIIIII",
        "IIIIZI",
        "IIIIZZ",
        "IIIZII",
        "IZIIII",
        "IZZIII",
        "ZIIIII",
        "XIIXII",
        "YIIYII",
        "IXIIII",
        "IXZIII",
        "IIIIXI",
        "IIIIXZ"
    ]
}