{
    "load_date": "2025-12-22 15:15:03.420460",
    "potential": "linear",
    "cutoff": 2,
    "N": 2,
    "a": 1.0,
    "c": null,
    "boundary_condition": "dirichlet",
    "num_qubits": 4,
    "H_size": [
        16,
        16
    ],
    "H_dense_mem_estimate_bytes": 4096,
    "H_sparse_mem_estimate_bytes": 708,
    "H_pauli_time": "0:00:00.008358",
    "H_creation_time": "0:00:00.014073",
    "H_eigenvalue_time": "0:00:00.013617",
    "eigenvalues": [
        0.0069660112501048685,
        0.006966011250105151,
        0.006966011250105169,
        0.006966011250105193,
        1.1249999999999993,
        1.1249999999999998,
        1.125,
        1.125
    ],
    "best_basis_state": [
        1,
        1,
        0,
        0
    ],
    "basis_prob": 0.35873665919393183,
    "num_paulis": 5,
    "pauli_coeffs": [
        1.125,
        -0.5,
        0.5,
        0.25,
        0.25
    ],
    "pauli_labels": [
        "IIII",
        "IIZI",
        "ZIII",
        "XIXI",
        "YIYI"
    ]
}