{
    "load_date": "2026-01-16 11:16:12.972530",
    "potential": "quadratic",
    "cutoff": 4,
    "N": 3,
    "a": 1.0,
    "c": -0.8,
    "boundary_condition": "periodic",
    "num_qubits": 9,
    "H_size": [
        512,
        512
    ],
    "H_dense_mem_estimate_bytes": 4194304,
    "H_sparse_mem_estimate_bytes": 380932,
    "H_pauli_time": "0:00:00.007804",
    "H_creation_time": "0:00:00.001122",
    "H_eigenvalue_time": "0:00:00.034717",
    "eigenvalues": [
        -0.3937239073496389,
        -0.39372390734963675,
        -0.36005952928329366,
        -0.3600595292832917,
        -0.24282922135137627,
        -0.24282922135137436,
        0.3534543362629004,
        0.3534543362629005
    ],
    "best_basis_state": [
        0,
        1,
        0,
        0,
        1,
        0,
        1,
        0,
        0
    ],
    "basis_prob": 0.056013378462434794,
    "num_paulis": 175,
    "pauli_coeffs": [
        6.359999999999999,
        0.43466662183008037,
        -0.1164685702961343,
        -0.7249999999999998,
        -0.725,
        -0.9659258262890682,
        -0.5,
        -0.5,
        0.25881904510252074,
        0.43466662183008037,
        -0.1164685702961343,
        -0.7249999999999998,
        -0.725,
        0.9659258262890682,
        0.5,
        0.5,
        -0.25881904510252074,
        0.43466662183008037,
        -0.1164685702961343,
        -0.7249999999999998,
        -0.725,
        -0.9659258262890682,
        -0.5,
        -0.5,
        0.25881904510252074,
        0.25,
        0.25,
        0.25,
        0.25,
        -0.25,
        -0.25,
        -0.2332531754730548,
        -0.12074072828613353,
        -0.12074072828613353,
        0.0625,
        -0.12074072828613353,
        -0.0625,
        -0.0625,
        0.03235238063781509,
        -0.12074072828613353,
        -0.0625,
        -0.0625,
        0.03235238063781509,
        0.06249999999999999,
        0.03235238063781509,
        0.03235238063781509,
        -0.01674682452694517,
        0.4665063509461096,
        0.24148145657226705,
        0.24148145657226705,
        -0.125,
        -0.12499999999999999,
        -0.06470476127563018,
        -0.06470476127563018,
        0.03349364905389034,
        -0.24148145657226697,
        -0.12499999999999996,
        -0.12499999999999996,
        0.06470476127563016,
        -0.24148145657226705,
        -0.12499999999999999,
        -0.12499999999999999,
        0.06470476127563018,
        -0.4665063509461096,
        -0.24148145657226705,
        -0.24148145657226705,
        0.125,
        0.12499999999999999,
        0.06470476127563018,
        0.06470476127563018,
        -0.03349364905389034,
        0.24148145657226697,
        0.12499999999999996,
        0.12499999999999996,
        -0.06470476127563016,
        0.24148145657226705,
        0.12499999999999999,
        0.12499999999999999,
        -0.06470476127563018,
        -0.2332531754730548,
        -0.12074072828613353,
        -0.12074072828613353,
        0.0625,
        -0.12074072828613353,
        -0.0625,
        -0.0625,
        0.03235238063781509,
        -0.12074072828613353,
        -0.0625,
        -0.0625,
        0.03235238063781509,
        0.06249999999999999,
        0.03235238063781509,
        0.03235238063781509,
        -0.01674682452694517,
        0.4665063509461096,
        0.24148145657226705,
        0.24148145657226705,
        -0.125,
        -0.12499999999999999,
        -0.06470476127563018,
        -0.06470476127563018,
        0.03349364905389034,
        -0.24148145657226697,
        -0.12499999999999996,
        -0.12499999999999996,
        0.06470476127563016,
        -0.24148145657226705,
        -0.12499999999999999,
        -0.12499999999999999,
        0.06470476127563018,
        -0.4665063509461096,
        -0.24148145657226705,
        -0.24148145657226705,
        0.125,
        0.12499999999999999,
        0.06470476127563018,
        0.06470476127563018,
        -0.03349364905389034,
        0.24148145657226697,
        0.12499999999999996,
        0.12499999999999996,
        -0.06470476127563016,
        0.24148145657226705,
        0.12499999999999999,
        0.12499999999999999,
        -0.06470476127563018,
        -0.2332531754730548,
        -0.12074072828613353,
        -0.12074072828613353,
        0.0625,
        -0.12074072828613353,
        -0.0625,
        -0.0625,
        0.03235238063781509,
        -0.12074072828613353,
        -0.0625,
        -0.0625,
        0.03235238063781509,
        0.06249999999999999,
        0.03235238063781509,
        0.03235238063781509,
        -0.01674682452694517,
        0.4665063509461096,
        0.24148145657226705,
        0.24148145657226705,
        -0.125,
        -0.12499999999999999,
        -0.06470476127563018,
        -0.06470476127563018,
        0.03349364905389034,
        -0.24148145657226697,
        -0.12499999999999996,
        -0.12499999999999996,
        0.06470476127563016,
        -0.24148145657226705,
        -0.12499999999999999,
        -0.12499999999999999,
        0.06470476127563018,
        -0.4665063509461096,
        -0.24148145657226705,
        -0.24148145657226705,
        0.125,
        0.12499999999999999,
        0.06470476127563018,
        0.06470476127563018,
        -0.03349364905389034,
        0.24148145657226697,
        0.12499999999999996,
        0.12499999999999996,
        -0.06470476127563016,
        0.24148145657226705,
        0.12499999999999999,
        0.12499999999999999,
        -0.06470476127563018
    ],