{
    "load_date": "2026-01-16 11:16:12.925422",
    "potential": "quadratic",
    "cutoff": 2,
    "N": 3,
    "a": 1.0,
    "c": -0.8,
    "boundary_condition": "periodic",
    "num_qubits": 6,
    "H_size": [
        64,
        64
    ],
    "H_dense_mem_estimate_bytes": 65536,
    "H_sparse_mem_estimate_bytes": 13060,
    "H_pauli_time": "0:00:00.004407",
    "H_creation_time": "0:00:00.003580",
    "H_eigenvalue_time": "0:00:00.003976",
    "eigenvalues": [
        -1.4342349758927064,
        -1.4342349758927015,
        -0.9342349758927033,
        -0.9342349758927019,
        -0.9342349758927005,
        -0.7363203435596426,
        -0.7363203435596408,
        -0.4660986222968479
    ],
    "best_basis_state": [
        1,
        1,
        0,
        0,
        1,
        1
    ],
    "basis_prob": 0.1056531453618621,
    "num_paulis": 13,
    "pauli_coeffs": [
        1.2600000000000002,
        -0.7071067811865475,
        0.7071067811865475,
        -0.7071067811865475,
        0.25,
        0.25,
        0.25,
        0.25,
        -0.25,
        -0.25,
        -0.12499999999999997,
        -0.12499999999999997,
        -0.12499999999999997
    ],
    "pauli_labels": [
        "IIIIII",
        "IIIIZX",
        "IIZXII",
        "ZXIIII",
        "IIXIXI",
        "IIYIYI",
        "XIXIII",
        "YIYIII",
        "XIIIXI",
        "YIIIYI",
        "IXIXII",
        "IXIIIX",
        "IIIXIX"
    ]
}