{
    "potential": "AHO",
    "cutoff": 2,
    "exact_eigenvalues": [
        -0.4375,
        -0.4375,
        2.0625,
        2.0625
    ],
    "ansatz": "ry_cnot_ansatz",
    "num_VQE": 100,
    "Optimizer": {
        "name": "AdamOptimizer",
        "stepsize": 0.5,
        "maxiter": 2500,
        "tolerance": 1e-08
    },
    "results": [
        -0.43748635647065587,
        -0.437499901180266,
        -0.4374999883926501,
        -0.43749996502144234,
        -0.43749989875853745,
        -0.43749992195918574,
        -0.437499990766395,
        -0.4374999321753379,
        -0.4374999593280193,
        -0.4374999893389331,
        -0.4374999649463541,
        -0.4374999914438831,
        -0.4374993637611633,
        -0.4374999042903387,
        -0.4374999511595948,
        -0.43749986133139873,
        -0.4374998138582372,
        -0.4374999612671339,
        -0.43749973090514305,
        -0.4374998369328179,
        -0.4374999630493141,
        -0.43749945220092545,
        -0.4374999597736428,
        -0.43749996206007224,
        -0.43749998651180244,
        -0.4374993245954418,
        -0.4374988853274677,
        -0.4374995852580377,
        -0.4374931238063847,
        -0.4374998807437628,
        -0.437499963137213,
        -0.4374999805410093,
        -0.43749997370988625,
        -0.4374999378302209,
        -0.4374991482851898,
        -0.4374999878875671,
        -0.4374995930375906,
        -0.43749980381814674,
        -0.437499982705204,
        -0.4374998675778589,
        -0.4374999289370648,
        -0.43749984243816736,
        -0.4374999377900251,
        -0.43749999373127446,
        -0.4374999593299254,
        -0.43749999242212495,
        -0.4374998664076201,
        -0.4374999899646899,
        -0.43749984951664217,
        -0.4374999244633069,
        -0.4374995901649594,
        -0.4374999610513469,
        -0.4374842826694302,
        -0.43749975156638177,
        -0.43749999534468775,
        -0.43749999276775525,
        -0.4374999325598089,
        -0.4374999129043203,
        -0.43749999750515073,
        -0.43749999354504265,
        -0.4374999390978411,
        -0.43749874387393856,
        -0.4374949423353164,
        -0.437497992899859,
        -0.43749999741490114,
        -0.4374998892782333,
        -0.4374998232532746,
        -0.43749971440096064,
        -0.43749991128880017,
        -0.43749998145028846,
        -0.43749983476521,
        -0.43749995100475364,
        -0.4374999122782948,
        -0.43749998043695565,
        -0.4374998577575725,
        -0.4374999865807262,
        -0.4374998488570518,
        -0.43749983652758606,
        -0.4374999711774928,
        -0.4374998589054227,
        -0.4374999942132066,
        -0.43749958825685403,
        -0.43749942565055544,
        -0.4374998746698301,
        -0.4374999314577142,
        -0.43747554278146716,
        -0.4374999931440493,
        -0.43749998252647143,
        -0.437499959255942,
        -0.43749994058147584,
        -0.4374999376334118,
        -0.43749990197847344,
        -0.4374998953985544,
        -0.43749986837740745,
        -0.43749985543786557,
        -0.4374999981894677,
        -0.4374998606859867,
        -0.43749990190979327,
        -0.43749975647934114,
        -0.43749979895992247
    ],
    "params": [
        [
            -15.711246215074905,
            7.974417181798065
        ],
        [
            21.991413056961424,
            -4.644742952799333
        ],
        [
            -15.708307114030843,
            4.380727136537331
        ],
        [
            3.1421966539189836,
            -12.49521439099978
        ],
        [
            -3.1418376215551502,
            -0.509961238715493
        ],
        [
            9.424541474184002,
            -6.28341301949995
        ],
        [
            9.424483351507675,
            8.54978647048134
        ],
        [
            -3.141797272301853,
            4.36781167720253
        ],
        [
            3.1422000313447396,
            4.309903089980252
        ],
        [
            -3.141815701246448,
            -7.792878025023902
        ],
        [
            -9.425333284021075,
            0.06138466178945685
        ],
        [
            3.1412799321546148,
            -2.0789966453869684
        ],
        [
            -3.1409869263422903,
            -19.35403909452007
        ],
        [
            -3.140724722638343,
            -10.668319449413652
        ],
        [
            -3.141794953241097,
            6.976497100689631
        ],
        [
            -3.1418768510481763,
            15.216497983651001
        ],
        [
            15.708354344525445,
            -0.6803669443044078
        ],
        [
            -3.140956548026735,
            -1.836530754961972
        ],
        [
            -3.142035470170572,
            -6.0427484011641495
        ],
        [
            3.1419423586452644,
            15.158319714395674
        ],
        [
            3.1421919089154926,
            -17.52449978762535
        ],
        [
            -9.424104250292267,
            -7.935844877752079
        ],
        [
            -9.425397675243216,
            9.309048039349497
        ],
        [
            -3.141006299529572,
            -6.006697880593723
        ],
        [
            9.425096911281292,
            4.5850910477737825
        ],
        [
            -3.1408760544922147,
            5.383037547977579
        ],
        [
            3.1408803868990733,
            -4.121191089440559
        ],
        [
            -15.707397131185122,
            7.537234586645431
        ],
        [
            -3.1437650293652624,
            -0.25450722934002573
        ],
        [
            9.423784758365917,
            3.969157983159079
        ],
        [
            -3.1414929576823885,
            -2.587172159793886
        ],
        [
            21.99072534716288,
            6.901617650999858
        ],
        [
            -9.424266532302997,
            1.8215669981674172
        ],
        [
            -9.42453837845445,
            13.231881365126863
        ],
        [
            15.704946627800135,
            -9.335097343385488
        ],
        [
            -15.708263593518868,
            -6.866959986130938
        ],
        [
            -3.1410136596069402,
            6.3805581591442655
        ],
        [
            9.424367488578344,
            23.619502340861267
        ],
        [
            -9.424363996147397,
            -4.436194705573213
        ],
        [
            3.141323727161153,
            -1.8041243866082317
        ],
        [
            -9.424567755775357,
            9.168637142771297
        ],
        [
            -9.424413493420015,
            5.724978311295532
        ],
        [
            -3.1423904681855577,
            9.273609797965202
        ],
        [
            3.1413095213495996,
            14.425673318152878
        ],
        [
            21.99054873183094,
            14.289622886220023
        ],
        [
            -9.425071902405676,
            3.918321951784382
        ],
        [
            3.141300495089012,
            -15.579700886659873
        ],
        [
            -3.1412620064273424,
            1.8020683781820346
        ],
        [
            -3.1412372663170944,
            23.002294565612104
        ],
        [
            9.424515898606947,
            9.017063716607991
        ],
        [
            -9.424172850194122,
            -10.985061418717418
        ],
        [
            -9.425345129221729,
            4.386313649816962
        ],
        [
            15.711726496743953,
            9.720372132418882
        ],
        [
            -3.141181694386392,
            5.148039940259335
        ],
        [
            3.141848277500797,
            -2.165597078642029
        ],
        [
            3.1419135009196335,
            -0.6620810365819985
        ],
