{
    "potential": "QHO",
    "cutoff": 2,
    "exact_eigenvalues": [
        0.0,
        0.0,
        1.0,
        1.0
    ],
    "ansatz": "ry_cnot_ansatz",
    "ansatz_scale": 3.0,
    "num_VQE": 100,
    "Optimizer": {
        "name": "AdamOptimizer",
        "stepsize": 0.5,
        "maxiter": 2500,
        "tolerance": 1e-08
    },
    "results": [
        1.2969053569534138e-08,
        2.563497804421201e-07,
        2.6958282063315553e-08,
        2.7306356226582307e-07,
        1.6586051604685916e-07,
        2.3581928544608392e-09,
        8.968950178079718e-08,
        1.1111896514551626e-07,
        7.710774048500266e-08,
        3.957501681916642e-09,
        6.080589818251895e-08,
        7.035464729087524e-08,
        3.2257796589535734e-07,
        4.6856544758286825e-08,
        5.164441883485886e-08,
        3.753791545324409e-07,
        9.103742692959898e-09,
        7.362238416767781e-08,
        5.068408077044134e-08,
        2.925925726552992e-09,
        1.733895286357109e-08,
        1.2849897042085358e-08,
        4.35476087717924e-08,
        1.6200436776607548e-07,
        9.580591062766232e-08,
        2.770667977737964e-10,
        9.463697037802244e-08,
        8.166596414605854e-08,
        2.7582544666161747e-08,
        1.886794685648822e-08,
        2.55036738683346e-06,
        2.7418721616100527e-09,
        2.4462633299730604e-07,
        1.1345551988440601e-07,
        1.1966753009774565e-08,
        1.0269289947688852e-08,
        7.298984886689821e-08,
        1.0011582938763422e-08,
        2.4810059198150183e-08,
        2.872410201667003e-08,
        1.3696852180124292e-08,
        1.2276069810463135e-07,
        2.525070599292003e-08,
        1.0253485514108921e-07,
        1.66030114670471e-08,
        2.2138812025875153e-07,
        9.66927011734931e-09,
        3.22005623282326e-08,
        1.3856004277200214e-07,
        4.0168750775619025e-07,
        4.433083704111924e-08,
        3.17956196695075e-08,
        7.14592745120673e-08,
        5.0445333572090344e-08,
        1.392245050277668e-07,
        2.039482406012447e-08,
        3.8363068979749e-08,
        5.3488387017529046e-08,
        3.895146618134242e-06,
        1.5454543374901212e-07,
        3.028492822077595e-09,
        1.0260746323859327e-07,
        1.5084906204079474e-07,
        9.652760011306239e-08,
        6.162268213503477e-08,
        4.0687011571379706e-08,
        6.943496687952564e-09,
        2.4443339219388944e-07,
        9.978888747559342e-09,
        2.816281993279188e-07,
        6.465917861753213e-08,
        7.36197200274237e-09,
        1.6546161162071032e-07,
        7.300196559797502e-08,
        2.5029166023790514e-08,
        1.2668278606142605e-07,
        1.176060630227434e-07,
        8.842876756940973e-09,
        6.961368255412186e-08,
        5.711446274493931e-07,
        4.6071364537475836e-08,
        5.0515626098757484e-08,
        5.155052804011694e-07,
        1.0134979755088099e-07,
        1.5033897436340653e-08,
        1.5997019790602243e-08,
        7.682255437797524e-08,
        2.600577616524689e-07,
        1.240634491400924e-07,
        2.2292808378033554e-07,
        5.633954330329505e-09,
        9.178847108797415e-08,
        2.68034789514993e-07,
        4.451349754520804e-08,
        7.61425527266499e-08,
        9.325651188197996e-08,
        8.736049226514295e-08,
        2.741581255567856e-08,
        1.8154543466026082e-08,
        1.8598616781801683e-08
    ],
    "params": [
        [
            3.1409609656871798,
            0.03620855042870415
        ],
        [
            3.1421665510821897,
            -0.7087837987867208
        ],
        [
            -3.140919915671124,
            -1.8973174186063193
        ],
        [
            9.42233854477096,
            4.878300320705211
        ],
        [
            9.425217754562597,
            3.797758207875153
        ],
        [
            -9.424482161096693,
            2.3267388992771383
        ],
        [
            15.708375548313372,
            5.261677275461667
        ],
        [
            9.4251422259149,
            7.312150019819217
        ],
        [
            -3.1413786077807244,
            14.063743707609495
        ],
        [
            -9.425063157642343,
            1.280226132795968
        ],
        [
            -9.425060799751154,
            -14.934390026870494
        ],
        [
            -9.424975572009911,
            -9.038140000161079
        ],
        [
            -9.4256059742118,
            -6.032463048200644
        ],
        [
            -9.423685093012026,
            -7.096768189146278
        ],
        [
            9.425140097482096,
            -3.2209980779747496
        ],
        [
            9.423890495271381,
            0.7565780106359113
        ],
        [
            -3.1420872924092085,
            11.570519545603021
        ],
        [
            -9.424404666426355,
            -1.4285140218451648
        ],
        [
            -3.1412405180565104,
            5.1962105302518395
        ],
        [
            3.1419252291843986,
            16.028233110841448
        ],
        [
            3.1410000820664514,
            -4.612731497009075
        ],
        [
            -3.140971794472007,
            -9.812705589330664
        ],
        [
            -21.99149124865092,
            -17.531511684216945
        ],
        [
            -9.422772614711151,
            4.724422055991709
        ],
        [
            15.70755320496575,
            -8.054874138805188
        ],
        [
            -3.141360412256028,
            -0.6812619888991044
        ],
        [
            3.1431863816852945,
            -6.8605784292090535
        ],
        [
            9.424398617299929,
            1.57049949185342
        ],
        [
            -3.140733004754643,
            -11.106449537532546
        ],
        [
            3.1422029510286933,
            1.5772925184297206
        ],
        [
            3.1391619264305235,
            -6.916303202364783
        ],
        [
            -9.425139724297175,
            -5.09669860566491
        ],
        [
            3.142312575112195,
            -19.908711014920698
        ],
        [
            -3.1420729111733667,
            3.2097779479530417
        ],
        [
            -15.708454915469822,
            -6.765783079873545
        ],
        [
            15.707495696419588,
            22.06346931639262
        ],
        [
            3.1412067066294806,
            12.724655105315787
        ],
        [
            -3.1411029023664163,
            -1.2384319280450606
        ],
        [
            -9.425546164226075,
            3.045398998737291
        ],
        [
            -3.1423061097959857,
            -20.774883645213766
        ],
        [
            3.141060563623933,
            -5.795964791289824
        ],
        [
            -3.1410885299405193,
            7.371499824738504
        ],
        [
            15.707193779489007,
            -11.810948984637273
        ],
        [
            3.141116610142161,
            15.64279222936228
        ],
        [
            -3.1422110971727064,
            1.2929430882970807
        ],
        [
            -15.705574755319159,
            -1.012188564040133
        ],
        [
            -3.1419511656905423,
            -14.76806321021748
        ],
        [
            -9.423899617920458,
            -0.08600534207531732
        ],
        [
            -9.424267594166475,
            -14.772603232932505
        ],
        [
            3.1406887908836323,
            -2.314582983265541
        ],
        [
            -3.1426293812871657,
            6.536269860022731
        ],
        [
            -3.140753666371101,
            1.0102121606640084
        ],
        [
            3.1412547350409445,
            -3.667791668146499
        ],
        [
