{
    "load_date": "2026-02-02 20:49:46.007936",
    "potential": "linear",
    "cutoff": 16,
    "N": 3,
    "a": 1.0,
    "c": null,
    "x_max": 3.0,
    "boundary_condition": "periodic",
    "num_qubits": 15,
    "H_size": [
        32768,
        32768
    ],
    "H_dense_mem_estimate_bytes": 17179869184,
    "H_sparse_mem_estimate_bytes": 32243716,
    "H_pauli_time": "0:00:00.444238",
    "H_creation_time": "0:00:00.009005",
    "H_eigenvalue_time": "0:00:02.739391",
    "eigenvalues": [
        0.041869829004553605,
        0.6365055737744357,
        1.0433381048029582,
        1.32264623540894,
        1.3664302555407641,
        1.366430255540769,
        1.6379738495728593,
        1.8226462354089141
    ],
    "best_basis_state": [
        0,
        1,
        0,
        0,
        0,
        1,
        1,
        0,
        0,
        0,
        0,
        1,
        0,
        0,
        0
    ],
    "basis_prob": 0.010815926021736727,
    "num_paulis": 169,
    "pauli_coeffs": [
        42.142449624736855,
        -7.203205310022251,
        0.03515625,
        1.8720520667475817,
        -4.04571138654638,
        -3.157493923475869,
        0.07031250000000044,
        0.10546875000000044,
        0.5483113556160735,
        -0.6423867114334403,
        1.0966227112321514,
        -2.193245422464301,
        1.5508587110308656,
        -0.24583075163707324,
        -1.6066352124450063,
        0.7754293555154331,
        -1.8524659640820826,
        0.14062500000000044,
        0.21093750000000044,
        0.42187500000000044,
        0.2741556778080386,
        -0.28500295696807487,
        0.32119335571672064,
        -0.34077945838222445,
        0.05577650141414639,
        0.5483113556160766,
        -0.6423867114334392,
        1.0966227112321492,
        -2.193245422464301,
        1.5508587110308616,
        0.24583075163706825,
        1.6066352124450072,
        -0.7754293555154276,
        1.8524659640820778,
        0.2812500000000002,
        0.421875,
        0.8437500000000002,
        1.6875,
        -0.5,
        -7.203205310022251,
        0.03515625,
        1.8720520667475817,
        -4.04571138654638,
        -3.157493923475869,
        0.07031250000000044,
        0.10546875000000044,
        0.5483113556160735,
        -0.6423867114334403,
        1.0966227112321514,
        -2.193245422464301,
        1.5508587110308656,
        -0.24583075163707324,
        -1.6066352124450063,
        0.7754293555154331,
        -1.8524659640820826,
        0.14062500000000044,
        0.21093750000000044,
        0.42187500000000044,
        0.2741556778080386,
        -0.28500295696807487,
        0.32119335571672064,
        -0.34077945838222445,
        0.05577650141414639,
        0.5483113556160766,
        -0.6423867114334392,
        1.0966227112321492,
        -2.193245422464301,
        1.5508587110308616,
        0.24583075163706825,
        1.6066352124450072,
        -0.7754293555154276,
        1.8524659640820778,
        0.2812500000000002,
        0.421875,
        0.8437500000000002,
        1.6875,
        0.5,
        -7.203205310022251,
        0.03515625,
        1.8720520667475817,
        -4.04571138654638,
        -3.157493923475869,
        0.07031250000000044,
        0.10546875000000044,
        0.5483113556160735,
        -0.6423867114334403,
        1.0966227112321514,
        -2.193245422464301,
        1.5508587110308656,
        -0.24583075163707324,
        -1.6066352124450063,
        0.7754293555154331,
        -1.8524659640820826,
        0.14062500000000044,
        0.21093750000000044,
        0.42187500000000044,
        0.2741556778080386,
        -0.28500295696807487,
        0.32119335571672064,
        -0.34077945838222445,
        0.05577650141414639,
        0.5483113556160766,
        -0.6423867114334392,
        1.0966227112321492,
        -2.193245422464301,
        1.5508587110308616,
        0.24583075163706825,
        1.6066352124450072,
        -0.7754293555154276,
        1.8524659640820778,
        0.2812500000000002,
        0.421875,
        0.8437500000000002,
        1.6875,
        -0.5,
        0.25,
        0.25,
        0.25,
        0.25,
        -0.25,
        -0.25,
        -0.0087890625,
        -0.017578125,
        -0.03515625,
        -0.0703125,
        -0.017578125,
        -0.03515625,
        -0.0703125,
        -0.140625,
        -0.03515625,
        -0.0703125,
        -0.140625,
        -0.28125,
        -0.0703125,
        -0.140625,
        -0.28125,
        -0.5625,
        -0.0087890625,
        -0.017578125,
        -0.03515625,
        -0.0703125,
        -0.017578125,
        -0.03515625,
        -0.0703125,
        -0.140625,
        -0.03515625,
        -0.0703125,
        -0.140625,
        -0.28125,
        -0.0703125,
        -0.140625,
        -0.28125,
        -0.5625,
        -0.0087890625,
        -0.017578125,
        -0.03515625,
        -0.0703125,
        -0.017578125,
        -0.03515625,
        -0.0703125,
        -0.140625,
        -0.03515625,
        -0.0703125,
        -0.140625,
        -0.28125,
        -0.0703125,
        -0.140625,
        -0.28125,
        -0.5625
    ],