{
    "load_date": "2026-02-02 20:49:42.804562",
    "potential": "linear",
    "cutoff": 8,
    "N": 3,
    "a": 1.0,
    "c": null,
    "x_max": 3.0,
    "boundary_condition": "periodic",
    "num_qubits": 12,
    "H_size": [
        4096,
        4096
    ],
    "H_dense_mem_estimate_bytes": 268435456,
    "H_sparse_mem_estimate_bytes": 2064388,
    "H_pauli_time": "0:00:00.015063",
    "H_creation_time": "0:00:00.000913",
    "H_eigenvalue_time": "0:00:00.089406",
    "eigenvalues": [
        0.04189955566591717,
        0.6365353004358179,
        1.0434462864211218,
        1.3226759620703223,
        1.366380140969627,
        1.3663801409696315,
        1.638082031191022,
        1.822675962070305
    ],
    "best_basis_state": [
        0,
        1,
        0,
        0,
        1,
        1,
        0,
        0,
        0,
        1,
        0,
        0
    ],
    "basis_prob": 0.08654896393307931,
    "num_paulis": 82,
    "pauli_coeffs": [
        15.902606117665242,
        -1.8720520667475813,
        0.140625,
        0.5483113556160762,
        -1.0966227112321512,
        -0.7754293555154308,
        0.28125,
        0.421875,
        0.2741556778080374,
        -0.3211933557167197,
        0.5483113556160744,
        -1.0966227112321496,
        0.7754293555154309,
        0.5625,
        0.84375,
        1.6875,
        -0.5,
        -1.8720520667475813,
        0.140625,
        0.5483113556160762,
        -1.0966227112321512,
        -0.7754293555154308,
        0.28125,
        0.421875,
        0.2741556778080374,
        -0.3211933557167197,
        0.5483113556160744,
        -1.0966227112321496,
        0.7754293555154309,
        0.5625,
        0.84375,
        1.6875,
        0.5,
        -1.8720520667475813,
        0.140625,
        0.5483113556160762,
        -1.0966227112321512,
        -0.7754293555154308,
        0.28125,
        0.421875,
        0.2741556778080374,
        -0.3211933557167197,
        0.5483113556160744,
        -1.0966227112321496,
        0.7754293555154309,
        0.5625,
        0.84375,
        1.6875,
        -0.5,
        0.25,
        0.25,
        0.25,
        0.25,
        -0.25,
        -0.25,
        -0.03515625,
        -0.0703125,
        -0.140625,
        -0.0703125,
        -0.140625,
        -0.28125,
        -0.140625,
        -0.28125,
        -0.5625,
        -0.03515625,
        -0.0703125,
        -0.140625,
        -0.0703125,
        -0.140625,
        -0.28125,
        -0.140625,
        -0.28125,
        -0.5625,
        -0.03515625,
        -0.0703125,
        -0.140625,
        -0.0703125,
        -0.140625,
        -0.28125,
        -0.140625,
        -0.28125,
        -0.5625
    ],
    "pauli_labels": [
        "IIIIIIIIIIII",
        "IIIIIIIIIIIX",
        "IIIIIIIIIIIZ",
        "IIIIIIIIIIXI",
        "IIIIIIIIIIXX",
        "IIIIIIIIIIYY",
        "IIIIIIIIIIZI",
        "IIIIIIIIIIZZ",
        "IIIIIIIIIXII",
        "IIIIIIIIIXIX",
        "IIIIIIIIIXXI",
        "IIIIIIIIIXXX",
        "IIIIIIIIIXYY",
        "IIIIIIIIIZII",
        "IIIIIIIIIZIZ",
        "IIIIIIIIIZZI",
        "IIIIIIIIZIII",
        "IIIIIIIXIIII",
        "IIIIIIIZIIII",
        "IIIIIIXIIIII",
        "IIIIIIXXIIII",
        "IIIIIIYYIIII",
        "IIIIIIZIIIII",
        "IIIIIIZZIIII",
        "IIIIIXIIIIII",
        "IIIIIXIXIIII",
        "IIIIIXXIIIII",
        "IIIIIXXXIIII",
        "IIIIIXYYIIII",
        "IIIIIZIIIIII",
        "IIIIIZIZIIII",
        "IIIIIZZIIIII",
        "IIIIZIIIIIII",
        "IIIXIIIIIIII",
        "IIIZIIIIIIII",
        "IIXIIIIIIIII",
        "IIXXIIIIIIII",
        "IIYYIIIIIIII",
        "IIZIIIIIIIII",
        "IIZZIIIIIIII",
        "IXIIIIIIIIII",
        "IXIXIIIIIIII",
        "IXXIIIIIIIII",
        "IXXXIIIIIIII",
        "IXYYIIIIIIII",
        "IZIIIIIIIIII",
        "IZIZIIIIIIII",
        "IZZIIIIIIIII",
        "ZIIIIIIIIIII",
        "IIIIXIIIXIII",
        "IIIIYIIIYIII",
        "XIIIXIIIIIII",
        "YIIIYIIIIIII",
        "XIIIIIIIXIII",
        "YIIIIIIIYIII",
        "IIIZIIIZIIII",
        "IIZIIIIZIIII",
        "IZIIIIIZIIII",
        "IIIZIIZIIIII",
        "IIZIIIZIIIII",
        "IZIIIIZIIIII",
        "IIIZIZIIIIII",
        "IIZIIZIIIIII",
        "IZIIIZIIIIII",
        "IIIIIIIZIIIZ",
        "IIIIIIIZIIZI",
        "IIIIIIIZIZII",
        "IIIIIIZIIIIZ",
        "IIIIIIZIIIZI",
        "IIIIIIZIIZII",
        "IIIIIZIIIIIZ",
        "IIIIIZIIIIZI",
        "IIIIIZIIIZII",
        "IIIZIIIIIIIZ",
        "IIIZIIIIIIZI",
        "IIIZIIIIIZII",
        "IIZIIIIIIIIZ",
        "IIZIIIIIIIZI",
        "IIZIIIIIIZII",
        "IZIIIIIIIIIZ",
        "IZIIIIIIIIZI",
        "IZIIIIIIIZII"
    ],
    "boson_position_marginals": {
        "site_0": {
            "x_grid": [
                -3.0,
                -2.25,
                -1.5,
                -0.75,
                0.0,
                0.75,
                1.5,
                2.25
            ],
            "P_x": [
                3.569300400905247e-05,
                0.0011147215046880654,
                0.03151292340949456,
                0.23619969648632347,
                0.4623908599992779,
                0.23614323952878913,
                0.03149403494573262,
                0.0011088311216802963
            ],
            "edge_mass_2": 0.03375328057611003
        },
        "site_1": {
            "x_grid": [
                -3.0,
                -2.25,
                -1.5,
                -0.75,
                0.0,
                0.75,
                1.5,
                2.25
            ],
            "P_x": [
                3.5693004009052644e-05,
                0.0011147215046880704,
                0.03151292340949462,
                0.2361996964863237,
                0.462390859999278,
                0.23614323952878893,
                0.03149403494573262,
                0.0011088311216802945
            ],
            "edge_mass_2": 0.03375328057611004
        },
        "site_2": {
            "x_grid": [
                -3.0,
                -2.25,
                -1.5,
                -0.75,
                0.0,
                0.75,
                1.5,
                2.25
            ],
            "P_x": [
                3.569300400905253e-05,
                0.0011147215046880764,
                0.031512923409494714,
                0.23619969648632397,
                0.4623908599992778,
                0.23614323952878868,
                0.03149403494573253,
                0.0011088311216802893
            ],
            "edge_mass_2": 0.03375328057610995
        }
    }
}