{
    "load_date": "2026-02-02 20:49:42.675022",
    "potential": "linear",
    "cutoff": 2,
    "N": 3,
    "a": 1.0,
    "c": null,
    "x_max": 3.0,
    "boundary_condition": "periodic",
    "num_qubits": 6,
    "H_size": [
        64,
        64
    ],
    "H_dense_mem_estimate_bytes": 65536,
    "H_sparse_mem_estimate_bytes": 9220,
    "H_pauli_time": "0:00:00.004544",
    "H_creation_time": "0:00:00.002374",
    "H_eigenvalue_time": "0:00:00.001894",
    "eigenvalues": [
        -0.9916813476824864,
        -0.39704560291257945,
        0.28909505872192776,
        0.789095058721928,
        1.0698714651263417,
        1.2890950587219268,
        1.7890950587219274,
        2.475235720356432
    ],
    "best_basis_state": [
        0,
        1,
        1,
        1,
        0,
        1
    ],
    "basis_prob": 0.8595479744343354,
    "num_paulis": 19,
    "pauli_coeffs": [
        9.259967033424113,
        -0.2741556778080376,
        2.25,
        -0.5,
        -0.2741556778080376,
        2.25,
        0.5,
        -0.2741556778080376,
        2.25,
        -0.5,
        0.25,
        0.25,
        0.25,
        0.25,
        -0.25,
        -0.25,
        -0.5625,
        -0.5625,
        -0.5625
    ],
    "pauli_labels": [
        "IIIIII",
        "IIIIIX",
        "IIIIIZ",
        "IIIIZI",
        "IIIXII",
        "IIIZII",
        "IIZIII",
        "IXIIII",
        "IZIIII",
        "ZIIIII",
        "IIXIXI",
        "IIYIYI",
        "XIXIII",
        "YIYIII",
        "XIIIXI",
        "YIIIYI",
        "IZIZII",
        "IIIZIZ",
        "IZIIIZ"
    ],
    "boson_position_marginals": {
        "site_0": {
            "x_grid": [
                -3.0,
                0.0
            ],
            "P_x": [
                0.0016460314183969367,
                0.9983539685816037
            ],
            "edge_mass_2": 2.0000000000000013
        },
        "site_1": {
            "x_grid": [
                -3.0,
                0.0
            ],
            "P_x": [
                0.0016460314183969313,
                0.9983539685816037
            ],
            "edge_mass_2": 2.0000000000000013
        },
        "site_2": {
            "x_grid": [
                -3.0,
                0.0
            ],
            "P_x": [
                0.0016460314183969346,
                0.9983539685816037
            ],
            "edge_mass_2": 2.0000000000000013
        }
    }
}