{
    "load_date": "2026-02-02 20:49:42.695880",
    "potential": "linear",
    "cutoff": 4,
    "N": 3,
    "a": 1.0,
    "c": null,
    "x_max": 3.0,
    "boundary_condition": "periodic",
    "num_qubits": 9,
    "H_size": [
        512,
        512
    ],
    "H_dense_mem_estimate_bytes": 4194304,
    "H_sparse_mem_estimate_bytes": 135172,
    "H_pauli_time": "0:00:00.005371",
    "H_creation_time": "0:00:00.000322",
    "H_eigenvalue_time": "0:00:00.012332",
    "eigenvalues": [
        -0.12541029175917495,
        0.4692254530107292,
        1.1553661146452374,
        1.4008115248162047,
        1.5968161550194693,
        1.596816155019476,
        1.6553661146452394,
        1.936142521049638
    ],
    "best_basis_state": [
        0,
        1,
        0,
        1,
        1,
        0,
        0,
        1,
        0
    ],
    "basis_prob": 0.6103678838107677,
    "num_paulis": 40,
    "pauli_coeffs": [
        9.639276100272339,
        -0.5483113556160755,
        0.5624999999999999,
        0.27415567780803773,
        -0.5483113556160752,
        1.125,
        1.6875,
        -0.5,
        -0.5483113556160755,
        0.5625,
        0.27415567780803773,
        -0.5483113556160752,
        1.125,
        1.6875,
        0.5,
        -0.5483113556160755,
        0.5624999999999999,
        0.27415567780803773,
        -0.5483113556160752,
        1.125,
        1.6875,
        -0.5,
        0.25,
        0.25,
        0.25,
        0.25,
        -0.25,
        -0.25,
        -0.140625,
        -0.28125,
        -0.28125,
        -0.5625,
        -0.140625,
        -0.28125,
        -0.28125,
        -0.5625,
        -0.140625,
        -0.28125,
        -0.28125,
        -0.5625
    ],
    "pauli_labels": [
        "IIIIIIIII",
        "IIIIIIIIX",
        "IIIIIIIIZ",
        "IIIIIIIXI",
        "IIIIIIIXX",
        "IIIIIIIZI",
        "IIIIIIIZZ",
        "IIIIIIZII",
        "IIIIIXIII",
        "IIIIIZIII",
        "IIIIXIIII",
        "IIIIXXIII",
        "IIIIZIIII",
        "IIIIZZIII",
        "IIIZIIIII",
        "IIXIIIIII",
        "IIZIIIIII",
        "IXIIIIIII",
        "IXXIIIIII",
        "IZIIIIIII",
        "IZZIIIIII",
        "ZIIIIIIII",
        "IIIXIIXII",
        "IIIYIIYII",
        "XIIXIIIII",
        "YIIYIIIII",
        "XIIIIIXII",
        "YIIIIIYII",
        "IIZIIZIII",
        "IZIIIZIII",
        "IIZIZIIII",
        "IZIIZIIII",
        "IIIIIZIIZ",
        "IIIIIZIZI",
        "IIIIZIIIZ",
        "IIIIZIIZI",
        "IIZIIIIIZ",
        "IIZIIIIZI",
        "IZIIIIIIZ",
        "IZIIIIIZI"
    ],
    "boson_position_marginals": {
        "site_0": {
            "x_grid": [
                -3.0,
                -1.5,
                0.0,
                1.5
            ],
            "P_x": [
                1.9273259130276357e-07,
                0.0550661789837851,
                0.8898686436394176,
                0.05506498464419819
            ],
            "edge_mass_2": 0.9999999999999922
        },
        "site_1": {
            "x_grid": [
                -3.0,
                -1.5,
                0.0,
                1.5
            ],
            "P_x": [
                1.9273259130278956e-07,
                0.05506617898378502,
                0.8898686436394178,
                0.05506498464419833
            ],
            "edge_mass_2": 0.9999999999999923
        },
        "site_2": {
            "x_grid": [
                -3.0,
                -1.5,
                0.0,
                1.5
            ],
            "P_x": [
                1.927325913028024e-07,
                0.05506617898378507,
                0.8898686436394176,
                0.05506498464419824
            ],
            "edge_mass_2": 0.9999999999999923
        }
    }
}