{
    "load_date": "2026-02-02 20:45:18.497918",
    "potential": "linear",
    "cutoff": 16,
    "N": 2,
    "a": 1.0,
    "c": null,
    "x_max": 2.0,
    "boundary_condition": "periodic",
    "num_qubits": 10,
    "H_size": [
        1024,
        1024
    ],
    "H_dense_mem_estimate_bytes": 16777216,
    "H_sparse_mem_estimate_bytes": 638980,
    "H_pauli_time": "0:00:00.409947",
    "H_creation_time": "0:00:00.002757",
    "H_eigenvalue_time": "0:00:00.046495",
    "eigenvalues": [
        -0.08952968582024051,
        0.9104703141797266,
        0.9104703141797272,
        1.2199516242277677,
        1.2199516242277983,
        1.6151696157133881,
        1.6151696157134032,
        1.9104703141797037
    ],
    "best_basis_state": [
        1,
        1,
        0,
        0,
        0,
        0,
        1,
        0,
        0,
        0
    ],
    "basis_prob": 0.016773448328767943,
    "num_paulis": 77,
    "pauli_coeffs": [
        54.3928736558553,
        -16.20721194755007,
        0.015625,
        4.21211715018206,
        -9.102850619729356,
        -7.104361327820708,
        0.03125000000000089,
        0.031249999999999112,
        1.2337005501361662,
        -1.4453701007252413,
        2.4674011002723417,
        -4.934802200544677,
        3.4894320998194472,
        -0.553119191183415,
        -3.614929228001266,
        1.7447160499097265,
        -4.168048419184687,
        0.06250000000000089,
        0.06249999999999911,
        0.1250000000000009,
        0.6168502750680847,
        -0.6412566531781666,
        0.7226850503626205,
        -0.7667537813600043,
        0.12549712818183045,
        1.2337005501361724,
        -1.4453701007252389,
        2.467401100272335,
        -4.934802200544681,
        3.4894320998194392,
        0.5531191911834037,
        3.6149292280012677,
        -1.7447160499097125,
        4.168048419184677,
        0.12499999999999978,
        0.12500000000000022,
        0.24999999999999978,
        0.49999999999999933,
        -0.5,
        -16.20721194755007,
        0.015625,
        4.21211715018206,
        -9.102850619729356,
        -7.104361327820708,
        0.03125000000000089,
        0.031249999999999112,
        1.2337005501361662,
        -1.4453701007252413,
        2.4674011002723417,
        -4.934802200544677,
        3.4894320998194472,
        -0.553119191183415,
        -3.614929228001266,
        1.7447160499097265,
        -4.168048419184687,
        0.06250000000000089,
        0.06249999999999911,
        0.1250000000000009,
        0.6168502750680847,
        -0.6412566531781666,
        0.7226850503626205,
        -0.7667537813600043,
        0.12549712818183045,
        1.2337005501361724,
        -1.4453701007252389,
        2.467401100272335,
        -4.934802200544681,
        3.4894320998194392,
        0.5531191911834037,
        3.6149292280012677,
        -1.7447160499097125,
        4.168048419184677,
        0.12499999999999978,
        0.12500000000000022,
        0.24999999999999978,
        0.49999999999999933,
        0.5
    ],
    "pauli_labels": [
        "IIIIIIIIII",
        "IIIIIIIIIX",
        "IIIIIIIIIZ",
        "IIIIIIIIXI",
        "IIIIIIIIXX",
        "IIIIIIIIYY",
        "IIIIIIIIZI",
        "IIIIIIIIZZ",
        "IIIIIIIXII",
        "IIIIIIIXIX",
        "IIIIIIIXXI",
        "IIIIIIIXXX",
        "IIIIIIIXYY",
        "IIIIIIIYIY",
        "IIIIIIIYXY",
        "IIIIIIIYYI",
        "IIIIIIIYYX",
        "IIIIIIIZII",
        "IIIIIIIZIZ",
        "IIIIIIIZZI",
        "IIIIIIXIII",
        "IIIIIIXIIX",
        "IIIIIIXIXI",
        "IIIIIIXIXX",
        "IIIIIIXIYY",
        "IIIIIIXXII",
        "IIIIIIXXIX",
        "IIIIIIXXXI",
        "IIIIIIXXXX",
        "IIIIIIXXYY",
        "IIIIIIXYIY",
        "IIIIIIXYXY",
        "IIIIIIXYYI",
        "IIIIIIXYYX",
        "IIIIIIZIII",
        "IIIIIIZIIZ",
        "IIIIIIZIZI",
        "IIIIIIZZII",
        "IIIIIZIIII",
        "IIIIXIIIII",
        "IIIIZIIIII",
        "IIIXIIIIII",
        "IIIXXIIIII",
        "IIIYYIIIII",
        "IIIZIIIIII",
        "IIIZZIIIII",
        "IIXIIIIIII",
        "IIXIXIIIII",
        "IIXXIIIIII",
        "IIXXXIIIII",
        "IIXYYIIIII",
        "IIYIYIIIII",
        "IIYXYIIIII",
        "IIYYIIIIII",
        "IIYYXIIIII",
        "IIZIIIIIII",
        "IIZIZIIIII",
        "IIZZIIIIII",
        "IXIIIIIIII",
        "IXIIXIIIII",
        "IXIXIIIIII",
        "IXIXXIIIII",
        "IXIYYIIIII",
        "IXXIIIIIII",
        "IXXIXIIIII",
        "IXXXIIIIII",
        "IXXXXIIIII",
        "IXXYYIIIII",
        "IXYIYIIIII",
        "IXYXYIIIII",
        "IXYYIIIIII",
        "IXYYXIIIII",
        "IZIIIIIIII",
        "IZIIZIIIII",
        "IZIZIIIIII",
        "IZZIIIIIII",
        "ZIIIIIIIII"
    ],
    "boson_position_marginals": {
        "site_0": {
            "x_grid": [
                -2.0,
                -1.75,
                -1.5,
                -1.25,
                -1.0,
                -0.75,
                -0.5,
                -0.25,
                0.0,
                0.25,
                0.5,
                0.75,
                1.0,
                1.25,
                1.5,
                1.75
            ],
            "P_x": [
                0.012227432235629937,
                0.01457281524714144,
                0.021713111073522907,
                0.03466712239562077,
                0.05406264696943249,
                0.07841237656674425,
                0.10334340870084398,
                0.12235862884337428,
                0.1295123481710063,
                0.12235862884337392,
                0.10334340870084327,
                0.07841237656674388,
                0.054062646969432075,
                0.03466712239562025,
                0.021713111073522688,
                0.014572815247141371
            ],
            "edge_mass_2": 0.06308617380343544
        },
        "site_1": {
            "x_grid": [
                -2.0,
                -1.75,
                -1.5,
                -1.25,
                -1.0,
                -0.75,
                -0.5,
                -0.25,
                0.0,
                0.25,
                0.5,
                0.75,
                1.0,
                1.25,
                1.5,
                1.75
            ],
            "P_x": [
                0.012227432235630178,
                0.014572815247141676,
                0.021713111073523153,
                0.03466712239562099,
                0.05406264696943265,
                0.07841237656674435,
                0.10334340870084371,
                0.12235862884337373,
                0.12951234817100563,
                0.12235862884337327,
                0.10334340870084295,
                0.07841237656674392,
                0.05406264696943233,
                0.03466712239562061,
                0.021713111073523025,
                0.014572815247141654
            ],
            "edge_mass_2": 0.06308617380343653
        }
    }
}