{
    "load_date": "2026-02-02 20:45:18.036509",
    "potential": "linear",
    "cutoff": 8,
    "N": 2,
    "a": 1.0,
    "c": null,
    "x_max": 2.0,
    "boundary_condition": "periodic",
    "num_qubits": 8,
    "H_size": [
        256,
        256
    ],
    "H_dense_mem_estimate_bytes": 1048576,
    "H_sparse_mem_estimate_bytes": 77828,
    "H_pauli_time": "0:00:00.012595",
    "H_creation_time": "0:00:00.002809",
    "H_eigenvalue_time": "0:00:00.009754",
    "eigenvalues": [
        -0.0840367710106948,
        0.9159632289892916,
        0.9159632289893002,
        1.2211694652902725,
        1.2211694652902816,
        1.6507595706377642,
        1.6507595706377733,
        1.9159632289892887
    ],
    "best_basis_state": [
        1,
        1,
        0,
        0,
        0,
        1,
        0,
        0
    ],
    "basis_prob": 0.06796591539319442,
    "num_paulis": 33,
    "pauli_coeffs": [
        14.945706051497865,
        -4.212117150182058,
        0.0625,
        1.233700550136172,
        -2.467401100272341,
        -1.7447160499097192,
        0.125,
        0.125,
        0.6168502750680848,
        -0.7226850503626198,
        1.2337005501361675,
        -2.4674011002723377,
        1.7447160499097203,
        0.25,
        0.25,
        0.5,
        -0.5,
        -4.212117150182058,
        0.0625,
        1.233700550136172,
        -2.467401100272341,
        -1.7447160499097192,
        0.125,
        0.125,
        0.6168502750680848,
        -0.7226850503626198,
        1.2337005501361675,
        -2.4674011002723377,
        1.7447160499097203,
        0.25,
        0.25,
        0.5,
        0.5
    ],
    "pauli_labels": [
        "IIIIIIII",
        "IIIIIIIX",
        "IIIIIIIZ",
        "IIIIIIXI",
        "IIIIIIXX",
        "IIIIIIYY",
        "IIIIIIZI",
        "IIIIIIZZ",
        "IIIIIXII",
        "IIIIIXIX",
        "IIIIIXXI",
        "IIIIIXXX",
        "IIIIIXYY",
        "IIIIIZII",
        "IIIIIZIZ",
        "IIIIIZZI",
        "IIIIZIII",
        "IIIXIIII",
        "IIIZIIII",
        "IIXIIIII",
        "IIXXIIII",
        "IIYYIIII",
        "IIZIIIII",
        "IIZZIIII",
        "IXIIIIII",
        "IXIXIIII",
        "IXXIIIII",
        "IXXXIIII",
        "IXYYIIII",
        "IZIIIIII",
        "IZIZIIII",
        "IZZIIIII",
        "ZIIIIIII"
    ],
    "boson_position_marginals": {
        "site_0": {
            "x_grid": [
                -2.0,
                -1.5,
                -1.0,
                -0.5,
                0.0,
                0.5,
                1.0,
                1.5
            ],
            "P_x": [
                0.02318353077943778,
                0.04244124407712032,
                0.10805889702629914,
                0.20755672662373584,
                0.2607027337662456,
                0.20755672662373567,
                0.10805889702629903,
                0.04244124407712036
            ],
            "edge_mass_2": 0.2161249159599775
        },
        "site_1": {
            "x_grid": [
                -2.0,
                -1.5,
                -1.0,
                -0.5,
                0.0,
                0.5,
                1.0,
                1.5
            ],
            "P_x": [
                0.02318353077943778,
                0.042441244077120265,
                0.10805889702629912,
                0.20755672662373575,
                0.2607027337662456,
                0.20755672662373575,
                0.10805889702629909,
                0.04244124407712039
            ],
            "edge_mass_2": 0.21612491595997751
        }
    }
}