{
    "load_date": "2026-02-02 20:45:17.997341",
    "potential": "linear",
    "cutoff": 2,
    "N": 2,
    "a": 1.0,
    "c": null,
    "x_max": 2.0,
    "boundary_condition": "periodic",
    "num_qubits": 4,
    "H_size": [
        16,
        16
    ],
    "H_dense_mem_estimate_bytes": 4096,
    "H_sparse_mem_estimate_bytes": 1028,
    "H_pauli_time": "0:00:00.007065",
    "H_creation_time": "0:00:00.003443",
    "H_eigenvalue_time": "0:00:00.005878",
    "eigenvalues": [
        -0.11619669174618276,
        0.8838033082538136,
        0.8838033082538153,
        1.883803308253816,
        2.2337005501361675,
        2.2337005501361693,
        3.2337005501361693,
        3.2337005501361693
    ],
    "best_basis_state": [
        1,
        1,
        0,
        1
    ],
    "basis_prob": 0.8566437704055648,
    "num_paulis": 7,
    "pauli_coeffs": [
        3.2337005501361693,
        -0.6168502750680848,
        1.0,
        -0.5,
        -0.6168502750680848,
        1.0,
        0.5
    ],
    "pauli_labels": [
        "IIII",
        "IIIX",
        "IIIZ",
        "IIZI",
        "IXII",
        "IZII",
        "ZIII"
    ],
    "boson_position_marginals": {
        "site_0": {
            "x_grid": [
                -2.0,
                0.0
            ],
            "P_x": [
                0.07444947711885316,
                0.9255505228811474
            ],
            "edge_mass_2": 2.000000000000001
        },
        "site_1": {
            "x_grid": [
                -2.0,
                0.0
            ],
            "P_x": [
                0.07444947711885319,
                0.9255505228811474
            ],
            "edge_mass_2": 2.000000000000001
        }
    }
}