{
    "load_date": "2026-02-02 20:45:18.009542",
    "potential": "linear",
    "cutoff": 4,
    "N": 2,
    "a": 1.0,
    "c": null,
    "x_max": 2.0,
    "boundary_condition": "periodic",
    "num_qubits": 6,
    "H_size": [
        64,
        64
    ],
    "H_dense_mem_estimate_bytes": 65536,
    "H_sparse_mem_estimate_bytes": 9220,
    "H_pauli_time": "0:00:00.001954",
    "H_creation_time": "0:00:00.001886",
    "H_eigenvalue_time": "0:00:00.003655",
    "eigenvalues": [
        -0.06640313855427663,
        0.9335968614457154,
        0.9335968614457208,
        1.200498980859028,
        1.2004989808590305,
        1.8152213401952597,
        1.8152213401952653,
        1.9335968614457208
    ],
    "best_basis_state": [
        1,
        1,
        0,
        0,
        1,
        0
    ],
    "basis_prob": 0.28569530136381543,
    "num_paulis": 15,
    "pauli_coeffs": [
        5.201101650408509,
        -1.2337005501361697,
        0.2500000000000002,
        0.6168502750680849,
        -1.2337005501361697,
        0.5,
        0.5,
        -0.5,
        -1.2337005501361697,
        0.2500000000000002,
        0.6168502750680849,
        -1.2337005501361697,
        0.5,
        0.5,
        0.5
    ],
    "pauli_labels": [
        "IIIIII",
        "IIIIIX",
        "IIIIIZ",
        "IIIIXI",
        "IIIIXX",
        "IIIIZI",
        "IIIIZZ",
        "IIIZII",
        "IIXIII",
        "IIZIII",
        "IXIIII",
        "IXXIII",
        "IZIIII",
        "IZZIII",
        "ZIIIII"
    ],
    "boson_position_marginals": {
        "site_0": {
            "x_grid": [
                -2.0,
                -1.0,
                0.0,
                1.0
            ],
            "P_x": [
                0.041062353067665994,
                0.2122164608181366,
                0.5345047252960581,
                0.2122164608181366
            ],
            "edge_mass_2": 0.9999999999999973
        },
        "site_1": {
            "x_grid": [
                -2.0,
                -1.0,
                0.0,
                1.0
            ],
            "P_x": [
                0.04106235306766608,
                0.21221646081813658,
                0.534504725296058,
                0.21221646081813667
            ],
            "edge_mass_2": 0.9999999999999973
        }
    }
}