{
    "potential": "linear",
    "cutoff": 2,
    "bc": "dirichlet",
    "N": 2,
    "a": 1.0,
    "c": null,
    "optimizer": "COBYLA",
    "num steps": 10,
    "op_list": [
        "(<class 'pennylane.ops.qubit.parametric_ops_single_qubit.Rot'>, array([1.7863339 , 3.14159322, 4.43923499]), Wires([3]), np.float64(0.12500000000007938))",
        "(<class 'pennylane.ops.qubit.parametric_ops_single_qubit.Rot'>, array([1.66908993, 3.69471809, 6.11659594]), Wires([0]), np.float64(0.12500000000007938))",
        "(<class 'pennylane.ops.qubit.parametric_ops_single_qubit.Rot'>, array([1.66909135, 3.69496132, 5.11659701]), Wires([1]), np.float64(0.12500000000007938))",
        "(<class 'pennylane.ops.qubit.parametric_ops_single_qubit.Rot'>, array([1.66909113, 3.69471763, 6.11659733]), Wires([0]), np.float64(0.12500000000007938))",
        "(<class 'pennylane.ops.qubit.parametric_ops_single_qubit.Rot'>, array([1.66909015, 3.69471692, 6.11659589]), Wires([0]), np.float64(0.12500000000007935))",
        "(<class 'pennylane.ops.qubit.parametric_ops_single_qubit.Rot'>, array([1.66908976, 3.81971758, 5.11659701]), Wires([0]), np.float64(0.12500000000007935))",
        "(<class 'pennylane.ops.qubit.parametric_ops_single_qubit.Rot'>, array([1.66909061, 3.69471759, 6.11659648]), Wires([0]), np.float64(0.12500000000007933))",
        "(<class 'pennylane.ops.qubit.parametric_ops_single_qubit.Rot'>, array([1.89269835, 4.58291451, 5.11659655]), Wires([1]), np.float64(0.1250000000000793))",
        "(<class 'pennylane.ops.op_math.controlled_ops.CZ'>, array([1.66909061, 3.69471759, 5.11659648]), Wires([0, 1]), np.float64(0.1250000000000793))",
        "(<class 'pennylane.ops.op_math.controlled_ops.CZ'>, array([1.66909061, 3.69471759, 5.11659648]), Wires([0, 1]), np.float64(0.1250000000000793))"
    ],
    "reduced_op_list": [
        [
            "Rot",
            [
                3
            ]
        ],
        [
            "Rot",
            [
                0
            ]
        ],
        [
            "Rot",
            [
                1
            ]
        ],
        [
            "CZ",
            [
                0,
                1
            ]
        ],
        [
            "CZ",
            [
                0,
                1
            ]
        ]
    ],
    "num_params": 9,
    "overlap": 0.05278640450004246,
    "hellinger_fidelity": 0.026751010532269914
}