{
    "load_date": "2026-02-02 20:45:46.133257",
    "potential": "linear",
    "cutoff": 8,
    "N": 2,
    "a": 1.0,
    "c": null,
    "x_max": 3.0,
    "boundary_condition": "periodic",
    "num_qubits": 8,
    "H_size": [
        256,
        256
    ],
    "H_dense_mem_estimate_bytes": 1048576,
    "H_sparse_mem_estimate_bytes": 77828,
    "H_pauli_time": "0:00:00.009887",
    "H_creation_time": "0:00:00.002918",
    "H_eigenvalue_time": "0:00:00.008977",
    "eigenvalues": [
        -0.0007657557781346695,
        0.9992342442218556,
        0.9992342442218606,
        1.005367536125899,
        1.0053675361259007,
        1.95861107945282,
        1.958611079452822,
        1.9992342442218658
    ],
    "best_basis_state": [
        1,
        1,
        0,
        0,
        0,
        1,
        0,
        0
    ],
    "basis_prob": 0.1786947211947059,
    "num_paulis": 33,
    "pauli_coeffs": [
        9.125174911776828,
        -1.8720520667475813,
        0.140625,
        0.5483113556160762,
        -1.0966227112321512,
        -0.7754293555154308,
        0.28125,
        0.28125,
        0.2741556778080374,
        -0.3211933557167197,
        0.5483113556160744,
        -1.0966227112321496,
        0.7754293555154309,
        0.5625,
        0.5625,
        1.125,
        -0.5,
        -1.8720520667475813,
        0.140625,
        0.5483113556160762,
        -1.0966227112321512,
        -0.7754293555154308,
        0.28125,
        0.28125,
        0.2741556778080374,
        -0.3211933557167197,
        0.5483113556160744,
        -1.0966227112321496,
        0.7754293555154309,
        0.5625,
        0.5625,
        1.125,
        0.5
    ],
    "pauli_labels": [
        "IIIIIIII",
        "IIIIIIIX",
        "IIIIIIIZ",
        "IIIIIIXI",
        "IIIIIIXX",
        "IIIIIIYY",
        "IIIIIIZI",
        "IIIIIIZZ",
        "IIIIIXII",
        "IIIIIXIX",
        "IIIIIXXI",
        "IIIIIXXX",
        "IIIIIXYY",
        "IIIIIZII",
        "IIIIIZIZ",
        "IIIIIZZI",
        "IIIIZIII",
        "IIIXIIII",
        "IIIZIIII",
        "IIXIIIII",
        "IIXXIIII",
        "IIYYIIII",
        "IIZIIIII",
        "IIZZIIII",
        "IXIIIIII",
        "IXIXIIII",
        "IXXIIIII",
        "IXXXIIII",
        "IXYYIIII",
        "IZIIIIII",
        "IZIZIIII",
        "IZZIIIII",
        "ZIIIIIII"
    ],
    "boson_position_marginals": {
        "site_0": {
            "x_grid": [
                -3.0,
                -2.25,
                -1.5,
                -0.75,
                0.0,
                0.75,
                1.5,
                2.25
            ],
            "P_x": [
                0.0002182436090534466,
                0.002812872398582278,
                0.04475986726626529,
                0.2409566465348559,
                0.4227229839915312,
                0.24095664653485632,
                0.044759867266265393,
                0.0028128723985823075
            ],
            "edge_mass_2": 0.050603855672483426
        },
        "site_1": {
            "x_grid": [
                -3.0,
                -2.25,
                -1.5,
                -0.75,
                0.0,
                0.75,
                1.5,
                2.25
            ],
            "P_x": [
                0.00021824360905344317,
                0.002812872398582264,
                0.044759867266265206,
                0.24095664653485604,
                0.4227229839915315,
                0.24095664653485604,
                0.044759867266265255,
                0.002812872398582291
            ],
            "edge_mass_2": 0.05060385567248325
        }
    }
}