{
    "load_date": "2026-02-02 20:45:46.109415",
    "potential": "linear",
    "cutoff": 4,
    "N": 2,
    "a": 1.0,
    "c": null,
    "x_max": 3.0,
    "boundary_condition": "periodic",
    "num_qubits": 6,
    "H_size": [
        64,
        64
    ],
    "H_dense_mem_estimate_bytes": 65536,
    "H_sparse_mem_estimate_bytes": 9220,
    "H_pauli_time": "0:00:00.001863",
    "H_creation_time": "0:00:00.001577",
    "H_eigenvalue_time": "0:00:00.003902",
    "eigenvalues": [
        -0.046483242068197296,
        0.953516757931798,
        0.9535167579317997,
        1.1500697345819695,
        1.150069734581974,
        1.8178430185289496,
        1.817843018528961,
        1.9535167579318025
    ],
    "best_basis_state": [
        1,
        1,
        0,
        0,
        1,
        0
    ],
    "basis_prob": 0.6898687726482595,
    "num_paulis": 15,
    "pauli_coeffs": [
        5.019934066848226,
        -0.5483113556160755,
        0.5624999999999999,
        0.27415567780803773,
        -0.5483113556160752,
        1.125,
        1.125,
        -0.5,
        -0.5483113556160755,
        0.5624999999999999,
        0.27415567780803773,
        -0.5483113556160752,
        1.125,
        1.125,
        0.5
    ],
    "pauli_labels": [
        "IIIIII",
        "IIIIIX",
        "IIIIIZ",
        "IIIIXI",
        "IIIIXX",
        "IIIIZI",
        "IIIIZZ",
        "IIIZII",
        "IIXIII",
        "IIZIII",
        "IXIIII",
        "IXXIII",
        "IZIIII",
        "IZZIII",
        "ZIIIII"
    ],
    "boson_position_marginals": {
        "site_0": {
            "x_grid": [
                -3.0,
                -1.5,
                0.0,
                1.5
            ],
            "P_x": [
                0.00020347503901881655,
                0.08460656600430909,
                0.8305833929523628,
                0.08460656600430903
            ],
            "edge_mass_2": 0.9999999999999998
        },
        "site_1": {
            "x_grid": [
                -3.0,
                -1.5,
                0.0,
                1.5
            ],
            "P_x": [
                0.0002034750390188164,
                0.0846065660043088,
                0.830583392952363,
                0.08460656600430912
            ],
            "edge_mass_2": 0.9999999999999998
        }
    }
}