{
    "load_date": "2026-02-02 20:45:46.100091",
    "potential": "linear",
    "cutoff": 2,
    "N": 2,
    "a": 1.0,
    "c": null,
    "x_max": 3.0,
    "boundary_condition": "periodic",
    "num_qubits": 4,
    "H_size": [
        16,
        16
    ],
    "H_dense_mem_estimate_bytes": 4096,
    "H_sparse_mem_estimate_bytes": 1028,
    "H_pauli_time": "0:00:00.001748",
    "H_creation_time": "0:00:00.002822",
    "H_eigenvalue_time": "0:00:00.000416",
    "eigenvalues": [
        -0.48497060590998137,
        0.5150293940900171,
        0.5150293940900182,
        1.5150293940900204,
        4.048311355616073,
        4.0483113556160735,
        5.0483113556160735,
        5.048311355616075
    ],
    "best_basis_state": [
        1,
        1,
        0,
        1
    ],
    "basis_prob": 0.9926717827553262,
    "num_paulis": 7,
    "pauli_coeffs": [
        5.048311355616075,
        -0.2741556778080376,
        2.25,
        -0.5,
        -0.2741556778080376,
        2.25,
        0.5
    ],
    "pauli_labels": [
        "IIII",
        "IIIX",
        "IIIZ",
        "IIZI",
        "IXII",
        "IZII",
        "ZIII"
    ],
    "boson_position_marginals": {
        "site_0": {
            "x_grid": [
                -3.0,
                0.0
            ],
            "P_x": [
                0.003670846178168632,
                0.9963291538218311
            ],
            "edge_mass_2": 1.9999999999999993
        },
        "site_1": {
            "x_grid": [
                -3.0,
                0.0
            ],
            "P_x": [
                0.0036708461781686523,
                0.9963291538218311
            ],
            "edge_mass_2": 1.9999999999999996
        }
    }
}