{
    "load_date": "2026-02-02 20:45:46.577322",
    "potential": "linear",
    "cutoff": 16,
    "N": 2,
    "a": 1.0,
    "c": null,
    "x_max": 3.0,
    "boundary_condition": "periodic",
    "num_qubits": 10,
    "H_size": [
        1024,
        1024
    ],
    "H_dense_mem_estimate_bytes": 16777216,
    "H_sparse_mem_estimate_bytes": 638980,
    "H_pauli_time": "0:00:00.397555",
    "H_creation_time": "0:00:00.004177",
    "H_eigenvalue_time": "0:00:00.039945",
    "eigenvalues": [
        -0.0008565255656103016,
        0.9991434744343639,
        0.9991434744343872,
        1.0056271019869631,
        1.0056271019869871,
        1.9506971147908367,
        1.9506971147908432,
        1.9991434744343746
    ],
    "best_basis_state": [
        1,
        1,
        0,
        0,
        0,
        0,
        1,
        0,
        0,
        0
    ],
    "basis_prob": 0.04465763457181712,
    "num_paulis": 77,
    "pauli_coeffs": [
        26.60082579149124,
        -7.203205310022251,
        0.03515625,
        1.8720520667475817,
        -4.04571138654638,
        -3.157493923475869,
        0.07031250000000044,
        0.07031250000000044,
        0.5483113556160735,
        -0.6423867114334403,
        1.0966227112321514,
        -2.193245422464301,
        1.5508587110308656,
        -0.24583075163707324,
        -1.6066352124450063,
        0.7754293555154331,
        -1.8524659640820826,
        0.14062500000000044,
        0.14062500000000044,
        0.28125000000000044,
        0.2741556778080386,
        -0.28500295696807487,
        0.32119335571672064,
        -0.34077945838222445,
        0.05577650141414639,
        0.5483113556160766,
        -0.6423867114334392,
        1.0966227112321492,
        -2.193245422464301,
        1.5508587110308616,
        0.24583075163706825,
        1.6066352124450072,
        -0.7754293555154276,
        1.8524659640820778,
        0.2812500000000002,
        0.28125,
        0.5625000000000002,
        1.125,
        -0.5,
        -7.203205310022251,
        0.03515625,
        1.8720520667475817,
        -4.04571138654638,
        -3.157493923475869,
        0.07031250000000044,
        0.07031250000000044,
        0.5483113556160735,
        -0.6423867114334403,
        1.0966227112321514,
        -2.193245422464301,
        1.5508587110308656,
        -0.24583075163707324,
        -1.6066352124450063,
        0.7754293555154331,
        -1.8524659640820826,
        0.14062500000000044,
        0.14062500000000044,
        0.28125000000000044,
        0.2741556778080386,
        -0.28500295696807487,
        0.32119335571672064,
        -0.34077945838222445,
        0.05577650141414639,
        0.5483113556160766,
        -0.6423867114334392,
        1.0966227112321492,
        -2.193245422464301,
        1.5508587110308616,
        0.24583075163706825,
        1.6066352124450072,
        -0.7754293555154276,
        1.8524659640820778,
        0.2812500000000002,
        0.28125,
        0.5625000000000002,
        1.125,
        0.5
    ],
    "pauli_labels": [
        "IIIIIIIIII",
        "IIIIIIIIIX",
        "IIIIIIIIIZ",
        "IIIIIIIIXI",
        "IIIIIIIIXX",
        "IIIIIIIIYY",
        "IIIIIIIIZI",
        "IIIIIIIIZZ",
        "IIIIIIIXII",
        "IIIIIIIXIX",
        "IIIIIIIXXI",
        "IIIIIIIXXX",
        "IIIIIIIXYY",
        "IIIIIIIYIY",
        "IIIIIIIYXY",
        "IIIIIIIYYI",
        "IIIIIIIYYX",
        "IIIIIIIZII",
        "IIIIIIIZIZ",
        "IIIIIIIZZI",
        "IIIIIIXIII",
        "IIIIIIXIIX",
        "IIIIIIXIXI",
        "IIIIIIXIXX",
        "IIIIIIXIYY",
        "IIIIIIXXII",
        "IIIIIIXXIX",
        "IIIIIIXXXI",
        "IIIIIIXXXX",
        "IIIIIIXXYY",
        "IIIIIIXYIY",
        "IIIIIIXYXY",
        "IIIIIIXYYI",
        "IIIIIIXYYX",
        "IIIIIIZIII",
        "IIIIIIZIIZ",
        "IIIIIIZIZI",
        "IIIIIIZZII",
        "IIIIIZIIII",
        "IIIIXIIIII",
        "IIIIZIIIII",
        "IIIXIIIIII",
        "IIIXXIIIII",
        "IIIYYIIIII",
        "IIIZIIIIII",
        "IIIZZIIIII",
        "IIXIIIIIII",
        "IIXIXIIIII",
        "IIXXIIIIII",
        "IIXXXIIIII",
        "IIXYYIIIII",
        "IIYIYIIIII",
        "IIYXYIIIII",
        "IIYYIIIIII",
        "IIYYXIIIII",
        "IIZIIIIIII",
        "IIZIZIIIII",
        "IIZZIIIIII",
        "IXIIIIIIII",
        "IXIIXIIIII",
        "IXIXIIIIII",
        "IXIXXIIIII",
        "IXIYYIIIII",
        "IXXIIIIIII",
        "IXXIXIIIII",
        "IXXXIIIIII",
        "IXXXXIIIII",
        "IXXYYIIIII",
        "IXYIYIIIII",
        "IXYXYIIIII",
        "IXYYIIIIII",
        "IXYYXIIIII",
        "IZIIIIIIII",
        "IZIIZIIIII",
        "IZIZIIIIII",
        "IZZIIIIIII",
        "ZIIIIIIIII"
    ],
    "boson_position_marginals": {
        "site_0": {
            "x_grid": [
                -3.0,
                -2.625,
                -2.25,
                -1.875,
                -1.5,
                -1.125,
                -0.75,
                -0.375,
                0.0,
                0.375,
                0.75,
                1.125,
                1.5,
                1.875,
                2.25,
                2.625
            ],
            "P_x": [
                0.00011558526605666033,
                0.00028671767548255886,
                0.0014193987898720158,
                0.006378919499893505,
                0.022383153422268973,
                0.05971000223297075,
                0.12047952197329956,
                0.18362272848907235,
                0.21132353056821895,
                0.18362272848907224,
                0.12047952197329917,
                0.05971000223297087,
                0.022383153422269042,
                0.0063789194998934914,
                0.0014193987898720103,
                0.000286717675482566
            ],
            "edge_mass_2": 0.002108419406893796
        },
        "site_1": {
            "x_grid": [
                -3.0,
                -2.625,
                -2.25,
                -1.875,
                -1.5,
                -1.125,
                -0.75,
                -0.375,
                0.0,
                0.375,
                0.75,
                1.125,
                1.5,
                1.875,
                2.25,
                2.625
            ],
            "P_x": [
                0.000115585266056659,
                0.0002867176754825605,
                0.0014193987898720275,
                0.006378919499893557,
                0.022383153422269028,
                0.059710002232970814,
                0.12047952197329947,
                0.18362272848907207,
                0.2113235305682186,
                0.18362272848907238,
                0.12047952197329934,
                0.05971000223297104,
                0.02238315342226913,
                0.006378919499893493,
                0.0014193987898719956,
                0.00028671767548255924
            ],
            "edge_mass_2": 0.0021084194068937746
        }
    }
}