{
    "load_date": "2026-02-02 18:39:24.581510",
    "potential": "linear",
    "cutoff": 4,
    "N": 2,
    "a": 1.0,
    "c": null,
    "x_max": 4.0,
    "boundary_condition": "dirichlet",
    "num_qubits": 6,
    "H_size": [
        64,
        64
    ],
    "H_dense_mem_estimate_bytes": 65536,
    "H_sparse_mem_estimate_bytes": 10500,
    "H_pauli_time": "0:00:00.001855",
    "H_creation_time": "0:00:00.000280",
    "H_eigenvalue_time": "0:00:00.004133",
    "eigenvalues": [
        -0.3638445585436409,
        0.7541894302062434,
        0.7541894302062492,
        1.567485863887267,
        1.5674858638872753,
        1.8722234189561444,
        1.9247638446047872,
        1.92476384460479
    ],
    "best_basis_state": [
        1,
        1,
        0,
        0,
        1,
        0
    ],
    "basis_prob": 0.8802385359446213,
    "num_paulis": 17,
    "pauli_coeffs": [
        6.925275412602127,
        -0.30842513753404244,
        0.9999999999999996,
        0.15421256876702122,
        -0.30842513753404244,
        1.9999999999999998,
        1.9999999999999998,
        -0.5,
        -0.30842513753404244,
        0.9999999999999996,
        0.15421256876702122,
        -0.30842513753404244,
        1.9999999999999998,
        1.9999999999999998,
        0.5,
        0.25,
        0.25
    ],
    "pauli_labels": [
        "IIIIII",
        "IIIIIX",
        "IIIIIZ",
        "IIIIXI",
        "IIIIXX",
        "IIIIZI",
        "IIIIZZ",
        "IIIZII",
        "IIXIII",
        "IIZIII",
        "IXIIII",
        "IXXIII",
        "IZIIII",
        "IZZIII",
        "ZIIIII",
        "XIIXII",
        "YIIYII"
    ],
    "boson_position_marginals": {
        "site_0": {
            "x_grid": [
                -4.0,
                -2.0,
                0.0,
                2.0
            ],
            "P_x": [
                7.226248506492255e-05,
                0.017964763909244136,
                0.9639982096964437,
                0.017964763909243724
            ],
            "edge_mass_2": 0.9999999999999964
        },
        "site_1": {
            "x_grid": [
                -4.0,
                -2.0,
                0.0,
                2.0
            ],
            "P_x": [
                7.226248506492195e-05,
                0.017964763909243956,
                0.9639982096964437,
                0.017964763909243887
            ],
            "edge_mass_2": 0.9999999999999964
        }
    }
}