{
    "load_date": "2026-02-02 18:39:25.040527",
    "potential": "linear",
    "cutoff": 16,
    "N": 2,
    "a": 1.0,
    "c": null,
    "x_max": 4.0,
    "boundary_condition": "dirichlet",
    "num_qubits": 10,
    "H_size": [
        1024,
        1024
    ],
    "H_dense_mem_estimate_bytes": 16777216,
    "H_sparse_mem_estimate_bytes": 659460,
    "H_pauli_time": "0:00:00.401070",
    "H_creation_time": "0:00:00.000797",
    "H_eigenvalue_time": "0:00:00.033822",
    "eigenvalues": [
        -0.11803497218180409,
        0.8819798270799668,
        0.881979827079973,
        0.9999990165680858,
        0.9999990165680878,
        1.881758341623973,
        1.8817583416239807,
        1.8819946263417382
    ],
    "best_basis_state": [
        1,
        1,
        0,
        0,
        0,
        0,
        1,
        0,
        0,
        0
    ],
    "basis_prob": 0.07537664216687036,
    "num_paulis": 79,
    "pauli_coeffs": [
        18.637280913963828,
        -4.051802986887518,
        0.06249999999999911,
        1.053029287545515,
        -2.275712654932339,
        -1.776090331955177,
        0.12500000000000044,
        0.12499999999999956,
        0.30842513753404155,
        -0.3613425251813103,
        0.6168502750680854,
        -1.2337005501361693,
        0.8723580249548618,
        -0.13827979779585375,
        -0.9037323070003165,
        0.4361790124774316,
        -1.0420121047961717,
        0.2500000000000002,
        0.24999999999999978,
        0.5000000000000002,
        0.15421256876702116,
        -0.16031416329454165,
        0.18067126259065514,
        -0.19168844534000107,
        0.03137428204545761,
        0.3084251375340431,
        -0.3613425251813097,
        0.6168502750680838,
        -1.2337005501361702,
        0.8723580249548598,
        0.13827979779585092,
        0.9037323070003169,
        -0.43617901247742813,
        1.0420121047961692,
        0.5,
        0.5,
        1.0,
        2.0,
        -0.5,
        -4.051802986887518,
        0.06249999999999911,
        1.053029287545515,
        -2.275712654932339,
        -1.776090331955177,
        0.12500000000000044,
        0.12499999999999956,
        0.30842513753404155,
        -0.3613425251813103,
        0.6168502750680854,
        -1.2337005501361693,
        0.8723580249548618,
        -0.13827979779585375,
        -0.9037323070003165,
        0.4361790124774316,
        -1.0420121047961717,
        0.2500000000000002,
        0.24999999999999978,
        0.5000000000000002,
        0.15421256876702116,
        -0.16031416329454165,
        0.18067126259065514,
        -0.19168844534000107,
        0.03137428204545761,
        0.3084251375340431,
        -0.3613425251813097,
        0.6168502750680838,
        -1.2337005501361702,
        0.8723580249548598,
        0.13827979779585092,
        0.9037323070003169,
        -0.43617901247742813,
        1.0420121047961692,
        0.5,
        0.5,
        1.0,
        2.0,
        0.5,
        0.25,
        0.25
    ],
    "pauli_labels": [
        "IIIIIIIIII",
        "IIIIIIIIIX",
        "IIIIIIIIIZ",
        "IIIIIIIIXI",
        "IIIIIIIIXX",
        "IIIIIIIIYY",
        "IIIIIIIIZI",
        "IIIIIIIIZZ",
        "IIIIIIIXII",
        "IIIIIIIXIX",
        "IIIIIIIXXI",
        "IIIIIIIXXX",
        "IIIIIIIXYY",
        "IIIIIIIYIY",
        "IIIIIIIYXY",
        "IIIIIIIYYI",
        "IIIIIIIYYX",
        "IIIIIIIZII",
        "IIIIIIIZIZ",
        "IIIIIIIZZI",
        "IIIIIIXIII",
        "IIIIIIXIIX",
        "IIIIIIXIXI",
        "IIIIIIXIXX",
        "IIIIIIXIYY",
        "IIIIIIXXII",
        "IIIIIIXXIX",
        "IIIIIIXXXI",
        "IIIIIIXXXX",
        "IIIIIIXXYY",
        "IIIIIIXYIY",
        "IIIIIIXYXY",
        "IIIIIIXYYI",
        "IIIIIIXYYX",
        "IIIIIIZIII",
        "IIIIIIZIIZ",
        "IIIIIIZIZI",
        "IIIIIIZZII",
        "IIIIIZIIII",
        "IIIIXIIIII",
        "IIIIZIIIII",
        "IIIXIIIIII",
        "IIIXXIIIII",
        "IIIYYIIIII",
        "IIIZIIIIII",
        "IIIZZIIIII",
        "IIXIIIIIII",
        "IIXIXIIIII",
        "IIXXIIIIII",
        "IIXXXIIIII",
        "IIXYYIIIII",
        "IIYIYIIIII",
        "IIYXYIIIII",
        "IIYYIIIIII",
        "IIYYXIIIII",
        "IIZIIIIIII",
        "IIZIZIIIII",
        "IIZZIIIIII",
        "IXIIIIIIII",
        "IXIIXIIIII",
        "IXIXIIIIII",
        "IXIXXIIIII",
        "IXIYYIIIII",
        "IXXIIIIIII",
        "IXXIXIIIII",
        "IXXXIIIIII",
        "IXXXXIIIII",
        "IXXYYIIIII",
        "IXYIYIIIII",
        "IXYXYIIIII",
        "IXYYIIIIII",
        "IXYYXIIIII",
        "IZIIIIIIII",
        "IZIIZIIIII",
        "IZIZIIIIII",
        "IZZIIIIIII",
        "ZIIIIIIIII",
        "XIIIIXIIII",
        "YIIIIYIIII"
    ],
    "boson_position_marginals": {
        "site_0": {
            "x_grid": [
                -4.0,
                -3.5,
                -3.0,
                -2.5,
                -2.0,
                -1.5,
                -1.0,
                -0.5,
                0.0,
                0.5,
                1.0,
                1.5,
                2.0,
                2.5,
                3.0,
                3.5
            ],
            "P_x": [
                1.3041489727633933e-07,
                1.4226551732355938e-06,
                3.4903839323554446e-05,
                0.0005446728179017827,
                0.005166889199360946,
                0.029732669892572783,
                0.10377688545587148,
                0.21969530160771936,
                0.2820943786492499,
                0.21969530160771905,
                0.1037768854558709,
                0.029732669892572772,
                0.005166889199360981,
                0.0005446728179017788,
                3.490383932355293e-05,
                1.4226551732358386e-06
            ],
            "edge_mass_2": 3.78795645673007e-05
        },
        "site_1": {
            "x_grid": [
                -4.0,
                -3.5,
                -3.0,
                -2.5,
                -2.0,
                -1.5,
                -1.0,
                -0.5,
                0.0,
                0.5,
                1.0,
                1.5,
                2.0,
                2.5,
                3.0,
                3.5
            ],
            "P_x": [
                1.3041489727632623e-07,
                1.4226551732354992e-06,
                3.490383932355377e-05,
                0.0005446728179017785,
                0.005166889199360923,
                0.029732669892572706,
                0.10377688545587126,
                0.2196953016077194,
                0.28209437864924986,
                0.21969530160771922,
                0.10377688545587115,
                0.029732669892572807,
                0.00516688919936096,
                0.0005446728179017738,
                3.490383932355234e-05,
                1.4226551732357433e-06
            ],
            "edge_mass_2": 3.787956456729991e-05
        }
    }
}