{
    "load_date": "2026-02-02 18:39:24.573297",
    "potential": "linear",
    "cutoff": 2,
    "N": 2,
    "a": 1.0,
    "c": null,
    "x_max": 4.0,
    "boundary_condition": "dirichlet",
    "num_qubits": 4,
    "H_size": [
        16,
        16
    ],
    "H_dense_mem_estimate_bytes": 4096,
    "H_sparse_mem_estimate_bytes": 1348,
    "H_pauli_time": "0:00:00.001651",
    "H_creation_time": "0:00:00.000310",
    "H_eigenvalue_time": "0:00:00.000443",
    "eigenvalues": [
        -0.8155520227268104,
        0.30248196602308425,
        0.302481966023086,
        1.4205159547729833,
        7.190391148784144,
        7.190391148784146,
        8.30842513753403,
        8.30842513753404
    ],
    "best_basis_state": [
        1,
        1,
        0,
        1
    ],
    "basis_prob": 0.9465105667641788,
    "num_paulis": 9,
    "pauli_coeffs": [
        8.30842513753404,
        -0.1542125687670212,
        3.9999999999999996,
        -0.5,
        -0.1542125687670212,
        3.9999999999999996,
        0.5,
        0.25,
        0.25
    ],
    "pauli_labels": [
        "IIII",
        "IIIX",
        "IIIZ",
        "IIZI",
        "IXII",
        "IZII",
        "ZIII",
        "XIXI",
        "YIYI"
    ],
    "boson_position_marginals": {
        "site_0": {
            "x_grid": [
                -4.0,
                0.0
            ],
            "P_x": [
                0.00037117247672353935,
                0.9996288275232762
            ],
            "edge_mass_2": 1.9999999999999996
        },
        "site_1": {
            "x_grid": [
                -4.0,
                0.0
            ],
            "P_x": [
                0.0003711724767235381,
                0.9996288275232762
            ],
            "edge_mass_2": 1.9999999999999996
        }
    }
}