{
    "load_date": "2026-02-02 18:39:24.602729",
    "potential": "linear",
    "cutoff": 8,
    "N": 2,
    "a": 1.0,
    "c": null,
    "x_max": 4.0,
    "boundary_condition": "dirichlet",
    "num_qubits": 8,
    "H_size": [
        256,
        256
    ],
    "H_dense_mem_estimate_bytes": 1048576,
    "H_sparse_mem_estimate_bytes": 82948,
    "H_pauli_time": "0:00:00.011220",
    "H_creation_time": "0:00:00.000285",
    "H_eigenvalue_time": "0:00:00.007869",
    "eigenvalues": [
        -0.11836512768120296,
        0.8845978162374539,
        0.8845978162374545,
        0.9996688610686885,
        0.9996688610686894,
        1.8593884198453472,
        1.8593884198453554,
        1.8875607601561186
    ],
    "best_basis_state": [
        1,
        1,
        0,
        0,
        0,
        1,
        0,
        0
    ],
    "basis_prob": 0.30208780252166967,
    "num_paulis": 35,
    "pauli_coeffs": [
        8.892676512874466,
        -1.0530292875455145,
        0.25,
        0.308425137534043,
        -0.6168502750680852,
        -0.4361790124774298,
        0.5,
        0.5,
        0.1542125687670212,
        -0.18067126259065494,
        0.3084251375340419,
        -0.6168502750680844,
        0.4361790124774301,
        1.0,
        1.0,
        2.0,
        -0.5,
        -1.0530292875455145,
        0.25,
        0.308425137534043,
        -0.6168502750680852,
        -0.4361790124774298,
        0.5,
        0.5,
        0.1542125687670212,
        -0.18067126259065494,
        0.3084251375340419,
        -0.6168502750680844,
        0.4361790124774301,
        1.0,
        1.0,
        2.0,
        0.5,
        0.25,
        0.25
    ],
    "pauli_labels": [
        "IIIIIIII",
        "IIIIIIIX",
        "IIIIIIIZ",
        "IIIIIIXI",
        "IIIIIIXX",
        "IIIIIIYY",
        "IIIIIIZI",
        "IIIIIIZZ",
        "IIIIIXII",
        "IIIIIXIX",
        "IIIIIXXI",
        "IIIIIXXX",
        "IIIIIXYY",
        "IIIIIZII",
        "IIIIIZIZ",
        "IIIIIZZI",
        "IIIIZIII",
        "IIIXIIII",
        "IIIZIIII",
        "IIXIIIII",
        "IIXXIIII",
        "IIYYIIII",
        "IIZIIIII",
        "IIZZIIII",
        "IXIIIIII",
        "IXIXIIII",
        "IXXIIIII",
        "IXXXIIII",
        "IXYYIIII",
        "IZIIIIII",
        "IZIZIIII",
        "IZZIIIII",
        "ZIIIIIII",
        "XIIIXIII",
        "YIIIYIII"
    ],
    "boson_position_marginals": {
        "site_0": {
            "x_grid": [
                -4.0,
                -3.0,
                -2.0,
                -1.0,
                0.0,
                1.0,
                2.0,
                3.0
            ],
            "P_x": [
                1.724841910060188e-07,
                7.169503580696277e-05,
                0.010307563913114761,
                0.20725450122079334,
                0.5647323071763765,
                0.20725450122079347,
                0.010307563913114774,
                7.169503580696458e-05
            ],
            "edge_mass_2": 0.010451126468919707
        },
        "site_1": {
            "x_grid": [
                -4.0,
                -3.0,
                -2.0,
                -1.0,
                0.0,
                1.0,
                2.0,
                3.0
            ],
            "P_x": [
                1.724841910060074e-07,
                7.169503580696388e-05,
                0.010307563913114784,
                0.2072545012207935,
                0.5647323071763761,
                0.20725450122079353,
                0.010307563913114774,
                7.169503580696442e-05
            ],
            "edge_mass_2": 0.010451126468919708
        }
    }
}