{
    "load_date": "2026-02-02 20:46:41.824882",
    "potential": "linear",
    "cutoff": 2,
    "N": 2,
    "a": 1.0,
    "c": null,
    "x_max": 5.0,
    "boundary_condition": "periodic",
    "num_qubits": 4,
    "H_size": [
        16,
        16
    ],
    "H_dense_mem_estimate_bytes": 4096,
    "H_sparse_mem_estimate_bytes": 1028,
    "H_pauli_time": "0:00:00.001578",
    "H_creation_time": "0:00:00.002844",
    "H_eigenvalue_time": "0:00:00.000426",
    "eigenvalues": [
        -0.8041663602843175,
        0.19583363971568601,
        0.19583363971568707,
        1.1958336397156892,
        11.697392088021784,
        11.697392088021784,
        12.697392088021775,
        12.697392088021786
    ],
    "best_basis_state": [
        1,
        1,
        0,
        1
    ],
    "basis_prob": 0.9998753435626946,
    "num_paulis": 7,
    "pauli_coeffs": [
        12.697392088021786,
        -0.09869604401089355,
        6.25,
        -0.5,
        -0.09869604401089355,
        6.25,
        0.5
    ],
    "pauli_labels": [
        "IIII",
        "IIIX",
        "IIIZ",
        "IIZI",
        "IXII",
        "IZII",
        "ZIII"
    ],
    "boson_position_marginals": {
        "site_0": {
            "x_grid": [
                -5.0,
                0.0
            ],
            "P_x": [
                6.233016117723698e-05,
                0.9999376698388228
            ],
            "edge_mass_2": 2.0
        },
        "site_1": {
            "x_grid": [
                -5.0,
                0.0
            ],
            "P_x": [
                6.2330161177238e-05,
                0.9999376698388228
            ],
            "edge_mass_2": 2.0
        }
    }
}