{
    "load_date": "2026-02-02 20:46:41.859090",
    "potential": "linear",
    "cutoff": 8,
    "N": 2,
    "a": 1.0,
    "c": null,
    "x_max": 5.0,
    "boundary_condition": "periodic",
    "num_qubits": 8,
    "H_size": [
        256,
        256
    ],
    "H_dense_mem_estimate_bytes": 1048576,
    "H_sparse_mem_estimate_bytes": 77828,
    "H_pauli_time": "0:00:00.009580",
    "H_creation_time": "0:00:00.003425",
    "H_eigenvalue_time": "0:00:00.009082",
    "eigenvalues": [
        -0.010010657790419576,
        0.989989342209573,
        0.9899893422095787,
        1.0428585466135833,
        1.0428585466135862,
        1.8073845625739429,
        1.807384562573951,
        1.989989342209577
    ],
    "best_basis_state": [
        1,
        1,
        0,
        0,
        0,
        1,
        0,
        0
    ],
    "basis_prob": 0.5039313459998557,
    "num_paulis": 33,
    "pauli_coeffs": [
        10.765062968239658,
        -0.6739387440291293,
        0.390625,
        0.19739208802178745,
        -0.3947841760435744,
        -0.27915456798555516,
        0.78125,
        0.78125,
        0.09869604401089338,
        -0.115629608058019,
        0.19739208802178673,
        -0.3947841760435739,
        0.2791545679855552,
        1.5625,
        1.5625,
        3.125,
        -0.5,
        -0.6739387440291293,
        0.390625,
        0.19739208802178745,
        -0.3947841760435744,
        -0.27915456798555516,
        0.78125,
        0.78125,
        0.09869604401089338,
        -0.115629608058019,
        0.19739208802178673,
        -0.3947841760435739,
        0.2791545679855552,
        1.5625,
        1.5625,
        3.125,
        0.5
    ],
    "pauli_labels": [
        "IIIIIIII",
        "IIIIIIIX",
        "IIIIIIIZ",
        "IIIIIIXI",
        "IIIIIIXX",
        "IIIIIIYY",
        "IIIIIIZI",
        "IIIIIIZZ",
        "IIIIIXII",
        "IIIIIXIX",
        "IIIIIXXI",
        "IIIIIXXX",
        "IIIIIXYY",
        "IIIIIZII",
        "IIIIIZIZ",
        "IIIIIZZI",
        "IIIIZIII",
        "IIIXIIII",
        "IIIZIIII",
        "IIXIIIII",
        "IIXXIIII",
        "IIYYIIII",
        "IIZIIIII",
        "IIZZIIII",
        "IXIIIIII",
        "IXIXIIII",
        "IXXIIIII",
        "IXXXIIII",
        "IXYYIIII",
        "IZIIIIII",
        "IZIZIIII",
        "IZZIIIII",
        "ZIIIIIII"
    ],
    "boson_position_marginals": {
        "site_0": {
            "x_grid": [
                -5.0,
                -3.75,
                -2.5,
                -1.25,
                0.0,
                1.25,
                2.5,
                3.75
            ],
            "P_x": [
                3.027559123341216e-07,
                2.5999403837908627e-06,
                0.001243299613036737,
                0.1438133392478175,
                0.7098812196416046,
                0.14381333924781764,
                0.0012432996130367327,
                2.59994038379103e-06
            ],
            "edge_mass_2": 0.0012488022497166489
        },
        "site_1": {
            "x_grid": [
                -5.0,
                -3.75,
                -2.5,
                -1.25,
                0.0,
                1.25,
                2.5,
                3.75
            ],
            "P_x": [
                3.0275591233414903e-07,
                2.5999403837909047e-06,
                0.0012432996130367349,
                0.1438133392478176,
                0.7098812196416047,
                0.14381333924781745,
                0.0012432996130367264,
                2.599940383790915e-06
            ],
            "edge_mass_2": 0.0012488022497166424
        }
    }
}