{
    "load_date": "2026-02-02 20:46:41.835033",
    "potential": "linear",
    "cutoff": 4,
    "N": 2,
    "a": 1.0,
    "c": null,
    "x_max": 5.0,
    "boundary_condition": "periodic",
    "num_qubits": 6,
    "H_size": [
        64,
        64
    ],
    "H_dense_mem_estimate_bytes": 65536,
    "H_sparse_mem_estimate_bytes": 9220,
    "H_pauli_time": "0:00:00.001780",
    "H_creation_time": "0:00:00.001649",
    "H_eigenvalue_time": "0:00:00.004000",
    "eigenvalues": [
        -0.45669942547203324,
        0.5433005745279618,
        0.5433005745279673,
        1.5433005745279567,
        2.594042375285759,
        2.5940423752857646,
        2.80656268417301,
        2.8065626841730102
    ],
    "best_basis_state": [
        1,
        1,
        0,
        0,
        1,
        0
    ],
    "basis_prob": 0.9854919837436712,
    "num_paulis": 15,
    "pauli_coeffs": [
        9.967176264065362,
        -0.19739208802178715,
        1.5625,
        0.09869604401089357,
        -0.19739208802178715,
        3.125,
        3.125,
        -0.5,
        -0.19739208802178715,
        1.5625,
        0.09869604401089357,
        -0.19739208802178715,
        3.125,
        3.125,
        0.5
    ],
    "pauli_labels": [
        "IIIIII",
        "IIIIIX",
        "IIIIIZ",
        "IIIIXI",
        "IIIIXX",
        "IIIIZI",
        "IIIIZZ",
        "IIIZII",
        "IIXIII",
        "IIZIII",
        "IXIIII",
        "IXXIII",
        "IZIIII",
        "IZZIII",
        "ZIIIII"
    ],
    "boson_position_marginals": {
        "site_0": {
            "x_grid": [
                -5.0,
                -2.5,
                0.0,
                2.5
            ],
            "P_x": [
                3.545444772754246e-05,
                0.003622528300500438,
                0.9927194889512689,
                0.0036225283005004625
            ],
            "edge_mass_2": 0.9999999999999973
        },
        "site_1": {
            "x_grid": [
                -5.0,
                -2.5,
                0.0,
                2.5
            ],
            "P_x": [
                3.545444772754233e-05,
                0.0036225283005004755,
                0.9927194889512689,
                0.003622528300500429
            ],
            "edge_mass_2": 0.9999999999999974
        }
    }
}