{
    "load_date": "2026-02-02 20:46:42.288648",
    "potential": "linear",
    "cutoff": 16,
    "N": 2,
    "a": 1.0,
    "c": null,
    "x_max": 5.0,
    "boundary_condition": "periodic",
    "num_qubits": 10,
    "H_size": [
        1024,
        1024
    ],
    "H_dense_mem_estimate_bytes": 16777216,
    "H_sparse_mem_estimate_bytes": 638980,
    "H_pauli_time": "0:00:00.393293",
    "H_creation_time": "0:00:00.002089",
    "H_eigenvalue_time": "0:00:00.031753",
    "eigenvalues": [
        -2.5896328889200447e-10,
        0.9999999997410081,
        0.9999999997410148,
        1.0000000060702174,
        1.0000000060702263,
        1.9999998565377086,
        1.9999998565377408,
        1.999999999741021
    ],
    "best_basis_state": [
        1,
        1,
        0,
        0,
        0,
        0,
        1,
        0,
        0,
        0
    ],
    "basis_prob": 0.12433982083344153,
    "num_paulis": 77,
    "pauli_coeffs": [
        16.886297284936845,
        -2.5931539116080113,
        0.09765624999999911,
        0.6739387440291296,
        -1.4564560991566968,
        -1.1366978124513132,
        0.19531249999999956,
        0.19531249999999956,
        0.19739208802178637,
        -0.23125921611603845,
        0.39478417604357463,
        -0.7895683520871484,
        0.5583091359711116,
        -0.0884990705893464,
        -0.5783886764802024,
        0.27915456798555605,
        -0.6668877470695498,
        0.3906249999999998,
        0.3906249999999998,
        0.7812499999999998,
        0.09869604401089377,
        -0.10260106450850683,
        0.11562960805801938,
        -0.1226806050176007,
        0.020079540509092726,
        0.19739208802178737,
        -0.23125921611603817,
        0.39478417604357363,
        -0.7895683520871485,
        0.5583091359711102,
        0.08849907058934474,
        0.5783886764802028,
        -0.27915456798555416,
        0.6668877470695481,
        0.78125,
        0.7812499999999998,
        1.5625,
        3.125,
        -0.5,
        -2.5931539116080113,
        0.09765624999999911,
        0.6739387440291296,
        -1.4564560991566968,
        -1.1366978124513132,
        0.19531249999999956,
        0.19531249999999956,
        0.19739208802178637,
        -0.23125921611603845,
        0.39478417604357463,
        -0.7895683520871484,
        0.5583091359711116,
        -0.0884990705893464,
        -0.5783886764802024,
        0.27915456798555605,
        -0.6668877470695498,
        0.3906249999999998,
        0.3906249999999998,
        0.7812499999999998,
        0.09869604401089377,
        -0.10260106450850683,
        0.11562960805801938,
        -0.1226806050176007,
        0.020079540509092726,
        0.19739208802178737,
        -0.23125921611603817,
        0.39478417604357363,
        -0.7895683520871485,
        0.5583091359711102,
        0.08849907058934474,
        0.5783886764802028,
        -0.27915456798555416,
        0.6668877470695481,
        0.78125,
        0.7812499999999998,
        1.5625,
        3.125,
        0.5
    ],
    "pauli_labels": [
        "IIIIIIIIII",
        "IIIIIIIIIX",
        "IIIIIIIIIZ",
        "IIIIIIIIXI",
        "IIIIIIIIXX",
        "IIIIIIIIYY",
        "IIIIIIIIZI",
        "IIIIIIIIZZ",
        "IIIIIIIXII",
        "IIIIIIIXIX",
        "IIIIIIIXXI",
        "IIIIIIIXXX",
        "IIIIIIIXYY",
        "IIIIIIIYIY",
        "IIIIIIIYXY",
        "IIIIIIIYYI",
        "IIIIIIIYYX",
        "IIIIIIIZII",
        "IIIIIIIZIZ",
        "IIIIIIIZZI",
        "IIIIIIXIII",
        "IIIIIIXIIX",
        "IIIIIIXIXI",
        "IIIIIIXIXX",
        "IIIIIIXIYY",
        "IIIIIIXXII",
        "IIIIIIXXIX",
        "IIIIIIXXXI",
        "IIIIIIXXXX",
        "IIIIIIXXYY",
        "IIIIIIXYIY",
        "IIIIIIXYXY",
        "IIIIIIXYYI",
        "IIIIIIXYYX",
        "IIIIIIZIII",
        "IIIIIIZIIZ",
        "IIIIIIZIZI",
        "IIIIIIZZII",
        "IIIIIZIIII",
        "IIIIXIIIII",
        "IIIIZIIIII",
        "IIIXIIIIII",
        "IIIXXIIIII",
        "IIIYYIIIII",
        "IIIZIIIIII",
        "IIIZZIIIII",
        "IIXIIIIIII",
        "IIXIXIIIII",
        "IIXXIIIIII",
        "IIXXXIIIII",
        "IIXYYIIIII",
        "IIYIYIIIII",
        "IIYXYIIIII",
        "IIYYIIIIII",
        "IIYYXIIIII",
        "IIZIIIIIII",
        "IIZIZIIIII",
        "IIZZIIIIII",
        "IXIIIIIIII",
        "IXIIXIIIII",
        "IXIXIIIIII",
        "IXIXXIIIII",
        "IXIYYIIIII",
        "IXXIIIIIII",
        "IXXIXIIIII",
        "IXXXIIIIII",
        "IXXXXIIIII",
        "IXXYYIIIII",
        "IXYIYIIIII",
        "IXYXYIIIII",
        "IXYYIIIIII",
        "IXYYXIIIII",
        "IZIIIIIIII",
        "IZIIZIIIII",
        "IZIZIIIIII",
        "IZZIIIIIII",
        "ZIIIIIIIII"
    ],
    "boson_position_marginals": {
        "site_0": {
            "x_grid": [
                -5.0,
                -4.375,
                -3.75,
                -3.125,
                -2.5,
                -1.875,
                -1.25,
                -0.625,
                0.0,
                0.625,
                1.25,
                1.875,
                2.5,
                3.125,
                3.75,
                4.375
            ],
            "P_x": [
                1.961561952713045e-11,
                1.7273291594920684e-09,
                2.7545221420974233e-07,
                2.0237161279410023e-05,
                0.0006807137519694171,
                0.010483070246314681,
                0.07391285866650817,
                0.23859358285238394,
                0.3526185202643795,
                0.23859358285238386,
                0.07391285866650778,
                0.010483070246314695,
                0.000680713751969438,
                2.0237161279411138e-05,
                2.754522142096986e-07,
                1.7273291594972984e-09
            ],
            "edge_mass_2": 2.7892648814821514e-07
        },
        "site_1": {
            "x_grid": [
                -5.0,
                -4.375,
                -3.75,
                -3.125,
                -2.5,
                -1.875,
                -1.25,
                -0.625,
                0.0,
                0.625,
                1.25,
                1.875,
                2.5,
                3.125,
                3.75,
                4.375
            ],
            "P_x": [
                1.9615619527125686e-11,
                1.7273291594920435e-09,
                2.754522142098173e-07,
                2.0237161279411815e-05,
                0.0006807137519694224,
                0.01048307024631458,
                0.07391285866650765,
                0.2385935828523838,
                0.3526185202643796,
                0.23859358285238386,
                0.07391285866650829,
                0.010483070246314872,
                0.0006807137519694209,
                2.0237161279406174e-05,
                2.7545221420950876e-07,
                1.7273291594964135e-09
            ],
            "edge_mass_2": 2.7892648814802434e-07
        }
    }
}