{
    "load_date": "2026-02-02 18:39:25.046317",
    "potential": "linear",
    "cutoff": 2,
    "N": 2,
    "a": 1.0,
    "c": null,
    "x_max": 8.0,
    "boundary_condition": "dirichlet",
    "num_qubits": 4,
    "H_size": [
        16,
        16
    ],
    "H_dense_mem_estimate_bytes": 4096,
    "H_sparse_mem_estimate_bytes": 1348,
    "H_pauli_time": "0:00:00.001539",
    "H_creation_time": "0:00:00.000216",
    "H_eigenvalue_time": "0:00:00.000429",
    "eigenvalues": [
        -1.0410206007798566,
        0.07701338797004188,
        0.07701338797004192,
        1.1950473767199377,
        30.95907229563361,
        30.959072295633614,
        32.077106284383504,
        32.077106284383504
    ],
    "best_basis_state": [
        1,
        1,
        0,
        1
    ],
    "basis_prob": 0.9472108457366298,
    "num_paulis": 9,
    "pauli_coeffs": [
        32.077106284383504,
        -0.0385531421917553,
        15.999999999999998,
        -0.5,
        -0.0385531421917553,
        15.999999999999998,
        0.5,
        0.25,
        0.25
    ],
    "pauli_labels": [
        "IIII",
        "IIIX",
        "IIIZ",
        "IIZI",
        "IXII",
        "IZII",
        "ZIII",
        "XIXI",
        "YIYI"
    ],
    "boson_position_marginals": {
        "site_0": {
            "x_grid": [
                -8.0,
                0.0
            ],
            "P_x": [
                1.4515022466432202e-06,
                0.9999985484977535
            ],
            "edge_mass_2": 2.0000000000000004
        },
        "site_1": {
            "x_grid": [
                -8.0,
                0.0
            ],
            "P_x": [
                1.4515022466433748e-06,
                0.9999985484977535
            ],
            "edge_mass_2": 2.0000000000000004
        }
    }
}