{
    "load_date": "2026-02-02 18:39:25.517306",
    "potential": "linear",
    "cutoff": 16,
    "N": 2,
    "a": 1.0,
    "c": null,
    "x_max": 8.0,
    "boundary_condition": "dirichlet",
    "num_qubits": 10,
    "H_size": [
        1024,
        1024
    ],
    "H_dense_mem_estimate_bytes": 16777216,
    "H_sparse_mem_estimate_bytes": 659460,
    "H_pauli_time": "0:00:00.398835",
    "H_creation_time": "0:00:00.000890",
    "H_eigenvalue_time": "0:00:00.038138",
    "eigenvalues": [
        -0.11840589792311042,
        0.8847521734664325,
        0.8847521734664446,
        0.9996280908267838,
        0.9996280908267874,
        1.8550632081844232,
        1.8550632081844296,
        1.8879102448560048
    ],
    "best_basis_state": [
        1,
        1,
        0,
        0,
        0,
        0,
        1,
        0,
        0,
        0
    ],
    "basis_prob": 0.3024349339652503,
    "num_paulis": 79,
    "pauli_coeffs": [
        24.815570228490955,
        -1.0129507467218795,
        0.25,
        0.26325732188637874,
        -0.5689281637330847,
        -0.44402258298879427,
        0.5,
        0.5,
        0.07710628438351039,
        -0.09033563129532758,
        0.15421256876702136,
        -0.3084251375340423,
        0.21808950623871545,
        -0.03456994944896344,
        -0.22593307675007912,
        0.1090447531193579,
        -0.2605030261990429,
        1.0,
        1.0,
        2.0,
        0.03855314219175529,
        -0.04007854082363541,
        0.045167815647663784,
        -0.04792211133500027,
        0.007843570511364403,
        0.07710628438351078,
        -0.09033563129532743,
        0.15421256876702094,
        -0.30842513753404255,
        0.21808950623871495,
        0.03456994944896273,
        0.22593307675007923,
        -0.10904475311935703,
        0.2605030261990423,
        2.0,
        2.0,
        4.0,
        8.0,
        -0.5,
        -1.0129507467218795,
        0.25,
        0.26325732188637874,
        -0.5689281637330847,
        -0.44402258298879427,
        0.5,
        0.5,
        0.07710628438351039,
        -0.09033563129532758,
        0.15421256876702136,
        -0.3084251375340423,
        0.21808950623871545,
        -0.03456994944896344,
        -0.22593307675007912,
        0.1090447531193579,
        -0.2605030261990429,
        1.0,
        1.0,
        2.0,
        0.03855314219175529,
        -0.04007854082363541,
        0.045167815647663784,
        -0.04792211133500027,
        0.007843570511364403,
        0.07710628438351078,
        -0.09033563129532743,
        0.15421256876702094,
        -0.30842513753404255,
        0.21808950623871495,
        0.03456994944896273,
        0.22593307675007923,
        -0.10904475311935703,
        0.2605030261990423,
        2.0,
        2.0,
        4.0,
        8.0,
        0.5,
        0.25,
        0.25
    ],
    "pauli_labels": [
        "IIIIIIIIII",
        "IIIIIIIIIX",
        "IIIIIIIIIZ",
        "IIIIIIIIXI",
        "IIIIIIIIXX",
        "IIIIIIIIYY",
        "IIIIIIIIZI",
        "IIIIIIIIZZ",
        "IIIIIIIXII",
        "IIIIIIIXIX",
        "IIIIIIIXXI",
        "IIIIIIIXXX",
        "IIIIIIIXYY",
        "IIIIIIIYIY",
        "IIIIIIIYXY",
        "IIIIIIIYYI",
        "IIIIIIIYYX",
        "IIIIIIIZII",
        "IIIIIIIZIZ",
        "IIIIIIIZZI",
        "IIIIIIXIII",
        "IIIIIIXIIX",
        "IIIIIIXIXI",
        "IIIIIIXIXX",
        "IIIIIIXIYY",
        "IIIIIIXXII",
        "IIIIIIXXIX",
        "IIIIIIXXXI",
        "IIIIIIXXXX",
        "IIIIIIXXYY",
        "IIIIIIXYIY",
        "IIIIIIXYXY",
        "IIIIIIXYYI",
        "IIIIIIXYYX",
        "IIIIIIZIII",
        "IIIIIIZIIZ",
        "IIIIIIZIZI",
        "IIIIIIZZII",
        "IIIIIZIIII",
        "IIIIXIIIII",
        "IIIIZIIIII",
        "IIIXIIIIII",
        "IIIXXIIIII",
        "IIIYYIIIII",
        "IIIZIIIIII",
        "IIIZZIIIII",
        "IIXIIIIIII",
        "IIXIXIIIII",
        "IIXXIIIIII",
        "IIXXXIIIII",
        "IIXYYIIIII",
        "IIYIYIIIII",
        "IIYXYIIIII",
        "IIYYIIIIII",
        "IIYYXIIIII",
        "IIZIIIIIII",
        "IIZIZIIIII",
        "IIZZIIIIII",
        "IXIIIIIIII",
        "IXIIXIIIII",
        "IXIXIIIIII",
        "IXIXXIIIII",
        "IXIYYIIIII",
        "IXXIIIIIII",
        "IXXIXIIIII",
        "IXXXIIIIII",
        "IXXXXIIIII",
        "IXXYYIIIII",
        "IXYIYIIIII",
        "IXYXYIIIII",
        "IXYYIIIIII",
        "IXYYXIIIII",
        "IZIIIIIIII",
        "IZIIZIIIII",
        "IZIZIIIIII",
        "IZZIIIIIII",
        "ZIIIIIIIII",
        "XIIIIXIIII",
        "YIIIIYIIII"
    ],
    "boson_position_marginals": {
        "site_0": {
            "x_grid": [
                -8.0,
                -7.0,
                -6.0,
                -5.0,
                -4.0,
                -3.0,
                -2.0,
                -1.0,
                0.0,
                1.0,
                2.0,
                3.0,
                4.0,
                5.0,
                6.0,
                7.0
            ],
            "P_x": [
                4.4029733583184864e-10,
                7.360195980999482e-10,
                1.259217202286947e-09,
                2.414745680014179e-09,
                3.844747660839304e-08,
                7.02834428864773e-05,
                0.010330231255964948,
                0.20707110064314935,
                0.5650566831607804,
                0.20707110064314788,
                0.010330231255964765,
                7.028344288647644e-05,
                3.8447476608410154e-08,
                2.41474568001572e-09,
                1.259217202286192e-09,
                7.360195981069603e-10
            ],
            "edge_mass_2": 3.171553734324949e-09
        },
        "site_1": {
            "x_grid": [
                -8.0,
                -7.0,
                -6.0,
                -5.0,
                -4.0,
                -3.0,
                -2.0,
                -1.0,
                0.0,
                1.0,
                2.0,
                3.0,
                4.0,
                5.0,
                6.0,
                7.0
            ],
            "P_x": [
                4.4029733583189817e-10,
                7.360195981006417e-10,
                1.2592172022748609e-09,
                2.4147456800139934e-09,
                3.844747660839152e-08,
                7.028344288647492e-05,
                0.010330231255964838,
                0.20707110064314807,
                0.5650566831607807,
                0.20707110064314876,
                0.010330231255964826,
                7.028344288647613e-05,
                3.844747660841535e-08,
                2.4147456800070926e-09,
                1.2592172022927234e-09,
                7.360195981007972e-10
            ],
            "edge_mass_2": 3.1715537343260605e-09
        }
    }
}