{
    "load_date": "2026-02-02 18:39:25.053863",
    "potential": "linear",
    "cutoff": 4,
    "N": 2,
    "a": 1.0,
    "c": null,
    "x_max": 8.0,
    "boundary_condition": "dirichlet",
    "num_qubits": 6,
    "H_size": [
        64,
        64
    ],
    "H_dense_mem_estimate_bytes": 65536,
    "H_sparse_mem_estimate_bytes": 10500,
    "H_pauli_time": "0:00:00.001743",
    "H_creation_time": "0:00:00.000173",
    "H_eigenvalue_time": "0:00:00.003773",
    "eigenvalues": [
        -0.8897589139726771,
        0.22827507477721526,
        0.22827507477722125,
        1.3463090635271118,
        7.073209833022209,
        7.073209833022228,
        7.151294120829214,
        7.151294120829226
    ],
    "best_basis_state": [
        1,
        1,
        0,
        0,
        1,
        0
    ],
    "basis_prob": 0.9468634852269725,
    "num_paulis": 17,
    "pauli_coeffs": [
        24.23131885315053,
        -0.07710628438351061,
        3.9999999999999982,
        0.038553142191755305,
        -0.07710628438351061,
        7.999999999999999,
        7.999999999999999,
        -0.5,
        -0.07710628438351061,
        3.9999999999999982,
        0.038553142191755305,
        -0.07710628438351061,
        7.999999999999999,
        7.999999999999999,
        0.5,
        0.25,
        0.25
    ],
    "pauli_labels": [
        "IIIIII",
        "IIIIIX",
        "IIIIIZ",
        "IIIIXI",
        "IIIIXX",
        "IIIIZI",
        "IIIIZZ",
        "IIIZII",
        "IIXIII",
        "IIZIII",
        "IXIIII",
        "IXXIII",
        "IZIIII",
        "IZZIII",
        "ZIIIII",
        "XIIXII",
        "YIIYII"
    ],
    "boson_position_marginals": {
        "site_0": {
            "x_grid": [
                -8.0,
                -4.0,
                0.0,
                4.0
            ],
            "P_x": [
                1.342030287165138e-06,
                9.174283762352278e-05,
                0.9998151722944651,
                9.174283762352317e-05
            ],
            "edge_mass_2": 0.9999999999999993
        },
        "site_1": {
            "x_grid": [
                -8.0,
                -4.0,
                0.0,
                4.0
            ],
            "P_x": [
                1.3420302871653566e-06,
                9.174283762352405e-05,
                0.9998151722944651,
                9.174283762352268e-05
            ],
            "edge_mass_2": 0.9999999999999993
        }
    }
}