{
    "load_date": "2026-02-02 18:39:25.077091",
    "potential": "linear",
    "cutoff": 8,
    "N": 2,
    "a": 1.0,
    "c": null,
    "x_max": 8.0,
    "boundary_condition": "dirichlet",
    "num_qubits": 8,
    "H_size": [
        256,
        256
    ],
    "H_dense_mem_estimate_bytes": 1048576,
    "H_sparse_mem_estimate_bytes": 82948,
    "H_pauli_time": "0:00:00.010443",
    "H_creation_time": "0:00:00.000443",
    "H_eigenvalue_time": "0:00:00.010593",
    "eigenvalues": [
        -0.4002637247184738,
        0.7177702640314078,
        0.7177702640314108,
        1.5799043305070308,
        1.5799043305070326,
        1.7883168442180222,
        1.7883168442180337,
        1.8358042527813037
    ],
    "best_basis_state": [
        1,
        1,
        0,
        0,
        0,
        1,
        0,
        0
    ],
    "basis_prob": 0.8930759051355773,
    "num_paulis": 35,
    "pauli_coeffs": [
        22.848169128218615,
        -0.2632573218863786,
        1.0,
        0.07710628438351075,
        -0.1542125687670213,
        -0.10904475311935745,
        2.0,
        2.0,
        0.0385531421917553,
        -0.045167815647663735,
        0.07710628438351047,
        -0.1542125687670211,
        0.10904475311935752,
        4.0,
        4.0,
        8.0,
        -0.5,
        -0.2632573218863786,
        1.0,
        0.07710628438351075,
        -0.1542125687670213,
        -0.10904475311935745,
        2.0,
        2.0,
        0.0385531421917553,
        -0.045167815647663735,
        0.07710628438351047,
        -0.1542125687670211,
        0.10904475311935752,
        4.0,
        4.0,
        8.0,
        0.5,
        0.25,
        0.25
    ],
    "pauli_labels": [
        "IIIIIIII",
        "IIIIIIIX",
        "IIIIIIIZ",
        "IIIIIIXI",
        "IIIIIIXX",
        "IIIIIIYY",
        "IIIIIIZI",
        "IIIIIIZZ",
        "IIIIIXII",
        "IIIIIXIX",
        "IIIIIXXI",
        "IIIIIXXX",
        "IIIIIXYY",
        "IIIIIZII",
        "IIIIIZIZ",
        "IIIIIZZI",
        "IIIIZIII",
        "IIIXIIII",
        "IIIZIIII",
        "IIXIIIII",
        "IIXXIIII",
        "IIYYIIII",
        "IIZIIIII",
        "IIZZIIII",
        "IXIIIIII",
        "IXIXIIII",
        "IXXIIIII",
        "IXXXIIII",
        "IXYYIIII",
        "IZIIIIII",
        "IZIZIIII",
        "IZZIIIII",
        "ZIIIIIII",
        "XIIIXIII",
        "YIIIYIII"
    ],
    "boson_position_marginals": {
        "site_0": {
            "x_grid": [
                -8.0,
                -6.0,
                -4.0,
                -2.0,
                0.0,
                2.0,
                4.0,
                6.0
            ],
            "P_x": [
                6.350809138779596e-07,
                2.5419615459132414e-06,
                2.2361933093674706e-05,
                0.014473666425456229,
                0.9710022242788894,
                0.01447366642545612,
                2.2361933093677033e-05,
                2.541961545913239e-06
            ],
            "edge_mass_2": 2.8080937099381473e-05
        },
        "site_1": {
            "x_grid": [
                -8.0,
                -6.0,
                -4.0,
                -2.0,
                0.0,
                2.0,
                4.0,
                6.0
            ],
            "P_x": [
                6.35080913877851e-07,
                2.541961545913227e-06,
                2.2361933093674438e-05,
                0.014473666425456177,
                0.9710022242788895,
                0.014473666425456087,
                2.236193309367845e-05,
                2.541961545913261e-06
            ],
            "edge_mass_2": 2.8080937099382788e-05
        }
    }
}