{
    "load_date": "2026-02-02 20:14:44.582841",
    "potential": "linear",
    "cutoff": 4,
    "N": 4,
    "a": 1.0,
    "c": null,
    "x_max": 6.0,
    "boundary_condition": "dirichlet",
    "num_qubits": 12,
    "H_size": [
        4096,
        4096
    ],
    "H_dense_mem_estimate_bytes": 268435456,
    "H_sparse_mem_estimate_bytes": 1327108,
    "H_pauli_time": "0:00:00.005100",
    "H_creation_time": "0:00:00.000919",
    "H_eigenvalue_time": "0:00:00.091533",
    "eigenvalues": [
        -1.5353029046567657,
        -0.4886456050536445,
        -0.4886456050536384,
        -0.24902591380781736,
        -0.24902591380781114,
        0.5580116945494775,
        0.7976313857953038,
        0.7976313857953116
    ],
    "best_basis_state": [
        1,
        1,
        0,
        0,
        1,
        0,
        1,
        1,
        0,
        0,
        1,
        0
    ],
    "basis_prob": 0.8655010703450875,
    "num_paulis": 43,
    "pauli_coeffs": [
        36.82246703342412,
        -0.13707783890401887,
        2.2500000000000004,
        0.06853891945200943,
        -0.1370778389040188,
        4.5,
        5.625,
        -0.5,
        -0.13707783890401887,
        2.8125,
        0.06853891945200943,
        -0.1370778389040188,
        5.625,
        6.75,
        0.5,
        -0.13707783890401887,
        2.8125,
        0.06853891945200943,
        -0.1370778389040188,
        5.625,
        6.75,
        -0.5,
        -0.13707783890401887,
        2.2500000000000004,
        0.06853891945200943,
        -0.1370778389040188,
        4.5,
        5.625,
        0.5,
        0.25,
        0.25,
        0.25,
        0.25,
        0.25,
        0.25,
        -0.5625,
        -1.125,
        -1.125,
        -2.25,
        -0.5625,
        -1.125,
        -1.125,
        -2.25
    ],
    "pauli_labels": [
        "IIIIIIIIIIII",
        "IIIIIIIIIIIX",
        "IIIIIIIIIIIZ",
        "IIIIIIIIIIXI",
        "IIIIIIIIIIXX",
        "IIIIIIIIIIZI",
        "IIIIIIIIIIZZ",
        "IIIIIIIIIZII",
        "IIIIIIIIXIII",
        "IIIIIIIIZIII",
        "IIIIIIIXIIII",
        "IIIIIIIXXIII",
        "IIIIIIIZIIII",
        "IIIIIIIZZIII",
        "IIIIIIZIIIII",
        "IIIIIXIIIIII",
        "IIIIIZIIIIII",
        "IIIIXIIIIIII",
        "IIIIXXIIIIII",
        "IIIIZIIIIIII",
        "IIIIZZIIIIII",
        "IIIZIIIIIIII",
        "IIXIIIIIIIII",
        "IIZIIIIIIIII",
        "IXIIIIIIIIII",
        "IXXIIIIIIIII",
        "IZIIIIIIIIII",
        "IZZIIIIIIIII",
        "ZIIIIIIIIIII",
        "IIIIIIXIIXII",
        "IIIIIIYIIYII",
        "IIIXIIXIIIII",
        "IIIYIIYIIIII",
        "XIIXIIIIIIII",
        "YIIYIIIIIIII",
        "IIIIIZIIIIIZ",
        "IIIIIZIIIIZI",
        "IIIIZIIIIIIZ",
        "IIIIZIIIIIZI",
        "IIZIIIIIZIII",
        "IIZIIIIZIIII",
        "IZIIIIIIZIII",
        "IZIIIIIZIIII"
    ],
    "boson_position_marginals": {
        "site_0": {
            "x_grid": [
                -6.0,
                -3.0,
                0.0,
                3.0
            ],
            "P_x": [
                7.571505599100849e-06,
                0.0005745277059064158,
                0.9988433831281617,
                0.0005745176603235772
            ],
            "edge_mass_2": 0.9999999999999908
        },
        "site_1": {
            "x_grid": [
                -6.0,
                -3.0,
                0.0,
                3.0
            ],
            "P_x": [
                5.4458877784430755e-06,
                0.00040136252385672444,
                0.9991918372265709,
                0.00040135436178457027
            ],
            "edge_mass_2": 0.9999999999999907
        },
        "site_2": {
            "x_grid": [
                -6.0,
                -3.0,
                0.0,
                3.0
            ],
            "P_x": [
                5.445887778443011e-06,
                0.00040136252385672427,
                0.9991918372265712,
                0.0004013543617845715
            ],
            "edge_mass_2": 0.999999999999991
        },
        "site_3": {
            "x_grid": [
                -6.0,
                -3.0,
                0.0,
                3.0
            ],
            "P_x": [
                7.571505599100835e-06,
                0.0005745277059064191,
                0.9988433831281616,
                0.0005745176603235725
            ],
            "edge_mass_2": 0.9999999999999907
        }
    }
}