{
    "load_date": "2026-02-02 20:14:48.047437",
    "potential": "linear",
    "cutoff": 8,
    "N": 4,
    "a": 1.0,
    "c": null,
    "x_max": 6.0,
    "boundary_condition": "dirichlet",
    "num_qubits": 16,
    "H_size": [
        65536,
        65536
    ],
    "H_dense_mem_estimate_bytes": 68719476736,
    "H_sparse_mem_estimate_bytes": 42205188,
    "H_pauli_time": "0:00:00.016128",
    "H_creation_time": "0:00:00.011327",
    "H_eigenvalue_time": "0:00:03.424427",
    "eigenvalues": [
        -0.23970185884128495,
        0.8069554407618196,
        0.8069554407618234,
        1.046575132007643,
        1.04657513200766,
        1.2132197185816818,
        1.2132197185816953,
        1.493487010271756
    ],
    "best_basis_state": [
        1,
        1,
        0,
        0,
        0,
        1,
        0,
        0,
        1,
        1,
        0,
        0,
        0,
        1,
        0,
        0
    ],
    "basis_prob": 0.5483868470436727,
    "num_paulis": 89,
    "pauli_coeffs": [
        36.76571245588841,
        -0.4680130166868953,
        0.5625000000000004,
        0.13707783890401906,
        -0.2741556778080378,
        -0.1938573388788577,
        1.1250000000000004,
        1.4062500000000004,
        0.06853891945200935,
        -0.08029833892917992,
        0.1370778389040186,
        -0.2741556778080374,
        0.19385733887885773,
        2.25,
        2.8125,
        5.625,
        -0.5,
        -0.4680130166868953,
        0.7031250000000004,
        0.13707783890401906,
        -0.2741556778080378,
        -0.1938573388788577,
        1.4062500000000004,
        1.6875000000000004,
        0.06853891945200935,
        -0.08029833892917992,
        0.1370778389040186,
        -0.2741556778080374,
        0.19385733887885773,
        2.8125,
        3.375,
        6.75,
        0.5,
        -0.4680130166868953,
        0.7031250000000004,
        0.13707783890401906,
        -0.2741556778080378,
        -0.1938573388788577,
        1.4062500000000004,
        1.6875000000000004,
        0.06853891945200935,
        -0.08029833892917992,
        0.1370778389040186,
        -0.2741556778080374,
        0.19385733887885773,
        2.8125,
        3.375,
        6.75,
        -0.5,
        -0.4680130166868953,
        0.5625000000000004,
        0.13707783890401906,
        -0.2741556778080378,
        -0.1938573388788577,
        1.1250000000000004,
        1.4062500000000004,
        0.06853891945200935,
        -0.08029833892917992,
        0.1370778389040186,
        -0.2741556778080374,
        0.19385733887885773,
        2.25,
        2.8125,
        5.625,
        0.5,
        0.25,
        0.25,
        0.25,
        0.25,
        0.25,
        0.25,
        -0.140625,
        -0.28125,
        -0.5625,
        -0.28125,
        -0.5625,
        -1.125,
        -0.5625,
        -1.125,
        -2.25,
        -0.140625,
        -0.28125,
        -0.5625,
        -0.28125,
        -0.5625,
        -1.125,
        -0.5625,
        -1.125,
        -2.25
    ],
    "pauli_labels": [
        "IIIIIIIIIIIIIIII",
        "IIIIIIIIIIIIIIIX",
        "IIIIIIIIIIIIIIIZ",
        "IIIIIIIIIIIIIIXI",
        "IIIIIIIIIIIIIIXX",
        "IIIIIIIIIIIIIIYY",
        "IIIIIIIIIIIIIIZI",
        "IIIIIIIIIIIIIIZZ",
        "IIIIIIIIIIIIIXII",
        "IIIIIIIIIIIIIXIX",
        "IIIIIIIIIIIIIXXI",
        "IIIIIIIIIIIIIXXX",
        "IIIIIIIIIIIIIXYY",
        "IIIIIIIIIIIIIZII",
        "IIIIIIIIIIIIIZIZ",
        "IIIIIIIIIIIIIZZI",
        "IIIIIIIIIIIIZIII",
        "IIIIIIIIIIIXIIII",
        "IIIIIIIIIIIZIIII",
        "IIIIIIIIIIXIIIII",
        "IIIIIIIIIIXXIIII",
        "IIIIIIIIIIYYIIII",
        "IIIIIIIIIIZIIIII",
        "IIIIIIIIIIZZIIII",
        "IIIIIIIIIXIIIIII",
        "IIIIIIIIIXIXIIII",
        "IIIIIIIIIXXIIIII",
        "IIIIIIIIIXXXIIII",
        "IIIIIIIIIXYYIIII",
        "IIIIIIIIIZIIIIII",
        "IIIIIIIIIZIZIIII",
        "IIIIIIIIIZZIIIII",
        "IIIIIIIIZIIIIIII",
        "IIIIIIIXIIIIIIII",
        "IIIIIIIZIIIIIIII",
        "IIIIIIXIIIIIIIII",
        "IIIIIIXXIIIIIIII",
        "IIIIIIYYIIIIIIII",
        "IIIIIIZIIIIIIIII",
        "IIIIIIZZIIIIIIII",
        "IIIIIXIIIIIIIIII",
        "IIIIIXIXIIIIIIII",
        "IIIIIXXIIIIIIIII",
        "IIIIIXXXIIIIIIII",
        "IIIIIXYYIIIIIIII",
        "IIIIIZIIIIIIIIII",
        "IIIIIZIZIIIIIIII",
        "IIIIIZZIIIIIIIII",
        "IIIIZIIIIIIIIIII",
        "IIIXIIIIIIIIIIII",
        "IIIZIIIIIIIIIIII",
        "IIXIIIIIIIIIIIII",
        "IIXXIIIIIIIIIIII",
        "IIYYIIIIIIIIIIII",
        "IIZIIIIIIIIIIIII",
        "IIZZIIIIIIIIIIII",
        "IXIIIIIIIIIIIIII",
        "IXIXIIIIIIIIIIII",
        "IXXIIIIIIIIIIIII",
        "IXXXIIIIIIIIIIII",
        "IXYYIIIIIIIIIIII",
        "IZIIIIIIIIIIIIII",
        "IZIZIIIIIIIIIIII",
        "IZZIIIIIIIIIIIII",
        "ZIIIIIIIIIIIIIII",
        "IIIIIIIIXIIIXIII",
        "IIIIIIIIYIIIYIII",
        "IIIIXIIIXIIIIIII",
        "IIIIYIIIYIIIIIII",
        "XIIIXIIIIIIIIIII",
        "YIIIYIIIIIIIIIII",
        "IIIIIIIZIIIIIIIZ",
        "IIIIIIIZIIIIIIZI",
        "IIIIIIIZIIIIIZII",
        "IIIIIIZIIIIIIIIZ",
        "IIIIIIZIIIIIIIZI",
        "IIIIIIZIIIIIIZII",
        "IIIIIZIIIIIIIIIZ",
        "IIIIIZIIIIIIIIZI",
        "IIIIIZIIIIIIIZII",
        "IIIZIIIIIIIZIIII",
        "IIIZIIIIIIZIIIII",
        "IIIZIIIIIZIIIIII",
        "IIZIIIIIIIIZIIII",
        "IIZIIIIIIIZIIIII",
        "IIZIIIIIIZIIIIII",
        "IZIIIIIIIIIZIIII",
        "IZIIIIIIIIZIIIII",
        "IZIIIIIIIZIIIIII"
    ],
    "boson_position_marginals": {
        "site_0": {
            "x_grid": [
                -6.0,
                -4.5,
                -3.0,
                -1.5,
                0.0,
                1.5,
                3.0,
                4.5
            ],
            "P_x": [
                1.0454366262221298e-06,
                3.6306791327437533e-06,
                2.57113917792914e-06,
                0.06095903702414001,
                0.8780687724193137,
                0.06095874265486068,
                2.5696164517849823e-06,
                3.631030289359971e-06
            ],
            "edge_mass_2": 1.0876762500110837e-05
        },
        "site_1": {
            "x_grid": [
                -6.0,
                -4.5,
                -3.0,
                -1.5,
                0.0,
                1.5,
                3.0,
                4.5
            ],
            "P_x": [
                1.0505659476536496e-06,
                3.7773163607769154e-06,
                1.9944990094690913e-06,
                0.04803995646871213,
                0.9039076690530901,
                0.04803978068313849,
                1.993808671538888e-06,
                3.7776050611446704e-06
            ],
            "edge_mass_2": 1.0599296041114123e-05
        },
        "site_2": {
            "x_grid": [
                -6.0,
                -4.5,
                -3.0,
                -1.5,
                0.0,
                1.5,
                3.0,
                4.5
            ],
            "P_x": [
                1.0505659476536555e-06,
                3.7773163607769307e-06,
                1.9944990094692226e-06,
                0.048039956468711974,
                0.9039076690530891,
                0.04803978068313847,
                1.9938086715389858e-06,
                3.777605061144679e-06
            ],
            "edge_mass_2": 1.0599296041114252e-05
        },
        "site_3": {
            "x_grid": [
                -6.0,
                -4.5,
                -3.0,
                -1.5,
                0.0,
                1.5,
                3.0,
                4.5
            ],