{
    "load_date": "2026-02-02 20:14:44.481409",
    "potential": "linear",
    "cutoff": 2,
    "N": 4,
    "a": 1.0,
    "c": null,
    "x_max": 6.0,
    "boundary_condition": "dirichlet",
    "num_qubits": 8,
    "H_size": [
        256,
        256
    ],
    "H_dense_mem_estimate_bytes": 1048576,
    "H_sparse_mem_estimate_bytes": 41988,
    "H_pauli_time": "0:00:00.004228",
    "H_creation_time": "0:00:00.001958",
    "H_eigenvalue_time": "0:00:00.010877",
    "eigenvalues": [
        -2.059544139965235,
        -1.0128868403621172,
        -1.0128868403621145,
        -0.7732671491162962,
        -0.7732671491162866,
        0.03377045924100665,
        0.27339015048683024,
        0.27339015048683324
    ],
    "best_basis_state": [
        1,
        1,
        0,
        1,
        1,
        1,
        0,
        1
    ],
    "basis_prob": 0.868883037183593,
    "num_paulis": 21,
    "pauli_coeffs": [
        45.27415567780804,
        -0.0685389194520094,
        9.0,
        -0.5,
        -0.0685389194520094,
        11.25,
        0.5,
        -0.0685389194520094,
        11.25,
        -0.5,
        -0.0685389194520094,
        9.0,
        0.5,
        0.25,
        0.25,
        0.25,
        0.25,
        0.25,
        0.25,
        -2.25,
        -2.25
    ],
    "pauli_labels": [
        "IIIIIIII",
        "IIIIIIIX",
        "IIIIIIIZ",
        "IIIIIIZI",
        "IIIIIXII",
        "IIIIIZII",
        "IIIIZIII",
        "IIIXIIII",
        "IIIZIIII",
        "IIZIIIII",
        "IXIIIIII",
        "IZIIIIII",
        "ZIIIIIII",
        "IIIIXIXI",
        "IIIIYIYI",
        "IIXIXIII",
        "IIYIYIII",
        "XIXIIIII",
        "YIYIIIII",
        "IIIZIIIZ",
        "IZIIIZII"
    ],
    "boson_position_marginals": {
        "site_0": {
            "x_grid": [
                -6.0,
                0.0
            ],
            "P_x": [
                9.278980355695486e-06,
                0.9999907210196377
            ],
            "edge_mass_2": 1.999999999999987
        },
        "site_1": {
            "x_grid": [
                -6.0,
                0.0
            ],
            "P_x": [
                6.443800188423285e-06,
                0.999993556199805
            ],
            "edge_mass_2": 1.999999999999987
        },
        "site_2": {
            "x_grid": [
                -6.0,
                0.0
            ],
            "P_x": [
                6.4438001884230306e-06,
                0.9999935561998049
            ],
            "edge_mass_2": 1.9999999999999867
        },
        "site_3": {
            "x_grid": [
                -6.0,
                0.0
            ],
            "P_x": [
                9.278980355695503e-06,
                0.9999907210196377
            ],
            "edge_mass_2": 1.999999999999987
        }
    }
}