{
    "load_date": "2026-02-02 20:16:33.336890",
    "potential": "linear",
    "cutoff": 16,
    "N": 4,
    "a": 1.0,
    "c": null,
    "x_max": 6.0,
    "boundary_condition": "dirichlet",
    "num_qubits": 20,
    "H_size": [
        1048576,
        1048576
    ],
    "H_dense_mem_estimate_bytes": 17592186044416,
    "H_sparse_mem_estimate_bytes": 1346371588,
    "H_pauli_time": "0:00:00.400948",
    "H_creation_time": "0:00:00.174407",
    "H_eigenvalue_time": "0:01:44.553341",
    "eigenvalues": [
        -6.337312363777626e-06,
        1.0466509622907374,
        1.0466509622907603,
        1.0466870252288785,
        1.0466870252289049,
        1.2862706535365607,
        1.28627065353658,
        1.286321242577058
    ],
    "best_basis_state": [
        1,
        1,
        0,
        0,
        0,
        0,
        1,
        0,
        0,
        0,
        1,
        1,
        0,
        0,
        0,
        0,
        1,
        0,
        0,
        0
    ],
    "basis_prob": 0.037511585136051906,
    "num_paulis": 191,
    "pauli_coeffs": [
        44.97619414574562,
        -1.8008013275055628,
        0.140625,
        0.46801301668689543,
        -1.011427846636595,
        -0.7893734808689673,
        0.28125,
        0.3515625,
        0.13707783890401837,
        -0.16059667785836007,
        0.27415567780803785,
        -0.5483113556160752,
        0.3877146777577164,
        -0.06145768790926831,
        -0.40165880311125157,
        0.19385733887885828,
        -0.46311649102052066,
        0.5625000000000003,
        0.7031249999999999,
        1.4062500000000004,
        0.06853891945200966,
        -0.07125073924201872,
        0.08029833892918016,
        -0.08519486459555611,
        0.013944125353536597,
        0.13707783890401914,
        -0.1605966778583598,
        0.2741556778080373,
        -0.5483113556160752,
        0.3877146777577154,
        0.06145768790926706,
        0.4016588031112518,
        -0.1938573388788569,
        0.46311649102051944,
        1.125,
        1.40625,
        2.8125,
        5.625,
        -0.5,
        -1.8008013275055628,
        0.17578125,
        0.46801301668689543,
        -1.011427846636595,
        -0.7893734808689673,
        0.3515625,
        0.421875,
        0.13707783890401837,
        -0.16059667785836007,
        0.27415567780803785,
        -0.5483113556160752,
        0.3877146777577164,
        -0.06145768790926831,
        -0.40165880311125157,
        0.19385733887885828,
        -0.46311649102052066,
        0.7031250000000004,
        0.8437499999999999,
        1.6875000000000004,
        0.06853891945200966,
        -0.07125073924201872,
        0.08029833892918016,
        -0.08519486459555611,
        0.013944125353536597,
        0.13707783890401914,
        -0.1605966778583598,
        0.2741556778080373,
        -0.5483113556160752,
        0.3877146777577154,
        0.06145768790926706,
        0.4016588031112518,
        -0.1938573388788569,
        0.46311649102051944,
        1.40625,
        1.6875,
        3.375,
        6.75,
        0.5,
        -1.8008013275055628,
        0.17578125,
        0.46801301668689543,
        -1.011427846636595,
        -0.7893734808689673,
        0.3515625,
        0.421875,
        0.13707783890401837,
        -0.16059667785836007,
        0.27415567780803785,
        -0.5483113556160752,
        0.3877146777577164,
        -0.06145768790926831,
        -0.40165880311125157,
        0.19385733887885828,
        -0.46311649102052066,
        0.7031250000000004,
        0.8437499999999999,
        1.6875000000000004,
        0.06853891945200966,
        -0.07125073924201872,
        0.08029833892918016,
        -0.08519486459555611,
        0.013944125353536597,
        0.13707783890401914,
        -0.1605966778583598,
        0.2741556778080373,
        -0.5483113556160752,
        0.3877146777577154,
        0.06145768790926706,
        0.4016588031112518,
        -0.1938573388788569,
        0.46311649102051944,
        1.40625,
        1.6875,
        3.375,
        6.75,
        -0.5,
        -1.8008013275055628,
        0.140625,
        0.46801301668689543,
        -1.011427846636595,
        -0.7893734808689673,
        0.28125,
        0.3515625,
        0.13707783890401837,
        -0.16059667785836007,
        0.27415567780803785,
        -0.5483113556160752,
        0.3877146777577164,
        -0.06145768790926831,
        -0.40165880311125157,
        0.19385733887885828,
        -0.46311649102052066,
        0.5625000000000003,
        0.7031249999999999,
        1.4062500000000004,
        0.06853891945200966,
        -0.07125073924201872,
        0.08029833892918016,
        -0.08519486459555611,
        0.013944125353536597,
        0.13707783890401914,
        -0.1605966778583598,
        0.2741556778080373,
        -0.5483113556160752,
        0.3877146777577154,
        0.06145768790926706,
        0.4016588031112518,
        -0.1938573388788569,
        0.46311649102051944,
        1.125,
        1.40625,
        2.8125,
        5.625,
        0.5,
        0.25,
        0.25,
        0.25,
        0.25,
        0.25,
        0.25,
        -0.03515625,
        -0.0703125,
        -0.140625,
        -0.28125,
        -0.0703125,
        -0.140625,
        -0.28125,
        -0.5625,
        -0.140625,
        -0.28125,
        -0.5625,
        -1.125,
        -0.28125,
        -0.5625,
        -1.125,
        -2.25,
        -0.03515625,
        -0.0703125,
        -0.140625,
        -0.28125,
        -0.0703125,
        -0.140625,
        -0.28125,
        -0.5625,
        -0.140625,
        -0.28125,
        -0.5625,
        -1.125,
        -0.28125,
        -0.5625,
        -1.125,
        -2.25
    ],