{
    "load_date": "2026-01-16 11:13:14.442589",
    "potential": "quadratic",
    "cutoff": 2,
    "N": 5,
    "a": 1.0,
    "c": -0.8,
    "boundary_condition": "dirichlet",
    "num_qubits": 10,
    "H_size": [
        1024,
        1024
    ],
    "H_dense_mem_estimate_bytes": 16777216,
    "H_sparse_mem_estimate_bytes": 270340,
    "H_pauli_time": "0:00:00.013450",
    "H_creation_time": "0:00:00.006930",
    "H_eigenvalue_time": "0:00:00.550592",
    "eigenvalues": [
        -2.265419176364245,
        -2.265419176364223,
        -2.148372452960751,
        -2.148372452960726,
        -1.9860542088293318,
        -1.9860542088293232,
        -1.9355339059327408,
        -1.935533905932724
    ],
    "best_basis_state": [
        0,
        1,
        1,
        0,
        0,
        0,
        1,
        0,
        0,
        1
    ],
    "basis_prob": 0.017884517257120744,
    "num_paulis": 19,
    "pauli_coeffs": [
        1.9750000000000005,
        -0.7071067811865475,
        0.7071067811865475,
        -0.7071067811865475,
        0.7071067811865475,
        -0.7071067811865475,
        0.25,
        0.25,
        0.25,
        0.25,
        0.25,
        0.25,
        0.25,
        0.25,
        -0.10606601717798217,
        -0.12499999999999997,
        -0.12499999999999997,
        -0.12499999999999997,
        0.10606601717798217
    ],
    "pauli_labels": [
        "IIIIIIIIII",
        "IIIIIIIIZX",
        "IIIIIIZXII",
        "IIIIZXIIII",
        "IIZXIIIIII",
        "ZXIIIIIIII",
        "IIIIIIXIXI",
        "IIIIIIYIYI",
        "IIIIXIXIII",
        "IIIIYIYIII",
        "IIXIXIIIII",
        "IIYIYIIIII",
        "XIXIIIIIII",
        "YIYIIIIIII",
        "IIIIIIIIIX",
        "IIIIIXIIIX",
        "IIIXIIIXII",
        "IXIIIXIIII",
        "IXIIIIIIII"
    ]
}