{
    "load_date": "2026-01-16 11:13:16.096711",
    "potential": "quadratic",
    "cutoff": 4,
    "N": 5,
    "a": 1.0,
    "c": -0.8,
    "boundary_condition": "dirichlet",
    "num_qubits": 15,
    "H_size": [
        32768,
        32768
    ],
    "H_dense_mem_estimate_bytes": 17179869184,
    "H_sparse_mem_estimate_bytes": 31588356,
    "H_pauli_time": "0:00:00.012772",
    "H_creation_time": "0:00:00.048474",
    "H_eigenvalue_time": "0:00:01.587221",
    "eigenvalues": [
        -1.4580990377683694,
        -1.4580990377683563,
        -1.1343486506795593,
        -1.1343486506795535,
        -1.0398084395621554,
        -1.0398084395621514,
        -0.9340713547705837,
        -0.9340713547705768
    ],
    "best_basis_state": [
        0,
        1,
        0,
        0,
        1,
        0,
        1,
        0,
        0,
        1,
        1,
        0,
        1,
        1,
        0
    ],
    "basis_prob": 0.010356859589472866,
    "num_paulis": 233,
    "pauli_coeffs": [
        10.224999999999998,
        0.31392589354394684,
        -0.08411618965831921,
        -0.6624999999999998,
        -0.6625,
        -0.9659258262890682,
        -0.5,
        -0.5,
        0.25881904510252074,
        0.43466662183008037,
        -0.1164685702961343,
        -0.7249999999999998,
        -0.725,
        0.9659258262890682,
        0.5,
        0.5,
        -0.25881904510252074,
        0.43466662183008037,
        -0.1164685702961343,
        -0.7249999999999998,
        -0.725,
        -0.9659258262890682,
        -0.5,
        -0.5,
        0.25881904510252074,
        0.43466662183008037,
        -0.1164685702961343,
        -0.7249999999999998,
        -0.725,
        0.9659258262890682,
        0.5,
        0.5,
        -0.25881904510252074,
        0.31392589354394684,
        -0.08411618965831921,
        -0.6624999999999998,
        -0.6625,
        -0.9659258262890682,
        -0.5,
        -0.5,
        0.25881904510252074,
        0.25,
        0.25,
        0.25,
        0.25,
        0.25,
        0.25,
        0.25,
        0.25,
        0.33807403920117374,
        0.17499999999999993,
        0.17499999999999993,
        -0.09058666578588223,
        0.4665063509461096,
        0.24148145657226705,
        0.24148145657226705,
        -0.125,
        -0.12499999999999999,
        -0.06470476127563018,
        -0.06470476127563018,
        0.03349364905389034,
        -0.24148145657226697,
        -0.12499999999999996,
        -0.12499999999999996,
        0.06470476127563016,
        -0.24148145657226705,
        -0.12499999999999999,
        -0.12499999999999999,
        0.06470476127563018,
        -0.2332531754730548,
        -0.12074072828613353,
        -0.12074072828613353,
        0.0625,
        -0.12074072828613353,
        -0.0625,
        -0.0625,
        0.03235238063781509,
        -0.12074072828613353,
        -0.0625,
        -0.0625,
        0.03235238063781509,
        0.06249999999999999,
        0.03235238063781509,
        0.03235238063781509,
        -0.01674682452694517,
        0.4665063509461096,
        0.24148145657226705,
        0.24148145657226705,
        -0.125,
        -0.12499999999999999,
        -0.06470476127563018,
        -0.06470476127563018,
        0.03349364905389034,
        -0.24148145657226697,
        -0.12499999999999996,
        -0.12499999999999996,
        0.06470476127563016,
        -0.24148145657226705,
        -0.12499999999999999,
        -0.12499999999999999,
        0.06470476127563018,
        -0.4665063509461096,
        -0.24148145657226705,
        -0.24148145657226705,
        0.125,
        0.12499999999999999,
        0.06470476127563018,
        0.06470476127563018,
        -0.03349364905389034,
        0.24148145657226697,
        0.12499999999999996,
        0.12499999999999996,
        -0.06470476127563016,
        0.24148145657226705,
        0.12499999999999999,
        0.12499999999999999,
        -0.06470476127563018,
        -0.2332531754730548,
        -0.12074072828613353,
        -0.12074072828613353,
        0.0625,
        -0.12074072828613353,
        -0.0625,
        -0.0625,
        0.03235238063781509,
        -0.12074072828613353,
        -0.0625,
        -0.0625,
        0.03235238063781509,
        0.06249999999999999,
        0.03235238063781509,
        0.03235238063781509,
        -0.01674682452694517,
        0.4665063509461096,
        0.24148145657226705,
        0.24148145657226705,
        -0.125,
        -0.12499999999999999,
        -0.06470476127563018,
        -0.06470476127563018,
        0.03349364905389034,
        -0.24148145657226697,
        -0.12499999999999996,
        -0.12499999999999996,
        0.06470476127563016,
        -0.24148145657226705,
        -0.12499999999999999,
        -0.12499999999999999,
        0.06470476127563018,
        -0.4665063509461096,
        -0.24148145657226705,
        -0.24148145657226705,
        0.125,
        0.12499999999999999,
        0.06470476127563018,
        0.06470476127563018,
        -0.03349364905389034,
        0.24148145657226697,
        0.12499999999999996,
        0.12499999999999996,
        -0.06470476127563016,
        0.24148145657226705,
        0.12499999999999999,
        0.12499999999999999,
        -0.06470476127563018,
        -0.2332531754730548,
        -0.12074072828613353,
        -0.12074072828613353,
        0.0625,
        -0.12074072828613353,
        -0.0625,
        -0.0625,
        0.03235238063781509,
        -0.12074072828613353,
        -0.0625,
        -0.0625,
        0.03235238063781509,
        0.06249999999999999,
        0.03235238063781509,
        0.03235238063781509,
        -0.01674682452694517,
        0.4665063509461096,
        0.24148145657226705,
        0.24148145657226705,
        -0.125,
        -0.12499999999999999,
        -0.06470476127563018,
        -0.06470476127563018,
        0.03349364905389034,
        -0.24148145657226697,
        -0.12499999999999996,
        -0.12499999999999996,
        0.06470476127563016,
        -0.24148145657226705,
        -0.12499999999999999,
        -0.12499999999999999,
        0.06470476127563018,
        -0.4665063509461096,
        -0.24148145657226705,
        -0.24148145657226705,
        0.125,
        0.12499999999999999,
        0.06470476127563018,
        0.06470476127563018,
        -0.03349364905389034,
        0.24148145657226697,
        0.12499999999999996,
        0.12499999999999996,
        -0.06470476127563016,
        0.24148145657226705,
        0.12499999999999999,
        0.12499999999999999,
        -0.06470476127563018,
        -0.33807403920117374,
        -0.17499999999999993,
        -0.17499999999999993,
        0.09058666578588223,
        -0.4665063509461096,
        -0.24148145657226705,
        -0.24148145657226705,
        0.125,
        0.12499999999999999,
        0.06470476127563018,
        0.06470476127563018,
        -0.03349364905389034,
        0.24148145657226697,
        0.12499999999999996,
        0.12499999999999996,
        -0.06470476127563016,
        0.24148145657226705,
        0.12499999999999999,
        0.12499999999999999,
        -0.06470476127563018
    ],