{
    "load_date": "2026-02-02 18:52:47.188248",
    "potential": "linear",
    "cutoff": 4,
    "N": 3,
    "a": 1.0,
    "c": null,
    "x_max": 16.0,
    "boundary_condition": "dirichlet",
    "num_qubits": 9,
    "H_size": [
        512,
        512
    ],
    "H_dense_mem_estimate_bytes": 4194304,
    "H_sparse_mem_estimate_bytes": 124932,
    "H_pauli_time": "0:00:00.003642",
    "H_creation_time": "0:00:00.000251",
    "H_eigenvalue_time": "0:00:00.009703",
    "eigenvalues": [
        -1.6380545697743012,
        -0.6380545697743033,
        -0.4133096983827152,
        -0.4133096983827089,
        0.5866903016172734,
        0.5866903016172837,
        0.8114351730088734,
        1.8114351730089007
    ],
    "best_basis_state": [
        0,
        1,
        0,
        1,
        1,
        0,
        0,
        1,
        0
    ],
    "basis_prob": 0.9082471455793442,
    "num_paulis": 30,
    "pauli_coeffs": [
        188.08674456993143,
        -0.019276571095877652,
        15.999999999999996,
        0.009638285547938826,
        -0.019276571095877652,
        32.0,
        40.0,
        -0.5,
        -0.019276571095877652,
        24.0,
        0.009638285547938826,
        -0.019276571095877652,
        48.0,
        48.0,
        0.5,
        -0.019276571095877652,
        15.999999999999996,
        0.009638285547938826,
        -0.019276571095877652,
        32.0,
        40.0,
        -0.5,
        0.25,
        0.25,
        0.25,
        0.25,
        -4.0,
        -8.0,
        -8.0,
        -16.0
    ],
    "pauli_labels": [
        "IIIIIIIII",
        "IIIIIIIIX",
        "IIIIIIIIZ",
        "IIIIIIIXI",
        "IIIIIIIXX",
        "IIIIIIIZI",
        "IIIIIIIZZ",
        "IIIIIIZII",
        "IIIIIXIII",
        "IIIIIZIII",
        "IIIIXIIII",
        "IIIIXXIII",
        "IIIIZIIII",
        "IIIIZZIII",
        "IIIZIIIII",
        "IIXIIIIII",
        "IIZIIIIII",
        "IXIIIIIII",
        "IXXIIIIII",
        "IZIIIIIII",
        "IZZIIIIII",
        "ZIIIIIIII",
        "IIIXIIXII",
        "IIIYIIYII",
        "XIIXIIIII",
        "YIIYIIIII",
        "IIZIIIIIZ",
        "IIZIIIIZI",
        "IZIIIIIIZ",
        "IZIIIIIZI"
    ],
    "boson_position_marginals": {
        "site_0": {
            "x_grid": [
                -16.0,
                -8.0,
                0.0,
                8.0
            ],
            "P_x": [
                3.614796671197558e-09,
                2.321012725211013e-07,
                0.9999995321826601,
                2.321012697528018e-07
            ],
            "edge_mass_2": 0.9999999999999991
        },
        "site_1": {
            "x_grid": [
                -16.0,
                -8.0,
                0.0,
                8.0
            ],
            "P_x": [
                2.5118913547557026e-09,
                1.6119766157449861e-07,
                0.9999996750927848,
                1.6119766157444986e-07
            ],
            "edge_mass_2": 0.9999999999999992
        },
        "site_2": {
            "x_grid": [
                -16.0,
                -8.0,
                0.0,
                8.0
            ],
            "P_x": [
                3.6147966711969496e-09,
                2.321012725212642e-07,
                0.99999953218266,
                2.3210126975275894e-07
            ],
            "edge_mass_2": 0.999999999999999
        }
    }
}