{
    "load_date": "2026-02-02 18:52:47.305488",
    "potential": "linear",
    "cutoff": 8,
    "N": 3,
    "a": 1.0,
    "c": null,
    "x_max": 16.0,
    "boundary_condition": "dirichlet",
    "num_qubits": 12,
    "H_size": [
        4096,
        4096
    ],
    "H_dense_mem_estimate_bytes": 268435456,
    "H_sparse_mem_estimate_bytes": 1982468,
    "H_pauli_time": "0:00:00.013093",
    "H_creation_time": "0:00:00.001218",
    "H_eigenvalue_time": "0:00:00.099901",
    "eigenvalues": [
        -1.4091906398941634,
        -0.40919063989416143,
        -0.18444576850261857,
        -0.18444576850255257,
        0.8155542314973849,
        0.8155542314974432,
        1.0402991028890467,
        2.0402991028890107
    ],
    "best_basis_state": [
        0,
        1,
        0,
        0,
        1,
        1,
        0,
        0,
        0,
        1,
        0,
        0
    ],
    "basis_prob": 0.9080362187684436,
    "num_paulis": 62,
    "pauli_coeffs": [
        175.31806342308198,
        -0.06581433047159466,
        4.0,
        0.019276571095877687,
        -0.038553142191755325,
        -0.027261188279839362,
        8.0,
        10.0,
        0.009638285547938824,
        -0.011291953911915934,
        0.019276571095877618,
        -0.03855314219175528,
        0.02726118827983938,
        16.0,
        20.0,
        40.0,
        -0.5,
        -0.06581433047159466,
        6.0,
        0.019276571095877687,
        -0.038553142191755325,
        -0.027261188279839362,
        12.0,
        12.0,
        0.009638285547938824,
        -0.011291953911915934,
        0.019276571095877618,
        -0.03855314219175528,
        0.02726118827983938,
        24.0,
        24.0,
        48.0,
        0.5,
        -0.06581433047159466,
        4.0,
        0.019276571095877687,
        -0.038553142191755325,
        -0.027261188279839362,
        8.0,
        10.0,
        0.009638285547938824,
        -0.011291953911915934,
        0.019276571095877618,
        -0.03855314219175528,
        0.02726118827983938,
        16.0,
        20.0,
        40.0,
        -0.5,
        0.25,
        0.25,
        0.25,
        0.25,
        -1.0,
        -2.0,
        -4.0,
        -2.0,
        -4.0,
        -8.0,
        -4.0,
        -8.0,
        -16.0
    ],
    "pauli_labels": [
        "IIIIIIIIIIII",
        "IIIIIIIIIIIX",
        "IIIIIIIIIIIZ",
        "IIIIIIIIIIXI",
        "IIIIIIIIIIXX",
        "IIIIIIIIIIYY",
        "IIIIIIIIIIZI",
        "IIIIIIIIIIZZ",
        "IIIIIIIIIXII",
        "IIIIIIIIIXIX",
        "IIIIIIIIIXXI",
        "IIIIIIIIIXXX",
        "IIIIIIIIIXYY",
        "IIIIIIIIIZII",
        "IIIIIIIIIZIZ",
        "IIIIIIIIIZZI",
        "IIIIIIIIZIII",
        "IIIIIIIXIIII",
        "IIIIIIIZIIII",
        "IIIIIIXIIIII",
        "IIIIIIXXIIII",
        "IIIIIIYYIIII",
        "IIIIIIZIIIII",
        "IIIIIIZZIIII",
        "IIIIIXIIIIII",
        "IIIIIXIXIIII",
        "IIIIIXXIIIII",
        "IIIIIXXXIIII",
        "IIIIIXYYIIII",
        "IIIIIZIIIIII",
        "IIIIIZIZIIII",
        "IIIIIZZIIIII",
        "IIIIZIIIIIII",
        "IIIXIIIIIIII",
        "IIIZIIIIIIII",
        "IIXIIIIIIIII",
        "IIXXIIIIIIII",
        "IIYYIIIIIIII",
        "IIZIIIIIIIII",
        "IIZZIIIIIIII",
        "IXIIIIIIIIII",
        "IXIXIIIIIIII",
        "IXXIIIIIIIII",
        "IXXXIIIIIIII",
        "IXYYIIIIIIII",
        "IZIIIIIIIIII",
        "IZIZIIIIIIII",
        "IZZIIIIIIIII",
        "ZIIIIIIIIIII",
        "IIIIXIIIXIII",
        "IIIIYIIIYIII",
        "XIIIXIIIIIII",
        "YIIIYIIIIIII",
        "IIIZIIIIIIIZ",
        "IIIZIIIIIIZI",
        "IIIZIIIIIZII",
        "IIZIIIIIIIIZ",
        "IIZIIIIIIIZI",
        "IIZIIIIIIZII",
        "IZIIIIIIIIIZ",
        "IZIIIIIIIIZI",
        "IZIIIIIIIZII"
    ],
    "boson_position_marginals": {
        "site_0": {
            "x_grid": [
                -16.0,
                -12.0,
                -8.0,
                -4.0,
                0.0,
                4.0,
                8.0,
                12.0
            ],
            "P_x": [
                3.492320985749612e-09,
                1.5099423592188203e-08,
                2.198236629189349e-07,
                4.3085269139498995e-05,
                0.99991335612419,
                4.308526817237866e-05,
                2.1982366061432068e-07,
                1.509942351719887e-08
            ],
            "edge_mass_2": 2.5351482870945737e-07
        },
        "site_1": {
            "x_grid": [
                -16.0,
                -12.0,
                -8.0,
                -4.0,
                0.0,
                4.0,
                8.0,
                12.0
            ],
            "P_x": [
                2.4408290266900043e-09,
                1.0559095233978915e-08,
                1.5407398010220703e-07,
                2.9947365943672686e-05,
                0.9999397735611271,
                2.9947365943673604e-05,
                1.5407398010220672e-07,
                1.0559095233977862e-08
            ],
            "edge_mass_2": 1.776329995968535e-07
        },
        "site_2": {
            "x_grid": [
                -16.0,
                -12.0,
                -8.0,
                -4.0,
                0.0,
                4.0,
                8.0,
                12.0
            ],
            "P_x": [
                3.4923209857499153e-09,
                1.5099423592185977e-08,
                2.198236629189155e-07,
                4.308526913949676e-05,
                0.9999133561241901,
                4.308526817238631e-05,
                2.1982366061435314e-07,
                1.5099423517201617e-08
            ],
            "edge_mass_2": 2.5351482870949067e-07
        }
    }
}