{
    "load_date": "2026-02-02 18:52:52.870423",
    "potential": "linear",
    "cutoff": 16,
    "N": 3,
    "a": 1.0,
    "c": null,
    "x_max": 16.0,
    "boundary_condition": "dirichlet",
    "num_qubits": 15,
    "H_size": [
        32768,
        32768
    ],
    "H_dense_mem_estimate_bytes": 17179869184,
    "H_sparse_mem_estimate_bytes": 31588356,
    "H_pauli_time": "0:00:00.403111",
    "H_creation_time": "0:00:00.012214",
    "H_eigenvalue_time": "0:00:05.139801",
    "eigenvalues": [
        -0.6218986738277505,
        0.3781013261722342,
        0.602846197563805,
        0.602846197563808,
        1.6028461975637374,
        1.6028461975637585,
        1.8264737661012607,
        1.8275910689552994
    ],
    "best_basis_state": [
        0,
        1,
        0,
        0,
        0,
        1,
        1,
        0,
        0,
        0,
        0,
        1,
        0,
        0,
        0
    ],
    "basis_prob": 0.8638854567430385,
    "num_paulis": 135,
    "pauli_coeffs": [
        172.9933388356841,
        -0.25323768668046986,
        1.0,
        0.06581433047159468,
        -0.1422320409332712,
        -0.11100564574719857,
        2.0,
        2.5,
        0.019276571095877597,
        -0.022583907823831895,
        0.03855314219175534,
        -0.07710628438351058,
        0.05452237655967886,
        -0.00864248736224086,
        -0.05648326918751978,
        0.027261188279839477,
        -0.06512575654976073,
        4.0,
        5.0,
        10.0,
        0.009638285547938823,
        -0.010019635205908853,
        0.011291953911915946,
        -0.011980527833750067,
        0.001960892627841101,
        0.019276571095877694,
        -0.022583907823831857,
        0.038553142191755235,
        -0.07710628438351064,
        0.05452237655967874,
        0.008642487362240683,
        0.05648326918751981,
        -0.027261188279839258,
        0.06512575654976058,
        8.0,
        10.0,
        20.0,
        40.0,
        -0.5,
        -0.25323768668046986,
        1.5,
        0.06581433047159468,
        -0.1422320409332712,
        -0.11100564574719857,
        3.0,
        3.0,
        0.019276571095877597,
        -0.022583907823831895,
        0.03855314219175534,
        -0.07710628438351058,
        0.05452237655967886,
        -0.00864248736224086,
        -0.05648326918751978,
        0.027261188279839477,
        -0.06512575654976073,
        6.0,
        6.0,
        12.0,
        0.009638285547938823,
        -0.010019635205908853,
        0.011291953911915946,
        -0.011980527833750067,
        0.001960892627841101,
        0.019276571095877694,
        -0.022583907823831857,
        0.038553142191755235,
        -0.07710628438351064,
        0.05452237655967874,
        0.008642487362240683,
        0.05648326918751981,
        -0.027261188279839258,
        0.06512575654976058,
        12.0,
        12.0,
        24.0,
        48.0,
        0.5,
        -0.25323768668046986,
        1.0,
        0.06581433047159468,
        -0.1422320409332712,
        -0.11100564574719857,
        2.0,
        2.5,
        0.019276571095877597,
        -0.022583907823831895,
        0.03855314219175534,
        -0.07710628438351058,
        0.05452237655967886,
        -0.00864248736224086,
        -0.05648326918751978,
        0.027261188279839477,
        -0.06512575654976073,
        4.0,
        5.0,
        10.0,
        0.009638285547938823,
        -0.010019635205908853,
        0.011291953911915946,
        -0.011980527833750067,
        0.001960892627841101,
        0.019276571095877694,
        -0.022583907823831857,
        0.038553142191755235,
        -0.07710628438351064,
        0.05452237655967874,
        0.008642487362240683,
        0.05648326918751981,
        -0.027261188279839258,
        0.06512575654976058,
        8.0,
        10.0,
        20.0,
        40.0,
        -0.5,
        0.25,
        0.25,
        0.25,
        0.25,
        -0.25,
        -0.5,
        -1.0,
        -2.0,
        -0.5,
        -1.0,
        -2.0,
        -4.0,
        -1.0,
        -2.0,
        -4.0,
        -8.0,
        -2.0,
        -4.0,
        -8.0,
        -16.0
    ],
    "pauli_labels": [
        "IIIIIIIIIIIIIII",
        "IIIIIIIIIIIIIIX",
        "IIIIIIIIIIIIIIZ",
        "IIIIIIIIIIIIIXI",
        "IIIIIIIIIIIIIXX",
        "IIIIIIIIIIIIIYY",
        "IIIIIIIIIIIIIZI",
        "IIIIIIIIIIIIIZZ",
        "IIIIIIIIIIIIXII",
        "IIIIIIIIIIIIXIX",
        "IIIIIIIIIIIIXXI",
        "IIIIIIIIIIIIXXX",
        "IIIIIIIIIIIIXYY",
        "IIIIIIIIIIIIYIY",
        "IIIIIIIIIIIIYXY",
        "IIIIIIIIIIIIYYI",
        "IIIIIIIIIIIIYYX",
        "IIIIIIIIIIIIZII",
        "IIIIIIIIIIIIZIZ",
        "IIIIIIIIIIIIZZI",
        "IIIIIIIIIIIXIII",
        "IIIIIIIIIIIXIIX",
        "IIIIIIIIIIIXIXI",
        "IIIIIIIIIIIXIXX",
        "IIIIIIIIIIIXIYY",
        "IIIIIIIIIIIXXII",
        "IIIIIIIIIIIXXIX",
        "IIIIIIIIIIIXXXI",
        "IIIIIIIIIIIXXXX",
        "IIIIIIIIIIIXXYY",
        "IIIIIIIIIIIXYIY",
        "IIIIIIIIIIIXYXY",
        "IIIIIIIIIIIXYYI",
        "IIIIIIIIIIIXYYX",
        "IIIIIIIIIIIZIII",
        "IIIIIIIIIIIZIIZ",
        "IIIIIIIIIIIZIZI",
        "IIIIIIIIIIIZZII",
        "IIIIIIIIIIZIIII",
        "IIIIIIIIIXIIIII",
        "IIIIIIIIIZIIIII",
        "IIIIIIIIXIIIIII",
        "IIIIIIIIXXIIIII",
        "IIIIIIIIYYIIIII",
        "IIIIIIIIZIIIIII",
        "IIIIIIIIZZIIIII",
        "IIIIIIIXIIIIIII",
        "IIIIIIIXIXIIIII",
        "IIIIIIIXXIIIIII",
        "IIIIIIIXXXIIIII",
        "IIIIIIIXYYIIIII",
        "IIIIIIIYIYIIIII",
        "IIIIIIIYXYIIIII",
        "IIIIIIIYYIIIIII",
        "IIIIIIIYYXIIIII",
        "IIIIIIIZIIIIIII",
        "IIIIIIIZIZIIIII",
        "IIIIIIIZZIIIIII",
        "IIIIIIXIIIIIIII",
        "IIIIIIXIIXIIIII",
        "IIIIIIXIXIIIIII",
        "IIIIIIXIXXIIIII",
        "IIIIIIXIYYIIIII",
        "IIIIIIXXIIIIIII",
        "IIIIIIXXIXIIIII",
        "IIIIIIXXXIIIIII",
        "IIIIIIXXXXIIIII",
        "IIIIIIXXYYIIIII",
        "IIIIIIXYIYIIIII",
        "IIIIIIXYXYIIIII",
        "IIIIIIXYYIIIIII",
        "IIIIIIXYYXIIIII",
        "IIIIIIZIIIIIIII",
        "IIIIIIZIIZIIIII",
        "IIIIIIZIZIIIIII",
        "IIIIIIZZIIIIIII",
        "IIIIIZIIIIIIIII",
        "IIIIXIIIIIIIIII",
        "IIIIZIIIIIIIIII",
        "IIIXIIIIIIIIIII",
        "IIIXXIIIIIIIIII",
        "IIIYYIIIIIIIIII",
        "IIIZIIIIIIIIIII",
        "IIIZZIIIIIIIIII",
        "IIXIIIIIIIIIIII",
        "IIXIXIIIIIIIIII",
        "IIXXIIIIIIIIIII",
        "IIXXXIIIIIIIIII",
        "IIXYYIIIIIIIIII",
        "IIYIYIIIIIIIIII",
        "IIYXYIIIIIIIIII",
        "IIYYIIIIIIIIIII",
        "IIYYXIIIIIIIIII",
        "IIZIIIIIIIIIIII",
        "IIZIZIIIIIIIIII",
        "IIZZIIIIIIIIIII",
        "IXIIIIIIIIIIIII",
        "IXIIXIIIIIIIIII",
        "IXIXIIIIIIIIIII",
        "IXIXXIIIIIIIIII",
        "IXIYYIIIIIIIIII",
        "IXXIIIIIIIIIIII",
        "IXXIXIIIIIIIIII",
        "IXXXIIIIIIIIIII",
        "IXXXXIIIIIIIIII",
        "IXXYYIIIIIIIIII",
        "IXYIYIIIIIIIIII",
        "IXYXYIIIIIIIIII",
        "IXYYIIIIIIIIIII",
        "IXYYXIIIIIIIIII",
        "IZIIIIIIIIIIIII",
        "IZIIZIIIIIIIIII",
        "IZIZIIIIIIIIIII",
        "IZZIIIIIIIIIIII",
        "ZIIIIIIIIIIIIII",
        "IIIIIXIIIIXIIII",
        "IIIIIYIIIIYIIII",
        "XIIIIXIIIIIIIII",
        "YIIIIYIIIIIIIII",
        "IIIIZIIIIIIIIIZ",
        "IIIIZIIIIIIIIZI",
        "IIIIZIIIIIIIZII",
        "IIIIZIIIIIIZIII",
        "IIIZIIIIIIIIIIZ",
        "IIIZIIIIIIIIIZI",
        "IIIZIIIIIIIIZII",
        "IIIZIIIIIIIZIII",
        "IIZIIIIIIIIIIIZ",
        "IIZIIIIIIIIIIZI",
        "IIZIIIIIIIIIZII",
        "IIZIIIIIIIIZIII",
        "IZIIIIIIIIIIIIZ",
        "IZIIIIIIIIIIIZI",
        "IZIIIIIIIIIIZII",
        "IZIIIIIIIIIZIII"
    ],