{
    "load_date": "2026-02-02 18:52:47.172234",
    "potential": "linear",
    "cutoff": 2,
    "N": 3,
    "a": 1.0,
    "c": null,
    "x_max": 16.0,
    "boundary_condition": "dirichlet",
    "num_qubits": 6,
    "H_size": [
        64,
        64
    ],
    "H_dense_mem_estimate_bytes": 65536,
    "H_sparse_mem_estimate_bytes": 7940,
    "H_pauli_time": "0:00:00.003260",
    "H_creation_time": "0:00:00.002024",
    "H_eigenvalue_time": "0:00:00.002377",
    "eigenvalues": [
        -1.6958316597907828,
        -0.6958316597907847,
        -0.47108678839920387,
        -0.47108678839917534,
        0.5289132116007931,
        0.5289132116008054,
        0.7536580829923982,
        1.7536580829923862
    ],
    "best_basis_state": [
        0,
        1,
        1,
        1,
        0,
        1
    ],
    "basis_prob": 0.9082482815834451,
    "num_paulis": 15,
    "pauli_coeffs": [
        240.02891485664384,
        -0.009638285547938824,
        64.0,
        -0.5,
        -0.009638285547938824,
        96.0,
        0.5,
        -0.009638285547938824,
        64.0,
        -0.5,
        0.25,
        0.25,
        0.25,
        0.25,
        -16.0
    ],
    "pauli_labels": [
        "IIIIII",
        "IIIIIX",
        "IIIIIZ",
        "IIIIZI",
        "IIIXII",
        "IIIZII",
        "IIZIII",
        "IXIIII",
        "IZIIII",
        "ZIIIII",
        "IIXIXI",
        "IIYIYI",
        "XIXIII",
        "YIYIII",
        "IZIIIZ"
    ],
    "boson_position_marginals": {
        "site_0": {
            "x_grid": [
                -16.0,
                0.0
            ],
            "P_x": [
                3.6287713925921858e-09,
                0.9999999963712295
            ],
            "edge_mass_2": 2.0000000000000018
        },
        "site_1": {
            "x_grid": [
                -16.0,
                0.0
            ],
            "P_x": [
                2.5199801324054137e-09,
                0.9999999974800208
            ],
            "edge_mass_2": 2.0000000000000018
        },
        "site_2": {
            "x_grid": [
                -16.0,
                0.0
            ],
            "P_x": [
                3.6287713925982527e-09,
                0.9999999963712295
            ],
            "edge_mass_2": 2.0000000000000018
        }
    }
}