{
    "load_date": "2026-02-02 19:34:05.237880",
    "potential": "linear",
    "cutoff": 8,
    "N": 4,
    "a": 1.0,
    "c": null,
    "x_max": 5.0,
    "boundary_condition": "dirichlet",
    "num_qubits": 16,
    "H_size": [
        65536,
        65536
    ],
    "H_dense_mem_estimate_bytes": 68719476736,
    "H_sparse_mem_estimate_bytes": 42205188,
    "H_pauli_time": "0:00:00.015465",
    "H_creation_time": "0:00:00.006799",
    "H_eigenvalue_time": "0:00:02.925809",
    "eigenvalues": [
        -0.0540132914117401,
        0.9926440081913716,
        0.9926440081913716,
        1.110611662486434,
        1.110611662486442,
        1.2322636994372087,
        1.232263699437212,
        1.356361963636707
    ],
    "best_basis_state": [
        1,
        1,
        0,
        0,
        0,
        1,
        0,
        0,
        1,
        1,
        0,
        0,
        0,
        1,
        0,
        0
    ],
    "basis_prob": 0.2983773587417312,
    "num_paulis": 89,
    "pauli_coeffs": [
        27.780125936479315,
        -0.6739387440291293,
        0.390625,
        0.19739208802178745,
        -0.3947841760435744,
        -0.27915456798555516,
        0.78125,
        0.9765625,
        0.09869604401089338,
        -0.115629608058019,
        0.19739208802178673,
        -0.3947841760435739,
        0.2791545679855552,
        1.5625,
        1.953125,
        3.90625,
        -0.5,
        -0.6739387440291293,
        0.48828125,
        0.19739208802178745,
        -0.3947841760435744,
        -0.27915456798555516,
        0.9765625,
        1.171875,
        0.09869604401089338,
        -0.115629608058019,
        0.19739208802178673,
        -0.3947841760435739,
        0.2791545679855552,
        1.953125,
        2.34375,
        4.6875,
        0.5,
        -0.6739387440291293,
        0.48828125,
        0.19739208802178745,
        -0.3947841760435744,
        -0.27915456798555516,
        0.9765625,
        1.171875,
        0.09869604401089338,
        -0.115629608058019,
        0.19739208802178673,
        -0.3947841760435739,
        0.2791545679855552,
        1.953125,
        2.34375,
        4.6875,
        -0.5,
        -0.6739387440291293,
        0.390625,
        0.19739208802178745,
        -0.3947841760435744,
        -0.27915456798555516,
        0.78125,
        0.9765625,
        0.09869604401089338,
        -0.115629608058019,
        0.19739208802178673,
        -0.3947841760435739,
        0.2791545679855552,
        1.5625,
        1.953125,
        3.90625,
        0.5,
        0.25,
        0.25,
        0.25,
        0.25,
        0.25,
        0.25,
        -0.09765625,
        -0.1953125,
        -0.390625,
        -0.1953125,
        -0.390625,
        -0.78125,
        -0.390625,
        -0.78125,
        -1.5625,
        -0.09765625,
        -0.1953125,
        -0.390625,
        -0.1953125,
        -0.390625,
        -0.78125,
        -0.390625,
        -0.78125,
        -1.5625
    ],
    "pauli_labels": [
        "IIIIIIIIIIIIIIII",
        "IIIIIIIIIIIIIIIX",
        "IIIIIIIIIIIIIIIZ",
        "IIIIIIIIIIIIIIXI",
        "IIIIIIIIIIIIIIXX",
        "IIIIIIIIIIIIIIYY",
        "IIIIIIIIIIIIIIZI",
        "IIIIIIIIIIIIIIZZ",
        "IIIIIIIIIIIIIXII",
        "IIIIIIIIIIIIIXIX",
        "IIIIIIIIIIIIIXXI",
        "IIIIIIIIIIIIIXXX",
        "IIIIIIIIIIIIIXYY",
        "IIIIIIIIIIIIIZII",
        "IIIIIIIIIIIIIZIZ",
        "IIIIIIIIIIIIIZZI",
        "IIIIIIIIIIIIZIII",
        "IIIIIIIIIIIXIIII",
        "IIIIIIIIIIIZIIII",
        "IIIIIIIIIIXIIIII",
        "IIIIIIIIIIXXIIII",
        "IIIIIIIIIIYYIIII",
        "IIIIIIIIIIZIIIII",
        "IIIIIIIIIIZZIIII",
        "IIIIIIIIIXIIIIII",
        "IIIIIIIIIXIXIIII",
        "IIIIIIIIIXXIIIII",
        "IIIIIIIIIXXXIIII",
        "IIIIIIIIIXYYIIII",
        "IIIIIIIIIZIIIIII",
        "IIIIIIIIIZIZIIII",
        "IIIIIIIIIZZIIIII",
        "IIIIIIIIZIIIIIII",
        "IIIIIIIXIIIIIIII",
        "IIIIIIIZIIIIIIII",
        "IIIIIIXIIIIIIIII",
        "IIIIIIXXIIIIIIII",
        "IIIIIIYYIIIIIIII",
        "IIIIIIZIIIIIIIII",
        "IIIIIIZZIIIIIIII",
        "IIIIIXIIIIIIIIII",
        "IIIIIXIXIIIIIIII",
        "IIIIIXXIIIIIIIII",
        "IIIIIXXXIIIIIIII",
        "IIIIIXYYIIIIIIII",
        "IIIIIZIIIIIIIIII",
        "IIIIIZIZIIIIIIII",
        "IIIIIZZIIIIIIIII",
        "IIIIZIIIIIIIIIII",
        "IIIXIIIIIIIIIIII",
        "IIIZIIIIIIIIIIII",
        "IIXIIIIIIIIIIIII",
        "IIXXIIIIIIIIIIII",
        "IIYYIIIIIIIIIIII",
        "IIZIIIIIIIIIIIII",
        "IIZZIIIIIIIIIIII",
        "IXIIIIIIIIIIIIII",
        "IXIXIIIIIIIIIIII",
        "IXXIIIIIIIIIIIII",
        "IXXXIIIIIIIIIIII",
        "IXYYIIIIIIIIIIII",
        "IZIIIIIIIIIIIIII",
        "IZIZIIIIIIIIIIII",
        "IZZIIIIIIIIIIIII",
        "ZIIIIIIIIIIIIIII",
        "IIIIIIIIXIIIXIII",
        "IIIIIIIIYIIIYIII",
        "IIIIXIIIXIIIIIII",
        "IIIIYIIIYIIIIIII",
        "XIIIXIIIIIIIIIII",
        "YIIIYIIIIIIIIIII",
        "IIIIIIIZIIIIIIIZ",
        "IIIIIIIZIIIIIIZI",
        "IIIIIIIZIIIIIZII",
        "IIIIIIZIIIIIIIIZ",
        "IIIIIIZIIIIIIIZI",
        "IIIIIIZIIIIIIZII",
        "IIIIIZIIIIIIIIIZ",
        "IIIIIZIIIIIIIIZI",
        "IIIIIZIIIIIIIZII",
        "IIIZIIIIIIIZIIII",
        "IIIZIIIIIIZIIIII",
        "IIIZIIIIIZIIIIII",
        "IIZIIIIIIIIZIIII",
        "IIZIIIIIIIZIIIII",
        "IIZIIIIIIZIIIIII",
        "IZIIIIIIIIIZIIII",
        "IZIIIIIIIIZIIIII",
        "IZIIIIIIIZIIIIII"
    ],
    "boson_position_marginals": {
        "site_0": {
            "x_grid": [
                -5.0,
                -3.75,
                -2.5,
                -1.25,
                0.0,
                1.25,
                2.5,
                3.75
            ],
            "P_x": [
                4.858136953096084e-07,
                2.2226317768619193e-06,
                0.0006161618899364068,
                0.1255981039660343,
                0.7475667967518181,
                0.12559786061130174,
                0.0006161447153742937,
                2.223620057247586e-06
            ],
            "edge_mass_2": 0.0006210767809037128
        },
        "site_1": {
            "x_grid": [
                -5.0,
                -3.75,
                -2.5,
                -1.25,
                0.0,
                1.25,
                2.5,
                3.75
            ],
            "P_x": [
                6.642862703336398e-07,
                2.402493064091176e-06,
                0.0002889735828649137,
                0.1089065043276876,
                0.7816036390178147,
                0.10890645142753702,
                0.0002889616972157208,
                2.4031675418240483e-06
            ],
            "edge_mass_2": 0.0002944316440919697
        },
        "site_2": {
            "x_grid": [
                -5.0,
                -3.75,
                -2.5,
                -1.25,
                0.0,
                1.25,
                2.5,
                3.75
            ],
            "P_x": [
                6.642862703336432e-07,
                2.402493064091166e-06,
                0.0002889735828649131,
                0.10890650432768748,
                0.7816036390178152,
                0.10890645142753698,
                0.0002889616972157223,
                2.4031675418240475e-06
            ],
            "edge_mass_2": 0.00029443164409197116
        },
        "site_3": {
            "x_grid": [
                -5.0,
                -3.75,
                -2.5,
                -1.25,
                0.0,
                1.25,
                2.5,
                3.75
            ],