{
    "load_date": "2026-02-02 19:34:02.277288",
    "potential": "linear",
    "cutoff": 4,
    "N": 4,
    "a": 1.0,
    "c": null,
    "x_max": 5.0,
    "boundary_condition": "dirichlet",
    "num_qubits": 12,
    "H_size": [
        4096,
        4096
    ],
    "H_dense_mem_estimate_bytes": 268435456,
    "H_sparse_mem_estimate_bytes": 1327108,
    "H_pauli_time": "0:00:00.005097",
    "H_creation_time": "0:00:00.000778",
    "H_eigenvalue_time": "0:00:00.070865",
    "eigenvalues": [
        -1.221297746238676,
        -0.17464044663554606,
        -0.17464044663554132,
        0.06497924461029145,
        0.06497924461029753,
        0.8720168529675887,
        1.1116365442134124,
        1.1116365442134202
    ],
    "best_basis_state": [
        1,
        1,
        0,
        0,
        1,
        0,
        1,
        1,
        0,
        0,
        1,
        0
    ],
    "basis_prob": 0.8548743990952412,
    "num_paulis": 43,
    "pauli_coeffs": [
        26.184352528130724,
        -0.19739208802178715,
        1.5625,
        0.09869604401089357,
        -0.19739208802178715,
        3.125,
        3.90625,
        -0.5,
        -0.19739208802178715,
        1.953125,
        0.09869604401089357,
        -0.19739208802178715,
        3.90625,
        4.6875,
        0.5,
        -0.19739208802178715,
        1.953125,
        0.09869604401089357,
        -0.19739208802178715,
        3.90625,
        4.6875,
        -0.5,
        -0.19739208802178715,
        1.5625,
        0.09869604401089357,
        -0.19739208802178715,
        3.125,
        3.90625,
        0.5,
        0.25,
        0.25,
        0.25,
        0.25,
        0.25,
        0.25,
        -0.390625,
        -0.78125,
        -0.78125,
        -1.5625,
        -0.390625,
        -0.78125,
        -0.78125,
        -1.5625
    ],
    "pauli_labels": [
        "IIIIIIIIIIII",
        "IIIIIIIIIIIX",
        "IIIIIIIIIIIZ",
        "IIIIIIIIIIXI",
        "IIIIIIIIIIXX",
        "IIIIIIIIIIZI",
        "IIIIIIIIIIZZ",
        "IIIIIIIIIZII",
        "IIIIIIIIXIII",
        "IIIIIIIIZIII",
        "IIIIIIIXIIII",
        "IIIIIIIXXIII",
        "IIIIIIIZIIII",
        "IIIIIIIZZIII",
        "IIIIIIZIIIII",
        "IIIIIXIIIIII",
        "IIIIIZIIIIII",
        "IIIIXIIIIIII",
        "IIIIXXIIIIII",
        "IIIIZIIIIIII",
        "IIIIZZIIIIII",
        "IIIZIIIIIIII",
        "IIXIIIIIIIII",
        "IIZIIIIIIIII",
        "IXIIIIIIIIII",
        "IXXIIIIIIIII",
        "IZIIIIIIIIII",
        "IZZIIIIIIIII",
        "ZIIIIIIIIIII",
        "IIIIIIXIIXII",
        "IIIIIIYIIYII",
        "IIIXIIXIIIII",
        "IIIYIIYIIIII",
        "XIIXIIIIIIII",
        "YIIYIIIIIIII",
        "IIIIIZIIIIIZ",
        "IIIIIZIIIIZI",
        "IIIIZIIIIIIZ",
        "IIIIZIIIIIZI",
        "IIZIIIIIZIII",
        "IIZIIIIZIIII",
        "IZIIIIIIZIII",
        "IZIIIIIZIIII"
    ],
    "boson_position_marginals": {
        "site_0": {
            "x_grid": [
                -5.0,
                -2.5,
                0.0,
                2.5
            ],
            "P_x": [
                2.5660310896753544e-05,
                0.002371249936611159,
                0.9952319826061972,
                0.0023711071462861524
            ],
            "edge_mass_2": 0.9999999999999912
        },
        "site_1": {
            "x_grid": [
                -5.0,
                -2.5,
                0.0,
                2.5
            ],
            "P_x": [
                1.928473171981694e-05,
                0.0016700653441493545,
                0.9966406958336314,
                0.0016699540904916096
            ],
            "edge_mass_2": 0.9999999999999921
        },
        "site_2": {
            "x_grid": [
                -5.0,
                -2.5,
                0.0,
                2.5
            ],
            "P_x": [
                1.928473171981684e-05,
                0.001670065344149399,
                0.9966406958336309,
                0.0016699540904916148
            ],
            "edge_mass_2": 0.9999999999999918
        },
        "site_3": {
            "x_grid": [
                -5.0,
                -2.5,
                0.0,
                2.5
            ],
            "P_x": [
                2.5660310896753696e-05,
                0.0023712499366111916,
                0.9952319826061975,
                0.0023711071462860856
            ],
            "edge_mass_2": 0.9999999999999916
        }
    }
}