{
    "load_date": "2026-02-02 19:35:47.134116",
    "potential": "linear",
    "cutoff": 16,
    "N": 4,
    "a": 1.0,
    "c": null,
    "x_max": 5.0,
    "boundary_condition": "dirichlet",
    "num_qubits": 20,
    "H_size": [
        1048576,
        1048576
    ],
    "H_dense_mem_estimate_bytes": 17592186044416,
    "H_sparse_mem_estimate_bytes": 1346371588,
    "H_pauli_time": "0:00:00.401876",
    "H_creation_time": "0:00:00.173801",
    "H_eigenvalue_time": "0:01:41.152955",
    "eigenvalues": [
        -1.139780776629318e-08,
        1.0466572882053085,
        1.0466572882053102,
        1.0466573755890822,
        1.0466573755890878,
        1.2862769794511355,
        1.2862769794511368,
        1.286277123811872
    ],
    "best_basis_state": [
        1,
        1,
        0,
        0,
        0,
        0,
        1,
        0,
        0,
        0,
        1,
        1,
        0,
        0,
        0,
        0,
        1,
        0,
        0,
        0
    ],
    "basis_prob": 0.018085727199386982,
    "num_paulis": 191,
    "pauli_coeffs": [
        40.02259456987369,
        -2.5931539116080113,
        0.09765624999999911,
        0.6739387440291296,
        -1.4564560991566968,
        -1.1366978124513132,
        0.19531249999999956,
        0.24414062499999956,
        0.19739208802178637,
        -0.23125921611603845,
        0.39478417604357463,
        -0.7895683520871484,
        0.5583091359711116,
        -0.0884990705893464,
        -0.5783886764802024,
        0.27915456798555605,
        -0.6668877470695498,
        0.3906249999999998,
        0.4882812499999998,
        0.9765624999999998,
        0.09869604401089377,
        -0.10260106450850683,
        0.11562960805801938,
        -0.1226806050176007,
        0.020079540509092726,
        0.19739208802178737,
        -0.23125921611603817,
        0.39478417604357363,
        -0.7895683520871485,
        0.5583091359711102,
        0.08849907058934474,
        0.5783886764802028,
        -0.27915456798555416,
        0.6668877470695481,
        0.78125,
        0.9765624999999998,
        1.953125,
        3.90625,
        -0.5,
        -2.5931539116080113,
        0.12207031249999911,
        0.6739387440291296,
        -1.4564560991566968,
        -1.1366978124513132,
        0.24414062499999956,
        0.29296874999999956,
        0.19739208802178637,
        -0.23125921611603845,
        0.39478417604357463,
        -0.7895683520871484,
        0.5583091359711116,
        -0.0884990705893464,
        -0.5783886764802024,
        0.27915456798555605,
        -0.6668877470695498,
        0.4882812499999998,
        0.5859374999999998,
        1.1718749999999998,
        0.09869604401089377,
        -0.10260106450850683,
        0.11562960805801938,
        -0.1226806050176007,
        0.020079540509092726,
        0.19739208802178737,
        -0.23125921611603817,
        0.39478417604357363,
        -0.7895683520871485,
        0.5583091359711102,
        0.08849907058934474,
        0.5783886764802028,
        -0.27915456798555416,
        0.6668877470695481,
        0.9765625,
        1.1718749999999998,
        2.34375,
        4.6875,
        0.5,
        -2.5931539116080113,
        0.12207031249999911,
        0.6739387440291296,
        -1.4564560991566968,
        -1.1366978124513132,
        0.24414062499999956,
        0.29296874999999956,
        0.19739208802178637,
        -0.23125921611603845,
        0.39478417604357463,
        -0.7895683520871484,
        0.5583091359711116,
        -0.0884990705893464,
        -0.5783886764802024,
        0.27915456798555605,
        -0.6668877470695498,
        0.4882812499999998,
        0.5859374999999998,
        1.1718749999999998,
        0.09869604401089377,
        -0.10260106450850683,
        0.11562960805801938,
        -0.1226806050176007,
        0.020079540509092726,
        0.19739208802178737,
        -0.23125921611603817,
        0.39478417604357363,
        -0.7895683520871485,
        0.5583091359711102,
        0.08849907058934474,
        0.5783886764802028,
        -0.27915456798555416,
        0.6668877470695481,
        0.9765625,
        1.1718749999999998,
        2.34375,
        4.6875,
        -0.5,
        -2.5931539116080113,
        0.09765624999999911,
        0.6739387440291296,
        -1.4564560991566968,
        -1.1366978124513132,
        0.19531249999999956,
        0.24414062499999956,
        0.19739208802178637,
        -0.23125921611603845,
        0.39478417604357463,
        -0.7895683520871484,
        0.5583091359711116,
        -0.0884990705893464,
        -0.5783886764802024,
        0.27915456798555605,
        -0.6668877470695498,
        0.3906249999999998,
        0.4882812499999998,
        0.9765624999999998,
        0.09869604401089377,
        -0.10260106450850683,
        0.11562960805801938,
        -0.1226806050176007,
        0.020079540509092726,
        0.19739208802178737,
        -0.23125921611603817,
        0.39478417604357363,
        -0.7895683520871485,
        0.5583091359711102,
        0.08849907058934474,
        0.5783886764802028,
        -0.27915456798555416,
        0.6668877470695481,
        0.78125,
        0.9765624999999998,
        1.953125,
        3.90625,
        0.5,
        0.25,
        0.25,
        0.25,
        0.25,
        0.25,
        0.25,
        -0.0244140625,
        -0.048828125,
        -0.09765625,
        -0.1953125,
        -0.048828125,
        -0.09765625,
        -0.1953125,
        -0.390625,
        -0.09765625,
        -0.1953125,
        -0.390625,
        -0.78125,
        -0.1953125,
        -0.390625,
        -0.78125,
        -1.5625,
        -0.0244140625,
        -0.048828125,
        -0.09765625,
        -0.1953125,
        -0.048828125,
        -0.09765625,
        -0.1953125,
        -0.390625,
        -0.09765625,
        -0.1953125,
        -0.390625,
        -0.78125,
        -0.1953125,
        -0.390625,
        -0.78125,
        -1.5625
    ],