{
    "load_date": "2026-02-02 19:34:02.196982",
    "potential": "linear",
    "cutoff": 2,
    "N": 4,
    "a": 1.0,
    "c": null,
    "x_max": 5.0,
    "boundary_condition": "dirichlet",
    "num_qubits": 8,
    "H_size": [
        256,
        256
    ],
    "H_dense_mem_estimate_bytes": 1048576,
    "H_sparse_mem_estimate_bytes": 41988,
    "H_pauli_time": "0:00:00.004443",
    "H_creation_time": "0:00:00.003933",
    "H_eigenvalue_time": "0:00:00.011265",
    "eigenvalues": [
        -1.94043591943361,
        -0.8937786198304848,
        -0.8937786198304842,
        -0.6541589285846467,
        -0.6541589285846463,
        0.15287867977264064,
        0.3924983710184729,
        0.39249837101847457
    ],
    "best_basis_state": [
        1,
        1,
        0,
        1,
        1,
        1,
        0,
        1
    ],
    "basis_prob": 0.8687928881730999,
    "num_paulis": 21,
    "pauli_coeffs": [
        31.644784176043572,
        -0.09869604401089355,
        6.25,
        -0.5,
        -0.09869604401089355,
        7.8125,
        0.5,
        -0.09869604401089355,
        7.8125,
        -0.5,
        -0.09869604401089355,
        6.25,
        0.5,
        0.25,
        0.25,
        0.25,
        0.25,
        0.25,
        0.25,
        -1.5625,
        -1.5625
    ],
    "pauli_labels": [
        "IIIIIIII",
        "IIIIIIIX",
        "IIIIIIIZ",
        "IIIIIIZI",
        "IIIIIXII",
        "IIIIIZII",
        "IIIIZIII",
        "IIIXIIII",
        "IIIZIIII",
        "IIZIIIII",
        "IXIIIIII",
        "IZIIIIII",
        "ZIIIIIII",
        "IIIIXIXI",
        "IIIIYIYI",
        "IIXIXIII",
        "IIYIYIII",
        "XIXIIIII",
        "YIYIIIII",
        "IIIZIIIZ",
        "IZIIIZII"
    ],
    "boson_position_marginals": {
        "site_0": {
            "x_grid": [
                -5.0,
                0.0
            ],
            "P_x": [
                3.989512374870184e-05,
                0.9999601048762446
            ],
            "edge_mass_2": 1.9999999999999867
        },
        "site_1": {
            "x_grid": [
                -5.0,
                0.0
            ],
            "P_x": [
                2.7706126979805375e-05,
                0.9999722938730137
            ],
            "edge_mass_2": 1.999999999999987
        },
        "site_2": {
            "x_grid": [
                -5.0,
                0.0
            ],
            "P_x": [
                2.770612697980552e-05,
                0.9999722938730137
            ],
            "edge_mass_2": 1.999999999999987
        },
        "site_3": {
            "x_grid": [
                -5.0,
                0.0
            ],
            "P_x": [
                3.98951237487026e-05,
                0.9999601048762448
            ],
            "edge_mass_2": 1.999999999999987
        }
    }
}