{
    "load_date": "2026-02-02 18:49:40.093895",
    "potential": "linear",
    "cutoff": 2,
    "N": 4,
    "a": 1.0,
    "c": null,
    "x_max": 1.0,
    "boundary_condition": "dirichlet",
    "num_qubits": 8,
    "H_size": [
        256,
        256
    ],
    "H_dense_mem_estimate_bytes": 1048576,
    "H_sparse_mem_estimate_bytes": 41988,
    "H_pauli_time": "0:00:00.004668",
    "H_creation_time": "0:00:00.004221",
    "H_eigenvalue_time": "0:00:00.006900",
    "eigenvalues": [
        -1.150010693578289,
        -0.10335339397516387,
        -0.10335339397516043,
        0.13626629727066775,
        0.13626629727067027,
        0.943303905627966,
        1.1829235968738012,
        1.1829235968738083
    ],
    "best_basis_state": [
        1,
        1,
        0,
        1,
        1,
        1,
        0,
        1
    ],
    "basis_prob": 0.08590286179815679,
    "num_paulis": 21,
    "pauli_coeffs": [
        11.119604401089356,
        -2.467401100272339,
        0.25,
        -0.5,
        -2.467401100272339,
        0.3125,
        0.5,
        -2.467401100272339,
        0.3125,
        -0.5,
        -2.467401100272339,
        0.25,
        0.5,
        0.25,
        0.25,
        0.25,
        0.25,
        0.25,
        0.25,
        -0.0625,
        -0.0625
    ],
    "pauli_labels": [
        "IIIIIIII",
        "IIIIIIIX",
        "IIIIIIIZ",
        "IIIIIIZI",
        "IIIIIXII",
        "IIIIIZII",
        "IIIIZIII",
        "IIIXIIII",
        "IIIZIIII",
        "IIZIIIII",
        "IXIIIIII",
        "IZIIIIII",
        "ZIIIIIII",
        "IIIIXIXI",
        "IIIIYIYI",
        "IIXIXIII",
        "IIYIYIII",
        "XIXIIIII",
        "YIYIIIII",
        "IIIZIIIZ",
        "IZIIIZII"
    ],
    "boson_position_marginals": {
        "site_0": {
            "x_grid": [
                -1.0,
                0.0
            ],
            "P_x": [
                0.4480194448609043,
                0.5519805551390907
            ],
            "edge_mass_2": 1.99999999999999
        },
        "site_1": {
            "x_grid": [
                -1.0,
                0.0
            ],
            "P_x": [
                0.4359155809173745,
                0.5640844190826206
            ],
            "edge_mass_2": 1.9999999999999902
        },
        "site_2": {
            "x_grid": [
                -1.0,
                0.0
            ],
            "P_x": [
                0.4359155809173744,
                0.5640844190826205
            ],
            "edge_mass_2": 1.9999999999999898
        },
        "site_3": {
            "x_grid": [
                -1.0,
                0.0
            ],
            "P_x": [
                0.44801944486090434,
                0.5519805551390908
            ],
            "edge_mass_2": 1.9999999999999902
        }
    }
}