{
    "load_date": "2026-02-02 18:57:01.126224",
    "potential": "linear",
    "cutoff": 16,
    "N": 4,
    "a": 1.0,
    "c": null,
    "x_max": 1.0,
    "boundary_condition": "dirichlet",
    "num_qubits": 20,
    "H_size": [
        1048576,
        1048576
    ],
    "H_dense_mem_estimate_bytes": 17592186044416,
    "H_sparse_mem_estimate_bytes": 1346371588,
    "H_pauli_time": "0:00:00.411655",
    "H_creation_time": "0:00:00.239128",
    "H_eigenvalue_time": "0:07:13.363641",
    "eigenvalues": [
        -1.444037394106664,
        -0.3973800945035224,
        -0.397380094503458,
        -0.15776040325766175,
        -0.15776040325760993,
        0.6492772050995965,
        0.8888968963453048,
        0.8888968963454474
    ],
    "best_basis_state": [
        1,
        1,
        0,
        0,
        0,
        0,
        1,
        0,
        0,
        0,
        1,
        1,
        0,
        0,
        0,
        0,
        1,
        0,
        0,
        0
    ],
    "basis_prob": 2.0004044483267347e-05,
    "num_paulis": 191,
    "pauli_coeffs": [
        425.3148642468424,
        -64.82884779020029,
        0.00390625,
        16.84846860072824,
        -36.411402478917424,
        -28.417445311282833,
        0.007812500000003553,
        0.009765624999996447,
        4.934802200544665,
        -5.781480402900965,
        9.869604401089367,
        -19.73920880217871,
        13.957728399277789,
        -2.21247676473366,
        -14.459716912005064,
        6.978864199638906,
        -16.672193676738747,
        0.015625000000003553,
        0.019531249999996447,
        0.03906250000000355,
        2.4674011002723386,
        -2.5650266127126664,
        2.890740201450482,
        -3.067015125440017,
        0.5019885127273218,
        4.93480220054469,
        -5.781480402900955,
        9.86960440108934,
        -19.739208802178723,
        13.957728399277757,
        2.2124767647336148,
        14.45971691200507,
        -6.97886419963885,
        16.672193676738708,
        0.031249999999999112,
        0.03906250000000089,
        0.07812499999999911,
        0.15624999999999734,
        -0.5,
        -64.82884779020029,
        0.0048828125,
        16.84846860072824,
        -36.411402478917424,
        -28.417445311282833,
        0.009765625000003553,
        0.011718749999996447,
        4.934802200544665,
        -5.781480402900965,
        9.869604401089367,
        -19.73920880217871,
        13.957728399277789,
        -2.21247676473366,
        -14.459716912005064,
        6.978864199638906,
        -16.672193676738747,
        0.019531250000003553,
        0.023437499999996447,
        0.04687500000000355,
        2.4674011002723386,
        -2.5650266127126664,
        2.890740201450482,
        -3.067015125440017,
        0.5019885127273218,
        4.93480220054469,
        -5.781480402900955,
        9.86960440108934,
        -19.739208802178723,
        13.957728399277757,
        2.2124767647336148,
        14.45971691200507,
        -6.97886419963885,
        16.672193676738708,
        0.03906249999999911,
        0.04687500000000089,
        0.09374999999999911,
        0.18749999999999734,
        0.5,
        -64.82884779020029,
        0.0048828125,
        16.84846860072824,
        -36.411402478917424,
        -28.417445311282833,
        0.009765625000003553,
        0.011718749999996447,
        4.934802200544665,
        -5.781480402900965,
        9.869604401089367,
        -19.73920880217871,
        13.957728399277789,
        -2.21247676473366,
        -14.459716912005064,
        6.978864199638906,
        -16.672193676738747,
        0.019531250000003553,
        0.023437499999996447,
        0.04687500000000355,
        2.4674011002723386,
        -2.5650266127126664,
        2.890740201450482,
        -3.067015125440017,
        0.5019885127273218,
        4.93480220054469,
        -5.781480402900955,
        9.86960440108934,
        -19.739208802178723,
        13.957728399277757,
        2.2124767647336148,
        14.45971691200507,
        -6.97886419963885,
        16.672193676738708,
        0.03906249999999911,
        0.04687500000000089,
        0.09374999999999911,
        0.18749999999999734,
        -0.5,
        -64.82884779020029,
        0.00390625,
        16.84846860072824,
        -36.411402478917424,
        -28.417445311282833,
        0.007812500000003553,
        0.009765624999996447,
        4.934802200544665,
        -5.781480402900965,
        9.869604401089367,
        -19.73920880217871,
        13.957728399277789,
        -2.21247676473366,
        -14.459716912005064,
        6.978864199638906,
        -16.672193676738747,
        0.015625000000003553,
        0.019531249999996447,
        0.03906250000000355,
        2.4674011002723386,
        -2.5650266127126664,
        2.890740201450482,
        -3.067015125440017,
        0.5019885127273218,
        4.93480220054469,
        -5.781480402900955,
        9.86960440108934,
        -19.739208802178723,
        13.957728399277757,
        2.2124767647336148,
        14.45971691200507,
        -6.97886419963885,
        16.672193676738708,
        0.031249999999999112,
        0.03906250000000089,
        0.07812499999999911,
        0.15624999999999734,
        0.5,
        0.25,
        0.25,
        0.25,
        0.25,
        0.25,
        0.25,
        -0.0009765625,
        -0.001953125,
        -0.00390625,
        -0.0078125,
        -0.001953125,
        -0.00390625,
        -0.0078125,
        -0.015625,
        -0.00390625,
        -0.0078125,
        -0.015625,
        -0.03125,
        -0.0078125,
        -0.015625,
        -0.03125,
        -0.0625,
        -0.0009765625,
        -0.001953125,
        -0.00390625,
        -0.0078125,
        -0.001953125,
        -0.00390625,
        -0.0078125,
        -0.015625,
        -0.00390625,
        -0.0078125,
        -0.015625,
        -0.03125,
        -0.0078125,
        -0.015625,
        -0.03125,
        -0.0625
    ],