{
    "load_date": "2026-02-02 18:49:40.187340",
    "potential": "linear",
    "cutoff": 4,
    "N": 4,
    "a": 1.0,
    "c": null,
    "x_max": 1.0,
    "boundary_condition": "dirichlet",
    "num_qubits": 12,
    "H_size": [
        4096,
        4096
    ],
    "H_dense_mem_estimate_bytes": 268435456,
    "H_sparse_mem_estimate_bytes": 1327108,
    "H_pauli_time": "0:00:00.005165",
    "H_creation_time": "0:00:00.001051",
    "H_eigenvalue_time": "0:00:00.083980",
    "eigenvalues": [
        -1.3746849707417212,
        -0.3280276711385988,
        -0.3280276711385875,
        -0.08840797989277278,
        -0.08840797989277181,
        0.7186296284645266,
        0.9582493197103612,
        0.9582493197103612
    ],
    "best_basis_state": [
        1,
        1,
        0,
        0,
        1,
        0,
        1,
        1,
        0,
        0,
        1,
        0
    ],
    "basis_prob": 0.005417974624328361,
    "num_paulis": 43,
    "pauli_coeffs": [
        30.608813203268078,
        -4.934802200544679,
        0.06250000000000044,
        2.4674011002723395,
        -4.934802200544679,
        0.125,
        0.15625,
        -0.5,
        -4.934802200544679,
        0.07812500000000044,
        2.4674011002723395,
        -4.934802200544679,
        0.15625,
        0.1875,
        0.5,
        -4.934802200544679,
        0.07812500000000044,
        2.4674011002723395,
        -4.934802200544679,
        0.15625,
        0.1875,
        -0.5,
        -4.934802200544679,
        0.06250000000000044,
        2.4674011002723395,
        -4.934802200544679,
        0.125,
        0.15625,
        0.5,
        0.25,
        0.25,
        0.25,
        0.25,
        0.25,
        0.25,
        -0.015625,
        -0.03125,
        -0.03125,
        -0.0625,
        -0.015625,
        -0.03125,
        -0.03125,
        -0.0625
    ],
    "pauli_labels": [
        "IIIIIIIIIIII",
        "IIIIIIIIIIIX",
        "IIIIIIIIIIIZ",
        "IIIIIIIIIIXI",
        "IIIIIIIIIIXX",
        "IIIIIIIIIIZI",
        "IIIIIIIIIIZZ",
        "IIIIIIIIIZII",
        "IIIIIIIIXIII",
        "IIIIIIIIZIII",
        "IIIIIIIXIIII",
        "IIIIIIIXXIII",
        "IIIIIIIZIIII",
        "IIIIIIIZZIII",
        "IIIIIIZIIIII",
        "IIIIIXIIIIII",
        "IIIIIZIIIIII",
        "IIIIXIIIIIII",
        "IIIIXXIIIIII",
        "IIIIZIIIIIII",
        "IIIIZZIIIIII",
        "IIIZIIIIIIII",
        "IIXIIIIIIIII",
        "IIZIIIIIIIII",
        "IXIIIIIIIIII",
        "IXXIIIIIIIII",
        "IZIIIIIIIIII",
        "IZZIIIIIIIII",
        "ZIIIIIIIIIII",
        "IIIIIIXIIXII",
        "IIIIIIYIIYII",
        "IIIXIIXIIIII",
        "IIIYIIYIIIII",
        "XIIXIIIIIIII",
        "YIIYIIIIIIII",
        "IIIIIZIIIIIZ",
        "IIIIIZIIIIZI",
        "IIIIZIIIIIIZ",
        "IIIIZIIIIIZI",
        "IIZIIIIIZIII",
        "IIZIIIIZIIII",
        "IZIIIIIIZIII",
        "IZIIIIIZIIII"
    ],
    "boson_position_marginals": {
        "site_0": {
            "x_grid": [
                -1.0,
                -0.5,
                0.0,
                0.5
            ],
            "P_x": [
                0.22072924279008077,
                0.2537998970427784,
                0.27720918273769807,
                0.24826167742943697
            ],
            "edge_mass_2": 0.9999999999999942
        },
        "site_1": {
            "x_grid": [
                -1.0,
                -0.5,
                0.0,
                0.5
            ],
            "P_x": [
                0.2147060519760113,
                0.2539849632971598,
                0.28303200594682837,
                0.24827697877999486
            ],
            "edge_mass_2": 0.9999999999999943
        },
        "site_2": {
            "x_grid": [
                -1.0,
                -0.5,
                0.0,
                0.5
            ],
            "P_x": [
                0.21470605197601136,
                0.25398496329715997,
                0.2830320059468282,
                0.2482769787799948
            ],
            "edge_mass_2": 0.9999999999999943
        },
        "site_3": {
            "x_grid": [
                -1.0,
                -0.5,
                0.0,
                0.5
            ],
            "P_x": [
                0.22072924279008063,
                0.25379989704277867,
                0.27720918273769796,
                0.24826167742943708
            ],
            "edge_mass_2": 0.9999999999999943
        }
    }
}