{
    "load_date": "2026-02-02 18:49:46.951777",
    "potential": "linear",
    "cutoff": 8,
    "N": 4,
    "a": 1.0,
    "c": null,
    "x_max": 1.0,
    "boundary_condition": "dirichlet",
    "num_qubits": 16,
    "H_size": [
        65536,
        65536
    ],
    "H_dense_mem_estimate_bytes": 68719476736,
    "H_sparse_mem_estimate_bytes": 42205188,
    "H_pauli_time": "0:00:00.015667",
    "H_creation_time": "0:00:00.010063",
    "H_eigenvalue_time": "0:00:06.726157",
    "eigenvalues": [
        -1.429959818053046,
        -0.3833025184499454,
        -0.3833025184498823,
        -0.14368282720411885,
        -0.14368282720405584,
        0.6633547811531919,
        0.9029744723990077,
        0.90297447239901
    ],
    "best_basis_state": [
        1,
        1,
        0,
        0,
        0,
        1,
        0,
        0,
        1,
        1,
        0,
        0,
        0,
        1,
        0,
        0
    ],
    "basis_prob": 0.00032296547813551223,
    "num_paulis": 89,
    "pauli_coeffs": [
        109.50314841198292,
        -16.848468600728232,
        0.015625,
        4.934802200544688,
        -9.869604401089363,
        -6.978864199638877,
        0.03125,
        0.0390625,
        2.467401100272339,
        -2.890740201450479,
        4.93480220054467,
        -9.86960440108935,
        6.978864199638881,
        0.0625,
        0.078125,
        0.15625,
        -0.5,
        -16.848468600728232,
        0.01953125,
        4.934802200544688,
        -9.869604401089363,
        -6.978864199638877,
        0.0390625,
        0.046875,
        2.467401100272339,
        -2.890740201450479,
        4.93480220054467,
        -9.86960440108935,
        6.978864199638881,
        0.078125,
        0.09375,
        0.1875,
        0.5,
        -16.848468600728232,
        0.01953125,
        4.934802200544688,
        -9.869604401089363,
        -6.978864199638877,
        0.0390625,
        0.046875,
        2.467401100272339,
        -2.890740201450479,
        4.93480220054467,
        -9.86960440108935,
        6.978864199638881,
        0.078125,
        0.09375,
        0.1875,
        -0.5,
        -16.848468600728232,
        0.015625,
        4.934802200544688,
        -9.869604401089363,
        -6.978864199638877,
        0.03125,
        0.0390625,
        2.467401100272339,
        -2.890740201450479,
        4.93480220054467,
        -9.86960440108935,
        6.978864199638881,
        0.0625,
        0.078125,
        0.15625,
        0.5,
        0.25,
        0.25,
        0.25,
        0.25,
        0.25,
        0.25,
        -0.00390625,
        -0.0078125,
        -0.015625,
        -0.0078125,
        -0.015625,
        -0.03125,
        -0.015625,
        -0.03125,
        -0.0625,
        -0.00390625,
        -0.0078125,
        -0.015625,
        -0.0078125,
        -0.015625,
        -0.03125,
        -0.015625,
        -0.03125,
        -0.0625
    ],
    "pauli_labels": [
        "IIIIIIIIIIIIIIII",
        "IIIIIIIIIIIIIIIX",
        "IIIIIIIIIIIIIIIZ",
        "IIIIIIIIIIIIIIXI",
        "IIIIIIIIIIIIIIXX",
        "IIIIIIIIIIIIIIYY",
        "IIIIIIIIIIIIIIZI",
        "IIIIIIIIIIIIIIZZ",
        "IIIIIIIIIIIIIXII",
        "IIIIIIIIIIIIIXIX",
        "IIIIIIIIIIIIIXXI",
        "IIIIIIIIIIIIIXXX",
        "IIIIIIIIIIIIIXYY",
        "IIIIIIIIIIIIIZII",
        "IIIIIIIIIIIIIZIZ",
        "IIIIIIIIIIIIIZZI",
        "IIIIIIIIIIIIZIII",
        "IIIIIIIIIIIXIIII",
        "IIIIIIIIIIIZIIII",
        "IIIIIIIIIIXIIIII",
        "IIIIIIIIIIXXIIII",
        "IIIIIIIIIIYYIIII",
        "IIIIIIIIIIZIIIII",
        "IIIIIIIIIIZZIIII",
        "IIIIIIIIIXIIIIII",
        "IIIIIIIIIXIXIIII",
        "IIIIIIIIIXXIIIII",
        "IIIIIIIIIXXXIIII",
        "IIIIIIIIIXYYIIII",
        "IIIIIIIIIZIIIIII",
        "IIIIIIIIIZIZIIII",
        "IIIIIIIIIZZIIIII",
        "IIIIIIIIZIIIIIII",
        "IIIIIIIXIIIIIIII",
        "IIIIIIIZIIIIIIII",
        "IIIIIIXIIIIIIIII",
        "IIIIIIXXIIIIIIII",
        "IIIIIIYYIIIIIIII",
        "IIIIIIZIIIIIIIII",
        "IIIIIIZZIIIIIIII",
        "IIIIIXIIIIIIIIII",
        "IIIIIXIXIIIIIIII",
        "IIIIIXXIIIIIIIII",
        "IIIIIXXXIIIIIIII",
        "IIIIIXYYIIIIIIII",
        "IIIIIZIIIIIIIIII",
        "IIIIIZIZIIIIIIII",
        "IIIIIZZIIIIIIIII",
        "IIIIZIIIIIIIIIII",
        "IIIXIIIIIIIIIIII",
        "IIIZIIIIIIIIIIII",
        "IIXIIIIIIIIIIIII",
        "IIXXIIIIIIIIIIII",
        "IIYYIIIIIIIIIIII",
        "IIZIIIIIIIIIIIII",
        "IIZZIIIIIIIIIIII",
        "IXIIIIIIIIIIIIII",
        "IXIXIIIIIIIIIIII",
        "IXXIIIIIIIIIIIII",
        "IXXXIIIIIIIIIIII",
        "IXYYIIIIIIIIIIII",
        "IZIIIIIIIIIIIIII",
        "IZIZIIIIIIIIIIII",
        "IZZIIIIIIIIIIIII",
        "ZIIIIIIIIIIIIIII",
        "IIIIIIIIXIIIXIII",
        "IIIIIIIIYIIIYIII",
        "IIIIXIIIXIIIIIII",
        "IIIIYIIIYIIIIIII",
        "XIIIXIIIIIIIIIII",
        "YIIIYIIIIIIIIIII",
        "IIIIIIIZIIIIIIIZ",
        "IIIIIIIZIIIIIIZI",
        "IIIIIIIZIIIIIZII",
        "IIIIIIZIIIIIIIIZ",
        "IIIIIIZIIIIIIIZI",
        "IIIIIIZIIIIIIZII",
        "IIIIIZIIIIIIIIIZ",
        "IIIIIZIIIIIIIIZI",
        "IIIIIZIIIIIIIZII",
        "IIIZIIIIIIIZIIII",
        "IIIZIIIIIIZIIIII",
        "IIIZIIIIIZIIIIII",
        "IIZIIIIIIIIZIIII",
        "IIZIIIIIIIZIIIII",
        "IIZIIIIIIZIIIIII",
        "IZIIIIIIIIIZIIII",
        "IZIIIIIIIIZIIIII",
        "IZIIIIIIIZIIIIII"
    ],
    "boson_position_marginals": {
        "site_0": {
            "x_grid": [
                -1.0,
                -0.75,
                -0.5,
                -0.25,
                0.0,
                0.25,
                0.5,
                0.75
            ],
            "P_x": [
                0.11118513424912199,
                0.11665289069950398,
                0.12640874072182684,
                0.1346251899212659,
                0.1374737713806191,
                0.13354464171131492,
                0.12476783434953065,
                0.11534179696680295
            ],
            "edge_mass_2": 0.4679476562649596
        },
        "site_1": {
            "x_grid": [
                -1.0,
                -0.75,
                -0.5,
                -0.25,
                0.0,
                0.25,
                0.5,
                0.75
            ],
            "P_x": [
                0.10847080539647805,
                0.1148495886650977,
                0.12649243703624277,
                0.13646924641970476,
                0.14002909705040187,
                0.13535226883970974,
                0.12481281255507091,
                0.11352374403728024
            ],
            "edge_mass_2": 0.46165695065392687
        },
        "site_2": {
            "x_grid": [
                -1.0,
                -0.75,
                -0.5,
                -0.25,
                0.0,
                0.25,
                0.5,
                0.75
            ],
            "P_x": [
                0.1084708053964781,
                0.11484958866509766,
                0.12649243703624283,
                0.136469246419705,
                0.14002909705040173,
                0.13535226883970974,
                0.1248128125550709,
                0.1135237440372803
            ],
            "edge_mass_2": 0.461656950653927
        },
        "site_3": {
            "x_grid": [
                -1.0,
                -0.75,
                -0.5,
                -0.25,
                0.0,
                0.25,
                0.5,
                0.75
            ],
            "P_x": [
                0.11118513424912205,
                0.11665289069950376,
                0.12640874072182684,
                0.13462518992126593,
                0.1374737713806194,
                0.13354464171131472,
                0.1247678343495305,
                0.11534179696680286
            ],
            "edge_mass_2": 0.46794765626495916
        }
    }
}