{
    "load_date": "2026-02-02 19:05:05.598741",
    "potential": "linear",
    "cutoff": 16,
    "N": 4,
    "a": 1.0,
    "c": null,
    "x_max": 8.0,
    "boundary_condition": "dirichlet",
    "num_qubits": 20,
    "H_size": [
        1048576,
        1048576
    ],
    "H_dense_mem_estimate_bytes": 17592186044416,
    "H_sparse_mem_estimate_bytes": 1346371588,
    "H_pauli_time": "0:00:00.413758",
    "H_creation_time": "0:00:00.230103",
    "H_eigenvalue_time": "0:02:16.001377",
    "eigenvalues": [
        -0.003347280278752664,
        1.0433100193243743,
        1.0433100193243763,
        1.0542051608526246,
        1.054205160852628,
        1.2829297105701885,
        1.2829297105701938,
        1.2950229585961042
    ],
    "best_basis_state": [
        1,
        1,
        0,
        0,
        0,
        0,
        1,
        0,
        0,
        0,
        1,
        1,
        0,
        0,
        0,
        0,
        1,
        0,
        0,
        0
    ],
    "basis_prob": 0.12026529173970427,
    "num_paulis": 191,
    "pauli_coeffs": [
        65.63114045698191,
        -1.0129507467218795,
        0.25,
        0.26325732188637874,
        -0.5689281637330847,
        -0.44402258298879427,
        0.5,
        0.625,
        0.07710628438351039,
        -0.09033563129532758,
        0.15421256876702136,
        -0.3084251375340423,
        0.21808950623871545,
        -0.03456994944896344,
        -0.22593307675007912,
        0.1090447531193579,
        -0.2605030261990429,
        1.0,
        1.25,
        2.5,
        0.03855314219175529,
        -0.04007854082363541,
        0.045167815647663784,
        -0.04792211133500027,
        0.007843570511364403,
        0.07710628438351078,
        -0.09033563129532743,
        0.15421256876702094,
        -0.30842513753404255,
        0.21808950623871495,
        0.03456994944896273,
        0.22593307675007923,
        -0.10904475311935703,
        0.2605030261990423,
        2.0,
        2.5,
        5.0,
        10.0,
        -0.5,
        -1.0129507467218795,
        0.3125,
        0.26325732188637874,
        -0.5689281637330847,
        -0.44402258298879427,
        0.625,
        0.75,
        0.07710628438351039,
        -0.09033563129532758,
        0.15421256876702136,
        -0.3084251375340423,
        0.21808950623871545,
        -0.03456994944896344,
        -0.22593307675007912,
        0.1090447531193579,
        -0.2605030261990429,
        1.25,
        1.5,
        3.0,
        0.03855314219175529,
        -0.04007854082363541,
        0.045167815647663784,
        -0.04792211133500027,
        0.007843570511364403,
        0.07710628438351078,
        -0.09033563129532743,
        0.15421256876702094,
        -0.30842513753404255,
        0.21808950623871495,
        0.03456994944896273,
        0.22593307675007923,
        -0.10904475311935703,
        0.2605030261990423,
        2.5,
        3.0,
        6.0,
        12.0,
        0.5,
        -1.0129507467218795,
        0.3125,
        0.26325732188637874,
        -0.5689281637330847,
        -0.44402258298879427,
        0.625,
        0.75,
        0.07710628438351039,
        -0.09033563129532758,
        0.15421256876702136,
        -0.3084251375340423,
        0.21808950623871545,
        -0.03456994944896344,
        -0.22593307675007912,
        0.1090447531193579,
        -0.2605030261990429,
        1.25,
        1.5,
        3.0,
        0.03855314219175529,
        -0.04007854082363541,
        0.045167815647663784,
        -0.04792211133500027,
        0.007843570511364403,
        0.07710628438351078,
        -0.09033563129532743,
        0.15421256876702094,
        -0.30842513753404255,
        0.21808950623871495,
        0.03456994944896273,
        0.22593307675007923,
        -0.10904475311935703,
        0.2605030261990423,
        2.5,
        3.0,
        6.0,
        12.0,
        -0.5,
        -1.0129507467218795,
        0.25,
        0.26325732188637874,
        -0.5689281637330847,
        -0.44402258298879427,
        0.5,
        0.625,
        0.07710628438351039,
        -0.09033563129532758,
        0.15421256876702136,
        -0.3084251375340423,
        0.21808950623871545,
        -0.03456994944896344,
        -0.22593307675007912,
        0.1090447531193579,
        -0.2605030261990429,
        1.0,
        1.25,
        2.5,
        0.03855314219175529,
        -0.04007854082363541,
        0.045167815647663784,
        -0.04792211133500027,
        0.007843570511364403,
        0.07710628438351078,
        -0.09033563129532743,
        0.15421256876702094,
        -0.30842513753404255,
        0.21808950623871495,
        0.03456994944896273,
        0.22593307675007923,
        -0.10904475311935703,
        0.2605030261990423,
        2.0,
        2.5,
        5.0,
        10.0,
        0.5,
        0.25,
        0.25,
        0.25,
        0.25,
        0.25,
        0.25,
        -0.0625,
        -0.125,
        -0.25,
        -0.5,
        -0.125,
        -0.25,
        -0.5,
        -1.0,
        -0.25,
        -0.5,
        -1.0,
        -2.0,
        -0.5,
        -1.0,
        -2.0,
        -4.0,
        -0.0625,
        -0.125,
        -0.25,
        -0.5,
        -0.125,
        -0.25,
        -0.5,
        -1.0,
        -0.25,
        -0.5,
        -1.0,
        -2.0,
        -0.5,
        -1.0,
        -2.0,
        -4.0
    ],