{
    "load_date": "2026-02-02 19:02:41.451022",
    "potential": "linear",
    "cutoff": 4,
    "N": 4,
    "a": 1.0,
    "c": null,
    "x_max": 8.0,
    "boundary_condition": "dirichlet",
    "num_qubits": 12,
    "H_size": [
        4096,
        4096
    ],
    "H_dense_mem_estimate_bytes": 268435456,
    "H_sparse_mem_estimate_bytes": 1327108,
    "H_pauli_time": "0:00:00.005321",
    "H_creation_time": "0:00:00.000877",
    "H_eigenvalue_time": "0:00:00.132738",
    "eigenvalues": [
        -1.8747692290075333,
        -0.8281119294044442,
        -0.828111929404416,
        -0.5884922381585833,
        -0.5884922381585749,
        0.21854537019870385,
        0.4581650614445133,
        0.4581650614445258
    ],
    "best_basis_state": [
        1,
        1,
        0,
        0,
        1,
        0,
        1,
        1,
        0,
        0,
        1,
        0
    ],
    "basis_prob": 0.8685609048669493,
    "num_paulis": 43,
    "pauli_coeffs": [
        64.46263770630105,
        -0.07710628438351061,
        3.9999999999999982,
        0.038553142191755305,
        -0.07710628438351061,
        8.0,
        10.0,
        -0.5,
        -0.07710628438351061,
        4.999999999999998,
        0.038553142191755305,
        -0.07710628438351061,
        10.0,
        12.0,
        0.5,
        -0.07710628438351061,
        4.999999999999998,
        0.038553142191755305,
        -0.07710628438351061,
        10.0,
        12.0,
        -0.5,
        -0.07710628438351061,
        3.9999999999999982,
        0.038553142191755305,
        -0.07710628438351061,
        8.0,
        10.0,
        0.5,
        0.25,
        0.25,
        0.25,
        0.25,
        0.25,
        0.25,
        -1.0,
        -2.0,
        -2.0,
        -4.0,
        -1.0,
        -2.0,
        -2.0,
        -4.0
    ],
    "pauli_labels": [
        "IIIIIIIIIIII",
        "IIIIIIIIIIIX",
        "IIIIIIIIIIIZ",
        "IIIIIIIIIIXI",
        "IIIIIIIIIIXX",
        "IIIIIIIIIIZI",
        "IIIIIIIIIIZZ",
        "IIIIIIIIIZII",
        "IIIIIIIIXIII",
        "IIIIIIIIZIII",
        "IIIIIIIXIIII",
        "IIIIIIIXXIII",
        "IIIIIIIZIIII",
        "IIIIIIIZZIII",
        "IIIIIIZIIIII",
        "IIIIIXIIIIII",
        "IIIIIZIIIIII",
        "IIIIXIIIIIII",
        "IIIIXXIIIIII",
        "IIIIZIIIIIII",
        "IIIIZZIIIIII",
        "IIIZIIIIIIII",
        "IIXIIIIIIIII",
        "IIZIIIIIIIII",
        "IXIIIIIIIIII",
        "IXXIIIIIIIII",
        "IZIIIIIIIIII",
        "IZZIIIIIIIII",
        "ZIIIIIIIIIII",
        "IIIIIIXIIXII",
        "IIIIIIYIIYII",
        "IIIXIIXIIIII",
        "IIIYIIYIIIII",
        "XIIXIIIIIIII",
        "YIIYIIIIIIII",
        "IIIIIZIIIIIZ",
        "IIIIIZIIIIZI",
        "IIIIZIIIIIIZ",
        "IIIIZIIIIIZI",
        "IIZIIIIIZIII",
        "IIZIIIIZIIII",
        "IZIIIIIIZIII",
        "IZIIIIIZIIII"
    ],
    "boson_position_marginals": {
        "site_0": {
            "x_grid": [
                -8.0,
                -4.0,
                0.0,
                4.0
            ],
            "P_x": [
                8.726674097419102e-07,
                5.886750370533834e-05,
                0.9998813924425278,
                5.886738634172344e-05
            ],
            "edge_mass_2": 0.9999999999999847
        },
        "site_1": {
            "x_grid": [
                -8.0,
                -4.0,
                0.0,
                4.0
            ],
            "P_x": [
                6.124394277923813e-07,
                4.094968899524938e-05,
                0.9999174882801096,
                4.0949591452409906e-05
            ],
            "edge_mass_2": 0.999999999999985
        },
        "site_2": {
            "x_grid": [
                -8.0,
                -4.0,
                0.0,
                4.0
            ],
            "P_x": [
                6.124394277924091e-07,
                4.094968899524945e-05,
                0.9999174882801093,
                4.094959145240999e-05
            ],
            "edge_mass_2": 0.9999999999999847
        },
        "site_3": {
            "x_grid": [
                -8.0,
                -4.0,
                0.0,
                4.0
            ],
            "P_x": [
                8.726674097419052e-07,
                5.886750370534131e-05,
                0.9998813924425279,
                5.886738634171897e-05
            ],
            "edge_mass_2": 0.9999999999999848
        }
    }
}