{
    "load_date": "2026-02-02 19:02:41.309273",
    "potential": "linear",
    "cutoff": 2,
    "N": 4,
    "a": 1.0,
    "c": null,
    "x_max": 8.0,
    "boundary_condition": "dirichlet",
    "num_qubits": 8,
    "H_size": [
        256,
        256
    ],
    "H_dense_mem_estimate_bytes": 1048576,
    "H_sparse_mem_estimate_bytes": 41988,
    "H_pauli_time": "0:00:00.004163",
    "H_creation_time": "0:00:00.003875",
    "H_eigenvalue_time": "0:00:00.012515",
    "eigenvalues": [
        -2.17885796987036,
        -1.1322006702672356,
        -1.1322006702672158,
        -0.8925809790214031,
        -0.8925809790214022,
        -0.08554337066412027,
        0.15407632058170534,
        0.15407632058171028
    ],
    "best_basis_state": [
        1,
        1,
        0,
        1,
        1,
        1,
        0,
        1
    ],
    "basis_prob": 0.8689076247262576,
    "num_paulis": 21,
    "pauli_coeffs": [
        80.15421256876701,
        -0.0385531421917553,
        16.0,
        -0.5,
        -0.0385531421917553,
        20.0,
        0.5,
        -0.0385531421917553,
        20.0,
        -0.5,
        -0.0385531421917553,
        16.0,
        0.5,
        0.25,
        0.25,
        0.25,
        0.25,
        0.25,
        0.25,
        -4.0,
        -4.0
    ],
    "pauli_labels": [
        "IIIIIIII",
        "IIIIIIIX",
        "IIIIIIIZ",
        "IIIIIIZI",
        "IIIIIXII",
        "IIIIIZII",
        "IIIIZIII",
        "IIIXIIII",
        "IIIZIIII",
        "IIZIIIII",
        "IXIIIIII",
        "IZIIIIII",
        "ZIIIIIII",
        "IIIIXIXI",
        "IIIIYIYI",
        "IIXIXIII",
        "IIYIYIII",
        "XIXIIIII",
        "YIYIIIII",
        "IIIZIIIZ",
        "IZIIIZII"
    ],
    "boson_position_marginals": {
        "site_0": {
            "x_grid": [
                -8.0,
                0.0
            ],
            "P_x": [
                9.289635096754239e-07,
                0.9999990710364816
            ],
            "edge_mass_2": 1.9999999999999825
        },
        "site_1": {
            "x_grid": [
                -8.0,
                0.0
            ],
            "P_x": [
                6.451141881590299e-07,
                0.9999993548858029
            ],
            "edge_mass_2": 1.9999999999999822
        },
        "site_2": {
            "x_grid": [
                -8.0,
                0.0
            ],
            "P_x": [
                6.451141881590781e-07,
                0.999999354885803
            ],
            "edge_mass_2": 1.9999999999999825
        },
        "site_3": {
            "x_grid": [
                -8.0,
                0.0
            ],
            "P_x": [
                9.289635096753968e-07,
                0.9999990710364816
            ],
            "edge_mass_2": 1.9999999999999825
        }
    }
}