{
    "potential": "DW",
    "cutoff": 16,
    "exact_eigenvalues": [
        0.8915993623,
        0.8916409458,
        2.7341222495,
        2.7341278157,
        4.8432160123,
        4.8474766887,
        7.1633353655,
        7.1690328334,
        9.4051612904,
        9.6001021246,
        11.164258421,
        11.3999700871,
        12.9923676605,
        14.4606746757,
        16.6821225357,
        18.6506610073,
        25.1524431465,
        29.8723955756,
        32.2995000599,
        37.5142484245,
        51.33154524,
        57.3951838759,
        72.4626091234,
        79.1839600985,
        101.542351168,
        108.8876440535,
        164.5317480446,
        172.9023496944,
        195.0337864773,
        203.7668503685,
        379.0581972643,
        389.4353183098
    ],
    "ansatz": "StronglyEntanglingLayers-1layer",
    "shots": 1024,
    "num_VQD": 10,
    "num_energy_levels": 3,
    "Optimizer": {
        "name": "differential_evolution",
        "bounds": "[(0, 2 * np.pi) for _ in range(np.prod(params_shape))]",
        "maxiter": 500,
        "tolerance": 0.001,
        "strategy": "best1bin",
        "popsize": 15
    },
    "converged_energies": [
        [
            0.8934400463045254,
            0.682857895703353,
            2.5896175684233613
        ],
        [
            0.8954999057906236,
            0.6857523061121862,
            2.6412364261286747
        ],
        [
            0.893440249348654,
            0.6895723790152944,
            2.532768855755318
        ],
        [
            0.898838073446959,
            0.6581415580747504,
            2.535442956223453
        ],
        [
            0.8934401275221768,
            0.7056596616061299,
            2.660433581613831
        ],
        [
            0.8972992039387879,
            0.6882352822403142,
            2.564106890242428
        ],
        [
            0.8954999057906236,
            0.5868959495711341,
            2.4182525566984125
        ],
        [
            0.897038856516446,
            0.6972299427568367,
            2.540642159267155
        ],
        [
            0.8934402087398282,
            0.7128823853116486,
            2.63850168659801
        ],
        [
            0.8916409457647578,
            0.6659362164300575,
            2.60811991290041
        ]
    ],
    "converged_params": [
        [
            1.8088428178982794,
            3.2035160678516816,
            5.400046031542352,
            5.30989145123927,
            0.003956634673322412,
            3.7611438737517893,
            0.18511898034015095,
            6.221246739047707,
            3.257855981394314,
            5.27901383480452,
            0.3447675903954197,
            3.085245329939799,
            4.4899867368876185,
            0.29569837695098355,
            6.214951748010888
        ],
        [
            2.7335456739567787,
            6.143420120890415,
            3.657726958241824,
            1.6233604630180896,
            0.00254230909052211,
            6.282502314670634,
            0.07644779221275444,
            0.15284135921475395,
            3.6541977255421103,
            2.8408684735404464,
            0.21649996784874537,
            0.43711787887872733,
            4.090264454849717,
            1.2094188008123021,
            3.2753520356047767
        ],
        [
            0.0559408178803138,
            4.147994200104508,
            1.7105998084697018,
            1.94843680651754,
            0.02815399147803621,
            6.04226095297407,
            4.150862468927916,
            0.12647712575974746,
            0.4241860639381434,
            0.8785740269419327,
            0.5381961776451449,
            3.1507545886217825,
            1.2658339502257525,
            6.235831651343158,
            4.218766038141201
        ]
    ],
    "num_iters": [
        [
            37492,
            113125,
            113253
        ],
        [
            26500,
            113189,
            113221
        ],
        [
            46011,
            113221,
            113141
        ],
        [
            33748,
            113189,
            113141
        ],
        [
            58836,
            113157,
            113061
        ],
        [
            41382,
            113189,
            113061
        ],
        [
            21116,
            113077,
            113189
        ],
        [
            30084,
            113269,
            113125
        ],
        [
            36914,
            113301,
            113381
        ],
        [
            25214,
            113221,
            113413
        ]
    ],
    "evaluations": [
        [
            37492,
            113125,
            113253
        ],
        [
            26500,
            113189,
            113221
        ],
        [
            46011,
            113221,
            113141
        ],
        [
            33748,
            113189,
            113141
        ],
        [
            58836,
            113157,
            113061
        ],
        [
            41382,
            113189,
            113061
        ],
        [
            21116,
            113077,
            113189
        ],
        [
            30084,
            113269,
            113125
        ],
        [
            36914,
            113301,
            113381
        ],
        [
            25214,
            113221,
            113413
        ]
    ],
    "success": [
        [
            true,
            false,
            false
        ],
        [
            true,
            false,
            false
        ],
        [
            true,
            false,
            false
        ],
        [
            true,
            false,
            false
        ],
        [
            true,
            false,
            false
        ],
        [
            true,
            false,
            false
        ],
        [
            true,
            false,
            false
        ],
        [
            true,
            false,
            false
        ],
        [
            true,
            false,
            false
        ],
        [
            true,
            false,
            false
        ]
    ],
    "run_times": [
        "0:25:19.094094",
        "0:23:43.377341",
        "0:25:00.374412",
        "0:24:41.759773",
        "0:25:58.134541",
        "0:24:48.826520",
        "0:23:26.938537",
        "0:23:59.835707",
        "0:24:46.517196",
        "0:24:21.728095"
    ],
    "total_run_time": "4:06:06.603245"
}