{
    "load_date": "2026-01-16 11:19:43.555645",
    "potential": "quadratic",
    "cutoff": 2,
    "N": 3,
    "a": 1.0,
    "c": -0.2,
    "boundary_condition": "periodic",
    "num_qubits": 6,
    "H_size": [
        64,
        64
    ],
    "H_dense_mem_estimate_bytes": 65536,
    "H_sparse_mem_estimate_bytes": 13060,
    "H_pauli_time": "0:00:00.003703",
    "H_creation_time": "0:00:00.002295",
    "H_eigenvalue_time": "0:00:00.002944",
    "eigenvalues": [
        -1.4342349758927055,
        -1.434234975892699,
        -0.9342349758927078,
        -0.9342349758927028,
        -0.9342349758927014,
        -0.7363203435596446,
        -0.7363203435596409,
        -0.4660986222968472
    ],
    "best_basis_state": [
        1,
        0,
        0,
        1,
        1,
        1
    ],
    "basis_prob": 0.10565314536186195,
    "num_paulis": 13,
    "pauli_coeffs": [
        1.26,
        -0.7071067811865475,
        0.7071067811865475,
        -0.7071067811865475,
        0.25,
        0.25,
        0.25,
        0.25,
        -0.25,
        -0.25,
        -0.12499999999999997,
        -0.12499999999999997,
        -0.12499999999999997
    ],
    "pauli_labels": [
        "IIIIII",
        "IIIIZX",
        "IIZXII",
        "ZXIIII",
        "IIXIXI",
        "IIYIYI",
        "XIXIII",
        "YIYIII",
        "XIIIXI",
        "YIIIYI",
        "IXIXII",
        "IXIIIX",
        "IIIXIX"
    ]
}