{
    "potential": "AHO",
    "cutoff": 8,
    "optimizer": "COBYLA",
    "num steps": 10,
    "op_list": [
        "(<class 'pennylane.ops.qubit.parametric_ops_single_qubit.Rot'>, array([2.01959115, 3.14159334, 4.02486742]), Wires([0]), np.float64(0.9375000000002932))",
        "(<class 'pennylane.ops.qubit.parametric_ops_single_qubit.Rot'>, array([2.44368373, 0.31908141, 3.14159741]), Wires([2]), np.float64(0.1268240335495639))",
        "(<class 'pennylane.ops.qubit.parametric_ops_single_qubit.Rot'>, array([1.81292021, 0.02649143, 5.54507853]), Wires([1]), np.float64(0.10934724082594133))",
        "(<class 'pennylane.ops.qubit.parametric_ops_single_qubit.Rot'>, array([1.42258845, 0.19309438, 4.21757347]), Wires([2]), np.float64(0.09781752757872503))",
        "(<class 'pennylane.ops.qubit.parametric_ops_single_qubit.Rot'>, array([3.60346917, 0.07380195, 5.740274  ]), Wires([1]), np.float64(0.07898952239039675))",
        "(<class 'pennylane.ops.qubit.parametric_ops_single_qubit.Rot'>, array([1.47670028, 0.23157596, 4.19438432]), Wires([2]), np.float64(0.06966097689967017))",
        "(<class 'pennylane.ops.op_math.controlled_ops.CZ'>, array([2.39200489, 1.9771525 , 3.99351157]), Wires([1, 2]), np.float64(0.05224086541955349))",
        "(<class 'pennylane.ops.qubit.parametric_ops_single_qubit.Rot'>, array([ 1.79482355, -0.04962847,  4.6045005 ]), Wires([2]), np.float64(0.050269265424508644))",
        "(<class 'pennylane.ops.qubit.parametric_ops_single_qubit.Rot'>, array([1.97998519, 0.03891278, 4.21731895]), Wires([2]), np.float64(0.04819376706550633))",
        "(<class 'pennylane.ops.qubit.parametric_ops_single_qubit.Rot'>, array([ 1.79254677, -0.15075231,  4.8696223 ]), Wires([2]), np.float64(0.03868886381731192))"
    ],
    "reduced_op_list": [
        [
            "Rot",
            [
                0
            ]
        ],
        [
            "Rot",
            [
                2
            ]
        ],
        [
            "Rot",
            [
                1
            ]
        ],
        [
            "CZ",
            [
                1,
                2
            ]
        ],
        [
            "Rot",
            [
                2
            ]
        ]
    ],
    "num_params": 12,
    "overlap": 6.993755046869055e-06,
    "hellinger_fidelity": 4.601980350016355e-06
}