{
    "load_date": "2026-02-02 19:23:08.012144",
    "potential": "linear",
    "cutoff": 16,
    "N": 4,
    "a": 1.0,
    "c": null,
    "x_max": 16.0,
    "boundary_condition": "dirichlet",
    "num_qubits": 20,
    "H_size": [
        1048576,
        1048576
    ],
    "H_dense_mem_estimate_bytes": 17592186044416,
    "H_sparse_mem_estimate_bytes": 1346371588,
    "H_pauli_time": "0:00:00.405991",
    "H_creation_time": "0:00:00.228266",
    "H_eigenvalue_time": "0:17:37.813856",
    "eigenvalues": [
        -0.8572945823935935,
        0.18936271720945472,
        0.18936271720945624,
        0.4289824084552409,
        0.42898240845526375,
        1.2360200168125133,
        1.475639708058107,
        1.4756397080582686
    ],
    "best_basis_state": [
        1,
        1,
        0,
        0,
        0,
        0,
        1,
        0,
        0,
        0,
        1,
        1,
        0,
        0,
        0,
        0,
        1,
        0,
        0,
        0
    ],
    "basis_prob": 0.8156922034063342,
    "num_paulis": 191,
    "pauli_coeffs": [
        237.65778511424548,
        -0.25323768668046986,
        1.0,
        0.06581433047159468,
        -0.1422320409332712,
        -0.11100564574719857,
        2.0,
        2.5,
        0.019276571095877597,
        -0.022583907823831895,
        0.03855314219175534,
        -0.07710628438351058,
        0.05452237655967886,
        -0.00864248736224086,
        -0.05648326918751978,
        0.027261188279839477,
        -0.06512575654976073,
        4.0,
        5.0,
        10.0,
        0.009638285547938823,
        -0.010019635205908853,
        0.011291953911915946,
        -0.011980527833750067,
        0.001960892627841101,
        0.019276571095877694,
        -0.022583907823831857,
        0.038553142191755235,
        -0.07710628438351064,
        0.05452237655967874,
        0.008642487362240683,
        0.05648326918751981,
        -0.027261188279839258,
        0.06512575654976058,
        8.0,
        10.0,
        20.0,
        40.0,
        -0.5,
        -0.25323768668046986,
        1.25,
        0.06581433047159468,
        -0.1422320409332712,
        -0.11100564574719857,
        2.5,
        3.0,
        0.019276571095877597,
        -0.022583907823831895,
        0.03855314219175534,
        -0.07710628438351058,
        0.05452237655967886,
        -0.00864248736224086,
        -0.05648326918751978,
        0.027261188279839477,
        -0.06512575654976073,
        5.0,
        6.0,
        12.0,
        0.009638285547938823,
        -0.010019635205908853,
        0.011291953911915946,
        -0.011980527833750067,
        0.001960892627841101,
        0.019276571095877694,
        -0.022583907823831857,
        0.038553142191755235,
        -0.07710628438351064,
        0.05452237655967874,
        0.008642487362240683,
        0.05648326918751981,
        -0.027261188279839258,
        0.06512575654976058,
        10.0,
        12.0,
        24.0,
        48.0,
        0.5,
        -0.25323768668046986,
        1.25,
        0.06581433047159468,
        -0.1422320409332712,
        -0.11100564574719857,
        2.5,
        3.0,
        0.019276571095877597,
        -0.022583907823831895,
        0.03855314219175534,
        -0.07710628438351058,
        0.05452237655967886,
        -0.00864248736224086,
        -0.05648326918751978,
        0.027261188279839477,
        -0.06512575654976073,
        5.0,
        6.0,
        12.0,
        0.009638285547938823,
        -0.010019635205908853,
        0.011291953911915946,
        -0.011980527833750067,
        0.001960892627841101,
        0.019276571095877694,
        -0.022583907823831857,
        0.038553142191755235,
        -0.07710628438351064,
        0.05452237655967874,
        0.008642487362240683,
        0.05648326918751981,
        -0.027261188279839258,
        0.06512575654976058,
        10.0,
        12.0,
        24.0,
        48.0,
        -0.5,
        -0.25323768668046986,
        1.0,
        0.06581433047159468,
        -0.1422320409332712,
        -0.11100564574719857,
        2.0,
        2.5,
        0.019276571095877597,
        -0.022583907823831895,
        0.03855314219175534,
        -0.07710628438351058,
        0.05452237655967886,
        -0.00864248736224086,
        -0.05648326918751978,
        0.027261188279839477,
        -0.06512575654976073,
        4.0,
        5.0,
        10.0,
        0.009638285547938823,
        -0.010019635205908853,
        0.011291953911915946,
        -0.011980527833750067,
        0.001960892627841101,
        0.019276571095877694,
        -0.022583907823831857,
        0.038553142191755235,
        -0.07710628438351064,
        0.05452237655967874,
        0.008642487362240683,
        0.05648326918751981,
        -0.027261188279839258,
        0.06512575654976058,
        8.0,
        10.0,
        20.0,
        40.0,
        0.5,
        0.25,
        0.25,
        0.25,
        0.25,
        0.25,
        0.25,
        -0.25,
        -0.5,
        -1.0,
        -2.0,
        -0.5,
        -1.0,
        -2.0,
        -4.0,
        -1.0,
        -2.0,
        -4.0,
        -8.0,
        -2.0,
        -4.0,
        -8.0,
        -16.0,
        -0.25,
        -0.5,
        -1.0,
        -2.0,
        -0.5,
        -1.0,
        -2.0,
        -4.0,
        -1.0,
        -2.0,
        -4.0,
        -8.0,
        -2.0,
        -4.0,
        -8.0,
        -16.0
    ],