{
    "load_date": "2026-02-02 19:05:29.400632",
    "potential": "linear",
    "cutoff": 8,
    "N": 4,
    "a": 1.0,
    "c": null,
    "x_max": 16.0,
    "boundary_condition": "dirichlet",
    "num_qubits": 16,
    "H_size": [
        65536,
        65536
    ],
    "H_dense_mem_estimate_bytes": 68719476736,
    "H_sparse_mem_estimate_bytes": 42205188,
    "H_pauli_time": "0:00:00.015559",
    "H_creation_time": "0:00:00.008434",
    "H_eigenvalue_time": "0:00:20.916277",
    "eigenvalues": [
        -1.9120971987267086,
        -0.8654398991235184,
        -0.8654398991234911,
        -0.6258202078776822,
        -0.6258202078776488,
        0.18121740047950022,
        0.4208370917252697,
        0.42083709172527956
    ],
    "best_basis_state": [
        1,
        1,
        0,
        0,
        0,
        1,
        0,
        0,
        1,
        1,
        0,
        0,
        0,
        1,
        0,
        0
    ],
    "basis_prob": 0.868655154268857,
    "num_paulis": 89,
    "pauli_coeffs": [
        240.4240845641093,
        -0.06581433047159466,
        4.0,
        0.019276571095877687,
        -0.038553142191755325,
        -0.027261188279839362,
        8.0,
        10.0,
        0.009638285547938824,
        -0.011291953911915934,
        0.019276571095877618,
        -0.03855314219175528,
        0.02726118827983938,
        16.0,
        20.0,
        40.0,
        -0.5,
        -0.06581433047159466,
        5.0,
        0.019276571095877687,
        -0.038553142191755325,
        -0.027261188279839362,
        10.0,
        12.0,
        0.009638285547938824,
        -0.011291953911915934,
        0.019276571095877618,
        -0.03855314219175528,
        0.02726118827983938,
        20.0,
        24.0,
        48.0,
        0.5,
        -0.06581433047159466,
        5.0,
        0.019276571095877687,
        -0.038553142191755325,
        -0.027261188279839362,
        10.0,
        12.0,
        0.009638285547938824,
        -0.011291953911915934,
        0.019276571095877618,
        -0.03855314219175528,
        0.02726118827983938,
        20.0,
        24.0,
        48.0,
        -0.5,
        -0.06581433047159466,
        4.0,
        0.019276571095877687,
        -0.038553142191755325,
        -0.027261188279839362,
        8.0,
        10.0,
        0.009638285547938824,
        -0.011291953911915934,
        0.019276571095877618,
        -0.03855314219175528,
        0.02726118827983938,
        16.0,
        20.0,
        40.0,
        0.5,
        0.25,
        0.25,
        0.25,
        0.25,
        0.25,
        0.25,
        -1.0,
        -2.0,
        -4.0,
        -2.0,
        -4.0,
        -8.0,
        -4.0,
        -8.0,
        -16.0,
        -1.0,
        -2.0,
        -4.0,
        -2.0,
        -4.0,
        -8.0,
        -4.0,
        -8.0,
        -16.0
    ],
    "pauli_labels": [
        "IIIIIIIIIIIIIIII",
        "IIIIIIIIIIIIIIIX",
        "IIIIIIIIIIIIIIIZ",
        "IIIIIIIIIIIIIIXI",
        "IIIIIIIIIIIIIIXX",
        "IIIIIIIIIIIIIIYY",
        "IIIIIIIIIIIIIIZI",
        "IIIIIIIIIIIIIIZZ",
        "IIIIIIIIIIIIIXII",
        "IIIIIIIIIIIIIXIX",
        "IIIIIIIIIIIIIXXI",
        "IIIIIIIIIIIIIXXX",
        "IIIIIIIIIIIIIXYY",
        "IIIIIIIIIIIIIZII",
        "IIIIIIIIIIIIIZIZ",
        "IIIIIIIIIIIIIZZI",
        "IIIIIIIIIIIIZIII",
        "IIIIIIIIIIIXIIII",
        "IIIIIIIIIIIZIIII",
        "IIIIIIIIIIXIIIII",
        "IIIIIIIIIIXXIIII",
        "IIIIIIIIIIYYIIII",
        "IIIIIIIIIIZIIIII",
        "IIIIIIIIIIZZIIII",
        "IIIIIIIIIXIIIIII",
        "IIIIIIIIIXIXIIII",
        "IIIIIIIIIXXIIIII",
        "IIIIIIIIIXXXIIII",
        "IIIIIIIIIXYYIIII",
        "IIIIIIIIIZIIIIII",
        "IIIIIIIIIZIZIIII",
        "IIIIIIIIIZZIIIII",
        "IIIIIIIIZIIIIIII",
        "IIIIIIIXIIIIIIII",
        "IIIIIIIZIIIIIIII",
        "IIIIIIXIIIIIIIII",
        "IIIIIIXXIIIIIIII",
        "IIIIIIYYIIIIIIII",
        "IIIIIIZIIIIIIIII",
        "IIIIIIZZIIIIIIII",
        "IIIIIXIIIIIIIIII",
        "IIIIIXIXIIIIIIII",
        "IIIIIXXIIIIIIIII",
        "IIIIIXXXIIIIIIII",
        "IIIIIXYYIIIIIIII",
        "IIIIIZIIIIIIIIII",
        "IIIIIZIZIIIIIIII",
        "IIIIIZZIIIIIIIII",
        "IIIIZIIIIIIIIIII",
        "IIIXIIIIIIIIIIII",
        "IIIZIIIIIIIIIIII",
        "IIXIIIIIIIIIIIII",
        "IIXXIIIIIIIIIIII",
        "IIYYIIIIIIIIIIII",
        "IIZIIIIIIIIIIIII",
        "IIZZIIIIIIIIIIII",
        "IXIIIIIIIIIIIIII",
        "IXIXIIIIIIIIIIII",
        "IXXIIIIIIIIIIIII",
        "IXXXIIIIIIIIIIII",
        "IXYYIIIIIIIIIIII",
        "IZIIIIIIIIIIIIII",
        "IZIZIIIIIIIIIIII",
        "IZZIIIIIIIIIIIII",
        "ZIIIIIIIIIIIIIII",
        "IIIIIIIIXIIIXIII",
        "IIIIIIIIYIIIYIII",
        "IIIIXIIIXIIIIIII",
        "IIIIYIIIYIIIIIII",
        "XIIIXIIIIIIIIIII",
        "YIIIYIIIIIIIIIII",
        "IIIIIIIZIIIIIIIZ",
        "IIIIIIIZIIIIIIZI",
        "IIIIIIIZIIIIIZII",
        "IIIIIIZIIIIIIIIZ",
        "IIIIIIZIIIIIIIZI",
        "IIIIIIZIIIIIIZII",
        "IIIIIZIIIIIIIIIZ",
        "IIIIIZIIIIIIIIZI",
        "IIIIIZIIIIIIIZII",
        "IIIZIIIIIIIZIIII",
        "IIIZIIIIIIZIIIII",
        "IIIZIIIIIZIIIIII",
        "IIZIIIIIIIIZIIII",
        "IIZIIIIIIIZIIIII",
        "IIZIIIIIIZIIIIII",
        "IZIIIIIIIIIZIIII",
        "IZIIIIIIIIZIIIII",
        "IZIIIIIIIZIIIIII"
    ],
    "boson_position_marginals": {
        "site_0": {
            "x_grid": [
                -16.0,
                -12.0,
                -8.0,
                -4.0,
                0.0,
                4.0,
                8.0,
                12.0
            ],
            "P_x": [
                3.4923185766693615e-09,
                1.5099405119648557e-08,
                2.1982310296747309e-07,
                4.308496266083899e-05,
                0.9999133567379997,
                4.308496198587846e-05,
                2.198231013642533e-07,
                1.509940506688515e-08
            ],
            "edge_mass_2": 2.5351423012745637e-07
        },
        "site_1": {
            "x_grid": [
                -16.0,
                -12.0,
                -8.0,
                -4.0,
                0.0,
                4.0,
                8.0,
                12.0
            ],
            "P_x": [
                2.4408328801260447e-09,
                1.0559124068894686e-08,
                1.5407482291975522e-07,
                2.994778730193636e-05,
                0.99993977271721,
                2.9947786741208022e-05,
                1.5407482154524172e-07,
                1.0559124018460015e-08
            ],
            "edge_mass_2": 1.7763390251272247e-07
        },
        "site_2": {
            "x_grid": [
                -16.0,
                -12.0,
                -8.0,
                -4.0,
                0.0,
                4.0,
                8.0,
                12.0
            ],
            "P_x": [
                2.4408328801261315e-09,
                1.0559124068894793e-08,
                1.5407482291971274e-07,
                2.9947787301936447e-05,
                0.9999397727172101,
                2.9947786741208032e-05,
                1.5407482154522163e-07,
                1.0559124018459278e-08
            ],
            "edge_mass_2": 1.7763390251270185e-07
        },
        "site_3": {
            "x_grid": [
                -16.0,
                -12.0,
                -8.0,
                -4.0,
                0.0,
                4.0,
                8.0,
                12.0
            ],
            "P_x": [
                3.4923185766690285e-09,
                1.5099405119647313e-08,
                2.1982310296745128e-07,
                4.3084962660840754e-05,
                0.9999133567379995,
                4.308496198588539e-05,
                2.1982310136424208e-07,
                1.5099405066887034e-08
            ],