{
    "load_date": "2026-02-02 19:05:08.447816",
    "potential": "linear",
    "cutoff": 4,
    "N": 4,
    "a": 1.0,
    "c": null,
    "x_max": 16.0,
    "boundary_condition": "dirichlet",
    "num_qubits": 12,
    "H_size": [
        4096,
        4096
    ],
    "H_dense_mem_estimate_bytes": 268435456,
    "H_sparse_mem_estimate_bytes": 1327108,
    "H_pauli_time": "0:00:00.005401",
    "H_creation_time": "0:00:00.000713",
    "H_eigenvalue_time": "0:00:00.306061",
    "eigenvalues": [
        -2.217345094119113,
        -1.1706877945159924,
        -1.170687794515887,
        -0.9310681032701937,
        -0.9310681032700734,
        -0.12403049491286382,
        0.11558919633294147,
        0.11558919633296146
    ],
    "best_basis_state": [
        1,
        1,
        0,
        0,
        1,
        0,
        1,
        1,
        0,
        0,
        1,
        0
    ],
    "basis_prob": 0.8689089825750486,
    "num_paulis": 43,
    "pauli_coeffs": [
        256.11565942657523,
        -0.019276571095877652,
        15.999999999999996,
        0.009638285547938826,
        -0.019276571095877652,
        32.0,
        40.0,
        -0.5,
        -0.019276571095877652,
        20.0,
        0.009638285547938826,
        -0.019276571095877652,
        40.0,
        48.0,
        0.5,
        -0.019276571095877652,
        19.999999999999996,
        0.009638285547938826,
        -0.019276571095877652,
        40.0,
        48.0,
        -0.5,
        -0.019276571095877652,
        15.999999999999996,
        0.009638285547938826,
        -0.019276571095877652,
        32.0,
        40.0,
        0.5,
        0.25,
        0.25,
        0.25,
        0.25,
        0.25,
        0.25,
        -4.0,
        -8.0,
        -8.0,
        -16.0,
        -4.0,
        -8.0,
        -8.0,
        -16.0
    ],
    "pauli_labels": [
        "IIIIIIIIIIII",
        "IIIIIIIIIIIX",
        "IIIIIIIIIIIZ",
        "IIIIIIIIIIXI",
        "IIIIIIIIIIXX",
        "IIIIIIIIIIZI",
        "IIIIIIIIIIZZ",
        "IIIIIIIIIZII",
        "IIIIIIIIXIII",
        "IIIIIIIIZIII",
        "IIIIIIIXIIII",
        "IIIIIIIXXIII",
        "IIIIIIIZIIII",
        "IIIIIIIZZIII",
        "IIIIIIZIIIII",
        "IIIIIXIIIIII",
        "IIIIIZIIIIII",
        "IIIIXIIIIIII",
        "IIIIXXIIIIII",
        "IIIIZIIIIIII",
        "IIIIZZIIIIII",
        "IIIZIIIIIIII",
        "IIXIIIIIIIII",
        "IIZIIIIIIIII",
        "IXIIIIIIIIII",
        "IXXIIIIIIIII",
        "IZIIIIIIIIII",
        "IZZIIIIIIIII",
        "ZIIIIIIIIIII",
        "IIIIIIXIIXII",
        "IIIIIIYIIYII",
        "IIIXIIXIIIII",
        "IIIYIIYIIIII",
        "XIIXIIIIIIII",
        "YIIYIIIIIIII",
        "IIIIIZIIIIIZ",
        "IIIIIZIIIIZI",
        "IIIIZIIIIIIZ",
        "IIIIZIIIIIZI",
        "IIZIIIIIZIII",
        "IIZIIIIZIIII",
        "IZIIIIIIZIII",
        "IZIIIIIZIIII"
    ],
    "boson_position_marginals": {
        "site_0": {
            "x_grid": [
                -16.0,
                -8.0,
                0.0,
                8.0
            ],
            "P_x": [
                3.6147966133136053e-09,
                2.3210126315814944e-07,
                0.9999995321826566,
                2.321012612507306e-07
            ],
            "edge_mass_2": 0.9999999999999776
        },
        "site_1": {
            "x_grid": [
                -16.0,
                -8.0,
                0.0,
                8.0
            ],
            "P_x": [
                2.5118914405020965e-09,
                1.611976746260276e-07,
                0.9999996750927389,
                1.611976730261954e-07
            ],
            "edge_mass_2": 0.9999999999999779
        },
        "site_2": {
            "x_grid": [
                -16.0,
                -8.0,
                0.0,
                8.0
            ],
            "P_x": [
                2.511891440501934e-09,
                1.6119767462596115e-07,
                0.9999996750927388,
                1.6119767302615174e-07
            ],
            "edge_mass_2": 0.9999999999999778
        },
        "site_3": {
            "x_grid": [
                -16.0,
                -8.0,
                0.0,
                8.0
            ],
            "P_x": [
                3.6147966133124683e-09,
                2.3210126315830722e-07,
                0.9999995321826569,
                2.3210126125043777e-07
            ],
            "edge_mass_2": 0.9999999999999779
        }
    }
}