{
    "load_date": "2026-02-02 19:05:08.132760",
    "potential": "linear",
    "cutoff": 2,
    "N": 4,
    "a": 1.0,
    "c": null,
    "x_max": 16.0,
    "boundary_condition": "dirichlet",
    "num_qubits": 8,
    "H_size": [
        256,
        256
    ],
    "H_dense_mem_estimate_bytes": 1048576,
    "H_sparse_mem_estimate_bytes": 41988,
    "H_pauli_time": "0:00:00.004165",
    "H_creation_time": "0:00:00.003943",
    "H_eigenvalue_time": "0:00:00.016232",
    "eigenvalues": [
        -2.2943832771396,
        -1.2477259775364469,
        -1.2477259775363605,
        -1.0081062862905927,
        -1.0081062862905301,
        -0.20106867793329064,
        0.038551013312517216,
        0.038551013312519686
    ],
    "best_basis_state": [
        1,
        1,
        0,
        1,
        1,
        1,
        0,
        1
    ],
    "basis_prob": 0.8689103495019578,
    "num_paulis": 21,
    "pauli_coeffs": [
        320.03855314219174,
        -0.009638285547938824,
        64.0,
        -0.5,
        -0.009638285547938824,
        80.0,
        0.5,
        -0.009638285547938824,
        80.0,
        -0.5,
        -0.009638285547938824,
        64.0,
        0.5,
        0.25,
        0.25,
        0.25,
        0.25,
        0.25,
        0.25,
        -16.0,
        -16.0
    ],
    "pauli_labels": [
        "IIIIIIII",
        "IIIIIIIX",
        "IIIIIIIZ",
        "IIIIIIZI",
        "IIIIIXII",
        "IIIIIZII",
        "IIIIZIII",
        "IIIXIIII",
        "IIIZIIII",
        "IIZIIIII",
        "IXIIIIII",
        "IZIIIIII",
        "ZIIIIIII",
        "IIIIXIXI",
        "IIIIYIYI",
        "IIXIXIII",
        "IIYIYIII",
        "XIXIIIII",
        "YIYIIIII",
        "IIIZIIIZ",
        "IZIIIZII"
    ],
    "boson_position_marginals": {
        "site_0": {
            "x_grid": [
                -16.0,
                0.0
            ],
            "P_x": [
                3.6287713880020187e-09,
                0.9999999963712175
            ],
            "edge_mass_2": 1.9999999999999778
        },
        "site_1": {
            "x_grid": [
                -16.0,
                0.0
            ],
            "P_x": [
                2.519980140318496e-09,
                0.9999999974800087
            ],
            "edge_mass_2": 1.9999999999999776
        },
        "site_2": {
            "x_grid": [
                -16.0,
                0.0
            ],
            "P_x": [
                2.519980140315616e-09,
                0.9999999974800087
            ],
            "edge_mass_2": 1.9999999999999776
        },
        "site_3": {
            "x_grid": [
                -16.0,
                0.0
            ],
            "P_x": [
                3.6287713879995512e-09,
                0.9999999963712175
            ],
            "edge_mass_2": 1.9999999999999778
        }
    }
}