{
    "load_date": "2025-12-09 15:02:12.138986",
    "potential": "linear",
    "cutoff": 16,
    "N": 3,
    "a": 1.0,
    "c": null,
    "boundary_condition": "dirichlet",
    "num_qubits": 15,
    "num_paulis": 1146,
    "dense_H_size": [
        32768,
        32768
    ],
    "min_eigenvalue": -3.6042420179791245e-15,
    "basis": [
        0,
        0,
        0,
        0,
        0,
        1,
        0,
        0,
        0,
        0,
        0,
        0,
        0,
        0,
        0
    ],
    "tol": 1e-10,
    "dt": 3.0,
    "n_steps": 1,
    "max_k": 10,
    "final_k": 7,
    "converged": true,
    "all_energies": [
        0.013145651183042575,
        1.2036705559059547e-06,
        1.8188587005025038e-07,
        1.5038654440488706e-07,
        2.06090858989696e-09,
        1.929377938010779e-09,
        1.9293483986732615e-09
    ],
    "all_run_data": [
        {
            "D": 1,
            "t": 3.0,
            "circuit_time": "0:00:00.242074",
            "num_samples": 547,
            "H_reduced_size": [
                547,
                547
            ],
            "reduction": 98.3306884765625,
            "H_reduced_e": 0.013145651183042575,
            "eigenvalue_time": "0:00:00.050388",
            "diff": 0.01314565118304618,
            "change_from_prev": null
        },
        {
            "D": 2,
            "t": 6.0,
            "circuit_time": "0:00:00.248322",
            "num_samples": 1257,
            "H_reduced_size": [
                1257,
                1257
            ],
            "reduction": 96.1639404296875,
            "H_reduced_e": 1.2036705559059547e-06,
            "eigenvalue_time": "0:00:00.086840",
            "diff": 1.2036705595101968e-06,
            "change_from_prev": 0.01314444751248667
        },
        {
            "D": 3,
            "t": 9.0,
            "circuit_time": "0:00:00.245568",
            "num_samples": 1774,
            "H_reduced_size": [
                1774,
                1774
            ],
            "reduction": 94.586181640625,
            "H_reduced_e": 1.8188587005025038e-07,
            "eigenvalue_time": "0:00:00.096197",
            "diff": 1.818858736544924e-07,
            "change_from_prev": 1.0217846858557044e-06
        },
        {
            "D": 4,
            "t": 12.0,
            "circuit_time": "0:00:00.241248",
            "num_samples": 1885,
            "H_reduced_size": [
                1885,
                1885
            ],
            "reduction": 94.2474365234375,
            "H_reduced_e": 1.5038654440488706e-07,
            "eigenvalue_time": "0:00:00.056196",
            "diff": 1.503865480091291e-07,
            "change_from_prev": 3.149932564536332e-08
        },
        {
            "D": 5,
            "t": 15.0,
            "circuit_time": "0:00:00.147879",
            "num_samples": 2154,
            "H_reduced_size": [
                2154,
                2154
            ],
            "reduction": 93.426513671875,
            "H_reduced_e": 2.06090858989696e-09,
            "eigenvalue_time": "0:00:00.069873",
            "diff": 2.060912194138978e-09,
            "change_from_prev": 1.4832563581499011e-07
        },
        {
            "D": 6,
            "t": 18.0,
            "circuit_time": "0:00:00.222512",
            "num_samples": 2374,
            "H_reduced_size": [
                2374,
                2374
            ],
            "reduction": 92.755126953125,
            "H_reduced_e": 1.929377938010779e-09,
            "eigenvalue_time": "0:00:00.074214",
            "diff": 1.9293815422527967e-09,
            "change_from_prev": 1.3153065188618114e-10
        },
        {
            "D": 7,
            "t": 21.0,
            "circuit_time": "0:00:00.142049",
            "num_samples": 2422,
            "H_reduced_size": [
                2422,
                2422
            ],
            "reduction": 92.608642578125,
            "H_reduced_e": 1.9293483986732615e-09,
            "eigenvalue_time": "0:00:00.065036",
            "diff": 1.9293520029152793e-09,
            "change_from_prev": 2.9539337517320623e-14
        }
    ]
}