{
    "load_date": "2026-01-26 13:47:04.701138",
    "potential": "quadratic",
    "cutoff": 8,
    "N": 3,
    "a": 1.0,
    "c": -0.8,
    "boundary_condition": "dirichlet",
    "num_qubits": 12,
    "H_size": [
        4096,
        4096
    ],
    "H_dense_mem_estimate_bytes": 268435456,
    "H_sparse_mem_estimate_bytes": 1982468,
    "H_pauli_time": "0:00:00.014780",
    "H_creation_time": "0:00:00.004333",
    "H_eigenvalue_time": "0:00:00.257508",
    "eigenvalues": [
        -0.08287879513227055,
        -0.08287594348321818,
        0.11500488178984598,
        0.1150061013768347,
        0.22269574580132495,
        0.22269610335250295,
        0.27613903929812017,
        0.276139041063937
    ],
    "best_basis_state": [
        1,
        0,
        1,
        1,
        0,
        0,
        1,
        1,
        1,
        0,
        1,
        1
    ],
    "basis_prob": 0.25663655255601586,
    "num_paulis": 110,
    "pauli_coeffs": [
        80.2865147693117,
        -1.0530292875455145,
        6.3,
        0.308425137534043,
        -0.6168502750680852,
        -0.4361790124774298,
        11.1,
        13.575,
        0.1542125687670212,
        -0.18067126259065494,
        0.3084251375340419,
        -0.6168502750680844,
        0.4361790124774301,
        10.2,
        15.149999999999999,
        24.299999999999997,
        5.999999999999998,
        0.5,
        0.5,
        1.0,
        2.0,
        -1.0530292875455145,
        7.475,
        0.308425137534043,
        -0.6168502750680852,
        -0.4361790124774298,
        13.45,
        13.45,
        0.1542125687670212,
        -0.18067126259065494,
        0.3084251375340419,
        -0.6168502750680844,
        0.4361790124774301,
        14.899999999999999,
        14.899999999999999,
        23.799999999999997,
        5.999999999999998,
        -0.5,
        -0.5,
        -1.0,
        -2.0,
        -1.0530292875455145,
        8.399999999999999,
        0.308425137534043,
        -0.6168502750680852,
        -0.4361790124774298,
        15.299999999999999,
        13.075,
        0.1542125687670212,
        -0.18067126259065494,
        0.3084251375340419,
        -0.6168502750680844,
        0.4361790124774301,
        18.599999999999998,
        14.149999999999999,
        22.299999999999997,
        5.999999999999998,
        0.5,
        0.5,
        1.0,
        2.0,
        0.25,
        0.25,
        0.25,
        0.25,
        -0.24999999999999994,
        -0.4999999999999999,
        -0.9999999999999998,
        -0.5,
        -0.9999999999999999,
        -2.0,
        -1.0,
        -1.9999999999999998,
        -4.0,
        -0.0625,
        -0.125,
        -0.25,
        -0.125,
        -0.25,
        -0.5,
        -0.25,
        -0.5,
        -1.0,
        -0.24999999999999994,
        -0.4999999999999999,
        -0.9999999999999998,
        -0.5,
        -0.9999999999999999,
        -2.0,
        -1.0,
        -1.9999999999999998,
        -4.0,
        0.24999999999999994,
        0.4999999999999999,
        0.9999999999999998,
        0.5,
        0.9999999999999999,
        2.0,
        1.0,
        1.9999999999999998,
        4.0,
        0.24999999999999994,
        0.4999999999999999,
        0.9999999999999998,
        0.5,
        0.9999999999999999,
        2.0,
        1.0,
        1.9999999999999998,
        4.0
    ],
    "pauli_labels": [
        "IIIIIIIIIIII",
        "IIIIIIIIIIIX",
        "IIIIIIIIIIIZ",
        "IIIIIIIIIIXI",
        "IIIIIIIIIIXX",
        "IIIIIIIIIIYY",
        "IIIIIIIIIIZI",
        "IIIIIIIIIIZZ",
        "IIIIIIIIIXII",
        "IIIIIIIIIXIX",
        "IIIIIIIIIXXI",
        "IIIIIIIIIXXX",
        "IIIIIIIIIXYY",
        "IIIIIIIIIZII",
        "IIIIIIIIIZIZ",
        "IIIIIIIIIZZI",
        "IIIIIIIIIZZZ",
        "IIIIIIIIZIII",
        "IIIIIIIIZIIZ",
        "IIIIIIIIZIZI",
        "IIIIIIIIZZII",
        "IIIIIIIXIIII",
        "IIIIIIIZIIII",
        "IIIIIIXIIIII",
        "IIIIIIXXIIII",
        "IIIIIIYYIIII",
        "IIIIIIZIIIII",
        "IIIIIIZZIIII",
        "IIIIIXIIIIII",
        "IIIIIXIXIIII",
        "IIIIIXXIIIII",
        "IIIIIXXXIIII",
        "IIIIIXYYIIII",
        "IIIIIZIIIIII",
        "IIIIIZIZIIII",
        "IIIIIZZIIIII",
        "IIIIIZZZIIII",
        "IIIIZIIIIIII",
        "IIIIZIIZIIII",
        "IIIIZIZIIIII",
        "IIIIZZIIIIII",
        "IIIXIIIIIIII",
        "IIIZIIIIIIII",
        "IIXIIIIIIIII",
        "IIXXIIIIIIII",
        "IIYYIIIIIIII",
        "IIZIIIIIIIII",
        "IIZZIIIIIIII",
        "IXIIIIIIIIII",
        "IXIXIIIIIIII",
        "IXXIIIIIIIII",
        "IXXXIIIIIIII",
        "IXYYIIIIIIII",
        "IZIIIIIIIIII",
        "IZIZIIIIIIII",
        "IZZIIIIIIIII",
        "IZZZIIIIIIII",
        "ZIIIIIIIIIII",
        "ZIIZIIIIIIII",
        "ZIZIIIIIIIII",
        "ZZIIIIIIIIII",
        "IIIIXIIIXIII",
        "IIIIYIIIYIII",
        "XIIIXIIIIIII",
        "YIIIYIIIIIII",
        "IIIIIIZZIIIZ",
        "IIIIIIZZIIZI",
        "IIIIIIZZIZII",
        "IIIIIZIZIIIZ",
        "IIIIIZIZIIZI",
        "IIIIIZIZIZII",
        "IIIIIZZIIIIZ",
        "IIIIIZZIIIZI",
        "IIIIIZZIIZII",
        "IIIZIIIIIIIZ",
        "IIIZIIIIIIZI",
        "IIIZIIIIIZII",
        "IIZIIIIIIIIZ",
        "IIZIIIIIIIZI",
        "IIZIIIIIIZII",
        "IZIIIIIIIIIZ",
        "IZIIIIIIIIZI",
        "IZIIIIIIIZII",
        "IIZZIIIZIIII",
        "IIZZIIZIIIII",
        "IIZZIZIIIIII",
        "IZIZIIIZIIII",
        "IZIZIIZIIIII",
        "IZIZIZIIIIII",
        "IZZIIIIZIIII",
        "IZZIIIZIIIII",
        "IZZIIZIIIIII",
        "IIIIIIIZIIZZ",
        "IIIIIIZIIIZZ",
        "IIIIIZIIIIZZ",
        "IIIIIIIZIZIZ",
        "IIIIIIZIIZIZ",
        "IIIIIZIIIZIZ",
        "IIIIIIIZIZZI",
        "IIIIIIZIIZZI",
        "IIIIIZIIIZZI",
        "IIIZIIZZIIII",
        "IIZIIIZZIIII",
        "IZIIIIZZIIII",
        "IIIZIZIZIIII",
        "IIZIIZIZIIII",
        "IZIIIZIZIIII",
        "IIIZIZZIIIII",
        "IIZIIZZIIIII",
        "IZIIIZZIIIII"
    ],
    "boson_position_marginals": {
        "site_0": {
            "x_grid": [
                -4.0,
                -3.0,
                -2.0,
                -1.0,
                0.0,
                1.0,
                2.0,
                3.0
            ],
            "P_x": [
                1.4914755507836866e-07,
                5.551143204685352e-07,
                0.03642302307441398,
                0.7200840602963312,
                0.20902165225508976,
                0.033998420856546065,
                0.0004711240124767947,
                1.0152432323617658e-06
            ],
            "edge_mass_2": 0.0004728435175847033
        },
        "site_1": {
            "x_grid": [
                -4.0,
                -3.0,
                -2.0,
                -1.0,
                0.0,
                1.0,
                2.0,
                3.0
            ],
            "P_x": [
                1.2678394721389612e-07,
                1.2854437740552968e-06,
                0.011270805115294345,
                0.520147645437391,
                0.34643954338195365,
                0.1178289851864234,
                0.004310380662462518,
                1.2279887189040907e-06
            ],
            "edge_mass_2": 0.004313020878902691
        },
        "site_2": {
            "x_grid": [
                -4.0,
                -3.0,
                -2.0,
                -1.0,
                0.0,
                1.0,
                2.0,
                3.0
            ],
            "P_x": [
                1.4133472307976696e-07,
                1.761628256490029e-06,
                0.014617492003695795,
                0.5932551300651454,
                0.3090033117557044,
                0.08094836442743181,
                0.0021730991085443553,
                6.99676463577429e-07
            ],
            "edge_mass_2": 0.002175701747987502
        }
    }
}