{
    "load_date": "2026-01-26 13:47:04.421002",
    "potential": "quadratic",
    "cutoff": 4,
    "N": 3,
    "a": 1.0,
    "c": -0.8,
    "boundary_condition": "dirichlet",
    "num_qubits": 9,
    "H_size": [
        512,
        512
    ],
    "H_dense_mem_estimate_bytes": 4194304,
    "H_sparse_mem_estimate_bytes": 124932,
    "H_pauli_time": "0:00:00.004076",
    "H_creation_time": "0:00:00.002746",
    "H_eigenvalue_time": "0:00:00.043317",
    "eigenvalues": [
        1.5220568852026108,
        1.522063899133505,
        2.101863439629291,
        2.1018938661146453,
        2.1513636554609925,
        2.1513758650226276,
        2.2350229474063767,
        2.23503241613336
    ],
    "best_basis_state": [
        1,
        1,
        0,
        0,
        1,
        0,
        1,
        1,
        0
    ],
    "basis_prob": 0.4849236273717733,
    "num_paulis": 44,
    "pauli_coeffs": [
        98.69791311890319,
        -0.30842513753404244,
        24.799999999999997,
        0.15421256876702122,
        -0.30842513753404244,
        25.6,
        31.3,
        1.0,
        1.0,
        2.0,
        -0.30842513753404244,
        26.9,
        0.15421256876702122,
        -0.30842513753404244,
        29.8,
        29.8,
        -1.0,
        -1.0,
        -2.0,
        -0.30842513753404244,
        28.0,
        0.15421256876702122,
        -0.30842513753404244,
        32.0,
        27.3,
        1.0,
        1.0,
        2.0,
        0.25,
        0.25,
        0.25,
        0.25,
        -2.0,
        -4.0,
        -0.25,
        -0.5,
        -0.5,
        -1.0,
        -2.0,
        -4.0,
        2.0,
        4.0,
        2.0,
        4.0
    ],
    "pauli_labels": [
        "IIIIIIIII",
        "IIIIIIIIX",
        "IIIIIIIIZ",
        "IIIIIIIXI",
        "IIIIIIIXX",
        "IIIIIIIZI",
        "IIIIIIIZZ",
        "IIIIIIZII",
        "IIIIIIZIZ",
        "IIIIIIZZI",
        "IIIIIXIII",
        "IIIIIZIII",
        "IIIIXIIII",
        "IIIIXXIII",
        "IIIIZIIII",
        "IIIIZZIII",
        "IIIZIIIII",
        "IIIZIZIII",
        "IIIZZIIII",
        "IIXIIIIII",
        "IIZIIIIII",
        "IXIIIIIII",
        "IXXIIIIII",
        "IZIIIIIII",
        "IZZIIIIII",
        "ZIIIIIIII",
        "ZIZIIIIII",
        "ZZIIIIIII",
        "IIIXIIXII",
        "IIIYIIYII",
        "XIIXIIIII",
        "YIIYIIIII",
        "IIIIZZIIZ",
        "IIIIZZIZI",
        "IIZIIIIIZ",
        "IIZIIIIZI",
        "IZIIIIIIZ",
        "IZIIIIIZI",
        "IZZIIZIII",
        "IZZIZIIII",
        "IIIIIZIZZ",
        "IIIIZIIZZ",
        "IIZIZZIII",
        "IZIIZZIII"
    ],
    "boson_position_marginals": {
        "site_0": {
            "x_grid": [
                -4.0,
                -2.0,
                0.0,
                2.0
            ],
            "P_x": [
                9.294517981146252e-07,
                0.010146473157687004,
                0.9876974748186683,
                0.0021551225717931183
            ],
            "edge_mass_2": 0.9999999999999465
        },
        "site_1": {
            "x_grid": [
                -4.0,
                -2.0,
                0.0,
                2.0
            ],
            "P_x": [
                9.841352359323923e-07,
                0.003496510586818714,
                0.991179091088234,
                0.005323414189657942
            ],
            "edge_mass_2": 0.9999999999999466
        },
        "site_2": {
            "x_grid": [
                -4.0,
                -2.0,
                0.0,
                2.0
            ],
            "P_x": [
                9.715565342246003e-07,
                0.006034963970665236,
                0.9896346252849978,
                0.004329439187749079
            ],
            "edge_mass_2": 0.9999999999999464
        }
    }
}