{
    "load_date": "2026-01-26 13:47:09.460050",
    "potential": "quadratic",
    "cutoff": 16,
    "N": 3,
    "a": 1.0,
    "c": -0.8,
    "boundary_condition": "dirichlet",
    "num_qubits": 15,
    "H_size": [
        32768,
        32768
    ],
    "H_dense_mem_estimate_bytes": 17179869184,
    "H_sparse_mem_estimate_bytes": 31588356,
    "H_pauli_time": "0:00:00.421734",
    "H_creation_time": "0:00:00.011950",
    "H_eigenvalue_time": "0:00:04.314497",
    "eigenvalues": [
        0.03507632743198811,
        0.03507632771465359,
        0.20576803860823153,
        0.2057680386828931,
        0.20578694425884683,
        0.20578694431776842,
        0.4270092492383497,
        0.427009249258021
    ],
    "best_basis_state": [
        1,
        0,
        1,
        1,
        0,
        0,
        0,
        1,
        1,
        1,
        1,
        0,
        1,
        1,
        1
    ],
    "basis_prob": 0.023039203600321204,
    "num_paulis": 258,
    "pauli_coeffs": [
        89.42217137094573,
        -4.051802986887518,
        1.3281250000000004,
        1.053029287545515,
        -2.275712654932339,
        -1.776090331955177,
        2.562500000000001,
        3.7375000000000007,
        0.30842513753404155,
        -0.3613425251813103,
        0.6168502750680854,
        -1.2337005501361693,
        0.8723580249548618,
        -0.13827979779585375,
        -0.9037323070003165,
        0.4361790124774316,
        -1.0420121047961717,
        4.375,
        6.725,
        13.075,
        0.375,
        0.15421256876702116,
        -0.16031416329454165,
        0.18067126259065514,
        -0.19168844534000107,
        0.03137428204545761,
        0.3084251375340431,
        -0.3613425251813097,
        0.6168502750680838,
        -1.2337005501361702,
        0.8723580249548598,
        0.13827979779585092,
        0.9037323070003169,
        -0.43617901247742813,
        1.0420121047961692,
        2.75,
        7.449999999999999,
        14.149999999999999,
        0.75,
        22.299999999999997,
        1.5,
        3.0,
        3.0,
        0.25,
        0.25,
        0.5,
        1.0,
        2.0,
        -4.051802986887518,
        1.9156250000000004,
        1.053029287545515,
        -2.275712654932339,
        -1.776090331955177,
        3.7375000000000007,
        3.7375000000000007,
        0.30842513753404155,
        -0.3613425251813103,
        0.6168502750680854,
        -1.2337005501361693,
        0.8723580249548618,
        -0.13827979779585375,
        -0.9037323070003165,
        0.4361790124774316,
        -1.0420121047961717,
        6.725,
        6.725,
        13.075,
        0.375,
        0.15421256876702116,
        -0.16031416329454165,
        0.18067126259065514,
        -0.19168844534000107,
        0.03137428204545761,
        0.3084251375340431,
        -0.3613425251813097,
        0.6168502750680838,
        -1.2337005501361702,
        0.8723580249548598,
        0.13827979779585092,
        0.9037323070003169,
        -0.43617901247742813,
        1.0420121047961692,
        7.449999999999999,
        7.449999999999999,
        14.149999999999999,
        0.75,
        22.299999999999997,
        1.5,
        3.0,
        3.0,
        -0.25,
        -0.25,
        -0.5,
        -1.0,
        -2.0,
        -4.051802986887518,
        2.4406250000000003,
        1.053029287545515,
        -2.275712654932339,
        -1.776090331955177,
        4.7875000000000005,
        3.6750000000000007,
        0.30842513753404155,
        -0.3613425251813103,
        0.6168502750680854,
        -1.2337005501361693,
        0.8723580249548618,
        -0.13827979779585375,
        -0.9037323070003165,
        0.4361790124774316,
        -1.0420121047961717,
        8.825,
        6.6,
        12.825,
        0.375,
        0.15421256876702116,
        -0.16031416329454165,
        0.18067126259065514,
        -0.19168844534000107,
        0.03137428204545761,
        0.3084251375340431,
        -0.3613425251813097,
        0.6168502750680838,
        -1.2337005501361702,
        0.8723580249548598,
        0.13827979779585092,
        0.9037323070003169,
        -0.43617901247742813,
        1.0420121047961692,
        11.649999999999999,
        7.199999999999999,
        13.649999999999999,
        0.75,
        21.299999999999997,
        1.5,
        3.0,
        3.0,
        0.25,
        0.25,
        0.5,
        1.0,
        2.0,
        0.25,
        0.25,
        0.25,
        0.25,
        -0.03125,
        -0.06250000000000003,
        -0.12500000000000003,
        -0.25,
        -0.062499999999999986,
        -0.12499999999999996,
        -0.24999999999999997,
        -0.4999999999999999,
        -0.12499999999999996,
        -0.24999999999999992,
        -0.49999999999999994,
        -0.9999999999999998,
        -0.125,
        -0.24999999999999994,
        -0.5,
        -1.0,
        -0.25,
        -0.49999999999999983,
        -0.9999999999999998,
        -1.9999999999999996,
        -0.5,
        -0.9999999999999998,
        -2.0,
        -4.0,
        -0.015625,
        -0.03125,
        -0.0625,
        -0.125,
        -0.03125,
        -0.0625,
        -0.125,
        -0.25,
        -0.0625,
        -0.125,
        -0.25,
        -0.5,
        -0.125,
        -0.25,
        -0.5,
        -1.0,
        -0.03125,
        -0.06250000000000003,
        -0.12500000000000003,
        -0.25,
        -0.062499999999999986,
        -0.12499999999999996,
        -0.24999999999999997,
        -0.4999999999999999,
        -0.12499999999999996,
        -0.24999999999999992,
        -0.49999999999999994,
        -0.9999999999999998,
        -0.125,
        -0.24999999999999994,
        -0.5,
        -1.0,
        -0.25,
        -0.49999999999999983,
        -0.9999999999999998,
        -1.9999999999999996,
        -0.5,
        -0.9999999999999998,
        -2.0,
        -4.0,
        0.03125,
        0.06250000000000003,
        0.12500000000000003,
        0.25,
        0.062499999999999986,
        0.12499999999999996,
        0.24999999999999997,
        0.4999999999999999,
        0.12499999999999996,
        0.24999999999999992,
        0.49999999999999994,
        0.9999999999999998,
        0.125,
        0.24999999999999994,
        0.5,
        1.0,
        0.25,
        0.49999999999999983,
        0.9999999999999998,
        1.9999999999999996,
        0.5,
        0.9999999999999998,
        2.0,
        4.0,
        0.03125,
        0.06250000000000003,
        0.12500000000000003,
        0.25,
        0.062499999999999986,
        0.12499999999999996,
        0.24999999999999997,
        0.4999999999999999,
        0.12499999999999996,
        0.24999999999999992,
        0.49999999999999994,
        0.9999999999999998,
        0.125,
        0.24999999999999994,
        0.5,
        1.0,
        0.25,
        0.49999999999999983,
        0.9999999999999998,
        1.9999999999999996,
        0.5,
        0.9999999999999998,
        2.0,
        4.0
    ],