{
    "load_date": "2026-01-26 13:47:04.367552",
    "potential": "quadratic",
    "cutoff": 2,
    "N": 3,
    "a": 1.0,
    "c": -0.8,
    "boundary_condition": "dirichlet",
    "num_qubits": 6,
    "H_size": [
        64,
        64
    ],
    "H_dense_mem_estimate_bytes": 65536,
    "H_sparse_mem_estimate_bytes": 7940,
    "H_pauli_time": "0:00:00.003585",
    "H_creation_time": "0:00:00.005548",
    "H_eigenvalue_time": "0:00:00.002534",
    "eigenvalues": [
        0.7149178825130701,
        0.7149317571537078,
        1.4220244234907826,
        1.422024893197599,
        1.4220382981142483,
        1.4220387678554696,
        2.1291314340772334,
        2.1291453087178995
    ],
    "best_basis_state": [
        1,
        1,
        0,
        1,
        1,
        1
    ],
    "basis_prob": 0.5000068932434389,
    "num_paulis": 18,
    "pauli_coeffs": [
        177.22263770630104,
        -0.1542125687670212,
        58.400000000000006,
        2.0,
        2.0,
        -0.1542125687670212,
        59.60000000000001,
        -2.0,
        -2.0,
        -0.1542125687670212,
        56.8,
        2.0,
        2.0,
        0.25,
        0.25,
        0.25,
        0.25,
        -1.0
    ],
    "pauli_labels": [
        "IIIIII",
        "IIIIIX",
        "IIIIIZ",
        "IIIIZI",
        "IIIIZZ",
        "IIIXII",
        "IIIZII",
        "IIZIII",
        "IIZZII",
        "IXIIII",
        "IZIIII",
        "ZIIIII",
        "ZZIIII",
        "IIXIXI",
        "IIYIYI",
        "XIXIII",
        "YIYIII",
        "IZIIIZ"
    ],
    "boson_position_marginals": {
        "site_0": {
            "x_grid": [
                -4.0,
                0.0
            ],
            "P_x": [
                1.847676281439807e-06,
                0.9999981523237169
            ],
            "edge_mass_2": 1.9999999999999967
        },
        "site_1": {
            "x_grid": [
                -4.0,
                0.0
            ],
            "P_x": [
                1.6793064171307453e-06,
                0.9999983206935813
            ],
            "edge_mass_2": 1.999999999999997
        },
        "site_2": {
            "x_grid": [
                -4.0,
                0.0
            ],
            "P_x": [
                1.7475785350534052e-06,
                0.9999982524214632
            ],
            "edge_mass_2": 1.9999999999999967
        }
    }
}