{
    "load_date": "2026-02-02 18:38:35.192175",
    "potential": "linear",
    "cutoff": 4,
    "N": 3,
    "a": 1.0,
    "c": null,
    "x_max": 0.5,
    "boundary_condition": "dirichlet",
    "num_qubits": 9,
    "H_size": [
        512,
        512
    ],
    "H_dense_mem_estimate_bytes": 4194304,
    "H_sparse_mem_estimate_bytes": 124932,
    "H_pauli_time": "0:00:00.004385",
    "H_creation_time": "0:00:00.000974",
    "H_eigenvalue_time": "0:00:00.008590",
    "eigenvalues": [
        -1.5416474000924245,
        -0.5416474000924314,
        -0.31690252870083563,
        -0.31690252870080915,
        0.6830974712991618,
        0.6830974712991738,
        0.907842342690744,
        1.9078423426907443
    ],
    "best_basis_state": [
        0,
        1,
        0,
        1,
        1,
        0,
        0,
        1,
        0
    ],
    "basis_prob": 0.014518715781016038,
    "num_paulis": 30,
    "pauli_coeffs": [
        89.01003335980423,
        -19.739208802178716,
        0.015625000000001776,
        9.869604401089358,
        -19.739208802178716,
        0.03125,
        0.0390625,
        -0.5,
        -19.739208802178716,
        0.023437500000001776,
        9.869604401089358,
        -19.739208802178716,
        0.046875,
        0.046875,
        0.5,
        -19.739208802178716,
        0.015625000000001776,
        9.869604401089358,
        -19.739208802178716,
        0.03125,
        0.0390625,
        -0.5,
        0.25,
        0.25,
        0.25,
        0.25,
        -0.00390625,
        -0.0078125,
        -0.0078125,
        -0.015625
    ],
    "pauli_labels": [
        "IIIIIIIII",
        "IIIIIIIIX",
        "IIIIIIIIZ",
        "IIIIIIIXI",
        "IIIIIIIXX",
        "IIIIIIIZI",
        "IIIIIIIZZ",
        "IIIIIIZII",
        "IIIIIXIII",
        "IIIIIZIII",
        "IIIIXIIII",
        "IIIIXXIII",
        "IIIIZIIII",
        "IIIIZZIII",
        "IIIZIIIII",
        "IIXIIIIII",
        "IIZIIIIII",
        "IXIIIIIII",
        "IXXIIIIII",
        "IZIIIIIII",
        "IZZIIIIII",
        "ZIIIIIIII",
        "IIIXIIXII",
        "IIIYIIYII",
        "XIIXIIIII",
        "YIIYIIIII",
        "IIZIIIIIZ",
        "IIZIIIIZI",
        "IZIIIIIIZ",
        "IZIIIIIZI"
    ],
    "boson_position_marginals": {
        "site_0": {
            "x_grid": [
                -0.5,
                -0.25,
                0.0,
                0.25
            ],
            "P_x": [
                0.2481231465707704,
                0.2502934187474613,
                0.25168332822496614,
                0.24990010645680089
            ],
            "edge_mass_2": 0.9999999999999987
        },
        "site_1": {
            "x_grid": [
                -0.5,
                -0.25,
                0.0,
                0.25
            ],
            "P_x": [
                0.24748535129004107,
                0.2501441986928991,
                0.2522262513241595,
                0.25014419869289906
            ],
            "edge_mass_2": 0.9999999999999987
        },
        "site_2": {
            "x_grid": [
                -0.5,
                -0.25,
                0.0,
                0.25
            ],
            "P_x": [
                0.24812314657077045,
                0.2502934187474613,
                0.2516833282249661,
                0.24990010645680089
            ],
            "edge_mass_2": 0.9999999999999987
        }
    }
}