{
    "load_date": "2026-02-02 18:38:35.172661",
    "potential": "linear",
    "cutoff": 2,
    "N": 3,
    "a": 1.0,
    "c": null,
    "x_max": 0.5,
    "boundary_condition": "dirichlet",
    "num_qubits": 6,
    "H_size": [
        64,
        64
    ],
    "H_dense_mem_estimate_bytes": 65536,
    "H_sparse_mem_estimate_bytes": 7940,
    "H_pauli_time": "0:00:00.012488",
    "H_creation_time": "0:00:00.005039",
    "H_eigenvalue_time": "0:00:00.015286",
    "eigenvalues": [
        -1.491217713447819,
        -0.4912177134478211,
        -0.26647284205623045,
        -0.2664728420562252,
        0.7335271579437646,
        0.7335271579437754,
        0.9582720293353505,
        1.958272029335365
    ],
    "best_basis_state": [
        0,
        1,
        1,
        1,
        0,
        1
    ],
    "basis_prob": 0.11615854113443543,
    "num_paulis": 15,
    "pauli_coeffs": [
        29.84318820326807,
        -9.869604401089356,
        0.0625,
        -0.5,
        -9.869604401089356,
        0.09375,
        0.5,
        -9.869604401089356,
        0.0625,
        -0.5,
        0.25,
        0.25,
        0.25,
        0.25,
        -0.015625
    ],
    "pauli_labels": [
        "IIIIII",
        "IIIIIX",
        "IIIIIZ",
        "IIIIZI",
        "IIIXII",
        "IIIZII",
        "IIZIII",
        "IXIIII",
        "IZIIII",
        "ZIIIII",
        "IIXIXI",
        "IIYIYI",
        "XIXIII",
        "YIYIII",
        "IZIIIZ"
    ],
    "boson_position_marginals": {
        "site_0": {
            "x_grid": [
                -0.5,
                0.0
            ],
            "P_x": [
                0.4968287612360176,
                0.5031712387639836
            ],
            "edge_mass_2": 2.0000000000000027
        },
        "site_1": {
            "x_grid": [
                -0.5,
                0.0
            ],
            "P_x": [
                0.4952507837689282,
                0.5047492162310729
            ],
            "edge_mass_2": 2.000000000000002
        },
        "site_2": {
            "x_grid": [
                -0.5,
                0.0
            ],
            "P_x": [
                0.4968287612360176,
                0.5031712387639836
            ],
            "edge_mass_2": 2.0000000000000027
        }
    }
}