{
    "load_date": "2026-02-02 18:38:35.302738",
    "potential": "linear",
    "cutoff": 8,
    "N": 3,
    "a": 1.0,
    "c": null,
    "x_max": 0.5,
    "boundary_condition": "dirichlet",
    "num_qubits": 12,
    "H_size": [
        4096,
        4096
    ],
    "H_dense_mem_estimate_bytes": 268435456,
    "H_sparse_mem_estimate_bytes": 1982468,
    "H_pauli_time": "0:00:00.015811",
    "H_creation_time": "0:00:00.000781",
    "H_eigenvalue_time": "0:00:00.091045",
    "eigenvalues": [
        -1.5542365555414674,
        -0.5542365555414991,
        -0.32949168414994834,
        -0.3294916841498561,
        0.6705083158500191,
        0.6705083158501425,
        0.8952531872417286,
        1.895253187241687
    ],
    "best_basis_state": [
        0,
        1,
        0,
        0,
        1,
        1,
        0,
        0,
        0,
        1,
        0,
        0
    ],
    "basis_prob": 0.0018098985512995987,
    "num_paulis": 62,
    "pauli_coeffs": [
        325.86784367344876,
        -67.39387440291293,
        0.00390625,
        19.73920880217875,
        -39.47841760435745,
        -27.915456798555507,
        0.0078125,
        0.009765625,
        9.869604401089356,
        -11.562960805801916,
        19.73920880217868,
        -39.4784176043574,
        27.915456798555525,
        0.015625,
        0.01953125,
        0.0390625,
        -0.5,
        -67.39387440291293,
        0.005859375,
        19.73920880217875,
        -39.47841760435745,
        -27.915456798555507,
        0.01171875,
        0.01171875,
        9.869604401089356,
        -11.562960805801916,
        19.73920880217868,
        -39.4784176043574,
        27.915456798555525,
        0.0234375,
        0.0234375,
        0.046875,
        0.5,
        -67.39387440291293,
        0.00390625,
        19.73920880217875,
        -39.47841760435745,
        -27.915456798555507,
        0.0078125,
        0.009765625,
        9.869604401089356,
        -11.562960805801916,
        19.73920880217868,
        -39.4784176043574,
        27.915456798555525,
        0.015625,
        0.01953125,
        0.0390625,
        -0.5,
        0.25,
        0.25,
        0.25,
        0.25,
        -0.0009765625,
        -0.001953125,
        -0.00390625,
        -0.001953125,
        -0.00390625,
        -0.0078125,
        -0.00390625,
        -0.0078125,
        -0.015625
    ],
    "pauli_labels": [
        "IIIIIIIIIIII",
        "IIIIIIIIIIIX",
        "IIIIIIIIIIIZ",
        "IIIIIIIIIIXI",
        "IIIIIIIIIIXX",
        "IIIIIIIIIIYY",
        "IIIIIIIIIIZI",
        "IIIIIIIIIIZZ",
        "IIIIIIIIIXII",
        "IIIIIIIIIXIX",
        "IIIIIIIIIXXI",
        "IIIIIIIIIXXX",
        "IIIIIIIIIXYY",
        "IIIIIIIIIZII",
        "IIIIIIIIIZIZ",
        "IIIIIIIIIZZI",
        "IIIIIIIIZIII",
        "IIIIIIIXIIII",
        "IIIIIIIZIIII",
        "IIIIIIXIIIII",
        "IIIIIIXXIIII",
        "IIIIIIYYIIII",
        "IIIIIIZIIIII",
        "IIIIIIZZIIII",
        "IIIIIXIIIIII",
        "IIIIIXIXIIII",
        "IIIIIXXIIIII",
        "IIIIIXXXIIII",
        "IIIIIXYYIIII",
        "IIIIIZIIIIII",
        "IIIIIZIZIIII",
        "IIIIIZZIIIII",
        "IIIIZIIIIIII",
        "IIIXIIIIIIII",
        "IIIZIIIIIIII",
        "IIXIIIIIIIII",
        "IIXXIIIIIIII",
        "IIYYIIIIIIII",
        "IIZIIIIIIIII",
        "IIZZIIIIIIII",
        "IXIIIIIIIIII",
        "IXIXIIIIIIII",
        "IXXIIIIIIIII",
        "IXXXIIIIIIII",
        "IXYYIIIIIIII",
        "IZIIIIIIIIII",
        "IZIZIIIIIIII",
        "IZZIIIIIIIII",
        "ZIIIIIIIIIII",
        "IIIIXIIIXIII",
        "IIIIYIIIYIII",
        "XIIIXIIIIIII",
        "YIIIYIIIIIII",
        "IIIZIIIIIIIZ",
        "IIIZIIIIIIZI",
        "IIIZIIIIIZII",
        "IIZIIIIIIIIZ",
        "IIZIIIIIIIZI",
        "IIZIIIIIIZII",
        "IZIIIIIIIIIZ",
        "IZIIIIIIIIZI",
        "IZIIIIIIIZII"
    ],
    "boson_position_marginals": {
        "site_0": {
            "x_grid": [
                -0.5,
                -0.375,
                -0.25,
                -0.125,
                0.0,
                0.125,
                0.25,
                0.375
            ],
            "P_x": [
                0.12410980541519148,
                0.1244817884880934,
                0.1251097682685921,
                0.1256097888659249,
                0.12577483745810616,
                0.12553635232651453,
                0.12499336152408864,
                0.12438429765349035
            ],
            "edge_mass_2": 0.49796925308086387
        },
        "site_1": {
            "x_grid": [
                -0.5,
                -0.375,
                -0.25,
                -0.125,
                0.0,
                0.125,
                0.25,
                0.375
            ],
            "P_x": [
                0.12389137524959447,
                0.12430206949136824,
                0.12506795696177858,
                0.12570706371889787,
                0.1259544444063178,
                0.1257070637188978,
                0.12506795696177864,
                0.12430206949136838
            ],
            "edge_mass_2": 0.4975634711941097
        },
        "site_2": {
            "x_grid": [
                -0.5,
                -0.375,
                -0.25,
                -0.125,
                0.0,
                0.125,
                0.25,
                0.375
            ],
            "P_x": [
                0.12410980541519154,
                0.12448178848809355,
                0.12510976826859216,
                0.12560978886592497,
                0.12577483745810625,
                0.12553635232651453,
                0.12499336152408855,
                0.12438429765349043
            ],
            "edge_mass_2": 0.49796925308086404
        }
    }
}