{
    "load_date": "2026-01-26 13:45:28.429832",
    "potential": "quadratic",
    "cutoff": 2,
    "N": 2,
    "a": 1.0,
    "c": -0.8,
    "boundary_condition": "dirichlet",
    "num_qubits": 4,
    "H_size": [
        16,
        16
    ],
    "H_dense_mem_estimate_bytes": 4096,
    "H_sparse_mem_estimate_bytes": 1348,
    "H_pauli_time": "0:00:00.002638",
    "H_creation_time": "0:00:00.003895",
    "H_eigenvalue_time": "0:00:00.000886",
    "eigenvalues": [
        0.4480187646871399,
        0.9480183816648244,
        0.9480191400624376,
        1.448018756970821,
        112.51730220088908,
        112.54844457290041,
        115.71729032688948,
        115.74843345144657
    ],
    "best_basis_state": [
        0,
        1,
        1,
        1
    ],
    "basis_prob": 0.50001201869499,
    "num_paulis": 11,
    "pauli_coeffs": [
        118.14842513753403,
        -0.1542125687670212,
        59.400000000000006,
        2.0,
        2.0,
        -0.1542125687670212,
        57.8,
        -2.0,
        -2.0,
        0.25,
        0.25
    ],
    "pauli_labels": [
        "IIII",
        "IIIX",
        "IIIZ",
        "IIZI",
        "IIZZ",
        "IXII",
        "IZII",
        "ZIII",
        "ZZII",
        "XIXI",
        "YIYI"
    ],
    "boson_position_marginals": {
        "site_0": {
            "x_grid": [
                -4.0,
                0.0
            ],
            "P_x": [
                1.7859316302020075e-06,
                0.9999982140683696
            ],
            "edge_mass_2": 1.9999999999999998
        },
        "site_1": {
            "x_grid": [
                -4.0,
                0.0
            ],
            "P_x": [
                1.690698533394784e-06,
                0.9999983093014663
            ],
            "edge_mass_2": 1.9999999999999993
        }
    }
}