{
    "load_date": "2026-01-26 13:45:28.974147",
    "potential": "quadratic",
    "cutoff": 16,
    "N": 2,
    "a": 1.0,
    "c": -0.8,
    "boundary_condition": "dirichlet",
    "num_qubits": 10,
    "H_size": [
        1024,
        1024
    ],
    "H_dense_mem_estimate_bytes": 16777216,
    "H_sparse_mem_estimate_bytes": 659460,
    "H_pauli_time": "0:00:00.414659",
    "H_creation_time": "0:00:00.003159",
    "H_eigenvalue_time": "0:00:00.059562",
    "eigenvalues": [
        0.01970915105030737,
        0.019777871717722904,
        0.23372461653990984,
        0.2337607139548152,
        1.3187384894654082,
        1.3188510788006071,
        1.4432121147099226,
        1.4432670042503923
    ],
    "best_basis_state": [
        1,
        1,
        0,
        1,
        0,
        1,
        0,
        1,
        1,
        0
    ],
    "basis_prob": 0.1516112339644304,
    "num_paulis": 145,
    "pauli_coeffs": [
        59.17728091396383,
        -4.051802986887518,
        1.3437500000000004,
        1.053029287545515,
        -2.275712654932339,
        -1.776090331955177,
        2.593750000000001,
        3.7375000000000007,
        0.30842513753404155,
        -0.3613425251813103,
        0.6168502750680854,
        -1.2337005501361693,
        0.8723580249548618,
        -0.13827979779585375,
        -0.9037323070003165,
        0.4361790124774316,
        -1.0420121047961717,
        4.4375,
        6.725,
        13.075,
        0.375,
        0.15421256876702116,
        -0.16031416329454165,
        0.18067126259065514,
        -0.19168844534000107,
        0.03137428204545761,
        0.3084251375340431,
        -0.3613425251813097,
        0.6168502750680838,
        -1.2337005501361702,
        0.8723580249548598,
        0.13827979779585092,
        0.9037323070003169,
        -0.43617901247742813,
        1.0420121047961692,
        2.875,
        7.449999999999999,
        14.149999999999999,
        0.75,
        22.299999999999997,
        1.5,
        3.0,
        3.0,
        0.25,
        0.25,
        0.5,
        1.0,
        2.0,
        -4.051802986887518,
        2.4562500000000003,
        1.053029287545515,
        -2.275712654932339,
        -1.776090331955177,
        4.8187500000000005,
        3.6750000000000007,
        0.30842513753404155,
        -0.3613425251813103,
        0.6168502750680854,
        -1.2337005501361693,
        0.8723580249548618,
        -0.13827979779585375,
        -0.9037323070003165,
        0.4361790124774316,
        -1.0420121047961717,
        8.8875,
        6.6,
        12.825,
        0.375,
        0.15421256876702116,
        -0.16031416329454165,
        0.18067126259065514,
        -0.19168844534000107,
        0.03137428204545761,
        0.3084251375340431,
        -0.3613425251813097,
        0.6168502750680838,
        -1.2337005501361702,
        0.8723580249548598,
        0.13827979779585092,
        0.9037323070003169,
        -0.43617901247742813,
        1.0420121047961692,
        11.774999999999999,
        7.199999999999999,
        13.649999999999999,
        0.75,
        21.299999999999997,
        1.5,
        3.0,
        3.0,
        -0.25,
        -0.25,
        -0.5,
        -1.0,
        -2.0,
        0.25,
        0.25,
        -0.03125,
        -0.06250000000000003,
        -0.12500000000000003,
        -0.25,
        -0.062499999999999986,
        -0.12499999999999996,
        -0.24999999999999997,
        -0.4999999999999999,
        -0.12499999999999996,
        -0.24999999999999992,
        -0.49999999999999994,
        -0.9999999999999998,
        -0.125,
        -0.24999999999999994,
        -0.5,
        -1.0,
        -0.25,
        -0.49999999999999983,
        -0.9999999999999998,
        -1.9999999999999996,
        -0.5,
        -0.9999999999999998,
        -2.0,
        -4.0,
        0.03125,
        0.06250000000000003,
        0.12500000000000003,
        0.25,
        0.062499999999999986,
        0.12499999999999996,
        0.24999999999999997,
        0.4999999999999999,
        0.12499999999999996,
        0.24999999999999992,
        0.49999999999999994,
        0.9999999999999998,
        0.125,
        0.24999999999999994,
        0.5,
        1.0,
        0.25,
        0.49999999999999983,
        0.9999999999999998,
        1.9999999999999996,
        0.5,
        0.9999999999999998,
        2.0,
        4.0
    ],
    "pauli_labels": [
        "IIIIIIIIII",
        "IIIIIIIIIX",
        "IIIIIIIIIZ",
        "IIIIIIIIXI",
        "IIIIIIIIXX",
        "IIIIIIIIYY",
        "IIIIIIIIZI",
        "IIIIIIIIZZ",
        "IIIIIIIXII",
        "IIIIIIIXIX",
        "IIIIIIIXXI",
        "IIIIIIIXXX",
        "IIIIIIIXYY",
        "IIIIIIIYIY",
        "IIIIIIIYXY",
        "IIIIIIIYYI",
        "IIIIIIIYYX",
        "IIIIIIIZII",
        "IIIIIIIZIZ",
        "IIIIIIIZZI",
        "IIIIIIIZZZ",
        "IIIIIIXIII",
        "IIIIIIXIIX",
        "IIIIIIXIXI",
        "IIIIIIXIXX",
        "IIIIIIXIYY",
        "IIIIIIXXII",
        "IIIIIIXXIX",
        "IIIIIIXXXI",
        "IIIIIIXXXX",
        "IIIIIIXXYY",
        "IIIIIIXYIY",
        "IIIIIIXYXY",
        "IIIIIIXYYI",
        "IIIIIIXYYX",
        "IIIIIIZIII",
        "IIIIIIZIIZ",
        "IIIIIIZIZI",
        "IIIIIIZIZZ",
        "IIIIIIZZII",
        "IIIIIIZZIZ",
        "IIIIIIZZZI",
        "IIIIIIZZZZ",
        "IIIIIZIIII",
        "IIIIIZIIIZ",
        "IIIIIZIIZI",
        "IIIIIZIZII",
        "IIIIIZZIII",
        "IIIIXIIIII",
        "IIIIZIIIII",
        "IIIXIIIIII",
        "IIIXXIIIII",
        "IIIYYIIIII",
        "IIIZIIIIII",
        "IIIZZIIIII",
        "IIXIIIIIII",
        "IIXIXIIIII",
        "IIXXIIIIII",
        "IIXXXIIIII",
        "IIXYYIIIII",
        "IIYIYIIIII",
        "IIYXYIIIII",
        "IIYYIIIIII",
        "IIYYXIIIII",
        "IIZIIIIIII",
        "IIZIZIIIII",
        "IIZZIIIIII",
        "IIZZZIIIII",
        "IXIIIIIIII",
        "IXIIXIIIII",
        "IXIXIIIIII",
        "IXIXXIIIII",
        "IXIYYIIIII",
        "IXXIIIIIII",
        "IXXIXIIIII",
        "IXXXIIIIII",
        "IXXXXIIIII",
        "IXXYYIIIII",
        "IXYIYIIIII",
        "IXYXYIIIII",
        "IXYYIIIIII",
        "IXYYXIIIII",
        "IZIIIIIIII",
        "IZIIZIIIII",
        "IZIZIIIIII",
        "IZIZZIIIII",
        "IZZIIIIIII",
        "IZZIZIIIII",
        "IZZZIIIIII",
        "IZZZZIIIII",
        "ZIIIIIIIII",
        "ZIIIZIIIII",
        "ZIIZIIIIII",
        "ZIZIIIIIII",
        "ZZIIIIIIII",
        "XIIIIXIIII",
        "YIIIIYIIII",
        "IIIZZIIIIZ",
        "IIIZZIIIZI",
        "IIIZZIIZII",
        "IIIZZIZIII",
        "IIZIZIIIIZ",
        "IIZIZIIIZI",
        "IIZIZIIZII",
        "IIZIZIZIII",
        "IIZZIIIIIZ",
        "IIZZIIIIZI",
        "IIZZIIIZII",
        "IIZZIIZIII",
        "IZIIZIIIIZ",
        "IZIIZIIIZI",
        "IZIIZIIZII",
        "IZIIZIZIII",
        "IZIZIIIIIZ",
        "IZIZIIIIZI",
        "IZIZIIIZII",
        "IZIZIIZIII",
        "IZZIIIIIIZ",
        "IZZIIIIIZI",
        "IZZIIIIZII",
        "IZZIIIZIII",
        "IIIIZIIIZZ",
        "IIIZIIIIZZ",
        "IIZIIIIIZZ",
        "IZIIIIIIZZ",
        "IIIIZIIZIZ",
        "IIIZIIIZIZ",
        "IIZIIIIZIZ",
        "IZIIIIIZIZ",
        "IIIIZIIZZI",
        "IIIZIIIZZI",
        "IIZIIIIZZI",
        "IZIIIIIZZI",
        "IIIIZIZIIZ",
        "IIIZIIZIIZ",
        "IIZIIIZIIZ",
        "IZIIIIZIIZ",
        "IIIIZIZIZI",
        "IIIZIIZIZI",
        "IIZIIIZIZI",
        "IZIIIIZIZI",
        "IIIIZIZZII",
        "IIIZIIZZII",
        "IIZIIIZZII",
        "IZIIIIZZII"
    ],