{
    "load_date": "2026-01-26 13:45:28.494073",
    "potential": "quadratic",
    "cutoff": 8,
    "N": 2,
    "a": 1.0,
    "c": -0.8,
    "boundary_condition": "dirichlet",
    "num_qubits": 8,
    "H_size": [
        256,
        256
    ],
    "H_dense_mem_estimate_bytes": 1048576,
    "H_sparse_mem_estimate_bytes": 82948,
    "H_pauli_time": "0:00:00.013136",
    "H_creation_time": "0:00:00.002445",
    "H_eigenvalue_time": "0:00:00.026606",
    "eigenvalues": [
        -0.061089366688468365,
        0.062379124418515994,
        0.12046087963143094,
        0.12190184640975693,
        1.2393246533776443,
        1.3387127112904038,
        1.4177551890175069,
        1.508210134988277
    ],
    "best_basis_state": [
        0,
        0,
        1,
        1,
        1,
        0,
        1,
        1
    ],
    "basis_prob": 0.19998900472645312,
    "num_paulis": 61,
    "pauli_coeffs": [
        53.10767651287446,
        -1.0530292875455145,
        6.3625,
        0.308425137534043,
        -0.6168502750680852,
        -0.4361790124774298,
        11.225,
        13.575,
        0.1542125687670212,
        -0.18067126259065494,
        0.3084251375340419,
        -0.6168502750680844,
        0.4361790124774301,
        10.45,
        15.149999999999999,
        24.299999999999997,
        5.999999999999998,
        0.5,
        0.5,
        1.0,
        2.0,
        -1.0530292875455145,
        8.462499999999999,
        0.308425137534043,
        -0.6168502750680852,
        -0.4361790124774298,
        15.424999999999999,
        13.075,
        0.1542125687670212,
        -0.18067126259065494,
        0.3084251375340419,
        -0.6168502750680844,
        0.4361790124774301,
        18.849999999999998,
        14.149999999999999,
        22.299999999999997,
        5.999999999999998,
        -0.5,
        -0.5,
        -1.0,
        -2.0,
        0.25,
        0.25,
        -0.24999999999999994,
        -0.4999999999999999,
        -0.9999999999999998,
        -0.5,
        -0.9999999999999999,
        -2.0,
        -1.0,
        -1.9999999999999998,
        -4.0,
        0.24999999999999994,
        0.4999999999999999,
        0.9999999999999998,
        0.5,
        0.9999999999999999,
        2.0,
        1.0,
        1.9999999999999998,
        4.0
    ],
    "pauli_labels": [
        "IIIIIIII",
        "IIIIIIIX",
        "IIIIIIIZ",
        "IIIIIIXI",
        "IIIIIIXX",
        "IIIIIIYY",
        "IIIIIIZI",
        "IIIIIIZZ",
        "IIIIIXII",
        "IIIIIXIX",
        "IIIIIXXI",
        "IIIIIXXX",
        "IIIIIXYY",
        "IIIIIZII",
        "IIIIIZIZ",
        "IIIIIZZI",
        "IIIIIZZZ",
        "IIIIZIII",
        "IIIIZIIZ",
        "IIIIZIZI",
        "IIIIZZII",
        "IIIXIIII",
        "IIIZIIII",
        "IIXIIIII",
        "IIXXIIII",
        "IIYYIIII",
        "IIZIIIII",
        "IIZZIIII",
        "IXIIIIII",
        "IXIXIIII",
        "IXXIIIII",
        "IXXXIIII",
        "IXYYIIII",
        "IZIIIIII",
        "IZIZIIII",
        "IZZIIIII",
        "IZZZIIII",
        "ZIIIIIII",
        "ZIIZIIII",
        "ZIZIIIII",
        "ZZIIIIII",
        "XIIIXIII",
        "YIIIYIII",
        "IIZZIIIZ",
        "IIZZIIZI",
        "IIZZIZII",
        "IZIZIIIZ",
        "IZIZIIZI",
        "IZIZIZII",
        "IZZIIIIZ",
        "IZZIIIZI",
        "IZZIIZII",
        "IIIZIIZZ",
        "IIZIIIZZ",
        "IZIIIIZZ",
        "IIIZIZIZ",
        "IIZIIZIZ",
        "IZIIIZIZ",
        "IIIZIZZI",
        "IIZIIZZI",
        "IZIIIZZI"
    ],
    "boson_position_marginals": {
        "site_0": {
            "x_grid": [
                -4.0,
                -3.0,
                -2.0,
                -1.0,
                0.0,
                1.0,
                2.0,
                3.0
            ],
            "P_x": [
                1.3087787494173616e-07,
                4.5102875833387056e-07,
                0.016107386133098044,
                0.37974067257811706,
                0.31247069454552945,
                0.28688523452032133,
                0.004794094556904883,
                1.3357593810998753e-06
            ],
            "edge_mass_2": 0.004796012222919258
        },
        "site_1": {
            "x_grid": [
                -4.0,
                -3.0,
                -2.0,
                -1.0,
                0.0,
                1.0,
                2.0,
                3.0
            ],
            "P_x": [
                1.2727664851861893e-07,
                1.335780251106002e-06,
                0.004794155360186268,
                0.28689264403842263,
                0.312472456221608,
                0.3797316383809436,
                0.016107192109146223,
                4.5083277876675824e-07
            ],
            "edge_mass_2": 0.016109105998824612
        }
    }
}