{
    "load_date": "2026-01-26 13:45:28.449591",
    "potential": "quadratic",
    "cutoff": 4,
    "N": 2,
    "a": 1.0,
    "c": -0.8,
    "boundary_condition": "dirichlet",
    "num_qubits": 6,
    "H_size": [
        64,
        64
    ],
    "H_dense_mem_estimate_bytes": 65536,
    "H_sparse_mem_estimate_bytes": 10500,
    "H_pauli_time": "0:00:00.003275",
    "H_creation_time": "0:00:00.002203",
    "H_eigenvalue_time": "0:00:00.009950",
    "eigenvalues": [
        0.9835288452540173,
        1.4703459864722832,
        1.484214523185352,
        1.7211809978899277,
        1.9764046900579573,
        4.003656870548363,
        4.004882005426872,
        4.047708401770806
    ],
    "best_basis_state": [
        0,
        1,
        0,
        1,
        1,
        0
    ],
    "basis_prob": 0.49005106467598186,
    "num_paulis": 25,
    "pauli_coeffs": [
        65.46527541260213,
        -0.30842513753404244,
        25.049999999999997,
        0.15421256876702122,
        -0.30842513753404244,
        26.1,
        31.3,
        1.0,
        1.0,
        2.0,
        -0.30842513753404244,
        28.25,
        0.15421256876702122,
        -0.30842513753404244,
        32.5,
        27.3,
        -1.0,
        -1.0,
        -2.0,
        0.25,
        0.25,
        -2.0,
        -4.0,
        2.0,
        4.0
    ],
    "pauli_labels": [
        "IIIIII",
        "IIIIIX",
        "IIIIIZ",
        "IIIIXI",
        "IIIIXX",
        "IIIIZI",
        "IIIIZZ",
        "IIIZII",
        "IIIZIZ",
        "IIIZZI",
        "IIXIII",
        "IIZIII",
        "IXIIII",
        "IXXIII",
        "IZIIII",
        "IZZIII",
        "ZIIIII",
        "ZIZIII",
        "ZZIIII",
        "XIIXII",
        "YIIYII",
        "IZZIIZ",
        "IZZIZI",
        "IIZIZZ",
        "IZIIZZ"
    ],
    "boson_position_marginals": {
        "site_0": {
            "x_grid": [
                -4.0,
                -2.0,
                0.0,
                2.0
            ],
            "P_x": [
                9.51206008728271e-07,
                0.006881459677571179,
                0.9899842675366554,
                0.00313332157976064
            ],
            "edge_mass_2": 0.9999999999999959
        },
        "site_1": {
            "x_grid": [
                -4.0,
                -2.0,
                0.0,
                2.0
            ],
            "P_x": [
                9.114622516539896e-07,
                0.0031332954702491295,
                0.9899836795850839,
                0.0068821134824113075
            ],
            "edge_mass_2": 0.999999999999996
        }
    }
}