{
    "load_date": "2026-01-23 08:48:03.613924",
    "potential": "AHO",
    "cutoff": 4,
    "num_qubits": 3,
    "H_size": [
        8,
        8
    ],
    "H_dense_mem_estimate_bytes": 1024,
    "H_sparse_mem_estimate_bytes": 676,
    "H_pauli_time": "0:00:00.000276",
    "H_creation_time": "0:00:00.000206",
    "H_eigenvalue_time": "0:00:00.000090",
    "used_dense": true,
    "eigenvalues": [
        -0.3843457813427715,
        0.6156543254566424,
        2287.577106284386,
        2287.6542176761604,
        2336.577106284386,
        2336.654217569473,
        135103.6156595271,
        135296.615659527
    ],
    "best_basis_state": [
        1,
        1,
        0
    ],
    "basis_prob": 0.9999999977285761,
    "num_paulis": 11,
    "pauli_coeffs": [
        34956.11565942658,
        -0.07710628438351061,
        32644.0,
        0.038553142191755305,
        -0.07710628438351061,
        33800.0,
        33800.0,
        36.5,
        12.0,
        24.0,
        24.0
    ],
    "pauli_labels": [
        "III",
        "IIX",
        "IIZ",
        "IXI",
        "IXX",
        "IZI",
        "IZZ",
        "ZII",
        "ZIZ",
        "ZZI",
        "ZZZ"
    ]
}