{
    "load_date": "2026-01-23 08:48:03.617274",
    "potential": "AHO",
    "cutoff": 16,
    "num_qubits": 5,
    "H_size": [
        32,
        32
    ],
    "H_dense_mem_estimate_bytes": 16384,
    "H_sparse_mem_estimate_bytes": 10372,
    "H_pauli_time": "0:00:00.000292",
    "H_creation_time": "0:00:00.000184",
    "H_eigenvalue_time": "0:00:00.000306",
    "used_dense": true,
    "eigenvalues": [
        0.053372885569754495,
        1.3764175986511955,
        1.6745215465508578,
        2.9914647726314656,
        5.379498972331521,
        6.376365510830959,
        45.09634980797088,
        45.265559086624314
    ],
    "best_basis_state": [
        1,
        1,
        0,
        0,
        0
    ],
    "basis_prob": 0.6253736161161755,
    "num_paulis": 54,
    "pauli_coeffs": [
        20596.157785114247,
        -1.0129507467218795,
        3056.5000000000036,
        0.26325732188637874,
        -0.5689281637330847,
        -0.44402258298879427,
        5652.500000000001,
        5652.500000000001,
        0.0771062843835104,
        -0.09033563129532758,
        0.15421256876702136,
        -0.3084251375340423,
        0.21808950623871545,
        -0.03456994944896345,
        -0.2259330767500791,
        0.1090447531193579,
        -0.2605030261990429,
        8161.000000000001,
        8161.000000000001,
        14705.0,
        1617.000000000001,
        0.0385531421917553,
        -0.040078540823635406,
        0.045167815647663784,
        -0.04792211133500027,
        0.007843570511364407,
        0.07710628438351078,
        -0.09033563129532743,
        0.15421256876702094,
        -0.3084251375340425,
        0.21808950623871495,
        0.034569949448962745,
        0.22593307675007926,
        -0.10904475311935703,
        0.2605030261990423,
        8450.0,
        8450.0,
        15106.0,
        1794.0,
        20180.0,
        2868.0,
        5376.0,
        5376.0,
        32.75,
        0.75,
        1.5,
        1.5,
        3.0,
        3.0,
        6.0,
        6.0,
        6.0,
        12.0,
        24.0
    ],
    "pauli_labels": [
        "IIIII",
        "IIIIX",
        "IIIIZ",
        "IIIXI",
        "IIIXX",
        "IIIYY",
        "IIIZI",
        "IIIZZ",
        "IIXII",
        "IIXIX",
        "IIXXI",
        "IIXXX",
        "IIXYY",
        "IIYIY",
        "IIYXY",
        "IIYYI",
        "IIYYX",
        "IIZII",
        "IIZIZ",
        "IIZZI",
        "IIZZZ",
        "IXIII",
        "IXIIX",
        "IXIXI",
        "IXIXX",
        "IXIYY",
        "IXXII",
        "IXXIX",
        "IXXXI",
        "IXXXX",
        "IXXYY",
        "IXYIY",
        "IXYXY",
        "IXYYI",
        "IXYYX",
        "IZIII",
        "IZIIZ",
        "IZIZI",
        "IZIZZ",
        "IZZII",
        "IZZIZ",
        "IZZZI",
        "IZZZZ",
        "ZIIII",
        "ZIIIZ",
        "ZIIZI",
        "ZIIZZ",
        "ZIZII",
        "ZIZIZ",
        "ZIZZI",
        "ZZIII",
        "ZZIIZ",
        "ZZIZI",
        "ZZZII"
    ]
}