{
    "load_date": "2026-01-23 08:48:03.612027",
    "potential": "AHO",
    "cutoff": 2,
    "num_qubits": 2,
    "H_size": [
        4,
        4
    ],
    "H_dense_mem_estimate_bytes": 256,
    "H_sparse_mem_estimate_bytes": 180,
    "H_pauli_time": "0:00:00.000435",
    "H_creation_time": "0:00:00.000590",
    "H_eigenvalue_time": "0:00:00.000136",
    "used_dense": true,
    "eigenvalues": [
        -0.4614468688089454,
        0.538553131206667,
        135103.5385531532,
        135296.53855315316
    ],
    "best_basis_state": [
        1,
        1
    ],
    "basis_prob": 0.9999999999999187,
    "num_paulis": 5,
    "pauli_coeffs": [
        67600.03855314219,
        -0.0385531421917553,
        67600.0,
        48.5,
        48.0
    ],
    "pauli_labels": [
        "II",
        "IX",
        "IZ",
        "ZI",
        "ZZ"
    ]
}