{
    "load_date": "2026-01-23 08:48:03.620010",
    "potential": "AHO",
    "cutoff": 32,
    "num_qubits": 6,
    "H_size": [
        64,
        64
    ],
    "H_dense_mem_estimate_bytes": 65536,
    "H_sparse_mem_estimate_bytes": 41220,
    "H_pauli_time": "0:00:00.000511",
    "H_creation_time": "0:00:00.000298",
    "H_eigenvalue_time": "0:00:00.000597",
    "used_dense": true,
    "eigenvalues": [
        -0.0006864215964273399,
        1.6811529989020468,
        1.6866086905361282,
        4.351816859884263,
        4.372981074511956,
        7.6251581012874565,
        7.625978331177817,
        11.288148855098306
    ],
    "best_basis_state": [
        1,
        1,
        0,
        0,
        0,
        0
    ],
    "basis_prob": 0.3361822961498001,
    "num_paulis": 129,
    "pauli_coeffs": [
        19822.049618564793,
        -4.012875857760317,
        779.0429687499982,
        1.0129507467218808,
        -2.2351987044203296,
        -1.7776771533399893,
        1528.2499999999982,
        1528.2499999999982,
        0.26325732188637774,
        -0.3155082102444168,
        0.568928163733085,
        -1.1849218076917143,
        0.8694135974472987,
        -0.14201334083592507,
        -0.908263555892689,
        0.44402258298879344,
        -1.0502768967286134,
        2826.2499999999995,
        2826.2499999999995,
        5536.671875,
        115.82812499999909,
        0.07710628438350514,
        -0.08015708164726672,
        0.09033563129532492,
        -0.09584422266999729,
        0.015687141022729056,
        0.1542125687670233,
        -0.18067126259065594,
        0.3084251375340412,
        -0.6168502750680835,
        0.43617901247742846,
        0.06913989889792585,
        0.4518661535001599,
        -0.21808950623871573,
        0.5210060523980865,
        -0.015637870870438296,
        -0.023162817422662442,
        0.03456994944896179,
        -0.03880068829309949,
        -0.07287344193799855,
        -0.4563974023925312,
        0.22593307675007876,
        -0.5292708443305287,
        0.10904475311935616,
        -0.13483694765376028,
        0.26050302619904253,
        -0.568071532623631,
        0.4332345849698694,
        4080.499999999999,
        4080.499999999999,
        7951.843749999998,
        209.15624999999955,
        14297.9375,
        407.0625,
        808.4999999999986,
        808.4999999999986,
        0.03855314219175557,
        -0.03892712912719926,
        0.04007854082363427,
        -0.040513950512008665,
        0.001586821384812271,
        0.04516781564766208,
        -0.04583431493689409,
        0.04792211133500187,
        -0.0487787424444555,
        0.0029444275075611974,
        0.003733543040072047,
        0.004531248892372964,
        -0.00784357051136484,
        0.008264791932444072,
        0.0771062843835159,
        -0.08015708164727511,
        0.0903356312953282,
        -0.095844222670001,
        0.015687141022727842,
        0.15421256876702172,
        -0.18067126259065558,
        0.30842513753404294,
        -0.6168502750680859,
        0.43617901247743307,
        0.06913989889792618,
        0.45186615350015746,
        -0.2180895062387132,
        0.5210060523980816,
        0.015637870870439975,
        0.023162817422662345,
        -0.034569949448962425,
        0.03880068829310151,
        0.072873441937997,
        0.4563974023925304,
        -0.22593307675007535,
        0.5292708443305265,
        -0.1090447531193573,
        0.13483694765376159,
        -0.2605030261990411,
        0.5680715326236291,
        -0.4332345849698699,
        4225.0,
        4225.0,
        8211.6875,
        238.3125,
        14651.875,
        454.125,
        897.0,
        897.0,
        19451.75,
        728.25,
        1434.0,
        1434.0,
        2688.0,
        2688.0,
        5286.0,
        90.0,
        32.5625,
        0.1875,
        0.375,
        0.375,
        0.75,
        0.75,
        1.5,
        1.5,
        1.5,
        3.0,
        6.0,
        3.0,
        3.0,
        6.0,
        12.0,
        24.0
    ],
    "pauli_labels": [
        "IIIIII",
        "IIIIIX",
        "IIIIIZ",
        "IIIIXI",
        "IIIIXX",
        "IIIIYY",
        "IIIIZI",
        "IIIIZZ",
        "IIIXII",
        "IIIXIX",
        "IIIXXI",
        "IIIXXX",
        "IIIXYY",
        "IIIYIY",
        "IIIYXY",
        "IIIYYI",
        "IIIYYX",
        "IIIZII",
        "IIIZIZ",
        "IIIZZI",
        "IIIZZZ",
        "IIXIII",
        "IIXIIX",
        "IIXIXI",
        "IIXIXX",
        "IIXIYY",
        "IIXXII",
        "IIXXIX",
        "IIXXXI",
        "IIXXXX",
        "IIXXYY",
        "IIXYIY",
        "IIXYXY",
        "IIXYYI",
        "IIXYYX",
        "IIYIIY",
        "IIYIXY",
        "IIYIYI",
        "IIYIYX",
        "IIYXIY",
        "IIYXXY",
        "IIYXYI",
        "IIYXYX",
        "IIYYII",
        "IIYYIX",
        "IIYYXI",
        "IIYYXX",
        "IIYYYY",
        "IIZIII",
        "IIZIIZ",
        "IIZIZI",
        "IIZIZZ",
        "IIZZII",
        "IIZZIZ",
        "IIZZZI",
        "IIZZZZ",
        "IXIIII",
        "IXIIIX",
        "IXIIXI",
        "IXIIXX",
        "IXIIYY",
        "IXIXII",
        "IXIXIX",
        "IXIXXI",
        "IXIXXX",
        "IXIXYY",
        "IXIYIY",
        "IXIYXY",
        "IXIYYI",
        "IXIYYX",
        "IXXIII",
        "IXXIIX",
        "IXXIXI",
        "IXXIXX",
        "IXXIYY",
        "IXXXII",
        "IXXXIX",
        "IXXXXI",
        "IXXXXX",
        "IXXXYY",
        "IXXYIY",
        "IXXYXY",
        "IXXYYI",
        "IXXYYX",
        "IXYIIY",
        "IXYIXY",
        "IXYIYI",
        "IXYIYX",
        "IXYXIY",
        "IXYXXY",
        "IXYXYI",
        "IXYXYX",
        "IXYYII",
        "IXYYIX",
        "IXYYXI",
        "IXYYXX",
        "IXYYYY",
        "IZIIII",
        "IZIIIZ",
        "IZIIZI",
        "IZIIZZ",
        "IZIZII",
        "IZIZIZ",
        "IZIZZI",
        "IZIZZZ",
        "IZZIII",
        "IZZIIZ",
        "IZZIZI",
        "IZZIZZ",
        "IZZZII",
        "IZZZIZ",
        "IZZZZI",
        "IZZZZZ",
        "ZIIIII",
        "ZIIIIZ",
        "ZIIIZI",
        "ZIIIZZ",
        "ZIIZII",
        "ZIIZIZ",
        "ZIIZZI",
        "ZIZIII",
        "ZIZIIZ",
        "ZIZIZI",
        "ZIZZII",
        "ZZIIII",
        "ZZIIIZ",
        "ZZIIZI",
        "ZZIZII",
        "ZZZIII"
    ]
}