{
    "load_date": "2026-01-23 08:48:03.615452",
    "potential": "AHO",
    "cutoff": 8,
    "num_qubits": 4,
    "H_size": [
        16,
        16
    ],
    "H_dense_mem_estimate_bytes": 4096,
    "H_sparse_mem_estimate_bytes": 2628,
    "H_pauli_time": "0:00:00.000282",
    "H_creation_time": "0:00:00.000180",
    "H_eigenvalue_time": "0:00:00.000080",
    "used_dense": true,
    "eigenvalues": [
        -0.07906502430307764,
        0.9216078461510543,
        43.84695702395122,
        44.00429209138958,
        56.84695735883853,
        57.003620000152544,
        2287.8855504842527,
        2287.9626809443307
    ],
    "best_basis_state": [
        1,
        1,
        0,
        0
    ],
    "basis_prob": 0.9999286735298656,
    "num_paulis": 24,
    "pauli_coeffs": [
        23651.42408456411,
        -0.2632573218863786,
        11305.0,
        0.07710628438351075,
        -0.1542125687670213,
        -0.10904475311935745,
        16322.000000000002,
        16322.000000000002,
        0.0385531421917553,
        -0.045167815647663735,
        0.07710628438351047,
        -0.1542125687670211,
        0.10904475311935752,
        16900.0,
        16900.0,
        23048.0,
        10752.0,
        33.5,
        3.0,
        6.0,
        6.0,
        12.0,
        12.0,
        24.0
    ],
    "pauli_labels": [
        "IIII",
        "IIIX",
        "IIIZ",
        "IIXI",
        "IIXX",
        "IIYY",
        "IIZI",
        "IIZZ",
        "IXII",
        "IXIX",
        "IXXI",
        "IXXX",
        "IXYY",
        "IZII",
        "IZIZ",
        "IZZI",
        "IZZZ",
        "ZIII",
        "ZIIZ",
        "ZIZI",
        "ZIZZ",
        "ZZII",
        "ZZIZ",
        "ZZZI"
    ]
}