{
    "load_date": "2026-02-04 17:38:10.704302",
    "potential": "linear",
    "cutoff": 4,
    "N": 5,
    "a": 1.0,
    "c": null,
    "boundary_condition": "dirichlet",
    "num_qubits": 15,
    "H_size": [
        32768,
        32768
    ],
    "H_dense_mem_estimate_bytes": 17179869184,
    "H_sparse_mem_estimate_bytes": 19791876,
    "H_pauli_time": "0:00:00.015357",
    "H_creation_time": "0:00:00.010883",
    "H_eigenvalue_time": "0:00:01.278981",
    "used_dense": false,
    "eigenvalues": [
        -0.15822050945135413,
        0.6027466829753048,
        0.6527957906673431,
        0.8417794905486363,
        0.8448828057944432,
        0.888193851887813,
        0.8938751418314509,
        0.9037476269557129
    ],
    "best_basis_state": [
        0,
        0,
        0,
        1,
        0,
        0,
        0,
        0,
        0,
        1,
        0,
        0,
        0,
        0,
        0
    ],
    "basis_prob": 0.8000320561489801,
    "num_paulis": 114,
    "pauli_coeffs": [
        8.625,
        -0.5624999999999999,
        -0.5625000000000001,
        -0.5,
        -0.5624999999999999,
        -0.5625000000000001,
        0.5,
        -0.6249999999999999,
        -0.6250000000000001,
        -0.5,
        -0.5624999999999999,
        -0.5625000000000001,
        0.5,
        -0.5624999999999999,
        -0.5625000000000001,
        -0.5,
        0.25,
        0.25,
        0.25,
        0.25,
        0.25,
        0.25,
        0.25,
        0.25,
        0.24148145657226705,
        -0.06470476127563018,
        0.12074072828613353,
        -0.03235238063781509,
        -0.2332531754730548,
        -0.12074072828613353,
        -0.12074072828613353,
        0.0625,
        -0.12074072828613353,
        -0.0625,
        -0.0625,
        0.03235238063781509,
        -0.12074072828613353,
        -0.0625,
        -0.0625,
        0.03235238063781509,
        0.06249999999999999,
        0.03235238063781509,
        0.03235238063781509,
        -0.01674682452694517,
        -0.4665063509461096,
        -0.24148145657226705,
        -0.24148145657226705,
        0.125,
        -0.24148145657226705,
        -0.125,
        -0.125,
        0.06470476127563018,
        -0.24148145657226705,
        -0.125,
        -0.125,
        0.06470476127563018,
        0.12499999999999999,
        0.06470476127563018,
        0.06470476127563018,
        -0.03349364905389034,
        0.12074072828613353,
        -0.03235238063781509,
        0.12074072828613353,
        -0.03235238063781509,
        -0.2332531754730548,
        -0.12074072828613353,
        -0.12074072828613353,
        0.0625,
        -0.12074072828613353,
        -0.0625,
        -0.0625,
        0.03235238063781509,
        -0.12074072828613353,
        -0.0625,
        -0.0625,
        0.03235238063781509,
        0.06249999999999999,
        0.03235238063781509,
        0.03235238063781509,
        -0.01674682452694517,
        0.12074072828613353,
        -0.03235238063781509,
        -0.2332531754730548,
        -0.12074072828613353,
        -0.12074072828613353,
        0.0625,
        -0.12074072828613353,
        -0.0625,
        -0.0625,
        0.03235238063781509,
        -0.12074072828613353,
        -0.0625,
        -0.0625,
        0.03235238063781509,
        0.06249999999999999,
        0.03235238063781509,
        0.03235238063781509,
        -0.01674682452694517,
        0.4665063509461096,
        0.24148145657226705,
        0.24148145657226705,
        -0.125,
        0.24148145657226705,
        0.125,
        0.125,
        -0.06470476127563018,
        0.24148145657226705,
        0.125,
        0.125,
        -0.06470476127563018,
        -0.12499999999999999,
        -0.06470476127563018,
        -0.06470476127563018,
        0.03349364905389034
    ],
    "pauli_labels": [
        "IIIIIIIIIIIIIII",
        "IIIIIIIIIIIIIZI",
        "IIIIIIIIIIIIIZZ",
        "IIIIIIIIIIIIZII",
        "IIIIIIIIIIZIIII",
        "IIIIIIIIIIZZIII",
        "IIIIIIIIIZIIIII",
        "IIIIIIIZIIIIIII",
        "IIIIIIIZZIIIIII",
        "IIIIIIZIIIIIIII",
        "IIIIZIIIIIIIIII",
        "IIIIZZIIIIIIIII",
        "IIIZIIIIIIIIIII",
        "IZIIIIIIIIIIIII",
        "IZZIIIIIIIIIIII",
        "ZIIIIIIIIIIIIII",
        "IIIIIIIIIXIIXII",
        "IIIIIIIIIYIIYII",
        "IIIIIIXIIXIIIII",
        "IIIIIIYIIYIIIII",
        "IIIXIIXIIIIIIII",
        "IIIYIIYIIIIIIII",
        "XIIXIIIIIIIIIII",
        "YIIYIIIIIIIIIII",
        "IIIIIIIXIIIIIII",
        "IIIIIIIXZIIIIII",
        "IIIIIIIIIIIIIXI",
        "IIIIIIIIIIIIIXZ",
        "IIIIIIIIXIIIIIX",
        "IIIIIIIIXIIIIXX",
        "IIIIIIIIXIIIIYY",
        "IIIIIIIIXIIIIZX",
        "IIIIIIIXXIIIIIX",
        "IIIIIIIXXIIIIXX",
        "IIIIIIIXXIIIIYY",
        "IIIIIIIXXIIIIZX",
        "IIIIIIIYYIIIIIX",
        "IIIIIIIYYIIIIXX",
        "IIIIIIIYYIIIIYY",
        "IIIIIIIYYIIIIZX",
        "IIIIIIIZXIIIIIX",
        "IIIIIIIZXIIIIXX",
        "IIIIIIIZXIIIIYY",
        "IIIIIIIZXIIIIZX",
        "IIIIIIIIIIIXIIX",
        "IIIIIIIIIIXXIIX",
        "IIIIIIIIIIYYIIX",
        "IIIIIIIIIIZXIIX",
        "IIIIIIIIIIIXIXX",
        "IIIIIIIIIIXXIXX",
        "IIIIIIIIIIYYIXX",
        "IIIIIIIIIIZXIXX",
        "IIIIIIIIIIIXIYY",
        "IIIIIIIIIIXXIYY",
        "IIIIIIIIIIYYIYY",
        "IIIIIIIIIIZXIYY",
        "IIIIIIIIIIIXIZX",
        "IIIIIIIIIIXXIZX",
        "IIIIIIIIIIYYIZX",
        "IIIIIIIIIIZXIZX",
        "IIIIXIIIIIIIIII",
        "IIIIXZIIIIIIIII",
        "IIIIIIIIIIXIIII",
        "IIIIIIIIIIXZIII",
        "IIIIIXIIIIIXIII",
        "IIIIIXIIIIXXIII",
        "IIIIIXIIIIYYIII",
        "IIIIIXIIIIZXIII",
        "IIIIXXIIIIIXIII",
        "IIIIXXIIIIXXIII",
        "IIIIXXIIIIYYIII",
        "IIIIXXIIIIZXIII",
        "IIIIYYIIIIIXIII",
        "IIIIYYIIIIXXIII",
        "IIIIYYIIIIYYIII",
        "IIIIYYIIIIZXIII",
        "IIIIZXIIIIIXIII",
        "IIIIZXIIIIXXIII",
        "IIIIZXIIIIYYIII",
        "IIIIZXIIIIZXIII",
        "IXIIIIIIIIIIIII",
        "IXZIIIIIIIIIIII",
        "IIXIIIIIXIIIIII",
        "IIXIIIIXXIIIIII",
        "IIXIIIIYYIIIIII",
        "IIXIIIIZXIIIIII",
        "IXXIIIIIXIIIIII",
        "IXXIIIIXXIIIIII",
        "IXXIIIIYYIIIIII",
        "IXXIIIIZXIIIIII",
        "IYYIIIIIXIIIIII",
        "IYYIIIIXXIIIIII",
        "IYYIIIIYYIIIIII",
        "IYYIIIIZXIIIIII",
        "IZXIIIIIXIIIIII",
        "IZXIIIIXXIIIIII",
        "IZXIIIIYYIIIIII",
        "IZXIIIIZXIIIIII",
        "IIXIIXIIIIIIIII",
        "IIXIXXIIIIIIIII",
        "IIXIYYIIIIIIIII",
        "IIXIZXIIIIIIIII",
        "IXXIIXIIIIIIIII",
        "IXXIXXIIIIIIIII",
        "IXXIYYIIIIIIIII",
        "IXXIZXIIIIIIIII",
        "IYYIIXIIIIIIIII",
        "IYYIXXIIIIIIIII",
        "IYYIYYIIIIIIIII",
        "IYYIZXIIIIIIIII",
        "IZXIIXIIIIIIIII",
        "IZXIXXIIIIIIIII",
        "IZXIYYIIIIIIIII",
        "IZXIZXIIIIIIIII"
    ]
}