{
    "load_date": "2026-02-04 17:38:09.995845",
    "potential": "linear",
    "cutoff": 2,
    "N": 5,
    "a": 1.0,
    "c": null,
    "boundary_condition": "dirichlet",
    "num_qubits": 10,
    "H_size": [
        1024,
        1024
    ],
    "H_dense_mem_estimate_bytes": 16777216,
    "H_sparse_mem_estimate_bytes": 208900,
    "H_pauli_time": "0:00:00.015505",
    "H_creation_time": "0:00:00.004671",
    "H_eigenvalue_time": "0:00:00.577193",
    "used_dense": true,
    "eigenvalues": [
        -0.690909644282192,
        -0.6909096442821904,
        -0.6909096442821903,
        -0.6909096442821893,
        -0.6909096442821885,
        -0.6909096442821883,
        -0.44090964428219565,
        -0.44090964428219
    ],
    "best_basis_state": [
        0,
        0,
        1,
        0,
        0,
        1,
        1,
        0,
        0,
        1
    ],
    "basis_prob": 0.08730020718454658,
    "num_paulis": 19,
    "pauli_coeffs": [
        2.875,
        -0.5,
        0.5,
        -0.5,
        0.5,
        -0.5,
        0.25,
        0.25,
        0.25,
        0.25,
        0.25,
        0.25,
        0.25,
        0.25,
        -0.12499999999999997,
        -0.24999999999999994,
        -0.12499999999999997,
        -0.12499999999999997,
        0.24999999999999994
    ],
    "pauli_labels": [
        "IIIIIIIIII",
        "IIIIIIIIZI",
        "IIIIIIZIII",
        "IIIIZIIIII",
        "IIZIIIIIII",
        "ZIIIIIIIII",
        "IIIIIIXIXI",
        "IIIIIIYIYI",
        "IIIIXIXIII",
        "IIIIYIYIII",
        "IIXIXIIIII",
        "IIYIYIIIII",
        "XIXIIIIIII",
        "YIYIIIIIII",
        "IIIIIXIIIX",
        "IIIIIIIXIX",
        "IIIXIIIXII",
        "IXIIIXIIII",
        "IXIXIIIIII"
    ]
}