{
    "load_date": "2026-01-16 13:57:32.626585",
    "potential": "quadratic",
    "cutoff": 2,
    "N": 6,
    "a": 1.0,
    "c": -0.2,
    "boundary_condition": "dirichlet",
    "num_qubits": 12,
    "H_size": [
        4096,
        4096
    ],
    "H_dense_mem_estimate_bytes": 268435456,
    "H_sparse_mem_estimate_bytes": 1327108,
    "H_pauli_time": "0:00:00.019448",
    "H_creation_time": "0:00:00.012645",
    "H_eigenvalue_time": "0:00:00.177629",
    "eigenvalues": [
        -2.7589935310790987,
        -2.7589935310790947,
        -2.6419416975632957,
        -2.6419416975632566,
        -2.5597727214751873,
        -2.479027252710739,
        -2.47902725271073,
        -2.398513547324165
    ],
    "best_basis_state": [
        1,
        0,
        0,
        1,
        1,
        0,
        0,
        1,
        1,
        0,
        0,
        0
    ],
    "basis_prob": 0.012026755351761741,
    "num_paulis": 23,
    "pauli_coeffs": [
        2.395,
        -0.7071067811865475,
        0.7071067811865475,
        -0.7071067811865475,
        0.7071067811865475,
        -0.7071067811865475,
        0.7071067811865475,
        0.25,
        0.25,
        0.25,
        0.25,
        0.25,
        0.25,
        0.25,
        0.25,
        0.25,
        0.25,
        0.10606601717798207,
        -0.12499999999999997,
        -0.12499999999999997,
        -0.12499999999999997,
        -0.12499999999999997,
        -0.10606601717798207
    ],
    "pauli_labels": [
        "IIIIIIIIIIII",
        "IIIIIIIIIIZX",
        "IIIIIIIIZXII",
        "IIIIIIZXIIII",
        "IIIIZXIIIIII",
        "IIZXIIIIIIII",
        "ZXIIIIIIIIII",
        "IIIIIIIIXIXI",
        "IIIIIIIIYIYI",
        "IIIIIIXIXIII",
        "IIIIIIYIYIII",
        "IIIIXIXIIIII",
        "IIIIYIYIIIII",
        "IIXIXIIIIIII",
        "IIYIYIIIIIII",
        "XIXIIIIIIIII",
        "YIYIIIIIIIII",
        "IIIIIIIIIIIX",
        "IIIIIIIXIIIX",
        "IIIIIXIIIXII",
        "IIIXIIIXIIII",
        "IXIIIXIIIIII",
        "IXIIIIIIIIII"
    ]
}