{
    "load_date": "2026-01-16 13:58:03.582672",
    "potential": "quadratic",
    "cutoff": 4,
    "N": 6,
    "a": 1.0,
    "c": -0.2,
    "boundary_condition": "dirichlet",
    "num_qubits": 18,
    "H_size": [
        262144,
        262144
    ],
    "H_dense_mem_estimate_bytes": 1099511627776,
    "H_sparse_mem_estimate_bytes": 315621380,
    "H_pauli_time": "0:00:00.020198",
    "H_creation_time": "0:00:00.173391",
    "H_eigenvalue_time": "0:00:30.754976",
    "eigenvalues": [
        0.4661124651902974,
        0.5415620650919679,
        0.6504405636091991,
        0.6623420203783226,
        0.7373994139495489,
        0.828919335870035,
        0.8618193371340207,
        0.865410653759858
    ],
    "best_basis_state": [
        1,
        0,
        0,
        0,
        0,
        0,
        1,
        0,
        0,
        0,
        0,
        0,
        1,
        0,
        0,
        0,
        0,
        0
    ],
    "basis_prob": 0.07708367322172557,
    "num_paulis": 291,
    "pauli_coeffs": [
        15.944999999999997,
        0.8934813893173876,
        -0.23940761671983168,
        -0.9624999999999998,
        -0.9625,
        -0.9659258262890682,
        -0.5,
        -0.5,
        0.25881904510252074,
        1.014222117603521,
        -0.2717599973576468,
        -1.0249999999999997,
        -1.025,
        0.9659258262890682,
        0.5,
        0.5,
        -0.25881904510252074,
        1.014222117603521,
        -0.2717599973576468,
        -1.0249999999999997,
        -1.025,
        -0.9659258262890682,
        -0.5,
        -0.5,
        0.25881904510252074,
        1.014222117603521,
        -0.2717599973576468,
        -1.0249999999999997,
        -1.025,
        0.9659258262890682,
        0.5,
        0.5,
        -0.25881904510252074,
        1.014222117603521,
        -0.2717599973576468,
        -1.0249999999999997,
        -1.025,
        -0.9659258262890682,
        -0.5,
        -0.5,
        0.25881904510252074,
        0.8934813893173876,
        -0.23940761671983168,
        -0.9624999999999998,
        -0.9625,
        0.9659258262890682,
        0.5,
        0.5,
        -0.25881904510252074,
        0.25,
        0.25,
        0.25,
        0.25,
        0.25,
        0.25,
        0.25,
        0.25,
        0.25,
        0.25,
        0.6278517870878942,
        0.32499999999999996,
        0.32499999999999996,
        -0.16823237931663848,
        0.4665063509461096,
        0.24148145657226705,
        0.24148145657226705,
        -0.125,
        -0.12499999999999999,
        -0.06470476127563018,
        -0.06470476127563018,
        0.03349364905389034,
        -0.24148145657226697,
        -0.12499999999999996,
        -0.12499999999999996,
        0.06470476127563016,
        -0.241481456572267,
        -0.12499999999999999,
        -0.12499999999999999,
        0.06470476127563013,
        -0.2332531754730548,
        -0.12074072828613353,
        -0.12074072828613353,
        0.0625,
        -0.12074072828613353,
        -0.0625,
        -0.0625,
        0.03235238063781509,
        -0.12074072828613353,
        -0.0625,
        -0.0625,
        0.03235238063781509,
        0.06249999999999999,
        0.03235238063781509,
        0.03235238063781509,
        -0.01674682452694517,
        0.4665063509461096,
        0.24148145657226705,
        0.24148145657226705,
        -0.125,
        -0.12499999999999999,
        -0.06470476127563018,
        -0.06470476127563018,
        0.03349364905389034,
        -0.24148145657226697,
        -0.12499999999999996,
        -0.12499999999999996,
        0.06470476127563016,
        -0.241481456572267,
        -0.12499999999999999,
        -0.12499999999999999,
        0.06470476127563013,
        -0.4665063509461096,
        -0.24148145657226705,
        -0.24148145657226705,
        0.125,
        0.12499999999999999,
        0.06470476127563018,
        0.06470476127563018,
        -0.03349364905389034,
        0.24148145657226697,
        0.12499999999999996,
        0.12499999999999996,
        -0.06470476127563016,
        0.241481456572267,
        0.12499999999999999,
        0.12499999999999999,
        -0.06470476127563013,
        -0.2332531754730548,
        -0.12074072828613353,
        -0.12074072828613353,
        0.0625,
        -0.12074072828613353,
        -0.0625,
        -0.0625,
        0.03235238063781509,
        -0.12074072828613353,
        -0.0625,
        -0.0625,
        0.03235238063781509,
        0.06249999999999999,
        0.03235238063781509,
        0.03235238063781509,
        -0.01674682452694517,
        0.4665063509461096,
        0.24148145657226705,
        0.24148145657226705,
        -0.125,
        -0.12499999999999999,
        -0.06470476127563018,
        -0.06470476127563018,
        0.03349364905389034,
        -0.24148145657226697,
        -0.12499999999999996,
        -0.12499999999999996,
        0.06470476127563016,
        -0.241481456572267,
        -0.12499999999999999,
        -0.12499999999999999,
        0.06470476127563013,
        -0.4665063509461096,
        -0.24148145657226705,
        -0.24148145657226705,
        0.125,
        0.12499999999999999,
        0.06470476127563018,
        0.06470476127563018,
        -0.03349364905389034,
        0.24148145657226697,
        0.12499999999999996,
        0.12499999999999996,
        -0.06470476127563016,
        0.241481456572267,
        0.12499999999999999,
        0.12499999999999999,
        -0.06470476127563013,
        -0.2332531754730548,
        -0.12074072828613353,
        -0.12074072828613353,
        0.0625,
        -0.12074072828613353,
        -0.0625,
        -0.0625,
        0.03235238063781509,
        -0.12074072828613353,
        -0.0625,
        -0.0625,
        0.03235238063781509,
        0.06249999999999999,
        0.03235238063781509,
        0.03235238063781509,
        -0.01674682452694517,
        0.4665063509461096,
        0.24148145657226705,
        0.24148145657226705,
        -0.125,
        -0.12499999999999999,
        -0.06470476127563018,
        -0.06470476127563018,
        0.03349364905389034,
        -0.24148145657226697,
        -0.12499999999999996,
        -0.12499999999999996,
        0.06470476127563016,
        -0.241481456572267,
        -0.12499999999999999,
        -0.12499999999999999,
        0.06470476127563013,
        -0.4665063509461096,
        -0.24148145657226705,
        -0.24148145657226705,
        0.125,
        0.12499999999999999,
        0.06470476127563018,
        0.06470476127563018,
        -0.03349364905389034,
        0.24148145657226697,
        0.12499999999999996,
        0.12499999999999996,
        -0.06470476127563016,
        0.241481456572267,
        0.12499999999999999,
        0.12499999999999999,
        -0.06470476127563013,
        -0.2332531754730548,
        -0.12074072828613353,
        -0.12074072828613353,
        0.0625,
        -0.12074072828613353,
        -0.0625,
        -0.0625,
        0.03235238063781509,
        -0.12074072828613353,
        -0.0625,
        -0.0625,
        0.03235238063781509,
        0.06249999999999999,
        0.03235238063781509,
        0.03235238063781509,
        -0.01674682452694517,
        0.4665063509461096,
        0.24148145657226705,
        0.24148145657226705,
        -0.125,
        -0.12499999999999999,
        -0.06470476127563018,
        -0.06470476127563018,
        0.03349364905389034,
        -0.24148145657226697,
        -0.12499999999999996,
        -0.12499999999999996,
        0.06470476127563016,
        -0.241481456572267,
        -0.12499999999999999,
        -0.12499999999999999,
        0.06470476127563013,
        -0.4665063509461096,
        -0.24148145657226705,
        -0.24148145657226705,
        0.125,
        0.12499999999999999,
        0.06470476127563018,
        0.06470476127563018,
        -0.03349364905389034,
        0.24148145657226697,
        0.12499999999999996,
