{
    "load_date": "2025-11-28 10:23:38.980456",
    "potential": "linear",
    "cutoff": 8,
    "N": 4,
    "a": 1.0,
    "c": null,
    "boundary_condition": "dirichlet",
    "num_qubits": 16,
    "num_paulis": 355,
    "dense_H_size": [
        65536,
        65536
    ],
    "min_eigenvalue": -3.759967020602324e-08,
    "basis": [
        0,
        0,
        0,
        0,
        1,
        0,
        0,
        0,
        0,
        0,
        0,
        0,
        1,
        0,
        0,
        0
    ],
    "tol": 1e-12,
    "dt": 1.0,
    "n_steps": 1,
    "max_k": 50,
    "final_k": 13,
    "converged": true,
    "all_energies": [
        0.00011955237713239837,
        6.047014004949272e-05,
        5.8924366028053346e-05,
        5.049111994077537e-05,
        8.107915616307344e-06,
        7.538200494562043e-06,
        2.2923242674623446e-06,
        1.662754524653572e-06,
        1.6590068431037523e-06,
        -3.1038548704741873e-08,
        -3.258629614935864e-08,
        -3.757794849336404e-08,
        -3.757821294133199e-08
    ],
    "all_run_data": [
        {
            "D": 1,
            "t": 1.0,
            "circuit_time": "0:00:00.244862",
            "num_samples": 208,
            "H_reduced_size": [
                208,
                208
            ],
            "reduction": 99.6826171875,
            "H_reduced_e": 0.00011955237713239837,
            "eigenvalue_time": "0:00:00.004314",
            "diff": 0.0001195899768026044,
            "change_from_prev": null
        },
        {
            "D": 2,
            "t": 2.0,
            "circuit_time": "0:00:00.235812",
            "num_samples": 1501,
            "H_reduced_size": [
                1501,
                1501
            ],
            "reduction": 97.70965576171875,
            "H_reduced_e": 6.047014004949272e-05,
            "eigenvalue_time": "0:00:00.033651",
            "diff": 6.0507739719698745e-05,
            "change_from_prev": 5.908223708290565e-05
        },
        {
            "D": 3,
            "t": 3.0,
            "circuit_time": "0:00:00.237088",
            "num_samples": 2920,
            "H_reduced_size": [
                2920,
                2920
            ],
            "reduction": 95.54443359375,
            "H_reduced_e": 5.8924366028053346e-05,
            "eigenvalue_time": "0:00:00.042668",
            "diff": 5.896196569825937e-05,
            "change_from_prev": 1.5457740214393765e-06
        },
        {
            "D": 4,
            "t": 4.0,
            "circuit_time": "0:00:00.238825",
            "num_samples": 3970,
            "H_reduced_size": [
                3970,
                3970
            ],
            "reduction": 93.9422607421875,
            "H_reduced_e": 5.049111994077537e-05,
            "eigenvalue_time": "0:00:00.048411",
            "diff": 5.0528719610981394e-05,
            "change_from_prev": 8.433246087277975e-06
        },
        {
            "D": 5,
            "t": 5.0,
            "circuit_time": "0:00:00.237813",
            "num_samples": 4652,
            "H_reduced_size": [
                4652,
                4652
            ],
            "reduction": 92.901611328125,
            "H_reduced_e": 8.107915616307344e-06,
            "eigenvalue_time": "0:00:00.049919",
            "diff": 8.145515286513368e-06,
            "change_from_prev": 4.238320432446803e-05
        },
        {
            "D": 6,
            "t": 6.0,
            "circuit_time": "0:00:00.242266",
            "num_samples": 5272,
            "H_reduced_size": [
                5272,
                5272
            ],
            "reduction": 91.95556640625,
            "H_reduced_e": 7.538200494562043e-06,
            "eigenvalue_time": "0:00:00.059813",
            "diff": 7.575800164768066e-06,
            "change_from_prev": 5.697151217453008e-07
        },
        {
            "D": 7,
            "t": 7.0,
            "circuit_time": "0:00:00.239277",
            "num_samples": 5537,
            "H_reduced_size": [
                5537,
                5537
            ],
            "reduction": 91.55120849609375,
            "H_reduced_e": 2.2923242674623446e-06,
            "eigenvalue_time": "0:00:00.061576",
            "diff": 2.3299239376683677e-06,
            "change_from_prev": 5.245876227099699e-06
        },
        {
            "D": 8,
            "t": 8.0,
            "circuit_time": "0:00:00.273349",
            "num_samples": 5766,
            "H_reduced_size": [
                5766,
                5766
            ],
            "reduction": 91.2017822265625,
            "H_reduced_e": 1.662754524653572e-06,
            "eigenvalue_time": "0:00:00.067532",
            "diff": 1.7003541948595954e-06,
            "change_from_prev": 6.295697428087725e-07
        },
        {
            "D": 9,
            "t": 9.0,
            "circuit_time": "0:00:00.246773",
            "num_samples": 5941,
            "H_reduced_size": [
                5941,
                5941
            ],
            "reduction": 90.93475341796875,
            "H_reduced_e": 1.6590068431037523e-06,
            "eigenvalue_time": "0:00:00.063595",
            "diff": 1.6966065133097756e-06,
            "change_from_prev": 3.747681549819802e-09
        },
        {
            "D": 10,
            "t": 10.0,
            "circuit_time": "0:00:00.239992",
            "num_samples": 6011,
            "H_reduced_size": [
                6011,
                6011
            ],
            "reduction": 90.82794189453125,
            "H_reduced_e": -3.1038548704741873e-08,
            "eigenvalue_time": "0:00:00.069465",
            "diff": 6.561121501281368e-09,
            "change_from_prev": 1.6900453918084941e-06
        },
        {
            "D": 11,
            "t": 11.0,
            "circuit_time": "0:00:00.241238",
            "num_samples": 6068,
            "H_reduced_size": [
                6068,
                6068
            ],
            "reduction": 90.740966796875,
            "H_reduced_e": -3.258629614935864e-08,
            "eigenvalue_time": "0:00:00.069312",
            "diff": 5.013374056664598e-09,
            "change_from_prev": 1.5477474446167695e-09
        },
        {
            "D": 12,
            "t": 12.0,
            "circuit_time": "0:00:00.235477",
            "num_samples": 6097,
            "H_reduced_size": [
                6097,
                6097
            ],
            "reduction": 90.69671630859375,
            "H_reduced_e": -3.757794849336404e-08,
            "eigenvalue_time": "0:00:00.075993",
            "diff": 2.1721712659202625e-11,
            "change_from_prev": 4.991652344005396e-09
        },
        {
            "D": 13,
            "t": 13.0,
            "circuit_time": "0:00:00.240534",
            "num_samples": 6116,
            "H_reduced_size": [
                6116,
                6116
            ],
            "reduction": 90.667724609375,
            "H_reduced_e": -3.757821294133199e-08,
            "eigenvalue_time": "0:00:00.070547",
            "diff": 2.145726469125211e-11,
            "change_from_prev": 2.644479679505154e-13
        }
    ]
}