{
    "load_date": "2025-11-28 10:21:28.666823",
    "potential": "linear",
    "cutoff": 2,
    "N": 4,
    "a": 1.0,
    "c": null,
    "boundary_condition": "dirichlet",
    "num_qubits": 8,
    "num_paulis": 13,
    "dense_H_size": [
        256,
        256
    ],
    "min_eigenvalue": -0.207934290452101,
    "basis": [
        0,
        0,
        1,
        0,
        0,
        0,
        1,
        0
    ],
    "tol": 1e-12,
    "dt": 1.0,
    "n_steps": 1,
    "max_k": 10,
    "final_k": 3,
    "converged": true,
    "all_energies": [
        -0.13523813674213975,
        -0.20793429045210216,
        -0.207934290452101
    ],
    "all_run_data": [
        {
            "D": 1,
            "t": 1.0,
            "circuit_time": "0:00:00.019464",
            "num_samples": 20,
            "H_reduced_size": [
                20,
                20
            ],
            "reduction": 92.1875,
            "H_reduced_e": -0.13523813674213975,
            "eigenvalue_time": "0:00:00.000427",
            "diff": 0.07269615370996124,
            "change_from_prev": null
        },
        {
            "D": 2,
            "t": 2.0,
            "circuit_time": "0:00:00.016575",
            "num_samples": 24,
            "H_reduced_size": [
                24,
                24
            ],
            "reduction": 90.625,
            "H_reduced_e": -0.20793429045210216,
            "eigenvalue_time": "0:00:00.000274",
            "diff": 1.1657341758564144e-15,
            "change_from_prev": 0.07269615370996241
        },
        {
            "D": 3,
            "t": 3.0,
            "circuit_time": "0:00:00.016349",
            "num_samples": 24,
            "H_reduced_size": [
                24,
                24
            ],
            "reduction": 90.625,
            "H_reduced_e": -0.207934290452101,
            "eigenvalue_time": "0:00:00.000246",
            "diff": 0.0,
            "change_from_prev": 1.1657341758564144e-15
        }
    ]
}