{
    "load_date": "2026-01-16 11:15:42.952217",
    "potential": "quadratic",
    "cutoff": 2,
    "N": 4,
    "a": 1.0,
    "c": -0.8,
    "boundary_condition": "periodic",
    "num_qubits": 8,
    "H_size": [
        256,
        256
    ],
    "H_dense_mem_estimate_bytes": 1048576,
    "H_sparse_mem_estimate_bytes": 57348,
    "H_pauli_time": "0:00:00.004297",
    "H_creation_time": "0:00:00.002422",
    "H_eigenvalue_time": "0:00:00.342676",
    "eigenvalues": [
        -1.96626436994196,
        -1.9662643699419544,
        -1.648427124746181,
        -1.6484271247461737,
        -1.3153523924572816,
        -1.3153523924572732,
        -1.315352392457271,
        -1.3153523924572676
    ],
    "best_basis_state": [
        0,
        0,
        1,
        1,
        0,
        1,
        1,
        0
    ],
    "basis_prob": 0.03705402410142884,
    "num_paulis": 15,
    "pauli_coeffs": [
        1.6800000000000004,
        -0.7071067811865475,
        0.7071067811865475,
        -0.7071067811865475,
        0.7071067811865475,
        0.25,
        0.25,
        0.25,
        0.25,
        0.25,
        0.25,
        -0.25,
        -0.25,
        -0.24999999999999994,
        -0.24999999999999994
    ],
    "pauli_labels": [
        "IIIIIIII",
        "IIIIIIZX",
        "IIIIZXII",
        "IIZXIIII",
        "ZXIIIIII",
        "IIIIXIXI",
        "IIIIYIYI",
        "IIXIXIII",
        "IIYIYIII",
        "XIXIIIII",
        "YIYIIIII",
        "XIIIIIXI",
        "YIIIIIYI",
        "IXIIIXII",
        "IIIXIIIX"
    ]
}