{
    "load_date": "2026-01-16 11:15:43.152981",
    "potential": "quadratic",
    "cutoff": 4,
    "N": 4,
    "a": 1.0,
    "c": -0.8,
    "boundary_condition": "periodic",
    "num_qubits": 12,
    "H_size": [
        4096,
        4096
    ],
    "H_dense_mem_estimate_bytes": 268435456,
    "H_sparse_mem_estimate_bytes": 3375108,
    "H_pauli_time": "0:00:00.008293",
    "H_creation_time": "0:00:00.019365",
    "H_eigenvalue_time": "0:00:00.170269",
    "eigenvalues": [
        -0.9180115048774655,
        -0.9180115048774533,
        -0.9170307768888338,
        -0.9170307768888211,
        -0.874854074718474,
        -0.8748540747184723,
        -0.8748540747184722,
        -0.8748540747184701
    ],
    "best_basis_state": [
        0,
        0,
        0,
        0,
        0,
        0,
        1,
        1,
        0,
        1,
        1,
        0
    ],
    "basis_prob": 0.02347997768557333,
    "num_paulis": 201,
    "pauli_coeffs": [
        8.479999999999999,
        0.43466662183008037,
        -0.1164685702961343,
        -0.7249999999999998,
        -0.725,
        -0.9659258262890682,
        -0.5,
        -0.5,
        0.25881904510252074,
        0.43466662183008037,
        -0.1164685702961343,
        -0.7249999999999998,
        -0.725,
        0.9659258262890682,
        0.5,
        0.5,
        -0.25881904510252074,
        0.43466662183008037,
        -0.1164685702961343,
        -0.7249999999999998,
        -0.725,
        -0.9659258262890682,
        -0.5,
        -0.5,
        0.25881904510252074,
        0.43466662183008037,
        -0.1164685702961343,
        -0.7249999999999998,
        -0.725,
        0.9659258262890682,
        0.5,
        0.5,
        -0.25881904510252074,
        0.25,
        0.25,
        0.25,
        0.25,
        0.25,
        0.25,
        -0.25,
        -0.25,
        -0.4665063509461096,
        -0.24148145657226705,
        -0.24148145657226705,
        0.125,
        -0.24148145657226705,
        -0.125,
        -0.125,
        0.06470476127563018,
        -0.24148145657226705,
        -0.125,
        -0.125,
        0.06470476127563018,
        0.125,
        0.06470476127563018,
        0.06470476127563018,
        -0.03349364905389034,
        0.4665063509461096,
        0.24148145657226705,
        0.24148145657226705,
        -0.125,
        -0.12499999999999999,
        -0.06470476127563018,
        -0.06470476127563018,
        0.03349364905389034,
        -0.24148145657226697,
        -0.12499999999999996,
        -0.12499999999999996,
        0.06470476127563016,
        -0.24148145657226705,
        -0.12499999999999999,
        -0.12499999999999999,
        0.06470476127563018,
        -0.4665063509461096,
        -0.24148145657226705,
        -0.24148145657226705,
        0.125,
        0.12499999999999999,
        0.06470476127563018,
        0.06470476127563018,
        -0.03349364905389034,
        0.24148145657226697,
        0.12499999999999996,
        0.12499999999999996,
        -0.06470476127563016,
        0.24148145657226705,
        0.12499999999999999,
        0.12499999999999999,
        -0.06470476127563018,
        -0.4665063509461096,
        -0.24148145657226705,
        -0.24148145657226705,
        0.125,
        -0.24148145657226705,
        -0.125,
        -0.125,
        0.06470476127563018,
        -0.24148145657226705,
        -0.125,
        -0.125,
        0.06470476127563018,
        0.125,
        0.06470476127563018,
        0.06470476127563018,
        -0.03349364905389034,
        0.4665063509461096,
        0.24148145657226705,
        0.24148145657226705,
        -0.125,
        -0.12499999999999999,
        -0.06470476127563018,
        -0.06470476127563018,
        0.03349364905389034,
        -0.24148145657226697,
        -0.12499999999999996,
        -0.12499999999999996,
        0.06470476127563016,
        -0.24148145657226705,
        -0.12499999999999999,
        -0.12499999999999999,
        0.06470476127563018,
        -0.4665063509461096,
        -0.24148145657226705,
        -0.24148145657226705,
        0.125,
        0.12499999999999999,
        0.06470476127563018,
        0.06470476127563018,
        -0.03349364905389034,
        0.24148145657226697,
        0.12499999999999996,
        0.12499999999999996,
        -0.06470476127563016,
        0.24148145657226705,
        0.12499999999999999,
        0.12499999999999999,
        -0.06470476127563018,
        0.4665063509461096,
        0.24148145657226705,
        0.24148145657226705,
        -0.125,
        -0.12499999999999999,
        -0.06470476127563018,
        -0.06470476127563018,
        0.03349364905389034,
        -0.24148145657226697,
        -0.12499999999999996,
        -0.12499999999999996,
        0.06470476127563016,
        -0.24148145657226705,
        -0.12499999999999999,
        -0.12499999999999999,
        0.06470476127563018,
        -0.4665063509461096,
        -0.24148145657226705,
        -0.24148145657226705,
        0.125,
        0.12499999999999999,
        0.06470476127563018,
        0.06470476127563018,
        -0.03349364905389034,
        0.24148145657226697,
        0.12499999999999996,
        0.12499999999999996,
        -0.06470476127563016,
        0.24148145657226705,
        0.12499999999999999,
        0.12499999999999999,
        -0.06470476127563018,
        0.4665063509461096,
        0.24148145657226705,
        0.24148145657226705,
        -0.125,
        -0.12499999999999999,
        -0.06470476127563018,
        -0.06470476127563018,
        0.03349364905389034,
        -0.24148145657226697,
        -0.12499999999999996,
        -0.12499999999999996,
        0.06470476127563016,
        -0.24148145657226705,
        -0.12499999999999999,
        -0.12499999999999999,
        0.06470476127563018,
        -0.4665063509461096,
        -0.24148145657226705,
        -0.24148145657226705,
        0.125,
        0.12499999999999999,
        0.06470476127563018,
        0.06470476127563018,
        -0.03349364905389034,
        0.24148145657226697,
        0.12499999999999996,
        0.12499999999999996,
        -0.06470476127563016,
        0.24148145657226705,
        0.12499999999999999,
        0.12499999999999999,
        -0.06470476127563018
    ],