{
    "load_date": "2026-01-16 11:14:44.697973",
    "potential": "quadratic",
    "cutoff": 2,
    "N": 6,
    "a": 1.0,
    "c": -0.8,
    "boundary_condition": "periodic",
    "num_qubits": 12,
    "H_size": [
        4096,
        4096
    ],
    "H_dense_mem_estimate_bytes": 268435456,
    "H_sparse_mem_estimate_bytes": 1572868,
    "H_pauli_time": "0:00:00.013928",
    "H_creation_time": "0:00:00.007956",
    "H_eigenvalue_time": "0:00:00.138715",
    "eigenvalues": [
        -2.9608383527284814,
        -2.960838352728478,
        -2.4726406871192714,
        -2.4726406871192554,
        -2.306724072950196,
        -2.306724072950181,
        -2.306724072950168,
        -2.1440774794703543
    ],
    "best_basis_state": [
        0,
        0,
        1,
        1,
        0,
        1,
        1,
        0,
        0,
        1,
        1,
        1
    ],
    "basis_prob": 0.012537039957997242,
    "num_paulis": 25,
    "pauli_coeffs": [
        2.5200000000000005,
        -0.7071067811865475,
        0.7071067811865475,
        -0.7071067811865475,
        0.7071067811865475,
        -0.7071067811865475,
        0.7071067811865475,
        0.25,
        0.25,
        0.25,
        0.25,
        0.25,
        0.25,
        0.25,
        0.25,
        0.25,
        0.25,
        -0.25,
        -0.25,
        -0.12499999999999997,
        -0.12499999999999997,
        -0.12499999999999997,
        -0.12499999999999997,
        -0.12499999999999997,
        -0.12499999999999997
    ],
    "pauli_labels": [
        "IIIIIIIIIIII",
        "IIIIIIIIIIZX",
        "IIIIIIIIZXII",
        "IIIIIIZXIIII",
        "IIIIZXIIIIII",
        "IIZXIIIIIIII",
        "ZXIIIIIIIIII",
        "IIIIIIIIXIXI",
        "IIIIIIIIYIYI",
        "IIIIIIXIXIII",
        "IIIIIIYIYIII",
        "IIIIXIXIIIII",
        "IIIIYIYIIIII",
        "IIXIXIIIIIII",
        "IIYIYIIIIIII",
        "XIXIIIIIIIII",
        "YIYIIIIIIIII",
        "XIIIIIIIIIXI",
        "YIIIIIIIIIYI",
        "IXIIIIIIIXII",
        "IIIIIIIXIIIX",
        "IIIIIXIIIXII",
        "IIIXIIIXIIII",
        "IXIIIXIIIIII",
        "IIIXIIIIIIIX"
    ]
}