{
    "load_date": "2026-02-02 18:50:58.538179",
    "potential": "linear",
    "cutoff": 4,
    "N": 3,
    "a": 1.0,
    "c": null,
    "x_max": 8.0,
    "boundary_condition": "dirichlet",
    "num_qubits": 9,
    "H_size": [
        512,
        512
    ],
    "H_dense_mem_estimate_bytes": 4194304,
    "H_sparse_mem_estimate_bytes": 124932,
    "H_pauli_time": "0:00:00.003557",
    "H_creation_time": "0:00:00.000248",
    "H_eigenvalue_time": "0:00:00.008346",
    "eigenvalues": [
        -1.3812221944322873,
        -0.381222194432295,
        -0.15647732304070505,
        -0.15647732304069994,
        0.8435226769592875,
        0.8435226769592897,
        1.0682675483508812,
        2.0682675483508786
    ],
    "best_basis_state": [
        0,
        1,
        0,
        1,
        1,
        0,
        0,
        1,
        0
    ],
    "basis_prob": 0.9079579306499792,
    "num_paulis": 30,
    "pauli_coeffs": [
        47.346978279725796,
        -0.07710628438351061,
        3.9999999999999982,
        0.038553142191755305,
        -0.07710628438351061,
        8.0,
        10.0,
        -0.5,
        -0.07710628438351061,
        5.999999999999998,
        0.038553142191755305,
        -0.07710628438351061,
        12.0,
        12.0,
        0.5,
        -0.07710628438351061,
        3.9999999999999982,
        0.038553142191755305,
        -0.07710628438351061,
        8.0,
        10.0,
        -0.5,
        0.25,
        0.25,
        0.25,
        0.25,
        -1.0,
        -2.0,
        -2.0,
        -4.0
    ],
    "pauli_labels": [
        "IIIIIIIII",
        "IIIIIIIIX",
        "IIIIIIIIZ",
        "IIIIIIIXI",
        "IIIIIIIXX",
        "IIIIIIIZI",
        "IIIIIIIZZ",
        "IIIIIIZII",
        "IIIIIXIII",
        "IIIIIZIII",
        "IIIIXIIII",
        "IIIIXXIII",
        "IIIIZIIII",
        "IIIIZZIII",
        "IIIZIIIII",
        "IIXIIIIII",
        "IIZIIIIII",
        "IXIIIIIII",
        "IXXIIIIII",
        "IZIIIIIII",
        "IZZIIIIII",
        "ZIIIIIIII",
        "IIIXIIXII",
        "IIIYIIYII",
        "XIIXIIIII",
        "YIIYIIIII",
        "IIZIIIIIZ",
        "IIZIIIIZI",
        "IZIIIIIIZ",
        "IZIIIIIZI"
    ],
    "boson_position_marginals": {
        "site_0": {
            "x_grid": [
                -8.0,
                -4.0,
                0.0,
                4.0
            ],
            "P_x": [
                8.726707258110808e-07,
                5.886810276315123e-05,
                0.9998813912920124,
                5.8867934498258904e-05
            ],
            "edge_mass_2": 0.9999999999999996
        },
        "site_1": {
            "x_grid": [
                -8.0,
                -4.0,
                0.0,
                4.0
            ],
            "P_x": [
                6.124343789115872e-07,
                4.094885049015801e-05,
                0.9999174898646405,
                4.0948850490158004e-05
            ],
            "edge_mass_2": 0.9999999999999997
        },
        "site_2": {
            "x_grid": [
                -8.0,
                -4.0,
                0.0,
                4.0
            ],
            "P_x": [
                8.726707258110773e-07,
                5.886810276315015e-05,
                0.9998813912920123,
                5.886793449825893e-05
            ],
            "edge_mass_2": 0.9999999999999994
        }
    }
}