{
    "load_date": "2026-02-02 18:50:58.703944",
    "potential": "linear",
    "cutoff": 8,
    "N": 3,
    "a": 1.0,
    "c": null,
    "x_max": 8.0,
    "boundary_condition": "dirichlet",
    "num_qubits": 12,
    "H_size": [
        4096,
        4096
    ],
    "H_dense_mem_estimate_bytes": 268435456,
    "H_sparse_mem_estimate_bytes": 1982468,
    "H_pauli_time": "0:00:00.012743",
    "H_creation_time": "0:00:00.000908",
    "H_eigenvalue_time": "0:00:00.149187",
    "eigenvalues": [
        -0.6039710717800302,
        0.3960289282199529,
        0.6207737996115387,
        0.6207737996115416,
        1.6207737996115152,
        1.6207737996115636,
        1.8355300015603147,
        1.8455186710031348
    ],
    "best_basis_state": [
        0,
        1,
        0,
        0,
        1,
        1,
        0,
        0,
        0,
        1,
        0,
        0
    ],
    "basis_prob": 0.8610247134950527,
    "num_paulis": 62,
    "pauli_coeffs": [
        45.02225369232792,
        -0.2632573218863786,
        1.0,
        0.07710628438351075,
        -0.1542125687670213,
        -0.10904475311935745,
        2.0,
        2.5,
        0.0385531421917553,
        -0.045167815647663735,
        0.07710628438351047,
        -0.1542125687670211,
        0.10904475311935752,
        4.0,
        5.0,
        10.0,
        -0.5,
        -0.2632573218863786,
        1.5,
        0.07710628438351075,
        -0.1542125687670213,
        -0.10904475311935745,
        3.0,
        3.0,
        0.0385531421917553,
        -0.045167815647663735,
        0.07710628438351047,
        -0.1542125687670211,
        0.10904475311935752,
        6.0,
        6.0,
        12.0,
        0.5,
        -0.2632573218863786,
        1.0,
        0.07710628438351075,
        -0.1542125687670213,
        -0.10904475311935745,
        2.0,
        2.5,
        0.0385531421917553,
        -0.045167815647663735,
        0.07710628438351047,
        -0.1542125687670211,
        0.10904475311935752,
        4.0,
        5.0,
        10.0,
        -0.5,
        0.25,
        0.25,
        0.25,
        0.25,
        -0.25,
        -0.5,
        -1.0,
        -0.5,
        -1.0,
        -2.0,
        -1.0,
        -2.0,
        -4.0
    ],
    "pauli_labels": [
        "IIIIIIIIIIII",
        "IIIIIIIIIIIX",
        "IIIIIIIIIIIZ",
        "IIIIIIIIIIXI",
        "IIIIIIIIIIXX",
        "IIIIIIIIIIYY",
        "IIIIIIIIIIZI",
        "IIIIIIIIIIZZ",
        "IIIIIIIIIXII",
        "IIIIIIIIIXIX",
        "IIIIIIIIIXXI",
        "IIIIIIIIIXXX",
        "IIIIIIIIIXYY",
        "IIIIIIIIIZII",
        "IIIIIIIIIZIZ",
        "IIIIIIIIIZZI",
        "IIIIIIIIZIII",
        "IIIIIIIXIIII",
        "IIIIIIIZIIII",
        "IIIIIIXIIIII",
        "IIIIIIXXIIII",
        "IIIIIIYYIIII",
        "IIIIIIZIIIII",
        "IIIIIIZZIIII",
        "IIIIIXIIIIII",
        "IIIIIXIXIIII",
        "IIIIIXXIIIII",
        "IIIIIXXXIIII",
        "IIIIIXYYIIII",
        "IIIIIZIIIIII",
        "IIIIIZIZIIII",
        "IIIIIZZIIIII",
        "IIIIZIIIIIII",
        "IIIXIIIIIIII",
        "IIIZIIIIIIII",
        "IIXIIIIIIIII",
        "IIXXIIIIIIII",
        "IIYYIIIIIIII",
        "IIZIIIIIIIII",
        "IIZZIIIIIIII",
        "IXIIIIIIIIII",
        "IXIXIIIIIIII",
        "IXXIIIIIIIII",
        "IXXXIIIIIIII",
        "IXYYIIIIIIII",
        "IZIIIIIIIIII",
        "IZIZIIIIIIII",
        "IZZIIIIIIIII",
        "ZIIIIIIIIIII",
        "IIIIXIIIXIII",
        "IIIIYIIIYIII",
        "XIIIXIIIIIII",
        "YIIIYIIIIIII",
        "IIIZIIIIIIIZ",
        "IIIZIIIIIIZI",
        "IIIZIIIIIZII",
        "IIZIIIIIIIIZ",
        "IIZIIIIIIIZI",
        "IIZIIIIIIZII",
        "IZIIIIIIIIIZ",
        "IZIIIIIIIIZI",
        "IZIIIIIIIZII"
    ],
    "boson_position_marginals": {
        "site_0": {
            "x_grid": [
                -8.0,
                -6.0,
                -4.0,
                -2.0,
                0.0,
                2.0,
                4.0,
                6.0
            ],
            "P_x": [
                4.830391682770607e-07,
                1.9687620647669372e-06,
                2.028581463102494e-05,
                0.00974062509289918,
                0.9804737847747395,
                0.009740597892531564,
                2.0285846256321742e-05,
                1.9687777014065928e-06
            ],
            "edge_mass_2": 2.470642519077233e-05
        },
        "site_1": {
            "x_grid": [
                -8.0,
                -6.0,
                -4.0,
                -2.0,
                0.0,
                2.0,
                4.0,
                6.0
            ],
            "P_x": [
                3.7605347515391387e-07,
                1.5505680421109039e-06,
                1.7435449328822025e-05,
                0.006933291007250352,
                0.986095069897274,
                0.006933291007250306,
                1.743544932882326e-05,
                1.5505680421109833e-06
            ],
            "edge_mass_2": 2.0912638888199058e-05
        },
        "site_2": {
            "x_grid": [
                -8.0,
                -6.0,
                -4.0,
                -2.0,
                0.0,
                2.0,
                4.0,
                6.0
            ],
            "P_x": [
                4.830391682770573e-07,
                1.9687620647669753e-06,
                2.0285814631025143e-05,
                0.009740625092899198,
                0.9804737847747398,
                0.009740597892531549,
                2.028584625632122e-05,
                1.968777701406613e-06
            ],
            "edge_mass_2": 2.4706425190771863e-05
        }
    }
}