{
    "load_date": "2026-02-02 18:50:58.523783",
    "potential": "linear",
    "cutoff": 2,
    "N": 3,
    "a": 1.0,
    "c": null,
    "x_max": 8.0,
    "boundary_condition": "dirichlet",
    "num_qubits": 6,
    "H_size": [
        64,
        64
    ],
    "H_dense_mem_estimate_bytes": 65536,
    "H_sparse_mem_estimate_bytes": 7940,
    "H_pauli_time": "0:00:00.003224",
    "H_creation_time": "0:00:00.001834",
    "H_eigenvalue_time": "0:00:00.002440",
    "eigenvalues": [
        -1.6091907274993107,
        -0.6091907274993089,
        -0.3844458561077348,
        -0.3844458561077286,
        0.6155541438922745,
        0.6155541438922769,
        0.8402990152838622,
        1.8402990152838674
    ],
    "best_basis_state": [
        0,
        1,
        1,
        1,
        0,
        1
    ],
    "basis_prob": 0.9082460170832002,
    "num_paulis": 15,
    "pauli_coeffs": [
        60.11565942657526,
        -0.0385531421917553,
        16.0,
        -0.5,
        -0.0385531421917553,
        24.0,
        0.5,
        -0.0385531421917553,
        16.0,
        -0.5,
        0.25,
        0.25,
        0.25,
        0.25,
        -4.0
    ],
    "pauli_labels": [
        "IIIIII",
        "IIIIIX",
        "IIIIIZ",
        "IIIIZI",
        "IIIXII",
        "IIIZII",
        "IIZIII",
        "IXIIII",
        "IZIIII",
        "ZIIIII",
        "IIXIXI",
        "IIYIYI",
        "XIXIII",
        "YIYIII",
        "IZIIIZ"
    ],
    "boson_position_marginals": {
        "site_0": {
            "x_grid": [
                -8.0,
                0.0
            ],
            "P_x": [
                9.289638110188582e-07,
                0.9999990710361875
            ],
            "edge_mass_2": 1.999999999999997
        },
        "site_1": {
            "x_grid": [
                -8.0,
                0.0
            ],
            "P_x": [
                6.451136702579679e-07,
                0.9999993548863282
            ],
            "edge_mass_2": 1.999999999999997
        },
        "site_2": {
            "x_grid": [
                -8.0,
                0.0
            ],
            "P_x": [
                9.289638110188926e-07,
                0.9999990710361875
            ],
            "edge_mass_2": 1.999999999999997
        }
    }
}