{
    "load_date": "2026-02-02 18:51:01.674964",
    "potential": "linear",
    "cutoff": 16,
    "N": 3,
    "a": 1.0,
    "c": null,
    "x_max": 8.0,
    "boundary_condition": "dirichlet",
    "num_qubits": 15,
    "H_size": [
        32768,
        32768
    ],
    "H_dense_mem_estimate_bytes": 17179869184,
    "H_sparse_mem_estimate_bytes": 31588356,
    "H_pauli_time": "0:00:00.399968",
    "H_creation_time": "0:00:00.007546",
    "H_eigenvalue_time": "0:00:02.553603",
    "eigenvalues": [
        -0.0022775698267061216,
        0.9977224301732783,
        1.006024316804383,
        1.2224673015648702,
        1.2224673015648826,
        1.228858876079004,
        1.2394886993680747,
        1.9694163002794527
    ],
    "best_basis_state": [
        0,
        1,
        0,
        0,
        0,
        1,
        1,
        0,
        0,
        0,
        0,
        1,
        0,
        0,
        0
    ],
    "basis_prob": 0.20179210647657003,
    "num_paulis": 135,
    "pauli_coeffs": [
        47.91085534273643,
        -1.0129507467218795,
        0.25,
        0.26325732188637874,
        -0.5689281637330847,
        -0.44402258298879427,
        0.5,
        0.625,
        0.07710628438351039,
        -0.09033563129532758,
        0.15421256876702136,
        -0.3084251375340423,
        0.21808950623871545,
        -0.03456994944896344,
        -0.22593307675007912,
        0.1090447531193579,
        -0.2605030261990429,
        1.0,
        1.25,
        2.5,
        0.03855314219175529,
        -0.04007854082363541,
        0.045167815647663784,
        -0.04792211133500027,
        0.007843570511364403,
        0.07710628438351078,
        -0.09033563129532743,
        0.15421256876702094,
        -0.30842513753404255,
        0.21808950623871495,
        0.03456994944896273,
        0.22593307675007923,
        -0.10904475311935703,
        0.2605030261990423,
        2.0,
        2.5,
        5.0,
        10.0,
        -0.5,
        -1.0129507467218795,
        0.375,
        0.26325732188637874,
        -0.5689281637330847,
        -0.44402258298879427,
        0.75,
        0.75,
        0.07710628438351039,
        -0.09033563129532758,
        0.15421256876702136,
        -0.3084251375340423,
        0.21808950623871545,
        -0.03456994944896344,
        -0.22593307675007912,
        0.1090447531193579,
        -0.2605030261990429,
        1.5,
        1.5,
        3.0,
        0.03855314219175529,
        -0.04007854082363541,
        0.045167815647663784,
        -0.04792211133500027,
        0.007843570511364403,
        0.07710628438351078,
        -0.09033563129532743,
        0.15421256876702094,
        -0.30842513753404255,
        0.21808950623871495,
        0.03456994944896273,
        0.22593307675007923,
        -0.10904475311935703,
        0.2605030261990423,
        3.0,
        3.0,
        6.0,
        12.0,
        0.5,
        -1.0129507467218795,
        0.25,
        0.26325732188637874,
        -0.5689281637330847,
        -0.44402258298879427,
        0.5,
        0.625,
        0.07710628438351039,
        -0.09033563129532758,
        0.15421256876702136,
        -0.3084251375340423,
        0.21808950623871545,
        -0.03456994944896344,
        -0.22593307675007912,
        0.1090447531193579,
        -0.2605030261990429,
        1.0,
        1.25,
        2.5,
        0.03855314219175529,
        -0.04007854082363541,
        0.045167815647663784,
        -0.04792211133500027,
        0.007843570511364403,
        0.07710628438351078,
        -0.09033563129532743,
        0.15421256876702094,
        -0.30842513753404255,
        0.21808950623871495,
        0.03456994944896273,
        0.22593307675007923,
        -0.10904475311935703,
        0.2605030261990423,
        2.0,
        2.5,
        5.0,
        10.0,
        -0.5,
        0.25,
        0.25,
        0.25,
        0.25,
        -0.0625,
        -0.125,
        -0.25,
        -0.5,
        -0.125,
        -0.25,
        -0.5,
        -1.0,
        -0.25,
        -0.5,
        -1.0,
        -2.0,
        -0.5,
        -1.0,
        -2.0,
        -4.0
    ],
    "pauli_labels": [
        "IIIIIIIIIIIIIII",
        "IIIIIIIIIIIIIIX",
        "IIIIIIIIIIIIIIZ",
        "IIIIIIIIIIIIIXI",
        "IIIIIIIIIIIIIXX",
        "IIIIIIIIIIIIIYY",
        "IIIIIIIIIIIIIZI",
        "IIIIIIIIIIIIIZZ",
        "IIIIIIIIIIIIXII",
        "IIIIIIIIIIIIXIX",
        "IIIIIIIIIIIIXXI",
        "IIIIIIIIIIIIXXX",
        "IIIIIIIIIIIIXYY",
        "IIIIIIIIIIIIYIY",
        "IIIIIIIIIIIIYXY",
        "IIIIIIIIIIIIYYI",
        "IIIIIIIIIIIIYYX",
        "IIIIIIIIIIIIZII",
        "IIIIIIIIIIIIZIZ",
        "IIIIIIIIIIIIZZI",
        "IIIIIIIIIIIXIII",
        "IIIIIIIIIIIXIIX",
        "IIIIIIIIIIIXIXI",
        "IIIIIIIIIIIXIXX",
        "IIIIIIIIIIIXIYY",
        "IIIIIIIIIIIXXII",
        "IIIIIIIIIIIXXIX",
        "IIIIIIIIIIIXXXI",
        "IIIIIIIIIIIXXXX",
        "IIIIIIIIIIIXXYY",
        "IIIIIIIIIIIXYIY",
        "IIIIIIIIIIIXYXY",
        "IIIIIIIIIIIXYYI",
        "IIIIIIIIIIIXYYX",
        "IIIIIIIIIIIZIII",
        "IIIIIIIIIIIZIIZ",
        "IIIIIIIIIIIZIZI",
        "IIIIIIIIIIIZZII",
        "IIIIIIIIIIZIIII",
        "IIIIIIIIIXIIIII",
        "IIIIIIIIIZIIIII",
        "IIIIIIIIXIIIIII",
        "IIIIIIIIXXIIIII",
        "IIIIIIIIYYIIIII",
        "IIIIIIIIZIIIIII",
        "IIIIIIIIZZIIIII",
        "IIIIIIIXIIIIIII",
        "IIIIIIIXIXIIIII",
        "IIIIIIIXXIIIIII",
        "IIIIIIIXXXIIIII",
        "IIIIIIIXYYIIIII",
        "IIIIIIIYIYIIIII",
        "IIIIIIIYXYIIIII",
        "IIIIIIIYYIIIIII",
        "IIIIIIIYYXIIIII",
        "IIIIIIIZIIIIIII",
        "IIIIIIIZIZIIIII",
        "IIIIIIIZZIIIIII",
        "IIIIIIXIIIIIIII",
        "IIIIIIXIIXIIIII",
        "IIIIIIXIXIIIIII",
        "IIIIIIXIXXIIIII",
        "IIIIIIXIYYIIIII",
        "IIIIIIXXIIIIIII",
        "IIIIIIXXIXIIIII",
        "IIIIIIXXXIIIIII",
        "IIIIIIXXXXIIIII",
        "IIIIIIXXYYIIIII",
        "IIIIIIXYIYIIIII",
        "IIIIIIXYXYIIIII",
        "IIIIIIXYYIIIIII",
        "IIIIIIXYYXIIIII",
        "IIIIIIZIIIIIIII",
        "IIIIIIZIIZIIIII",
        "IIIIIIZIZIIIIII",
        "IIIIIIZZIIIIIII",
        "IIIIIZIIIIIIIII",
        "IIIIXIIIIIIIIII",
        "IIIIZIIIIIIIIII",
        "IIIXIIIIIIIIIII",
        "IIIXXIIIIIIIIII",
        "IIIYYIIIIIIIIII",
        "IIIZIIIIIIIIIII",
        "IIIZZIIIIIIIIII",
        "IIXIIIIIIIIIIII",
        "IIXIXIIIIIIIIII",
        "IIXXIIIIIIIIIII",
        "IIXXXIIIIIIIIII",
        "IIXYYIIIIIIIIII",
        "IIYIYIIIIIIIIII",
        "IIYXYIIIIIIIIII",
        "IIYYIIIIIIIIIII",
        "IIYYXIIIIIIIIII",
        "IIZIIIIIIIIIIII",
        "IIZIZIIIIIIIIII",
        "IIZZIIIIIIIIIII",
        "IXIIIIIIIIIIIII",
        "IXIIXIIIIIIIIII",
        "IXIXIIIIIIIIIII",
        "IXIXXIIIIIIIIII",
        "IXIYYIIIIIIIIII",
        "IXXIIIIIIIIIIII",
        "IXXIXIIIIIIIIII",
        "IXXXIIIIIIIIIII",
        "IXXXXIIIIIIIIII",
        "IXXYYIIIIIIIIII",
        "IXYIYIIIIIIIIII",
        "IXYXYIIIIIIIIII",
        "IXYYIIIIIIIIIII",
        "IXYYXIIIIIIIIII",
        "IZIIIIIIIIIIIII",
        "IZIIZIIIIIIIIII",
        "IZIZIIIIIIIIIII",
        "IZZIIIIIIIIIIII",
        "ZIIIIIIIIIIIIII",
        "IIIIIXIIIIXIIII",
        "IIIIIYIIIIYIIII",
        "XIIIIXIIIIIIIII",
        "YIIIIYIIIIIIIII",
        "IIIIZIIIIIIIIIZ",
        "IIIIZIIIIIIIIZI",
        "IIIIZIIIIIIIZII",
        "IIIIZIIIIIIZIII",
        "IIIZIIIIIIIIIIZ",
        "IIIZIIIIIIIIIZI",
        "IIIZIIIIIIIIZII",
        "IIIZIIIIIIIZIII",
        "IIZIIIIIIIIIIIZ",
        "IIZIIIIIIIIIIZI",
        "IIZIIIIIIIIIZII",
        "IIZIIIIIIIIZIII",
        "IZIIIIIIIIIIIIZ",
        "IZIIIIIIIIIIIZI",
        "IZIIIIIIIIIIZII",
        "IZIIIIIIIIIZIII"
    ],