{
    "load_date": "2025-12-09 15:13:44.343221",
    "potential": "linear",
    "cutoff": 16,
    "N": 3,
    "a": 1.0,
    "c": null,
    "boundary_condition": "dirichlet",
    "num_qubits": 15,
    "num_paulis": 1146,
    "dense_H_size": [
        32768,
        32768
    ],
    "min_eigenvalue": -3.6042420179791245e-15,
    "basis": [
        0,
        0,
        0,
        0,
        0,
        1,
        0,
        0,
        0,
        0,
        0,
        0,
        0,
        0,
        0
    ],
    "tol": 1e-10,
    "dt": 1.0,
    "n_steps": 1,
    "max_k": 15,
    "final_k": 8,
    "converged": true,
    "all_energies": [
        0.0027903848180739206,
        8.917270138203266e-05,
        8.782355623699345e-05,
        3.532938838940999e-05,
        3.5328722043896296e-05,
        5.357828527249514e-07,
        5.2987412562992104e-08,
        5.293447168052656e-08
    ],
    "all_run_data": [
        {
            "D": 1,
            "t": 1.0,
            "circuit_time": "0:00:00.129976",
            "num_samples": 90,
            "H_reduced_size": [
                90,
                90
            ],
            "reduction": 99.725341796875,
            "H_reduced_e": 0.0027903848180739206,
            "eigenvalue_time": "0:00:00.000998",
            "diff": 0.002790384818077525,
            "change_from_prev": null
        },
        {
            "D": 2,
            "t": 2.0,
            "circuit_time": "0:00:00.159400",
            "num_samples": 301,
            "H_reduced_size": [
                301,
                301
            ],
            "reduction": 99.0814208984375,
            "H_reduced_e": 8.917270138203266e-05,
            "eigenvalue_time": "0:00:00.033020",
            "diff": 8.91727013856369e-05,
            "change_from_prev": 0.002701212116691888
        },
        {
            "D": 3,
            "t": 3.0,
            "circuit_time": "0:00:00.282952",
            "num_samples": 491,
            "H_reduced_size": [
                491,
                491
            ],
            "reduction": 98.5015869140625,
            "H_reduced_e": 8.782355623699345e-05,
            "eigenvalue_time": "0:00:00.069473",
            "diff": 8.782355624059769e-05,
            "change_from_prev": 1.3491451450392067e-06
        },
        {
            "D": 4,
            "t": 4.0,
            "circuit_time": "0:00:00.228817",
            "num_samples": 666,
            "H_reduced_size": [
                666,
                666
            ],
            "reduction": 97.967529296875,
            "H_reduced_e": 3.532938838940999e-05,
            "eigenvalue_time": "0:00:00.066066",
            "diff": 3.532938839301423e-05,
            "change_from_prev": 5.2494167847583464e-05
        },
        {
            "D": 5,
            "t": 5.0,
            "circuit_time": "0:00:00.236374",
            "num_samples": 904,
            "H_reduced_size": [
                904,
                904
            ],
            "reduction": 97.2412109375,
            "H_reduced_e": 3.5328722043896296e-05,
            "eigenvalue_time": "0:00:00.081567",
            "diff": 3.5328722047500537e-05,
            "change_from_prev": 6.663455136924961e-10
        },
        {
            "D": 6,
            "t": 6.0,
            "circuit_time": "0:00:00.227870",
            "num_samples": 1090,
            "H_reduced_size": [
                1090,
                1090
            ],
            "reduction": 96.673583984375,
            "H_reduced_e": 5.357828527249514e-07,
            "eigenvalue_time": "0:00:00.082507",
            "diff": 5.357828563291934e-07,
            "change_from_prev": 3.479293919117134e-05
        },
        {
            "D": 7,
            "t": 7.0,
            "circuit_time": "0:00:00.262289",
            "num_samples": 1181,
            "H_reduced_size": [
                1181,
                1181
            ],
            "reduction": 96.3958740234375,
            "H_reduced_e": 5.2987412562992104e-08,
            "eigenvalue_time": "0:00:00.098377",
            "diff": 5.298741616723412e-08,
            "change_from_prev": 4.827954401619593e-07
        },
        {
            "D": 8,
            "t": 8.0,
            "circuit_time": "0:00:00.236239",
            "num_samples": 1365,
            "H_reduced_size": [
                1365,
                1365
            ],
            "reduction": 95.8343505859375,
            "H_reduced_e": 5.293447168052656e-08,
            "eigenvalue_time": "0:00:00.096246",
            "diff": 5.293447528476858e-08,
            "change_from_prev": 5.294088246554108e-11
        }
    ]
}