{
    "load_date": "2026-02-02 20:48:05.215195",
    "potential": "linear",
    "cutoff": 4,
    "N": 2,
    "a": 1.0,
    "c": null,
    "x_max": 8.0,
    "boundary_condition": "periodic",
    "num_qubits": 6,
    "H_size": [
        64,
        64
    ],
    "H_dense_mem_estimate_bytes": 65536,
    "H_sparse_mem_estimate_bytes": 9220,
    "H_pauli_time": "0:00:00.001819",
    "H_creation_time": "0:00:00.002523",
    "H_eigenvalue_time": "0:00:00.003729",
    "eigenvalues": [
        -0.7717249252227841,
        0.22827507477721132,
        0.22827507477721526,
        1.2282750747772095,
        7.191243821772104,
        7.191243821772132,
        7.269328109579138,
        7.269328109579145
    ],
    "best_basis_state": [
        1,
        1,
        0,
        0,
        1,
        0
    ],
    "basis_prob": 0.9996303787502125,
    "num_paulis": 15,
    "pauli_coeffs": [
        24.23131885315053,
        -0.07710628438351061,
        3.9999999999999982,
        0.038553142191755305,
        -0.07710628438351061,
        7.999999999999999,
        7.999999999999999,
        -0.5,
        -0.07710628438351061,
        3.9999999999999982,
        0.038553142191755305,
        -0.07710628438351061,
        7.999999999999999,
        7.999999999999999,
        0.5
    ],
    "pauli_labels": [
        "IIIIII",
        "IIIIIX",
        "IIIIIZ",
        "IIIIXI",
        "IIIIXX",
        "IIIIZI",
        "IIIIZZ",
        "IIIZII",
        "IIXIII",
        "IIZIII",
        "IXIIII",
        "IXXIII",
        "IZIIII",
        "IZZIII",
        "ZIIIII"
    ],
    "boson_position_marginals": {
        "site_0": {
            "x_grid": [
                -8.0,
                -4.0,
                0.0,
                4.0
            ],
            "P_x": [
                1.3420302871651927e-06,
                9.174283762352525e-05,
                0.999815172294466,
                9.174283762352542e-05
            ],
            "edge_mass_2": 1.0000000000000002
        },
        "site_1": {
            "x_grid": [
                -8.0,
                -4.0,
                0.0,
                4.0
            ],
            "P_x": [
                1.342030287165127e-06,
                9.17428376235244e-05,
                0.999815172294466,
                9.174283762352668e-05
            ],
            "edge_mass_2": 1.0000000000000002
        }
    }
}