{
    "load_date": "2026-02-02 20:48:33.058178",
    "potential": "linear",
    "cutoff": 32,
    "N": 2,
    "a": 1.0,
    "c": null,
    "x_max": 8.0,
    "boundary_condition": "periodic",
    "num_qubits": 12,
    "H_size": [
        4096,
        4096
    ],
    "H_dense_mem_estimate_bytes": 268435456,
    "H_sparse_mem_estimate_bytes": 5177348,
    "H_pauli_time": "0:00:27.101452",
    "H_creation_time": "0:00:00.008463",
    "H_eigenvalue_time": "0:00:00.265993",
    "eigenvalues": [
        6.645484857117205e-15,
        0.9999999999999581,
        0.9999999999999651,
        0.999999999999974,
        0.9999999999999883,
        1.9999999999998193,
        1.9999999999998257,
        1.9999999999999503
    ],
    "best_basis_state": [
        1,
        1,
        0,
        0,
        0,
        0,
        0,
        1,
        0,
        0,
        0,
        0
    ],
    "basis_prob": 0.07957747155319045,
    "num_paulis": 195,
    "pauli_coeffs": [
        34.56017462958032,
        -4.012875857760317,
        0.0625,
        1.0129507467218808,
        -2.2351987044203296,
        -1.7776771533399893,
        0.125,
        0.125,
        0.26325732188637774,
        -0.3155082102444168,
        0.568928163733085,
        -1.1849218076917143,
        0.8694135974472987,
        -0.1420133408359251,
        -0.908263555892689,
        0.44402258298879344,
        -1.0502768967286134,
        0.25000000000000044,
        0.24999999999999956,
        0.49999999999999956,
        0.07710628438350514,
        -0.08015708164726673,
        0.09033563129532493,
        -0.09584422266999729,
        0.01568714102272905,
        0.15421256876702327,
        -0.18067126259065594,
        0.3084251375340412,
        -0.6168502750680835,
        0.4361790124774285,
        0.06913989889792585,
        0.4518661535001599,
        -0.2180895062387157,
        0.5210060523980865,
        -0.015637870870438282,
        -0.023162817422662435,
        0.03456994944896179,
        -0.03880068829309948,
        -0.07287344193799855,
        -0.45639740239253124,
        0.22593307675007873,
        -0.5292708443305287,
        0.10904475311935619,
        -0.1348369476537603,
        0.2605030261990426,
        -0.568071532623631,
        0.43323458496986933,
        0.4999999999999999,
        0.4999999999999999,
        1.0000000000000009,
        2.0000000000000004,
        0.03855314219175557,
        -0.038927129127199256,
        0.04007854082363425,
        -0.04051395051200864,
        0.001586821384812264,
        0.04516781564766206,
        -0.045834314936894084,
        0.04792211133500186,
        -0.048778742444455486,
        0.002944427507561208,
        0.0037335430400720557,
        0.004531248892372958,
        -0.007843570511364865,
        0.008264791932444077,
        0.07710628438351588,
        -0.08015708164727509,
        0.09033563129532818,
        -0.095844222670001,
        0.01568714102272782,
        0.15421256876702172,
        -0.18067126259065558,
        0.30842513753404294,
        -0.6168502750680859,
        0.43617901247743307,
        0.06913989889792621,
        0.45186615350015746,
        -0.2180895062387132,
        0.5210060523980816,
        0.015637870870439954,
        0.023162817422662352,
        -0.03456994944896241,
        0.0388006882931015,
        0.07287344193799702,
        0.45639740239253046,
        -0.2259330767500754,
        0.5292708443305265,
        -0.10904475311935731,
        0.13483694765376147,
        -0.2605030261990411,
        0.568071532623629,
        -0.43323458496986994,
        1.0000000000000002,
        0.9999999999999993,
        2.0,
        4.0,
        8.0,
        -0.5,
        -4.012875857760317,
        0.0625,
        1.0129507467218808,
        -2.2351987044203296,
        -1.7776771533399893,
        0.125,
        0.125,
        0.26325732188637774,
        -0.3155082102444168,
        0.568928163733085,
        -1.1849218076917143,
        0.8694135974472987,
        -0.1420133408359251,
        -0.908263555892689,
        0.44402258298879344,
        -1.0502768967286134,
        0.25000000000000044,
        0.24999999999999956,
        0.49999999999999956,
        0.07710628438350514,
        -0.08015708164726673,
        0.09033563129532493,
        -0.09584422266999729,
        0.01568714102272905,
        0.15421256876702327,
        -0.18067126259065594,
        0.3084251375340412,
        -0.6168502750680835,
        0.4361790124774285,
        0.06913989889792585,
        0.4518661535001599,
        -0.2180895062387157,
        0.5210060523980865,
        -0.015637870870438282,
        -0.023162817422662435,
        0.03456994944896179,
        -0.03880068829309948,
        -0.07287344193799855,
        -0.45639740239253124,
        0.22593307675007873,
        -0.5292708443305287,
        0.10904475311935619,
        -0.1348369476537603,
        0.2605030261990426,
        -0.568071532623631,
        0.43323458496986933,
        0.4999999999999999,
        0.4999999999999999,
        1.0000000000000009,
        2.0000000000000004,
        0.03855314219175557,
        -0.038927129127199256,
        0.04007854082363425,
        -0.04051395051200864,
        0.001586821384812264,
        0.04516781564766206,
        -0.045834314936894084,
        0.04792211133500186,
        -0.048778742444455486,
        0.002944427507561208,
        0.0037335430400720557,
        0.004531248892372958,
        -0.007843570511364865,
        0.008264791932444077,
        0.07710628438351588,
        -0.08015708164727509,
        0.09033563129532818,
        -0.095844222670001,
        0.01568714102272782,
        0.15421256876702172,
        -0.18067126259065558,
        0.30842513753404294,
        -0.6168502750680859,
        0.43617901247743307,
        0.06913989889792621,
        0.45186615350015746,
        -0.2180895062387132,
        0.5210060523980816,
        0.015637870870439954,
        0.023162817422662352,
        -0.03456994944896241,
        0.0388006882931015,
        0.07287344193799702,
        0.45639740239253046,
        -0.2259330767500754,
        0.5292708443305265,
        -0.10904475311935731,
        0.13483694765376147,
        -0.2605030261990411,
        0.568071532623629,
        -0.43323458496986994,
        1.0000000000000002,
        0.9999999999999993,
        2.0,
        4.0,
        8.0,
        0.5
    ],