{
    "load_date": "2026-02-02 20:48:05.239979",
    "potential": "linear",
    "cutoff": 8,
    "N": 2,
    "a": 1.0,
    "c": null,
    "x_max": 8.0,
    "boundary_condition": "periodic",
    "num_qubits": 8,
    "H_size": [
        256,
        256
    ],
    "H_dense_mem_estimate_bytes": 1048576,
    "H_sparse_mem_estimate_bytes": 77828,
    "H_pauli_time": "0:00:00.009790",
    "H_creation_time": "0:00:00.002858",
    "H_eigenvalue_time": "0:00:00.010240",
    "eigenvalues": [
        -0.2822297359685744,
        0.7177702640314116,
        0.7177702640314344,
        1.6979383192569244,
        1.6979383192569326,
        1.7177702640314076,
        1.9063508329679228,
        1.906350832967923
    ],
    "best_basis_state": [
        1,
        1,
        0,
        0,
        0,
        1,
        0,
        0
    ],
    "basis_prob": 0.9428453195545493,
    "num_paulis": 33,
    "pauli_coeffs": [
        22.848169128218615,
        -0.2632573218863786,
        1.0,
        0.07710628438351075,
        -0.1542125687670213,
        -0.10904475311935745,
        2.0,
        2.0,
        0.0385531421917553,
        -0.045167815647663735,
        0.07710628438351047,
        -0.1542125687670211,
        0.10904475311935752,
        4.0,
        4.0,
        8.0,
        -0.5,
        -0.2632573218863786,
        1.0,
        0.07710628438351075,
        -0.1542125687670213,
        -0.10904475311935745,
        2.0,
        2.0,
        0.0385531421917553,
        -0.045167815647663735,
        0.07710628438351047,
        -0.1542125687670211,
        0.10904475311935752,
        4.0,
        4.0,
        8.0,
        0.5
    ],
    "pauli_labels": [
        "IIIIIIII",
        "IIIIIIIX",
        "IIIIIIIZ",
        "IIIIIIXI",
        "IIIIIIXX",
        "IIIIIIYY",
        "IIIIIIZI",
        "IIIIIIZZ",
        "IIIIIXII",
        "IIIIIXIX",
        "IIIIIXXI",
        "IIIIIXXX",
        "IIIIIXYY",
        "IIIIIZII",
        "IIIIIZIZ",
        "IIIIIZZI",
        "IIIIZIII",
        "IIIXIIII",
        "IIIZIIII",
        "IIXIIIII",
        "IIXXIIII",
        "IIYYIIII",
        "IIZIIIII",
        "IIZZIIII",
        "IXIIIIII",
        "IXIXIIII",
        "IXXIIIII",
        "IXXXIIII",
        "IXYYIIII",
        "IZIIIIII",
        "IZIZIIII",
        "IZZIIIII",
        "ZIIIIIII"
    ],
    "boson_position_marginals": {
        "site_0": {
            "x_grid": [
                -8.0,
                -6.0,
                -4.0,
                -2.0,
                0.0,
                2.0,
                4.0,
                6.0
            ],
            "P_x": [
                6.350809138779042e-07,
                2.5419615459131216e-06,
                2.23619330936769e-05,
                0.014473666425455875,
                0.971002224278883,
                0.014473666425456277,
                2.2361933093676766e-05,
                2.5419615459131516e-06
            ],
            "edge_mass_2": 2.8080937099380945e-05
        },
        "site_1": {
            "x_grid": [
                -8.0,
                -6.0,
                -4.0,
                -2.0,
                0.0,
                2.0,
                4.0,
                6.0
            ],
            "P_x": [
                6.350809138779201e-07,
                2.541961545913156e-06,
                2.236193309367648e-05,
                0.014473666425456107,
                0.971002224278883,
                0.014473666425456106,
                2.2361933093676725e-05,
                2.541961545913363e-06
            ],
            "edge_mass_2": 2.808093709938116e-05
        }
    }
}