{
    "load_date": "2026-02-02 20:48:05.678378",
    "potential": "linear",
    "cutoff": 16,
    "N": 2,
    "a": 1.0,
    "c": null,
    "x_max": 8.0,
    "boundary_condition": "periodic",
    "num_qubits": 10,
    "H_size": [
        1024,
        1024
    ],
    "H_dense_mem_estimate_bytes": 16777216,
    "H_sparse_mem_estimate_bytes": 638980,
    "H_pauli_time": "0:00:00.394025",
    "H_creation_time": "0:00:00.003128",
    "H_eigenvalue_time": "0:00:00.038843",
    "eigenvalues": [
        -0.000371909173213772,
        0.9996280908267627,
        0.9996280908267821,
        1.0027861622163208,
        1.0027861622163372,
        1.9730971969343112,
        1.9730971969343178,
        1.9996280908267616
    ],
    "best_basis_state": [
        1,
        1,
        0,
        0,
        0,
        0,
        1,
        0,
        0,
        0
    ],
    "basis_prob": 0.31928905518466316,
    "num_paulis": 77,
    "pauli_coeffs": [
        24.815570228490955,
        -1.0129507467218795,
        0.25,
        0.26325732188637874,
        -0.5689281637330847,
        -0.44402258298879427,
        0.5,
        0.5,
        0.07710628438351039,
        -0.09033563129532758,
        0.15421256876702136,
        -0.3084251375340423,
        0.21808950623871545,
        -0.03456994944896344,
        -0.22593307675007912,
        0.1090447531193579,
        -0.2605030261990429,
        1.0,
        1.0,
        2.0,
        0.03855314219175529,
        -0.04007854082363541,
        0.045167815647663784,
        -0.04792211133500027,
        0.007843570511364403,
        0.07710628438351078,
        -0.09033563129532743,
        0.15421256876702094,
        -0.30842513753404255,
        0.21808950623871495,
        0.03456994944896273,
        0.22593307675007923,
        -0.10904475311935703,
        0.2605030261990423,
        2.0,
        2.0,
        4.0,
        8.0,
        -0.5,
        -1.0129507467218795,
        0.25,
        0.26325732188637874,
        -0.5689281637330847,
        -0.44402258298879427,
        0.5,
        0.5,
        0.07710628438351039,
        -0.09033563129532758,
        0.15421256876702136,
        -0.3084251375340423,
        0.21808950623871545,
        -0.03456994944896344,
        -0.22593307675007912,
        0.1090447531193579,
        -0.2605030261990429,
        1.0,
        1.0,
        2.0,
        0.03855314219175529,
        -0.04007854082363541,
        0.045167815647663784,
        -0.04792211133500027,
        0.007843570511364403,
        0.07710628438351078,
        -0.09033563129532743,
        0.15421256876702094,
        -0.30842513753404255,
        0.21808950623871495,
        0.03456994944896273,
        0.22593307675007923,
        -0.10904475311935703,
        0.2605030261990423,
        2.0,
        2.0,
        4.0,
        8.0,
        0.5
    ],
    "pauli_labels": [
        "IIIIIIIIII",
        "IIIIIIIIIX",
        "IIIIIIIIIZ",
        "IIIIIIIIXI",
        "IIIIIIIIXX",
        "IIIIIIIIYY",
        "IIIIIIIIZI",
        "IIIIIIIIZZ",
        "IIIIIIIXII",
        "IIIIIIIXIX",
        "IIIIIIIXXI",
        "IIIIIIIXXX",
        "IIIIIIIXYY",
        "IIIIIIIYIY",
        "IIIIIIIYXY",
        "IIIIIIIYYI",
        "IIIIIIIYYX",
        "IIIIIIIZII",
        "IIIIIIIZIZ",
        "IIIIIIIZZI",
        "IIIIIIXIII",
        "IIIIIIXIIX",
        "IIIIIIXIXI",
        "IIIIIIXIXX",
        "IIIIIIXIYY",
        "IIIIIIXXII",
        "IIIIIIXXIX",
        "IIIIIIXXXI",
        "IIIIIIXXXX",
        "IIIIIIXXYY",
        "IIIIIIXYIY",
        "IIIIIIXYXY",
        "IIIIIIXYYI",
        "IIIIIIXYYX",
        "IIIIIIZIII",
        "IIIIIIZIIZ",
        "IIIIIIZIZI",
        "IIIIIIZZII",
        "IIIIIZIIII",
        "IIIIXIIIII",
        "IIIIZIIIII",
        "IIIXIIIIII",
        "IIIXXIIIII",
        "IIIYYIIIII",
        "IIIZIIIIII",
        "IIIZZIIIII",
        "IIXIIIIIII",
        "IIXIXIIIII",
        "IIXXIIIIII",
        "IIXXXIIIII",
        "IIXYYIIIII",
        "IIYIYIIIII",
        "IIYXYIIIII",
        "IIYYIIIIII",
        "IIYYXIIIII",
        "IIZIIIIIII",
        "IIZIZIIIII",
        "IIZZIIIIII",
        "IXIIIIIIII",
        "IXIIXIIIII",
        "IXIXIIIIII",
        "IXIXXIIIII",
        "IXIYYIIIII",
        "IXXIIIIIII",
        "IXXIXIIIII",
        "IXXXIIIIII",
        "IXXXXIIIII",
        "IXXYYIIIII",
        "IXYIYIIIII",
        "IXYXYIIIII",
        "IXYYIIIIII",
        "IXYYXIIIII",
        "IZIIIIIIII",
        "IZIIZIIIII",
        "IZIZIIIIII",
        "IZZIIIIIII",
        "ZIIIIIIIII"
    ],
    "boson_position_marginals": {
        "site_0": {
            "x_grid": [
                -8.0,
                -7.0,
                -6.0,
                -5.0,
                -4.0,
                -3.0,
                -2.0,
                -1.0,
                0.0,
                1.0,
                2.0,
                3.0,
                4.0,
                5.0,
                6.0,
                7.0
            ],
            "P_x": [
                4.402973358314043e-10,
                7.360195981022128e-10,
                1.2592172022839098e-09,
                2.4147456800166486e-09,
                3.844747660838866e-08,
                7.028344288647678e-05,
                0.010330231255965007,
                0.20707110064314974,
                0.5650566831607801,
                0.2070711006431484,
                0.01033023125596483,
                7.028344288647636e-05,
                3.8447476608414574e-08,
                2.414745680013421e-09,
                1.2592172022859077e-09,
                7.360195981028239e-10
            ],
            "edge_mass_2": 3.1715537343223485e-09
        },
        "site_1": {
            "x_grid": [
                -8.0,
                -7.0,
                -6.0,
                -5.0,
                -4.0,
                -3.0,
                -2.0,
                -1.0,
                0.0,
                1.0,
                2.0,
                3.0,
                4.0,
                5.0,
                6.0,
                7.0
            ],
            "P_x": [
                4.402973358314842e-10,
                7.360195981021049e-10,
                1.2592172022842688e-09,
                2.41474568001671e-09,
                3.844747660839118e-08,
                7.028344288647812e-05,
                0.010330231255964979,
                0.20707110064314924,
                0.56505668316078,
                0.20707110064314896,
                0.010330231255964897,
                7.028344288647836e-05,
                3.8447476608414706e-08,
                2.414745680013313e-09,
                1.2592172022859474e-09,
                7.360195981028503e-10
            ],
            "edge_mass_2": 3.1715537343223865e-09
        }
    }
}