{
    "load_date": "2026-02-02 20:48:05.204644",
    "potential": "linear",
    "cutoff": 2,
    "N": 2,
    "a": 1.0,
    "c": null,
    "x_max": 8.0,
    "boundary_condition": "periodic",
    "num_qubits": 4,
    "H_size": [
        16,
        16
    ],
    "H_dense_mem_estimate_bytes": 4096,
    "H_sparse_mem_estimate_bytes": 1028,
    "H_pauli_time": "0:00:00.001634",
    "H_creation_time": "0:00:00.002308",
    "H_eigenvalue_time": "0:00:00.000409",
    "eigenvalues": [
        -0.9229866120299521,
        0.07701338797004188,
        0.07701338797004192,
        1.0770133879700439,
        31.077106284383486,
        31.077106284383518,
        32.07710628438345,
        32.077106284383504
    ],
    "best_basis_state": [
        1,
        1,
        0,
        1
    ],
    "basis_prob": 0.9999970969976141,
    "num_paulis": 7,
    "pauli_coeffs": [
        32.077106284383504,
        -0.0385531421917553,
        15.999999999999998,
        -0.5,
        -0.0385531421917553,
        15.999999999999998,
        0.5
    ],
    "pauli_labels": [
        "IIII",
        "IIIX",
        "IIIZ",
        "IIZI",
        "IXII",
        "IZII",
        "ZIII"
    ],
    "boson_position_marginals": {
        "site_0": {
            "x_grid": [
                -8.0,
                0.0
            ],
            "P_x": [
                1.4515022466442021e-06,
                0.9999985484977538
            ],
            "edge_mass_2": 2.000000000000001
        },
        "site_1": {
            "x_grid": [
                -8.0,
                0.0
            ],
            "P_x": [
                1.4515022466441602e-06,
                0.9999985484977538
            ],
            "edge_mass_2": 2.000000000000001
        }
    }
}