{
    "load_date": "2026-01-26 11:04:53.449232",
    "potential": "linear",
    "cutoff": 8,
    "N": 6,
    "a": 1.0,
    "c": null,
    "boundary_condition": "dirichlet",
    "num_qubits": 24,
    "H_size": [
        16777216,
        16777216
    ],
    "H_dense_mem_estimate_bytes": 4503599627370496,
    "H_sparse_mem_estimate_bytes": 16173236228,
    "H_pauli_time": "0:00:00.018834",
    "H_creation_time": "0:00:02.347158",
    "H_eigenvalue_time": "0:45:46.842954",
    "eigenvalues": [
        -0.004944903468596042,
        1.0195137662925342,
        1.0195137662925384,
        1.0313949579902022,
        1.0313949579902064,
        1.1735030304774603,
        1.1735030304774732,
        1.1858366061666612
    ],
    "best_basis_state": [
        1,
        1,
        0,
        0,
        0,
        1,
        0,
        0,
        1,
        1,
        0,
        0,
        0,
        1,
        0,
        0,
        1,
        1,
        0,
        0,
        0,
        1,
        0,
        0
    ],
    "basis_prob": 0.042380665482575554,
    "num_paulis": 143,
    "pauli_coeffs": [
        33.3030295386234,
        -1.0530292875455145,
        0.25,
        0.308425137534043,
        -0.6168502750680852,
        -0.43617901247742974,
        0.5,
        0.625,
        0.1542125687670212,
        -0.18067126259065494,
        0.3084251375340419,
        -0.6168502750680844,
        0.4361790124774301,
        1.0,
        1.25,
        2.5,
        -0.5,
        -1.0530292875455145,
        0.3125,
        0.308425137534043,
        -0.6168502750680852,
        -0.43617901247742974,
        0.625,
        0.75,
        0.1542125687670212,
        -0.18067126259065494,
        0.3084251375340419,
        -0.6168502750680844,
        0.4361790124774301,
        1.25,
        1.5,
        3.0,
        0.5,
        -1.0530292875455145,
        0.25,
        0.308425137534043,
        -0.6168502750680852,
        -0.43617901247742974,
        0.5,
        0.75,
        0.1542125687670212,
        -0.18067126259065494,
        0.3084251375340419,
        -0.6168502750680844,
        0.4361790124774301,
        1.0,
        1.5,
        3.0,
        -0.5,
        -1.0530292875455145,
        0.25,
        0.308425137534043,
        -0.6168502750680852,
        -0.43617901247742974,
        0.5,
        0.75,
        0.1542125687670212,
        -0.18067126259065494,
        0.3084251375340419,
        -0.6168502750680844,
        0.4361790124774301,
        1.0,
        1.5,
        3.0,
        0.5,
        -1.0530292875455145,
        0.3125,
        0.308425137534043,
        -0.6168502750680852,
        -0.43617901247742974,
        0.625,
        0.75,
        0.1542125687670212,
        -0.18067126259065494,
        0.3084251375340419,
        -0.6168502750680844,
        0.4361790124774301,
        1.25,
        1.5,
        3.0,
        -0.5,
        -1.0530292875455145,
        0.25,
        0.308425137534043,
        -0.6168502750680852,
        -0.43617901247742974,
        0.5,
        0.625,
        0.1542125687670212,
        -0.18067126259065494,
        0.3084251375340419,
        -0.6168502750680844,
        0.4361790124774301,
        1.0,
        1.25,
        2.5,
        0.5,
        0.25,
        0.25,
        0.25,
        0.25,
        0.25,
        0.25,
        0.25,
        0.25,
        0.25,
        0.25,
        -0.0625,
        -0.125,
        -0.25,
        -0.125,
        -0.25,
        -0.5,
        -0.25,
        -0.5,
        -1.0,
        -0.0625,
        -0.125,
        -0.25,
        -0.125,
        -0.25,
        -0.5,
        -0.25,
        -0.5,
        -1.0,
        -0.0625,
        -0.125,
        -0.25,
        -0.125,
        -0.25,
        -0.5,
        -0.25,
        -0.5,
        -1.0,
        -0.0625,
        -0.125,
        -0.25,
        -0.125,
        -0.25,
        -0.5,
        -0.25,
        -0.5,
        -1.0
    ],
    "pauli_labels": [
        "IIIIIIIIIIIIIIIIIIIIIIII",
        "IIIIIIIIIIIIIIIIIIIIIIIX",
        "IIIIIIIIIIIIIIIIIIIIIIIZ",
        "IIIIIIIIIIIIIIIIIIIIIIXI",
        "IIIIIIIIIIIIIIIIIIIIIIXX",
        "IIIIIIIIIIIIIIIIIIIIIIYY",
        "IIIIIIIIIIIIIIIIIIIIIIZI",
        "IIIIIIIIIIIIIIIIIIIIIIZZ",
        "IIIIIIIIIIIIIIIIIIIIIXII",
        "IIIIIIIIIIIIIIIIIIIIIXIX",
        "IIIIIIIIIIIIIIIIIIIIIXXI",
        "IIIIIIIIIIIIIIIIIIIIIXXX",
        "IIIIIIIIIIIIIIIIIIIIIXYY",
        "IIIIIIIIIIIIIIIIIIIIIZII",
        "IIIIIIIIIIIIIIIIIIIIIZIZ",
        "IIIIIIIIIIIIIIIIIIIIIZZI",
        "IIIIIIIIIIIIIIIIIIIIZIII",
        "IIIIIIIIIIIIIIIIIIIXIIII",
        "IIIIIIIIIIIIIIIIIIIZIIII",
        "IIIIIIIIIIIIIIIIIIXIIIII",
        "IIIIIIIIIIIIIIIIIIXXIIII",
        "IIIIIIIIIIIIIIIIIIYYIIII",
        "IIIIIIIIIIIIIIIIIIZIIIII",
        "IIIIIIIIIIIIIIIIIIZZIIII",
        "IIIIIIIIIIIIIIIIIXIIIIII",
        "IIIIIIIIIIIIIIIIIXIXIIII",
        "IIIIIIIIIIIIIIIIIXXIIIII",
        "IIIIIIIIIIIIIIIIIXXXIIII",
        "IIIIIIIIIIIIIIIIIXYYIIII",
        "IIIIIIIIIIIIIIIIIZIIIIII",
        "IIIIIIIIIIIIIIIIIZIZIIII",
        "IIIIIIIIIIIIIIIIIZZIIIII",
        "IIIIIIIIIIIIIIIIZIIIIIII",
        "IIIIIIIIIIIIIIIXIIIIIIII",
        "IIIIIIIIIIIIIIIZIIIIIIII",
        "IIIIIIIIIIIIIIXIIIIIIIII",
        "IIIIIIIIIIIIIIXXIIIIIIII",
        "IIIIIIIIIIIIIIYYIIIIIIII",
        "IIIIIIIIIIIIIIZIIIIIIIII",
        "IIIIIIIIIIIIIIZZIIIIIIII",
        "IIIIIIIIIIIIIXIIIIIIIIII",
        "IIIIIIIIIIIIIXIXIIIIIIII",
        "IIIIIIIIIIIIIXXIIIIIIIII",
        "IIIIIIIIIIIIIXXXIIIIIIII",
        "IIIIIIIIIIIIIXYYIIIIIIII",
        "IIIIIIIIIIIIIZIIIIIIIIII",
        "IIIIIIIIIIIIIZIZIIIIIIII",
        "IIIIIIIIIIIIIZZIIIIIIIII",
        "IIIIIIIIIIIIZIIIIIIIIIII",
        "IIIIIIIIIIIXIIIIIIIIIIII",
        "IIIIIIIIIIIZIIIIIIIIIIII",
        "IIIIIIIIIIXIIIIIIIIIIIII",
        "IIIIIIIIIIXXIIIIIIIIIIII",
        "IIIIIIIIIIYYIIIIIIIIIIII",
        "IIIIIIIIIIZIIIIIIIIIIIII",
        "IIIIIIIIIIZZIIIIIIIIIIII",
        "IIIIIIIIIXIIIIIIIIIIIIII",
        "IIIIIIIIIXIXIIIIIIIIIIII",
        "IIIIIIIIIXXIIIIIIIIIIIII",
        "IIIIIIIIIXXXIIIIIIIIIIII",
        "IIIIIIIIIXYYIIIIIIIIIIII",
        "IIIIIIIIIZIIIIIIIIIIIIII",
        "IIIIIIIIIZIZIIIIIIIIIIII",
        "IIIIIIIIIZZIIIIIIIIIIIII",
        "IIIIIIIIZIIIIIIIIIIIIIII",
        "IIIIIIIXIIIIIIIIIIIIIIII",
        "IIIIIIIZIIIIIIIIIIIIIIII",
        "IIIIIIXIIIIIIIIIIIIIIIII",
        "IIIIIIXXIIIIIIIIIIIIIIII",
        "IIIIIIYYIIIIIIIIIIIIIIII",
        "IIIIIIZIIIIIIIIIIIIIIIII",
        "IIIIIIZZIIIIIIIIIIIIIIII",
        "IIIIIXIIIIIIIIIIIIIIIIII",
        "IIIIIXIXIIIIIIIIIIIIIIII",
        "IIIIIXXIIIIIIIIIIIIIIIII",
        "IIIIIXXXIIIIIIIIIIIIIIII",
        "IIIIIXYYIIIIIIIIIIIIIIII",
        "IIIIIZIIIIIIIIIIIIIIIIII",
        "IIIIIZIZIIIIIIIIIIIIIIII",
        "IIIIIZZIIIIIIIIIIIIIIIII",
        "IIIIZIIIIIIIIIIIIIIIIIII",
        "IIIXIIIIIIIIIIIIIIIIIIII",
        "IIIZIIIIIIIIIIIIIIIIIIII",
        "IIXIIIIIIIIIIIIIIIIIIIII",
        "IIXXIIIIIIIIIIIIIIIIIIII",
        "IIYYIIIIIIIIIIIIIIIIIIII",
        "IIZIIIIIIIIIIIIIIIIIIIII",
        "IIZZIIIIIIIIIIIIIIIIIIII",
        "IXIIIIIIIIIIIIIIIIIIIIII",
        "IXIXIIIIIIIIIIIIIIIIIIII",
        "IXXIIIIIIIIIIIIIIIIIIIII",
        "IXXXIIIIIIIIIIIIIIIIIIII",
        "IXYYIIIIIIIIIIIIIIIIIIII",
        "IZIIIIIIIIIIIIIIIIIIIIII",
        "IZIZIIIIIIIIIIIIIIIIIIII",
        "IZZIIIIIIIIIIIIIIIIIIIII",
        "ZIIIIIIIIIIIIIIIIIIIIIII",
        "IIIIIIIIIIIIIIIIXIIIXIII",
        "IIIIIIIIIIIIIIIIYIIIYIII",
        "IIIIIIIIIIIIXIIIXIIIIIII",
        "IIIIIIIIIIIIYIIIYIIIIIII",
        "IIIIIIIIXIIIXIIIIIIIIIII",
        "IIIIIIIIYIIIYIIIIIIIIIII",
        "IIIIXIIIXIIIIIIIIIIIIIII",
        "IIIIYIIIYIIIIIIIIIIIIIII",
        "XIIIXIIIIIIIIIIIIIIIIIII",
        "YIIIYIIIIIIIIIIIIIIIIIII",
        "IIIIIIIIIIIIIIIZIIIIIIIZ",
        "IIIIIIIIIIIIIIIZIIIIIIZI",
        "IIIIIIIIIIIIIIIZIIIIIZII",
        "IIIIIIIIIIIIIIZIIIIIIIIZ",
