{
    "load_date": "2026-01-26 10:19:03.264896",
    "potential": "linear",
    "cutoff": 4,
    "N": 6,
    "a": 1.0,
    "c": null,
    "boundary_condition": "dirichlet",
    "num_qubits": 18,
    "H_size": [
        262144,
        262144
    ],
    "H_dense_mem_estimate_bytes": 1099511627776,
    "H_sparse_mem_estimate_bytes": 126877700,
    "H_pauli_time": "0:00:00.007423",
    "H_creation_time": "0:00:00.014417",
    "H_eigenvalue_time": "0:00:08.306047",
    "eigenvalues": [
        -1.1542253684285335,
        -0.12976669866738436,
        -0.12976669866738047,
        0.024222565517556603,
        0.02422256551757375,
        0.19178536738650911,
        0.19178536738651566,
        0.8946919710937581
    ],
    "best_basis_state": [
        1,
        1,
        0,
        0,
        1,
        0,
        1,
        1,
        0,
        0,
        1,
        0,
        1,
        1,
        0,
        0,
        1,
        0
    ],
    "basis_prob": 0.7042288109593631,
    "num_paulis": 69,
    "pauli_coeffs": [
        27.27582623780638,
        -0.30842513753404244,
        0.9999999999999996,
        0.15421256876702122,
        -0.30842513753404244,
        2.0,
        2.5,
        -0.5,
        -0.30842513753404244,
        1.2499999999999996,
        0.15421256876702122,
        -0.30842513753404244,
        2.5,
        3.0,
        0.5,
        -0.30842513753404244,
        0.9999999999999996,
        0.15421256876702122,
        -0.30842513753404244,
        2.0,
        3.0,
        -0.5,
        -0.30842513753404244,
        0.9999999999999996,
        0.15421256876702122,
        -0.30842513753404244,
        2.0,
        3.0,
        0.5,
        -0.30842513753404244,
        1.2499999999999996,
        0.15421256876702122,
        -0.30842513753404244,
        2.5,
        3.0,
        -0.5,
        -0.30842513753404244,
        0.9999999999999996,
        0.15421256876702122,
        -0.30842513753404244,
        2.0,
        2.5,
        0.5,
        0.25,
        0.25,
        0.25,
        0.25,
        0.25,
        0.25,
        0.25,
        0.25,
        0.25,
        0.25,
        -0.25,
        -0.5,
        -0.5,
        -1.0,
        -0.25,
        -0.5,
        -0.5,
        -1.0,
        -0.25,
        -0.5,
        -0.5,
        -1.0,
        -0.25,
        -0.5,
        -0.5,
        -1.0
    ],
    "pauli_labels": [
        "IIIIIIIIIIIIIIIIII",
        "IIIIIIIIIIIIIIIIIX",
        "IIIIIIIIIIIIIIIIIZ",
        "IIIIIIIIIIIIIIIIXI",
        "IIIIIIIIIIIIIIIIXX",
        "IIIIIIIIIIIIIIIIZI",
        "IIIIIIIIIIIIIIIIZZ",
        "IIIIIIIIIIIIIIIZII",
        "IIIIIIIIIIIIIIXIII",
        "IIIIIIIIIIIIIIZIII",
        "IIIIIIIIIIIIIXIIII",
        "IIIIIIIIIIIIIXXIII",
        "IIIIIIIIIIIIIZIIII",
        "IIIIIIIIIIIIIZZIII",
        "IIIIIIIIIIIIZIIIII",
        "IIIIIIIIIIIXIIIIII",
        "IIIIIIIIIIIZIIIIII",
        "IIIIIIIIIIXIIIIIII",
        "IIIIIIIIIIXXIIIIII",
        "IIIIIIIIIIZIIIIIII",
        "IIIIIIIIIIZZIIIIII",
        "IIIIIIIIIZIIIIIIII",
        "IIIIIIIIXIIIIIIIII",
        "IIIIIIIIZIIIIIIIII",
        "IIIIIIIXIIIIIIIIII",
        "IIIIIIIXXIIIIIIIII",
        "IIIIIIIZIIIIIIIIII",
        "IIIIIIIZZIIIIIIIII",
        "IIIIIIZIIIIIIIIIII",
        "IIIIIXIIIIIIIIIIII",
        "IIIIIZIIIIIIIIIIII",
        "IIIIXIIIIIIIIIIIII",
        "IIIIXXIIIIIIIIIIII",
        "IIIIZIIIIIIIIIIIII",
        "IIIIZZIIIIIIIIIIII",
        "IIIZIIIIIIIIIIIIII",
        "IIXIIIIIIIIIIIIIII",
        "IIZIIIIIIIIIIIIIII",
        "IXIIIIIIIIIIIIIIII",
        "IXXIIIIIIIIIIIIIII",
        "IZIIIIIIIIIIIIIIII",
        "IZZIIIIIIIIIIIIIII",
        "ZIIIIIIIIIIIIIIIII",
        "IIIIIIIIIIIIXIIXII",
        "IIIIIIIIIIIIYIIYII",
        "IIIIIIIIIXIIXIIIII",
        "IIIIIIIIIYIIYIIIII",
        "IIIIIIXIIXIIIIIIII",
        "IIIIIIYIIYIIIIIIII",
        "IIIXIIXIIIIIIIIIII",
        "IIIYIIYIIIIIIIIIII",
        "XIIXIIIIIIIIIIIIII",
        "YIIYIIIIIIIIIIIIII",
        "IIIIIIIIIIIZIIIIIZ",
        "IIIIIIIIIIIZIIIIZI",
        "IIIIIIIIIIZIIIIIIZ",
        "IIIIIIIIIIZIIIIIZI",
        "IIIIIIIIZIIIIIZIII",
        "IIIIIIIIZIIIIZIIII",
        "IIIIIIIZIIIIIIZIII",
        "IIIIIIIZIIIIIZIIII",
        "IIIIIZIIIIIZIIIIII",
        "IIIIIZIIIIZIIIIIII",
        "IIIIZIIIIIIZIIIIII",
        "IIIIZIIIIIZIIIIIII",
        "IIZIIIIIZIIIIIIIII",
        "IIZIIIIZIIIIIIIIII",
        "IZIIIIIIZIIIIIIIII",
        "IZIIIIIZIIIIIIIIII"
    ],
    "boson_position_marginals": {
        "site_0": {
            "x_grid": [
                -4.0,
                -2.0,
                0.0,
                2.0
            ],
            "P_x": [
                6.941226416422215e-05,
                0.012326497033252934,
                0.9752797159826515,
                0.012324374719919401
            ],
            "edge_mass_2": 0.9999999999999881
        },
        "site_1": {
            "x_grid": [
                -4.0,
                -2.0,
                0.0,
                2.0
            ],
            "P_x": [
                6.15682887006365e-05,
                0.008923587963677173,
                0.9820925635573318,
                0.008922280190284813
            ],
            "edge_mass_2": 0.9999999999999944
        },
        "site_2": {
            "x_grid": [
                -4.0,
                -2.0,
                0.0,
                2.0
            ],
            "P_x": [
                6.155434271238768e-05,
                0.00895831409243761,
                0.9820244654247622,
                0.008955666140080993
            ],
            "edge_mass_2": 0.9999999999999932
        },
        "site_3": {
            "x_grid": [
                -4.0,
                -2.0,
                0.0,
                2.0
            ],
            "P_x": [
                6.155434271238754e-05,
                0.008958314092437683,
                0.9820244654247643,
                0.008955666140080967
            ],
            "edge_mass_2": 0.9999999999999953
        },
        "site_4": {
            "x_grid": [
                -4.0,
                -2.0,
                0.0,
                2.0
            ],
            "P_x": [
                6.156828870063613e-05,
                0.008923587963677275,
                0.9820925635573303,
                0.008922280190284773
            ],
            "edge_mass_2": 0.999999999999993
        },
        "site_5": {
            "x_grid": [
                -4.0,
                -2.0,
                0.0,
                2.0
            ],
            "P_x": [
                6.941226416422353e-05,
                0.012326497033252977,
                0.975279715982657,
                0.012324374719919222
            ],
            "edge_mass_2": 0.9999999999999933
        }
    }
}