{
    "load_date": "2026-01-26 10:18:54.919116",
    "potential": "linear",
    "cutoff": 2,
    "N": 6,
    "a": 1.0,
    "c": null,
    "boundary_condition": "dirichlet",
    "num_qubits": 12,
    "H_size": [
        4096,
        4096
    ],
    "H_dense_mem_estimate_bytes": 268435456,
    "H_sparse_mem_estimate_bytes": 999428,
    "H_pauli_time": "0:00:00.006022",
    "H_creation_time": "0:00:00.002400",
    "H_eigenvalue_time": "0:00:00.064749",
    "eigenvalues": [
        -2.6363236081859727,
        -1.6118649384248398,
        -1.6118649384248283,
        -1.4578756742398922,
        -1.45787567423988,
        -1.2903128723709432,
        -1.2903128723709334,
        -0.5874062686636857
    ],
    "best_basis_state": [
        1,
        1,
        0,
        1,
        1,
        1,
        0,
        1,
        1,
        1,
        0,
        1
    ],
    "basis_prob": 0.7949676369261718,
    "num_paulis": 33,
    "pauli_coeffs": [
        30.925275412602126,
        -0.1542125687670212,
        4.0,
        -0.5,
        -0.1542125687670212,
        5.0,
        0.5,
        -0.1542125687670212,
        4.0,
        -0.5,
        -0.1542125687670212,
        4.0,
        0.5,
        -0.1542125687670212,
        5.0,
        -0.5,
        -0.1542125687670212,
        4.0,
        0.5,
        0.25,
        0.25,
        0.25,
        0.25,
        0.25,
        0.25,
        0.25,
        0.25,
        0.25,
        0.25,
        -1.0,
        -1.0,
        -1.0,
        -1.0
    ],
    "pauli_labels": [
        "IIIIIIIIIIII",
        "IIIIIIIIIIIX",
        "IIIIIIIIIIIZ",
        "IIIIIIIIIIZI",
        "IIIIIIIIIXII",
        "IIIIIIIIIZII",
        "IIIIIIIIZIII",
        "IIIIIIIXIIII",
        "IIIIIIIZIIII",
        "IIIIIIZIIIII",
        "IIIIIXIIIIII",
        "IIIIIZIIIIII",
        "IIIIZIIIIIII",
        "IIIXIIIIIIII",
        "IIIZIIIIIIII",
        "IIZIIIIIIIII",
        "IXIIIIIIIIII",
        "IZIIIIIIIIII",
        "ZIIIIIIIIIII",
        "IIIIIIIIXIXI",
        "IIIIIIIIYIYI",
        "IIIIIIXIXIII",
        "IIIIIIYIYIII",
        "IIIIXIXIIIII",
        "IIIIYIYIIIII",
        "IIXIXIIIIIII",
        "IIYIYIIIIIII",
        "XIXIIIIIIIII",
        "YIYIIIIIIIII",
        "IIIIIIIZIIIZ",
        "IIIIIZIIIZII",
        "IIIZIIIZIIII",
        "IZIIIZIIIIII"
    ],
    "boson_position_marginals": {
        "site_0": {
            "x_grid": [
                -4.0,
                0.0
            ],
            "P_x": [
                0.000237685901716181,
                0.9997623140982769
            ],
            "edge_mass_2": 1.999999999999986
        },
        "site_1": {
            "x_grid": [
                -4.0,
                0.0
            ],
            "P_x": [
                0.00016509052328681463,
                0.9998349094767064
            ],
            "edge_mass_2": 1.9999999999999865
        },
        "site_2": {
            "x_grid": [
                -4.0,
                0.0
            ],
            "P_x": [
                0.00016512441040031153,
                0.9998348755895928
            ],
            "edge_mass_2": 1.9999999999999862
        },
        "site_3": {
            "x_grid": [
                -4.0,
                0.0
            ],
            "P_x": [
                0.00016512441040031147,
                0.9998348755895932
            ],
            "edge_mass_2": 1.999999999999987
        },
        "site_4": {
            "x_grid": [
                -4.0,
                0.0
            ],
            "P_x": [
                0.00016509052328681496,
                0.9998349094767065
            ],
            "edge_mass_2": 1.9999999999999867
        },
        "site_5": {
            "x_grid": [
                -4.0,
                0.0
            ],
            "P_x": [
                0.00023768590171618296,
                0.999762314098277
            ],
            "edge_mass_2": 1.9999999999999862
        }
    }
}