{
    "load_date": "2025-12-09 15:16:03.928230",
    "potential": "linear",
    "cutoff": 16,
    "N": 3,
    "a": 1.0,
    "c": null,
    "boundary_condition": "dirichlet",
    "num_qubits": 15,
    "num_paulis": 1146,
    "dense_H_size": [
        32768,
        32768
    ],
    "min_eigenvalue": -3.6042420179791245e-15,
    "basis": [
        0,
        0,
        0,
        0,
        0,
        1,
        0,
        0,
        0,
        0,
        0,
        0,
        0,
        0,
        0
    ],
    "tol": 1e-10,
    "dt": 1.0,
    "n_steps": 1,
    "max_k": 15,
    "final_k": 5,
    "converged": true,
    "all_energies": [
        3.868302571160932e-08,
        8.694121768050838e-09,
        1.7313338121710731e-09,
        3.0923231277616085e-10,
        2.8115088287352525e-10
    ],
    "all_run_data": [
        {
            "D": 1,
            "t": 1.0,
            "circuit_time": "0:00:00.282821",
            "num_samples": 264,
            "H_reduced_size": [
                264,
                264
            ],
            "reduction": 99.1943359375,
            "H_reduced_e": 3.868302571160932e-08,
            "eigenvalue_time": "0:00:00.032490",
            "diff": 3.8683029315851336e-08,
            "change_from_prev": null
        },
        {
            "D": 2,
            "t": 2.0,
            "circuit_time": "0:00:00.271321",
            "num_samples": 1051,
            "H_reduced_size": [
                1051,
                1051
            ],
            "reduction": 96.7926025390625,
            "H_reduced_e": 8.694121768050838e-09,
            "eigenvalue_time": "0:00:00.086794",
            "diff": 8.694125372292856e-09,
            "change_from_prev": 2.998890394355848e-08
        },
        {
            "D": 3,
            "t": 3.0,
            "circuit_time": "0:00:00.267109",
            "num_samples": 1461,
            "H_reduced_size": [
                1461,
                1461
            ],
            "reduction": 95.5413818359375,
            "H_reduced_e": 1.7313338121710731e-09,
            "eigenvalue_time": "0:00:00.098903",
            "diff": 1.7313374164130912e-09,
            "change_from_prev": 6.962787955879765e-09
        },
        {
            "D": 4,
            "t": 4.0,
            "circuit_time": "0:00:00.291686",
            "num_samples": 1697,
            "H_reduced_size": [
                1697,
                1697
            ],
            "reduction": 94.8211669921875,
            "H_reduced_e": 3.0923231277616085e-10,
            "eigenvalue_time": "0:00:00.113381",
            "diff": 3.0923591701817884e-10,
            "change_from_prev": 1.4221014993949124e-09
        },
        {
            "D": 5,
            "t": 5.0,
            "circuit_time": "0:00:00.295426",
            "num_samples": 2209,
            "H_reduced_size": [
                2209,
                2209
            ],
            "reduction": 93.2586669921875,
            "H_reduced_e": 2.8115088287352525e-10,
            "eigenvalue_time": "0:00:00.117674",
            "diff": 2.8115448711554324e-10,
            "change_from_prev": 2.80814299026356e-11
        }
    ]
}