{
    "load_date": "2026-02-02 19:31:43.392273",
    "potential": "linear",
    "cutoff": 16,
    "N": 2,
    "a": 1.0,
    "c": null,
    "x_max": 5.0,
    "boundary_condition": "dirichlet",
    "num_qubits": 10,
    "H_size": [
        1024,
        1024
    ],
    "H_dense_mem_estimate_bytes": 16777216,
    "H_sparse_mem_estimate_bytes": 659460,
    "H_pauli_time": "0:00:00.418878",
    "H_creation_time": "0:00:00.001283",
    "H_eigenvalue_time": "0:00:00.033221",
    "eigenvalues": [
        -0.11803398900885133,
        0.8819660173203425,
        0.8819660173203517,
        0.9999999997410389,
        0.999999999741044,
        1.8819658677878215,
        1.8819658677878346,
        1.8819660236495612
    ],
    "best_basis_state": [
        1,
        1,
        0,
        0,
        0,
        0,
        1,
        0,
        0,
        0
    ],
    "basis_prob": 0.11777636875546471,
    "num_paulis": 79,
    "pauli_coeffs": [
        16.886297284936845,
        -2.5931539116080113,
        0.09765624999999911,
        0.6739387440291296,
        -1.4564560991566968,
        -1.1366978124513132,
        0.19531249999999956,
        0.19531249999999956,
        0.19739208802178637,
        -0.23125921611603845,
        0.39478417604357463,
        -0.7895683520871484,
        0.5583091359711116,
        -0.0884990705893464,
        -0.5783886764802024,
        0.27915456798555605,
        -0.6668877470695498,
        0.3906249999999998,
        0.3906249999999998,
        0.7812499999999998,
        0.09869604401089377,
        -0.10260106450850683,
        0.11562960805801938,
        -0.1226806050176007,
        0.020079540509092726,
        0.19739208802178737,
        -0.23125921611603817,
        0.39478417604357363,
        -0.7895683520871485,
        0.5583091359711102,
        0.08849907058934474,
        0.5783886764802028,
        -0.27915456798555416,
        0.6668877470695481,
        0.78125,
        0.7812499999999998,
        1.5625,
        3.125,
        -0.5,
        -2.5931539116080113,
        0.09765624999999911,
        0.6739387440291296,
        -1.4564560991566968,
        -1.1366978124513132,
        0.19531249999999956,
        0.19531249999999956,
        0.19739208802178637,
        -0.23125921611603845,
        0.39478417604357463,
        -0.7895683520871484,
        0.5583091359711116,
        -0.0884990705893464,
        -0.5783886764802024,
        0.27915456798555605,
        -0.6668877470695498,
        0.3906249999999998,
        0.3906249999999998,
        0.7812499999999998,
        0.09869604401089377,
        -0.10260106450850683,
        0.11562960805801938,
        -0.1226806050176007,
        0.020079540509092726,
        0.19739208802178737,
        -0.23125921611603817,
        0.39478417604357363,
        -0.7895683520871485,
        0.5583091359711102,
        0.08849907058934474,
        0.5783886764802028,
        -0.27915456798555416,
        0.6668877470695481,
        0.78125,
        0.7812499999999998,
        1.5625,
        3.125,
        0.5,
        0.25,
        0.25
    ],
    "pauli_labels": [
        "IIIIIIIIII",
        "IIIIIIIIIX",
        "IIIIIIIIIZ",
        "IIIIIIIIXI",
        "IIIIIIIIXX",
        "IIIIIIIIYY",
        "IIIIIIIIZI",
        "IIIIIIIIZZ",
        "IIIIIIIXII",
        "IIIIIIIXIX",
        "IIIIIIIXXI",
        "IIIIIIIXXX",
        "IIIIIIIXYY",
        "IIIIIIIYIY",
        "IIIIIIIYXY",
        "IIIIIIIYYI",
        "IIIIIIIYYX",
        "IIIIIIIZII",
        "IIIIIIIZIZ",
        "IIIIIIIZZI",
        "IIIIIIXIII",
        "IIIIIIXIIX",
        "IIIIIIXIXI",
        "IIIIIIXIXX",
        "IIIIIIXIYY",
        "IIIIIIXXII",
        "IIIIIIXXIX",
        "IIIIIIXXXI",
        "IIIIIIXXXX",
        "IIIIIIXXYY",
        "IIIIIIXYIY",
        "IIIIIIXYXY",
        "IIIIIIXYYI",
        "IIIIIIXYYX",
        "IIIIIIZIII",
        "IIIIIIZIIZ",
        "IIIIIIZIZI",
        "IIIIIIZZII",
        "IIIIIZIIII",
        "IIIIXIIIII",
        "IIIIZIIIII",
        "IIIXIIIIII",
        "IIIXXIIIII",
        "IIIYYIIIII",
        "IIIZIIIIII",
        "IIIZZIIIII",
        "IIXIIIIIII",
        "IIXIXIIIII",
        "IIXXIIIIII",
        "IIXXXIIIII",
        "IIXYYIIIII",
        "IIYIYIIIII",
        "IIYXYIIIII",
        "IIYYIIIIII",
        "IIYYXIIIII",
        "IIZIIIIIII",
        "IIZIZIIIII",
        "IIZZIIIIII",
        "IXIIIIIIII",
        "IXIIXIIIII",
        "IXIXIIIIII",
        "IXIXXIIIII",
        "IXIYYIIIII",
        "IXXIIIIIII",
        "IXXIXIIIII",
        "IXXXIIIIII",
        "IXXXXIIIII",
        "IXXYYIIIII",
        "IXYIYIIIII",
        "IXYXYIIIII",
        "IXYYIIIIII",
        "IXYYXIIIII",
        "IZIIIIIIII",
        "IZIIZIIIII",
        "IZIZIIIIII",
        "IZZIIIIIII",
        "ZIIIIIIIII",
        "XIIIIXIIII",
        "YIIIIYIIII"
    ],
    "boson_position_marginals": {
        "site_0": {
            "x_grid": [
                -5.0,
                -4.375,
                -3.75,
                -3.125,
                -2.5,
                -1.875,
                -1.25,
                -0.625,
                0.0,
                0.625,
                1.25,
                1.875,
                2.5,
                3.125,
                3.75,
                4.375
            ],
            "P_x": [
                1.9615619527038657e-11,
                1.7273291594917972e-09,
                2.75452214209792e-07,
                2.0237161279410348e-05,
                0.0006807137519694216,
                0.010483070246314756,
                0.07391285866650843,
                0.23859358285238416,
                0.35261852026437984,
                0.23859358285238408,
                0.07391285866650817,
                0.01048307024631482,
                0.0006807137519694328,
                2.0237161279408664e-05,
                2.754522142095587e-07,
                1.7273291594944624e-09
            ],
            "edge_mass_2": 2.78926488148072e-07
        },
        "site_1": {
            "x_grid": [
                -5.0,
                -4.375,
                -3.75,
                -3.125,
                -2.5,
                -1.875,
                -1.25,
                -0.625,
                0.0,
                0.625,
                1.25,
                1.875,
                2.5,
                3.125,
                3.75,
                4.375
            ],
            "P_x": [
                1.961561952734097e-11,
                1.7273291594922323e-09,
                2.7545221420976446e-07,
                2.023716127941011e-05,
                0.0006807137519694207,
                0.010483070246314764,
                0.0739128586665084,
                0.23859358285238444,
                0.35261852026438006,
                0.23859358285238397,
                0.07391285866650793,
                0.010483070246314738,
                0.0006807137519694214,
                2.023716127940821e-05,
                2.7545221420955625e-07,
                1.7273291594986688e-09
            ],
            "edge_mass_2": 2.7892648814807453e-07
        }
    }
}