{
    "load_date": "2026-02-02 19:31:42.905221",
    "potential": "linear",
    "cutoff": 2,
    "N": 2,
    "a": 1.0,
    "c": null,
    "x_max": 5.0,
    "boundary_condition": "dirichlet",
    "num_qubits": 4,
    "H_size": [
        16,
        16
    ],
    "H_dense_mem_estimate_bytes": 4096,
    "H_sparse_mem_estimate_bytes": 1348,
    "H_pauli_time": "0:00:00.001568",
    "H_creation_time": "0:00:00.000303",
    "H_eigenvalue_time": "0:00:00.000445",
    "eigenvalues": [
        -0.9222003490342062,
        0.19583363971568601,
        0.19583363971569018,
        1.3138676284655795,
        11.579358099271886,
        11.579358099271904,
        12.697392088021786,
        12.697392088021786
    ],
    "best_basis_state": [
        1,
        1,
        0,
        1
    ],
    "basis_prob": 0.9470955192277754,
    "num_paulis": 9,
    "pauli_coeffs": [
        12.697392088021786,
        -0.09869604401089355,
        6.25,
        -0.5,
        -0.09869604401089355,
        6.25,
        0.5,
        0.25,
        0.25
    ],
    "pauli_labels": [
        "IIII",
        "IIIX",
        "IIIZ",
        "IIZI",
        "IXII",
        "IZII",
        "ZIII",
        "XIXI",
        "YIYI"
    ],
    "boson_position_marginals": {
        "site_0": {
            "x_grid": [
                -5.0,
                0.0
            ],
            "P_x": [
                6.23301611772404e-05,
                0.9999376698388225
            ],
            "edge_mass_2": 1.9999999999999996
        },
        "site_1": {
            "x_grid": [
                -5.0,
                0.0
            ],
            "P_x": [
                6.233016117723515e-05,
                0.9999376698388225
            ],
            "edge_mass_2": 1.9999999999999993
        }
    }
}