{
    "load_date": "2026-02-02 19:38:37.839641",
    "potential": "linear",
    "cutoff": 32,
    "N": 2,
    "a": 1.0,
    "c": null,
    "x_max": 5.0,
    "boundary_condition": "dirichlet",
    "num_qubits": 12,
    "H_size": [
        4096,
        4096
    ],
    "H_dense_mem_estimate_bytes": 268435456,
    "H_sparse_mem_estimate_bytes": 5259268,
    "H_pauli_time": "0:00:27.038937",
    "H_creation_time": "0:00:00.002353",
    "H_eigenvalue_time": "0:00:00.248568",
    "eigenvalues": [
        -0.11803398890563344,
        0.8819660148232945,
        0.8819660148233117,
        0.9999999998442197,
        0.9999999998442485,
        1.8819659250196443,
        1.8819659250196614,
        1.881966018552243
    ],
    "best_basis_state": [
        1,
        1,
        0,
        0,
        0,
        0,
        0,
        1,
        0,
        0,
        0,
        0
    ],
    "basis_prob": 0.029444087082624647,
    "num_paulis": 197,
    "pauli_coeffs": [
        42.10365642672559,
        -10.272962195866413,
        0.0244140625,
        2.5931539116080153,
        -5.722108683316044,
        -4.550853512550374,
        0.04882812499999911,
        0.04882812500000089,
        0.6739387440291265,
        -0.807701018225707,
        1.4564560991566977,
        -3.033399827690789,
        2.2256988094650856,
        -0.3635541525399679,
        -2.325154703085284,
        1.1366978124513105,
        -2.6887088556252503,
        0.09765625,
        0.09765625000000089,
        0.1953125,
        0.19739208802177322,
        -0.20520212901700308,
        0.23125921611603187,
        -0.24536121003519287,
        0.040159081018185966,
        0.39478417604357885,
        -0.46251843223207867,
        0.7895683520871455,
        -1.5791367041742934,
        1.1166182719422169,
        0.17699814117869023,
        1.1567773529604088,
        -0.5583091359711121,
        1.333775494139101,
        -0.040032949428322875,
        -0.059296812602015914,
        0.08849907058934345,
        -0.09932976203033567,
        -0.18655601136127586,
        -1.1683773501248795,
        0.5783886764802011,
        -1.3549333614861527,
        0.27915456798555216,
        -0.3451825859936268,
        0.6668877470695498,
        -1.4542631235164953,
        1.109080537522865,
        0.1953125000000009,
        0.1953125,
        0.39062500000000044,
        0.78125,
        0.09869604401089338,
        -0.09965345056562942,
        0.10260106450850309,
        -0.10371571331074149,
        0.00406226274511963,
        0.11562960805801392,
        -0.11733584623844774,
        0.1226806050176038,
        -0.12487358065780517,
        0.0075377344193568036,
        0.009557870182583951,
        0.011599997164474973,
        -0.02007954050909371,
        0.021157867347056606,
        0.19739208802180103,
        -0.2052021290170243,
        0.23125921611604006,
        -0.2453612100352023,
        0.0401590810181828,
        0.39478417604357496,
        -0.46251843223207767,
        0.7895683520871493,
        -1.5791367041742992,
        1.1166182719422284,
        0.1769981411786904,
        1.1567773529604028,
        -0.5583091359711055,
        1.3337754941390887,
        0.04003294942832718,
        0.059296812602015615,
        -0.08849907058934509,
        0.09932976203034075,
        0.18655601136127198,
        1.1683773501248778,
        -0.5783886764801924,
        1.3549333614861474,
        -0.2791545679855548,
        0.3451825859936295,
        -0.6668877470695463,
        1.4542631235164913,
        -1.1090805375228663,
        0.3906250000000002,
        0.39062500000000044,
        0.7812499999999993,
        1.5625000000000009,
        3.125000000000001,
        -0.5,
        -10.272962195866413,
        0.0244140625,
        2.5931539116080153,
        -5.722108683316044,
        -4.550853512550374,
        0.04882812499999911,
        0.04882812500000089,
        0.6739387440291265,
        -0.807701018225707,
        1.4564560991566977,
        -3.033399827690789,
        2.2256988094650856,
        -0.3635541525399679,
        -2.325154703085284,
        1.1366978124513105,
        -2.6887088556252503,
        0.09765625,
        0.09765625000000089,
        0.1953125,
        0.19739208802177322,
        -0.20520212901700308,
        0.23125921611603187,
        -0.24536121003519287,
        0.040159081018185966,
        0.39478417604357885,
        -0.46251843223207867,
        0.7895683520871455,
        -1.5791367041742934,
        1.1166182719422169,
        0.17699814117869023,
        1.1567773529604088,
        -0.5583091359711121,
        1.333775494139101,
        -0.040032949428322875,
        -0.059296812602015914,
        0.08849907058934345,
        -0.09932976203033567,
        -0.18655601136127586,
        -1.1683773501248795,
        0.5783886764802011,
        -1.3549333614861527,
        0.27915456798555216,
        -0.3451825859936268,
        0.6668877470695498,
        -1.4542631235164953,
        1.109080537522865,
        0.1953125000000009,
        0.1953125,
        0.39062500000000044,
        0.78125,
        0.09869604401089338,
        -0.09965345056562942,
        0.10260106450850309,
        -0.10371571331074149,
        0.00406226274511963,
        0.11562960805801392,
        -0.11733584623844774,
        0.1226806050176038,
        -0.12487358065780517,
        0.0075377344193568036,
        0.009557870182583951,
        0.011599997164474973,
        -0.02007954050909371,
        0.021157867347056606,
        0.19739208802180103,
        -0.2052021290170243,
        0.23125921611604006,
        -0.2453612100352023,
        0.0401590810181828,
        0.39478417604357496,
        -0.46251843223207767,
        0.7895683520871493,
        -1.5791367041742992,
        1.1166182719422284,
        0.1769981411786904,
        1.1567773529604028,
        -0.5583091359711055,
        1.3337754941390887,
        0.04003294942832718,
        0.059296812602015615,
        -0.08849907058934509,
        0.09932976203034075,
        0.18655601136127198,
        1.1683773501248778,
        -0.5783886764801924,
        1.3549333614861474,
        -0.2791545679855548,
        0.3451825859936295,
        -0.6668877470695463,
        1.4542631235164913,
        -1.1090805375228663,
        0.3906250000000002,
        0.39062500000000044,
        0.7812499999999993,
        1.5625000000000009,
        3.125000000000001,
        0.5,
        0.25,
        0.25
    ],