{
    "load_date": "2026-02-02 19:31:42.913441",
    "potential": "linear",
    "cutoff": 4,
    "N": 2,
    "a": 1.0,
    "c": null,
    "x_max": 5.0,
    "boundary_condition": "dirichlet",
    "num_qubits": 6,
    "H_size": [
        64,
        64
    ],
    "H_dense_mem_estimate_bytes": 65536,
    "H_sparse_mem_estimate_bytes": 10500,
    "H_pauli_time": "0:00:00.001902",
    "H_creation_time": "0:00:00.000327",
    "H_eigenvalue_time": "0:00:00.003976",
    "eigenvalues": [
        -0.5747334142219317,
        0.5433005745279624,
        0.5433005745279625,
        1.6613345632778538,
        2.4760083865358715,
        2.476008386535879,
        2.6885286954231136,
        2.688528695423117
    ],
    "best_basis_state": [
        1,
        1,
        0,
        0,
        1,
        0
    ],
    "basis_prob": 0.9334714052582296,
    "num_paulis": 17,
    "pauli_coeffs": [
        9.967176264065362,
        -0.19739208802178715,
        1.5625,
        0.09869604401089357,
        -0.19739208802178715,
        3.125,
        3.125,
        -0.5,
        -0.19739208802178715,
        1.5625,
        0.09869604401089357,
        -0.19739208802178715,
        3.125,
        3.125,
        0.5,
        0.25,
        0.25
    ],
    "pauli_labels": [
        "IIIIII",
        "IIIIIX",
        "IIIIIZ",
        "IIIIXI",
        "IIIIXX",
        "IIIIZI",
        "IIIIZZ",
        "IIIZII",
        "IIXIII",
        "IIZIII",
        "IXIIII",
        "IXXIII",
        "IZIIII",
        "IZZIII",
        "ZIIIII",
        "XIIXII",
        "YIIYII"
    ],
    "boson_position_marginals": {
        "site_0": {
            "x_grid": [
                -5.0,
                -2.5,
                0.0,
                2.5
            ],
            "P_x": [
                3.5454447727542056e-05,
                0.003622528300500428,
                0.9927194889512697,
                0.003622528300500488
            ],
            "edge_mass_2": 0.9999999999999981
        },
        "site_1": {
            "x_grid": [
                -5.0,
                -2.5,
                0.0,
                2.5
            ],
            "P_x": [
                3.54544477275424e-05,
                0.0036225283005004508,
                0.9927194889512698,
                0.0036225283005004378
            ],
            "edge_mass_2": 0.9999999999999983
        }
    }
}