{
    "load_date": "2026-02-02 19:31:42.936650",
    "potential": "linear",
    "cutoff": 8,
    "N": 2,
    "a": 1.0,
    "c": null,
    "x_max": 5.0,
    "boundary_condition": "dirichlet",
    "num_qubits": 8,
    "H_size": [
        256,
        256
    ],
    "H_dense_mem_estimate_bytes": 1048576,
    "H_sparse_mem_estimate_bytes": 82948,
    "H_pauli_time": "0:00:00.010701",
    "H_creation_time": "0:00:00.001136",
    "H_eigenvalue_time": "0:00:00.009580",
    "eigenvalues": [
        -0.12804464654031245,
        0.9248245578636913,
        0.9248245578636971,
        0.989989342209578,
        0.9899893422095821,
        1.68935057382405,
        1.689350573824059,
        1.9776937622677022
    ],
    "best_basis_state": [
        1,
        1,
        0,
        0,
        0,
        1,
        0,
        0
    ],
    "basis_prob": 0.47733062212965893,
    "num_paulis": 35,
    "pauli_coeffs": [
        10.765062968239658,
        -0.6739387440291293,
        0.390625,
        0.19739208802178745,
        -0.3947841760435744,
        -0.27915456798555516,
        0.78125,
        0.78125,
        0.09869604401089338,
        -0.115629608058019,
        0.19739208802178673,
        -0.3947841760435739,
        0.2791545679855552,
        1.5625,
        1.5625,
        3.125,
        -0.5,
        -0.6739387440291293,
        0.390625,
        0.19739208802178745,
        -0.3947841760435744,
        -0.27915456798555516,
        0.78125,
        0.78125,
        0.09869604401089338,
        -0.115629608058019,
        0.19739208802178673,
        -0.3947841760435739,
        0.2791545679855552,
        1.5625,
        1.5625,
        3.125,
        0.5,
        0.25,
        0.25
    ],
    "pauli_labels": [
        "IIIIIIII",
        "IIIIIIIX",
        "IIIIIIIZ",
        "IIIIIIXI",
        "IIIIIIXX",
        "IIIIIIYY",
        "IIIIIIZI",
        "IIIIIIZZ",
        "IIIIIXII",
        "IIIIIXIX",
        "IIIIIXXI",
        "IIIIIXXX",
        "IIIIIXYY",
        "IIIIIZII",
        "IIIIIZIZ",
        "IIIIIZZI",
        "IIIIZIII",
        "IIIXIIII",
        "IIIZIIII",
        "IIXIIIII",
        "IIXXIIII",
        "IIYYIIII",
        "IIZIIIII",
        "IIZZIIII",
        "IXIIIIII",
        "IXIXIIII",
        "IXXIIIII",
        "IXXXIIII",
        "IXYYIIII",
        "IZIIIIII",
        "IZIZIIII",
        "IZZIIIII",
        "ZIIIIIII",
        "XIIIXIII",
        "YIIIYIII"
    ],
    "boson_position_marginals": {
        "site_0": {
            "x_grid": [
                -5.0,
                -3.75,
                -2.5,
                -1.25,
                0.0,
                1.25,
                2.5,
                3.75
            ],
            "P_x": [
                3.02755912334124e-07,
                2.5999403837907865e-06,
                0.0012432996130367353,
                0.143813339247818,
                0.7098812196416074,
                0.14381333924781814,
                0.0012432996130367364,
                2.5999403837909457e-06
            ],
            "edge_mass_2": 0.0012488022497166521
        },
        "site_1": {
            "x_grid": [
                -5.0,
                -3.75,
                -2.5,
                -1.25,
                0.0,
                1.25,
                2.5,
                3.75
            ],
            "P_x": [
                3.0275591233410864e-07,
                2.5999403837909614e-06,
                0.0012432996130367297,
                0.14381333924781764,
                0.709881219641608,
                0.14381333924781797,
                0.001243299613036732,
                2.5999403837912473e-06
            ],
            "edge_mass_2": 0.0012488022497166484
        }
    }
}