{
    "load_date": "2026-02-02 20:45:50.996799",
    "potential": "linear",
    "cutoff": 16,
    "N": 3,
    "a": 1.0,
    "c": null,
    "x_max": 2.0,
    "boundary_condition": "periodic",
    "num_qubits": 15,
    "H_size": [
        32768,
        32768
    ],
    "H_dense_mem_estimate_bytes": 17179869184,
    "H_sparse_mem_estimate_bytes": 32243716,
    "H_pauli_time": "0:00:00.496261",
    "H_creation_time": "0:00:00.008986",
    "H_eigenvalue_time": "0:00:04.045393",
    "eigenvalues": [
        -0.03196061856215868,
        0.5626751262077171,
        1.1634250975361935,
        1.2488157878421882,
        1.4937347358976611,
        1.493734735897695,
        1.7488157878421726,
        1.7580608423060484
    ],
    "best_basis_state": [
        0,
        1,
        0,
        0,
        0,
        1,
        1,
        0,
        0,
        0,
        0,
        1,
        0,
        0,
        0
    ],
    "basis_prob": 0.0028182021454731233,
    "num_paulis": 169,
    "pauli_coeffs": [
        82.58540423378295,
        -16.20721194755007,
        0.015625,
        4.21211715018206,
        -9.102850619729356,
        -7.104361327820708,
        0.03125000000000089,
        0.04687499999999911,
        1.2337005501361662,
        -1.4453701007252413,
        2.4674011002723417,
        -4.934802200544677,
        3.4894320998194472,
        -0.553119191183415,
        -3.614929228001266,
        1.7447160499097265,
        -4.168048419184687,
        0.06250000000000089,
        0.09374999999999911,
        0.1875000000000009,
        0.6168502750680847,
        -0.6412566531781666,
        0.7226850503626205,
        -0.7667537813600043,
        0.12549712818183045,
        1.2337005501361724,
        -1.4453701007252389,
        2.467401100272335,
        -4.934802200544681,
        3.4894320998194392,
        0.5531191911834037,
        3.6149292280012677,
        -1.7447160499097125,
        4.168048419184677,
        0.12499999999999978,
        0.18750000000000022,
        0.3749999999999998,
        0.7499999999999993,
        -0.5,
        -16.20721194755007,
        0.015625,
        4.21211715018206,
        -9.102850619729356,
        -7.104361327820708,
        0.03125000000000089,
        0.04687499999999911,
        1.2337005501361662,
        -1.4453701007252413,
        2.4674011002723417,
        -4.934802200544677,
        3.4894320998194472,
        -0.553119191183415,
        -3.614929228001266,
        1.7447160499097265,
        -4.168048419184687,
        0.06250000000000089,
        0.09374999999999911,
        0.1875000000000009,
        0.6168502750680847,
        -0.6412566531781666,
        0.7226850503626205,
        -0.7667537813600043,
        0.12549712818183045,
        1.2337005501361724,
        -1.4453701007252389,
        2.467401100272335,
        -4.934802200544681,
        3.4894320998194392,
        0.5531191911834037,
        3.6149292280012677,
        -1.7447160499097125,
        4.168048419184677,
        0.12499999999999978,
        0.18750000000000022,
        0.3749999999999998,
        0.7499999999999993,
        0.5,
        -16.20721194755007,
        0.015625,
        4.21211715018206,
        -9.102850619729356,
        -7.104361327820708,
        0.03125000000000089,
        0.04687499999999911,
        1.2337005501361662,
        -1.4453701007252413,
        2.4674011002723417,
        -4.934802200544677,
        3.4894320998194472,
        -0.553119191183415,
        -3.614929228001266,
        1.7447160499097265,
        -4.168048419184687,
        0.06250000000000089,
        0.09374999999999911,
        0.1875000000000009,
        0.6168502750680847,
        -0.6412566531781666,
        0.7226850503626205,
        -0.7667537813600043,
        0.12549712818183045,
        1.2337005501361724,
        -1.4453701007252389,
        2.467401100272335,
        -4.934802200544681,
        3.4894320998194392,
        0.5531191911834037,
        3.6149292280012677,
        -1.7447160499097125,
        4.168048419184677,
        0.12499999999999978,
        0.18750000000000022,
        0.3749999999999998,
        0.7499999999999993,
        -0.5,
        0.25,
        0.25,
        0.25,
        0.25,
        -0.25,
        -0.25,
        -0.00390625,
        -0.0078125,
        -0.015625,
        -0.03125,
        -0.0078125,
        -0.015625,
        -0.03125,
        -0.0625,
        -0.015625,
        -0.03125,
        -0.0625,
        -0.125,
        -0.03125,
        -0.0625,
        -0.125,
        -0.25,
        -0.00390625,
        -0.0078125,
        -0.015625,
        -0.03125,
        -0.0078125,
        -0.015625,
        -0.03125,
        -0.0625,
        -0.015625,
        -0.03125,
        -0.0625,
        -0.125,
        -0.03125,
        -0.0625,
        -0.125,
        -0.25,
        -0.00390625,
        -0.0078125,
        -0.015625,
        -0.03125,
        -0.0078125,
        -0.015625,
        -0.03125,
        -0.0625,
        -0.015625,
        -0.03125,
        -0.0625,
        -0.125,
        -0.03125,
        -0.0625,
        -0.125,
        -0.25
    ],