{
    "load_date": "2026-02-02 20:45:46.434553",
    "potential": "linear",
    "cutoff": 8,
    "N": 3,
    "a": 1.0,
    "c": null,
    "x_max": 2.0,
    "boundary_condition": "periodic",
    "num_qubits": 12,
    "H_size": [
        4096,
        4096
    ],
    "H_dense_mem_estimate_bytes": 268435456,
    "H_sparse_mem_estimate_bytes": 2064388,
    "H_pauli_time": "0:00:00.021672",
    "H_creation_time": "0:00:00.001937",
    "H_eigenvalue_time": "0:00:00.140106",
    "eigenvalues": [
        -0.02676484894955963,
        0.5678708958203394,
        1.1696138151220212,
        1.2540115574548334,
        1.49359147629884,
        1.4935914762988625,
        1.7540115574548327,
        1.76424955989193
    ],
    "best_basis_state": [
        0,
        1,
        0,
        0,
        1,
        1,
        0,
        0,
        0,
        1,
        0,
        0
    ],
    "basis_prob": 0.02279385458169883,
    "num_paulis": 82,
    "pauli_coeffs": [
        23.402934077246798,
        -4.212117150182058,
        0.0625,
        1.233700550136172,
        -2.467401100272341,
        -1.7447160499097192,
        0.125,
        0.1875,
        0.6168502750680848,
        -0.7226850503626198,
        1.2337005501361675,
        -2.4674011002723377,
        1.7447160499097203,
        0.25,
        0.375,
        0.75,
        -0.5,
        -4.212117150182058,
        0.0625,
        1.233700550136172,
        -2.467401100272341,
        -1.7447160499097192,
        0.125,
        0.1875,
        0.6168502750680848,
        -0.7226850503626198,
        1.2337005501361675,
        -2.4674011002723377,
        1.7447160499097203,
        0.25,
        0.375,
        0.75,
        0.5,
        -4.212117150182058,
        0.0625,
        1.233700550136172,
        -2.467401100272341,
        -1.7447160499097192,
        0.125,
        0.1875,
        0.6168502750680848,
        -0.7226850503626198,
        1.2337005501361675,
        -2.4674011002723377,
        1.7447160499097203,
        0.25,
        0.375,
        0.75,
        -0.5,
        0.25,
        0.25,
        0.25,
        0.25,
        -0.25,
        -0.25,
        -0.015625,
        -0.03125,
        -0.0625,
        -0.03125,
        -0.0625,
        -0.125,
        -0.0625,
        -0.125,
        -0.25,
        -0.015625,
        -0.03125,
        -0.0625,
        -0.03125,
        -0.0625,
        -0.125,
        -0.0625,
        -0.125,
        -0.25,
        -0.015625,
        -0.03125,
        -0.0625,
        -0.03125,
        -0.0625,
        -0.125,
        -0.0625,
        -0.125,
        -0.25
    ],
    "pauli_labels": [
        "IIIIIIIIIIII",
        "IIIIIIIIIIIX",
        "IIIIIIIIIIIZ",
        "IIIIIIIIIIXI",
        "IIIIIIIIIIXX",
        "IIIIIIIIIIYY",
        "IIIIIIIIIIZI",
        "IIIIIIIIIIZZ",
        "IIIIIIIIIXII",
        "IIIIIIIIIXIX",
        "IIIIIIIIIXXI",
        "IIIIIIIIIXXX",
        "IIIIIIIIIXYY",
        "IIIIIIIIIZII",
        "IIIIIIIIIZIZ",
        "IIIIIIIIIZZI",
        "IIIIIIIIZIII",
        "IIIIIIIXIIII",
        "IIIIIIIZIIII",
        "IIIIIIXIIIII",
        "IIIIIIXXIIII",
        "IIIIIIYYIIII",
        "IIIIIIZIIIII",
        "IIIIIIZZIIII",
        "IIIIIXIIIIII",
        "IIIIIXIXIIII",
        "IIIIIXXIIIII",
        "IIIIIXXXIIII",
        "IIIIIXYYIIII",
        "IIIIIZIIIIII",
        "IIIIIZIZIIII",
        "IIIIIZZIIIII",
        "IIIIZIIIIIII",
        "IIIXIIIIIIII",
        "IIIZIIIIIIII",
        "IIXIIIIIIIII",
        "IIXXIIIIIIII",
        "IIYYIIIIIIII",
        "IIZIIIIIIIII",
        "IIZZIIIIIIII",
        "IXIIIIIIIIII",
        "IXIXIIIIIIII",
        "IXXIIIIIIIII",
        "IXXXIIIIIIII",
        "IXYYIIIIIIII",
        "IZIIIIIIIIII",
        "IZIZIIIIIIII",
        "IZZIIIIIIIII",
        "ZIIIIIIIIIII",
        "IIIIXIIIXIII",
        "IIIIYIIIYIII",
        "XIIIXIIIIIII",
        "YIIIYIIIIIII",
        "XIIIIIIIXIII",
        "YIIIIIIIYIII",
        "IIIZIIIZIIII",
        "IIZIIIIZIIII",
        "IZIIIIIZIIII",
        "IIIZIIZIIIII",
        "IIZIIIZIIIII",
        "IZIIIIZIIIII",
        "IIIZIZIIIIII",
        "IIZIIZIIIIII",
        "IZIIIZIIIIII",
        "IIIIIIIZIIIZ",
        "IIIIIIIZIIZI",
        "IIIIIIIZIZII",
        "IIIIIIZIIIIZ",
        "IIIIIIZIIIZI",
        "IIIIIIZIIZII",
        "IIIIIZIIIIIZ",
        "IIIIIZIIIIZI",
        "IIIIIZIIIZII",
        "IIIZIIIIIIIZ",
        "IIIZIIIIIIZI",
        "IIIZIIIIIZII",
        "IIZIIIIIIIIZ",
        "IIZIIIIIIIZI",
        "IIZIIIIIIZII",
        "IZIIIIIIIIIZ",
        "IZIIIIIIIIZI",
        "IZIIIIIIIZII"
    ],
    "boson_position_marginals": {
        "site_0": {
            "x_grid": [
                -2.0,
                -1.5,
                -1.0,
                -0.5,
                0.0,
                0.5,
                1.0,
                1.5
            ],
            "P_x": [
                0.011216000295652373,
                0.02819322426588936,
                0.09855791009218605,
                0.2251354558356169,
                0.2964990097567638,
                0.21993839341963523,
                0.09406369011271143,
                0.026396316221537913
            ],
            "edge_mass_2": 0.15986923089579108
        },
        "site_1": {
            "x_grid": [
                -2.0,
                -1.5,
                -1.0,
                -0.5,
                0.0,
                0.5,
                1.0,
                1.5
            ],
            "P_x": [
                0.011216000295652385,
                0.028193224265889445,
                0.09855791009218634,
                0.22513545583561717,
                0.29649900975676374,
                0.21993839341963484,
                0.09406369011271118,
                0.02639631622153784
            ],
            "edge_mass_2": 0.15986923089579086
        },
        "site_2": {
            "x_grid": [
                -2.0,
                -1.5,
                -1.0,
                -0.5,
                0.0,
                0.5,
                1.0,
                1.5
            ],
            "P_x": [
                0.011216000295652371,
                0.028193224265889494,
                0.09855791009218648,
                0.2251354558356174,
                0.29649900975676374,
                0.21993839341963467,
                0.09406369011271098,
                0.02639631622153778
            ],
            "edge_mass_2": 0.15986923089579064
        }
    }
}