{
    "load_date": "2026-02-02 20:45:46.267522",
    "potential": "linear",
    "cutoff": 4,
    "N": 3,
    "a": 1.0,
    "c": null,
    "x_max": 2.0,
    "boundary_condition": "periodic",
    "num_qubits": 9,
    "H_size": [
        512,
        512
    ],
    "H_dense_mem_estimate_bytes": 4194304,
    "H_sparse_mem_estimate_bytes": 135172,
    "H_pauli_time": "0:00:00.006420",
    "H_creation_time": "0:00:00.001135",
    "H_eigenvalue_time": "0:00:00.013592",
    "eigenvalues": [
        -0.011566607753820205,
        0.5830691370160807,
        1.1759540937682509,
        1.269209798650586,
        1.4738728293809364,
        1.473872829380944,
        1.7692097986505828,
        1.7705898385381493
    ],
    "best_basis_state": [
        0,
        1,
        0,
        1,
        1,
        0,
        0,
        1,
        0
    ],
    "basis_prob": 0.1902476623955676,
    "num_paulis": 40,
    "pauli_coeffs": [
        8.739152475612762,
        -1.2337005501361697,
        0.2500000000000002,
        0.6168502750680849,
        -1.2337005501361697,
        0.5,
        0.75,
        -0.5,
        -1.2337005501361697,
        0.2500000000000002,
        0.6168502750680849,
        -1.2337005501361697,
        0.5,
        0.75,
        0.5,
        -1.2337005501361697,
        0.2500000000000002,
        0.6168502750680849,
        -1.2337005501361697,
        0.5,
        0.75,
        -0.5,
        0.25,
        0.25,
        0.25,
        0.25,
        -0.25,
        -0.25,
        -0.0625,
        -0.125,
        -0.125,
        -0.25,
        -0.0625,
        -0.125,
        -0.125,
        -0.25,
        -0.0625,
        -0.125,
        -0.125,
        -0.25
    ],
    "pauli_labels": [
        "IIIIIIIII",
        "IIIIIIIIX",
        "IIIIIIIIZ",
        "IIIIIIIXI",
        "IIIIIIIXX",
        "IIIIIIIZI",
        "IIIIIIIZZ",
        "IIIIIIZII",
        "IIIIIXIII",
        "IIIIIZIII",
        "IIIIXIIII",
        "IIIIXXIII",
        "IIIIZIIII",
        "IIIIZZIII",
        "IIIZIIIII",
        "IIXIIIIII",
        "IIZIIIIII",
        "IXIIIIIII",
        "IXXIIIIII",
        "IZIIIIIII",
        "IZZIIIIII",
        "ZIIIIIIII",
        "IIIXIIXII",
        "IIIYIIYII",
        "XIIXIIIII",
        "YIIYIIIII",
        "XIIIIIXII",
        "YIIIIIYII",
        "IIZIIZIII",
        "IZIIIZIII",
        "IIZIZIIII",
        "IZIIZIIII",
        "IIIIIZIIZ",
        "IIIIIZIZI",
        "IIIIZIIIZ",
        "IIIIZIIZI",
        "IIZIIIIIZ",
        "IIZIIIIZI",
        "IZIIIIIIZ",
        "IZIIIIIZI"
    ],
    "boson_position_marginals": {
        "site_0": {
            "x_grid": [
                -2.0,
                -1.0,
                0.0,
                1.0
            ],
            "P_x": [
                0.02032630736839791,
                0.19681637096206633,
                0.6011303522183845,
                0.18172696945114372
            ],
            "edge_mass_2": 0.9999999999999925
        },
        "site_1": {
            "x_grid": [
                -2.0,
                -1.0,
                0.0,
                1.0
            ],
            "P_x": [
                0.020326307368397918,
                0.19681637096206617,
                0.6011303522183848,
                0.1817269694511438
            ],
            "edge_mass_2": 0.9999999999999928
        },
        "site_2": {
            "x_grid": [
                -2.0,
                -1.0,
                0.0,
                1.0
            ],
            "P_x": [
                0.02032630736839794,
                0.19681637096206614,
                0.6011303522183846,
                0.18172696945114386
            ],
            "edge_mass_2": 0.9999999999999926
        }
    }
}