{
    "load_date": "2026-02-02 20:45:46.242206",
    "potential": "linear",
    "cutoff": 2,
    "N": 3,
    "a": 1.0,
    "c": null,
    "x_max": 2.0,
    "boundary_condition": "periodic",
    "num_qubits": 6,
    "H_size": [
        64,
        64
    ],
    "H_dense_mem_estimate_bytes": 65536,
    "H_sparse_mem_estimate_bytes": 9220,
    "H_pauli_time": "0:00:00.014398",
    "H_creation_time": "0:00:00.006052",
    "H_eigenvalue_time": "0:00:00.016009",
    "eigenvalues": [
        -0.30111976702459314,
        0.29351597774531685,
        0.9796566393798279,
        1.4796566393798352,
        1.7604330457842416,
        1.979656639379837,
        2.4796566393798347,
        2.7344872067554546
    ],
    "best_basis_state": [
        0,
        1,
        1,
        1,
        0,
        1
    ],
    "basis_prob": 0.7661192898091825,
    "num_paulis": 19,
    "pauli_coeffs": [
        5.6005508252042535,
        -0.6168502750680848,
        1.0,
        -0.5,
        -0.6168502750680848,
        1.0,
        0.5,
        -0.6168502750680848,
        1.0,
        -0.5,
        0.25,
        0.25,
        0.25,
        0.25,
        -0.25,
        -0.25,
        -0.25,
        -0.25,
        -0.25
    ],
    "pauli_labels": [
        "IIIIII",
        "IIIIIX",
        "IIIIIZ",
        "IIIIZI",
        "IIIXII",
        "IIIZII",
        "IIZIII",
        "IXIIII",
        "IZIIII",
        "ZIIIII",
        "IIXIXI",
        "IIYIYI",
        "XIXIII",
        "YIYIII",
        "XIIIXI",
        "YIIIYI",
        "IZIZII",
        "IIIZIZ",
        "IZIIIZ"
    ],
    "boson_position_marginals": {
        "site_0": {
            "x_grid": [
                -2.0,
                0.0
            ],
            "P_x": [
                0.03982028261437705,
                0.9601797173856226
            ],
            "edge_mass_2": 1.9999999999999993
        },
        "site_1": {
            "x_grid": [
                -2.0,
                0.0
            ],
            "P_x": [
                0.03982028261437704,
                0.9601797173856226
            ],
            "edge_mass_2": 1.9999999999999993
        },
        "site_2": {
            "x_grid": [
                -2.0,
                0.0
            ],
            "P_x": [
                0.039820282614377055,
                0.9601797173856226
            ],
            "edge_mass_2": 1.9999999999999993
        }
    }
}