{
    "potential": "DW",
    "cutoff": 2,
    "exact_eigenvalues": [
        0.357233047,
        0.7714466094,
        1.4785533906,
        3.892766953
    ],
    "ansatz": "ry_cnot_ansatz",
    "num_VQE": 100,
    "Optimizer": {
        "name": "AdamOptimizer",
        "stepsize": 0.25,
        "maxiter": 2500,
        "tolerance": 1e-08
    },
    "results": [
        0.35723327634509344,
        0.3572332618080284,
        0.3572331035442462,
        0.35723432894776075,
        0.35723315632757735,
        0.35723309092965455,
        0.3572330859023525,
        0.3572330569402396,
        0.3572330941936642,
        0.3572332488620714,
        0.35723324785294996,
        0.35723310061509184,
        0.3572355903048726,
        0.3572334323941343,
        0.35723305435060243,
        0.3572332281515224,
        0.3572333039679357,
        0.35724240767777776,
        0.3572332104708125,
        0.3572330534583361,
        0.35723372936300474,
        0.35723365079344355,
        0.3572332713282678,
        0.357233370747212,
        0.3572331991296486,
        0.3572330686111636,
        0.3572330592905559,
        0.3572626727395203,
        0.35723459674428015,
        0.3572334607130502,
        0.35723308965925044,
        0.35723323132119406,
        0.3572360327965077,
        0.3572335751849142,
        0.35723322588590073,
        0.3572331806367886,
        0.35723331235238426,
        0.35723349505379115,
        0.35723307786208897,
        0.35723654120611364,
        0.3572334824143321,
        0.3572330582113248,
        0.3572330616899089,
        0.3572333808582359,
        0.35723382199216075,
        0.3572341330012145,
        0.35723319457606695,
        0.3572330775149602,
        0.357236746898504,
        0.3572333593186379,
        0.3572331996784355,
        0.3572330743890841,
        0.35723319472107157,
        0.357234499002992,
        0.35723320171768963,
        0.357233081422499,
        0.3572336158327457,
        0.3572333495192738,
        0.35723309591430863,
        0.3572332489039692,
        0.35723307334367094,
        0.3572337167769517,
        0.35723344982295513,
        0.35723311011167397,
        0.3572332229183743,
        0.3573084711974006,
        0.3572330529823476,
        0.3572330918124347,
        0.3572346463169524,
        0.3572346002503303,
        0.357233060920126,
        0.35723309683341836,
        0.3572332592792255,
        0.3572330559410627,
        0.357233238492447,
        0.3572330677416879,
        0.35723323989415257,
        0.357233076946358,
        0.3572331754877691,
        0.3572330850113027,
        0.3572330782497352,
        0.35723320000972775,
        0.35723313225400544,
        0.35723305352461854,
        0.3572330825472076,
        0.3572331301698501,
        0.35723336292258945,
        0.35723326468535566,
        0.3572330582204109,
        0.35723342364242194,
        0.3572331160929339,
        0.3572333248246862,
        0.3572332163933838,
        0.35723310690865717,
        0.3572330742053244,
        0.3572332837317746,
        0.3572345059217427,
        0.35723306837787905,
        0.35723309107351103,
        0.3572330581027
    ],
    "params": [
        [
            0.00046579340920289405,
            -1.570407650058377
        ],
        [
            -6.284618881156091,
            4.712533844202554
        ],
        [
            -6.282713283044465,
            -1.5706464193771892
        ],
        [
            6.286671291248659,
            -1.5709984825830214
        ],
        [
            6.283253222805953,
            -1.5705277543967942
        ],
        [
            -6.2835662112527,
            -1.5710242015426956
        ],
        [
            0.0005999822280301989,
            -1.5705983170124493
        ],
        [
            -0.000550805206536214,
            -1.5708601147440457
        ],
        [
            -6.282673071017056,
            -1.570529761346464
        ],
        [
            -6.923638473187808e-05,
            -1.5704181841172462
        ],
        [
            0.0004905777723166306,
            -1.5704441693663664
        ],
        [
            6.28280022611712,
            -1.5711560081251896
        ],
        [
            -6.287758283692347,
            -1.5705257774524684
        ],
        [
            -0.0008962072590983396,
            -1.570352483494467
        ],
        [
            6.282950221163584,
            -1.5706781896612794
        ],
        [
            -0.0006565561605446314,
            -1.5716611248185255
        ],
        [
            -6.282333548417592,
            -1.5704439562280181
        ],
        [
            -0.00010546954734773875,
            -1.573499755867581
        ],
        [
            -0.000519984517391862,
            -1.5718516137470064
        ],
        [
            6.2832594323145186,
            -1.5709419567775638
        ],
        [
            -0.0006635070651172604,
            -1.5716681831166108
        ],
        [
            0.00015788423630633383,
            -1.5713502874792038
        ],
        [
            -2.1995352816848513e-05,
            -1.5703866215194329
        ],
        [
            -0.0012249434731937832,
            -1.5705236511443175
        ],
        [
            6.284171228135834,
            -1.5709543133468373
        ],
        [
            6.283644720844766,
            -1.570599984268732
        ],
        [
            8.188867501643366e-05,
            -1.5710394943712755
        ],
        [
            -6.297972631336894,
            -1.567272900323201
        ],
        [
            0.002602802516729952,
            -1.5715700408874351
        ],
        [
            -6.282412719142655,
            4.711888623942181
        ],
        [
            7.407299723904838e-05,
            -1.5709480047522029
        ],
        [
            1.910547553113251e-05,
            -1.5711476084108378
        ],
        [
            0.00033679438916891824,
            -1.572138128940998
        ],
        [
            -6.284122369124521,
            -1.5713543900059381
        ],
        [
            6.284083245399302,
            -1.5705633588220942
        ],
        [
            -0.0007777908664766392,
            -1.5704498218584182
        ],
        [
            6.2848954894301965,
            -1.5702059502079173
        ],
        [
            8.099060187959104e-05,
            -1.5702032058352993
        ],
        [
            6.283789791047008,
            -1.571243498946659
        ],
        [
            0.004606817149777319,
            -1.5697816019053488
        ],
        [
            -0.000712909354123641,
            -1.571239606107601
        ],
        [
            -3.109268041594639e-05,
            -1.571077103278582
        ],
        [
            -6.283381734150848,
            -1.5711055037564061
        ],
        [
            -6.284744112609514,
            -1.5709679959989293
        ],
        [
            0.00022640063248932,
            -1.5700273177950135
        ],
        [
            0.0027382034053578686,
            -1.5703900796041408
        ],
        [
            -6.281985383904694,
            -1.5707935672037054
        ],
        [
            0.00015033566760600913,
            -1.5710448171076379
        ],
        [
            -0.004404372804793661,
            -1.5717813465356938
        ],
        [
            -6.283938032551983,
            -1.5703795813348744
        ],
        [
            -6.284186116794823,
            -1.5706390245377475
        ],
        [
            4.315668205400559e-05,
            -1.5712527200453597
        ],
        [
            6.281858170820535,
            -1.5707357103807353
        ],
        [
            -6.283004360196396,
            -1.5718179446824547
        ],
        [
            -7.646659327323306e-06,
            -1.5710858646377917
        ],
        [
