{
    "load_date": "2026-01-16 11:12:11.923868",
    "potential": "quadratic",
    "cutoff": 2,
    "N": 3,
    "a": 1.0,
    "c": -0.8,
    "boundary_condition": "dirichlet",
    "num_qubits": 6,
    "H_size": [
        64,
        64
    ],
    "H_dense_mem_estimate_bytes": 65536,
    "H_sparse_mem_estimate_bytes": 9220,
    "H_pauli_time": "0:00:00.003810",
    "H_creation_time": "0:00:00.002606",
    "H_eigenvalue_time": "0:00:00.016261",
    "eigenvalues": [
        -1.2782456112707379,
        -1.278245611270736,
        -1.1617597051024664,
        -1.161759705102464,
        -1.1113203435596426,
        -1.1113203435596404,
        -0.7374956363905353,
        -0.7374956363905344
    ],
    "best_basis_state": [
        1,
        0,
        0,
        1,
        1,
        1
    ],
    "basis_prob": 0.10960446269068233,
    "num_paulis": 11,
    "pauli_coeffs": [
        1.1350000000000002,
        -0.7071067811865475,
        0.7071067811865475,
        -0.7071067811865475,
        0.25,
        0.25,
        0.25,
        0.25,
        -0.10606601717798217,
        -0.12499999999999997,
        0.10606601717798217
    ],
    "pauli_labels": [
        "IIIIII",
        "IIIIZX",
        "IIZXII",
        "ZXIIII",
        "IIXIXI",
        "IIYIYI",
        "XIXIII",
        "YIYIII",
        "IIIIIX",
        "IXIIIX",
        "IXIIII"
    ]
}