{
    "load_date": "2026-01-16 11:12:12.068736",
    "potential": "quadratic",
    "cutoff": 4,
    "N": 3,
    "a": 1.0,
    "c": -0.8,
    "boundary_condition": "dirichlet",
    "num_qubits": 9,
    "H_size": [
        512,
        512
    ],
    "H_dense_mem_estimate_bytes": 4194304,
    "H_sparse_mem_estimate_bytes": 247812,
    "H_pauli_time": "0:00:00.044065",
    "H_creation_time": "0:00:00.014080",
    "H_eigenvalue_time": "0:00:00.083469",
    "eigenvalues": [
        -1.1531546687864251,
        -1.1531546687864163,
        -0.664955556466197,
        -0.6649555564661916,
        0.24736085456414716,
        0.2473608545641495,
        0.3495290823267221,
        0.3495290823267235
    ],
    "best_basis_state": [
        0,
        1,
        0,
        0,
        1,
        0,
        1,
        0,
        0
    ],
    "basis_prob": 0.05636028816029072,
    "num_paulis": 117,
    "pauli_coeffs": [
        5.984999999999999,
        0.31392589354394684,
        -0.08411618965831921,
        -0.6624999999999998,
        -0.6625,
        -0.9659258262890682,
        -0.5,
        -0.5,
        0.25881904510252074,
        0.43466662183008037,
        -0.1164685702961343,
        -0.7249999999999998,
        -0.725,
        0.9659258262890682,
        0.5,
        0.5,
        -0.25881904510252074,
        0.31392589354394684,
        -0.08411618965831921,
        -0.6624999999999998,
        -0.6625,
        -0.9659258262890682,
        -0.5,
        -0.5,
        0.25881904510252074,
        0.25,
        0.25,
        0.25,
        0.25,
        0.33807403920117374,
        0.17499999999999993,
        0.17499999999999993,
        -0.09058666578588223,
        0.4665063509461096,
        0.24148145657226705,
        0.24148145657226705,
        -0.125,
        -0.12499999999999999,
        -0.06470476127563018,
        -0.06470476127563018,
        0.03349364905389034,
        -0.24148145657226697,
        -0.12499999999999996,
        -0.12499999999999996,
        0.06470476127563016,
        -0.24148145657226705,
        -0.12499999999999999,
        -0.12499999999999999,
        0.06470476127563018,
        -0.2332531754730548,
        -0.12074072828613353,
        -0.12074072828613353,
        0.0625,
        -0.12074072828613353,
        -0.0625,
        -0.0625,
        0.03235238063781509,
        -0.12074072828613353,
        -0.0625,
        -0.0625,
        0.03235238063781509,
        0.06249999999999999,
        0.03235238063781509,
        0.03235238063781509,
        -0.01674682452694517,
        0.4665063509461096,
        0.24148145657226705,
        0.24148145657226705,
        -0.125,
        -0.12499999999999999,
        -0.06470476127563018,
        -0.06470476127563018,
        0.03349364905389034,
        -0.24148145657226697,
        -0.12499999999999996,
        -0.12499999999999996,
        0.06470476127563016,
        -0.24148145657226705,
        -0.12499999999999999,
        -0.12499999999999999,
        0.06470476127563018,
        -0.4665063509461096,
        -0.24148145657226705,
        -0.24148145657226705,
        0.125,
        0.12499999999999999,
        0.06470476127563018,
        0.06470476127563018,
        -0.03349364905389034,
        0.24148145657226697,
        0.12499999999999996,
        0.12499999999999996,
        -0.06470476127563016,
        0.24148145657226705,
        0.12499999999999999,
        0.12499999999999999,
        -0.06470476127563018,
        -0.33807403920117374,
        -0.17499999999999993,
        -0.17499999999999993,
        0.09058666578588223,
        -0.4665063509461096,
        -0.24148145657226705,
        -0.24148145657226705,
        0.125,
        0.12499999999999999,
        0.06470476127563018,
        0.06470476127563018,
        -0.03349364905389034,
        0.24148145657226697,
        0.12499999999999996,
        0.12499999999999996,
        -0.06470476127563016,
        0.24148145657226705,
        0.12499999999999999,
        0.12499999999999999,
        -0.06470476127563018
    ],
    "pauli_labels": [
        "IIIIIIIII",
        "IIIIIIIXI",
        "IIIIIIIXZ",
        "IIIIIIIZI",
        "IIIIIIIZZ",
        "IIIIIIZIX",
        "IIIIIIZXX",
        "IIIIIIZYY",
        "IIIIIIZZX",
        "IIIIXIIII",
        "IIIIXZIII",
        "IIIIZIIII",
        "IIIIZZIII",
        "IIIZIXIII",
        "IIIZXXIII",
        "IIIZYYIII",
        "IIIZZXIII",
        "IXIIIIIII",
        "IXZIIIIII",
        "IZIIIIIII",
        "IZZIIIIII",
        "ZIXIIIIII",
        "ZXXIIIIII",
        "ZYYIIIIII",
        "ZZXIIIIII",
        "IIIXIIXII",
        "IIIYIIYII",
        "XIIXIIIII",
        "YIIYIIIII",
        "IIIIIIIIX",
        "IIIIIIIXX",
        "IIIIIIIYY",
        "IIIIIIIZX",
        "IIIIXIIIX",
        "IIIIXIIXX",
        "IIIIXIIYY",
        "IIIIXIIZX",
        "IIIIXZIIX",
        "IIIIXZIXX",
        "IIIIXZIYY",
        "IIIIXZIZX",
        "IIIIZIIIX",
        "IIIIZIIXX",
        "IIIIZIIYY",
        "IIIIZIIZX",
        "IIIIZZIIX",
        "IIIIZZIXX",
        "IIIIZZIYY",
        "IIIIZZIZX",
        "IIXIIIIIX",
        "IIXIIIIXX",
        "IIXIIIIYY",
        "IIXIIIIZX",
        "IXXIIIIIX",
        "IXXIIIIXX",
        "IXXIIIIYY",
        "IXXIIIIZX",
        "IYYIIIIIX",
        "IYYIIIIXX",
        "IYYIIIIYY",
        "IYYIIIIZX",
        "IZXIIIIIX",
        "IZXIIIIXX",
        "IZXIIIIYY",
        "IZXIIIIZX",
        "IXIIIXIII",
        "IXIIXXIII",
        "IXIIYYIII",
        "IXIIZXIII",
        "IXZIIXIII",
        "IXZIXXIII",
        "IXZIYYIII",
        "IXZIZXIII",
        "IZIIIXIII",
        "IZIIXXIII",
        "IZIIYYIII",
        "IZIIZXIII",
        "IZZIIXIII",
        "IZZIXXIII",
        "IZZIYYIII",
        "IZZIZXIII",
        "IIIIIXIXI",
        "IIIIXXIXI",
        "IIIIYYIXI",
        "IIIIZXIXI",
        "IIIIIXIXZ",
        "IIIIXXIXZ",
        "IIIIYYIXZ",
        "IIIIZXIXZ",
        "IIIIIXIZI",
        "IIIIXXIZI",
        "IIIIYYIZI",
        "IIIIZXIZI",
        "IIIIIXIZZ",
        "IIIIXXIZZ",
        "IIIIYYIZZ",
        "IIIIZXIZZ",
        "IIXIIIIII",
        "IXXIIIIII",
        "IYYIIIIII",
        "IZXIIIIII",
        "IIXIXIIII",
        "IXXIXIIII",
        "IYYIXIIII",
        "IZXIXIIII",
        "IIXIXZIII",
        "IXXIXZIII",
        "IYYIXZIII",
        "IZXIXZIII",
        "IIXIZIIII",
        "IXXIZIIII",
        "IYYIZIIII",
        "IZXIZIIII",
        "IIXIZZIII",
        "IXXIZZIII",
        "IYYIZZIII",
        "IZXIZZIII"
    ]
}