{
    "load_date": "2025-11-24 14:07:34.213044",
    "potential": "linear",
    "cutoff": 4,
    "N": 5,
    "a": 1.0,
    "c": null,
    "boundary_condition": "dirichlet",
    "num_qubits": 15,
    "eigenvalues": [
        -0.00018334043511696954,
        0.8674689591893027,
        0.8918775571877118,
        0.9832150038241845,
        0.9998166595648791,
        1.020898812078007,
        1.0462318035320317,
        1.117850648314774
    ],
    "best_basis_state": [
        0,
        0,
        0,
        1,
        0,
        0,
        0,
        0,
        0,
        1,
        0,
        0,
        0,
        0,
        0
    ],
    "prob": 0.8126474654265978
}