{
    "load_date": "2025-11-24 14:07:33.762991",
    "potential": "linear",
    "cutoff": 2,
    "N": 5,
    "a": 1.0,
    "c": null,
    "boundary_condition": "dirichlet",
    "num_qubits": 10,
    "eigenvalues": [
        -0.31590964428218715,
        -0.31590964428218277,
        -0.31590964428218554,
        -0.31590964428218926,
        -0.0659096442821894,
        -0.06590964428218904,
        -0.06590964428219014,
        -0.06590964428218972
    ],
    "best_basis_state": [
        0,
        1,
        1,
        1,
        0,
        1,
        1,
        1,
        0,
        0
    ],
    "prob": 0.04373419872453537
}