{
    "potential": "AHO",
    "cutoff": 2,
    "exact_eigenvalues": [
        -0.4375,
        -0.4375,
        2.0625,
        2.0625
    ],
    "ansatz": "ry_cnot_ansatz",
    "num_VQE": 100,
    "Optimizer": {
        "name": "AdamOptimizer",
        "stepsize": 0.25,
        "maxiter": 2500,
        "tolerance": 1e-08
    },
    "results": [
        -0.43749942258119,
        -0.43749999256225974,
        -0.4374998334148488,
        -0.4374996635908831,
        -0.4374997375524138,
        -0.4374999675619076,
        -0.43749925306861365,
        -0.43749989632472414,
        -0.4374990676700221,
        -0.4374983264244756,
        -0.43749991917721537,
        -0.4374996608364631,
        -0.4374998867329617,
        -0.4374997903729971,
        -0.43749998590411043,
        -0.4374993587524333,
        -0.4374998839149905,
        -0.4374997316407844,
        -0.43749999479713514,
        -0.43749995646695594,
        -0.4374999804915613,
        -0.43749996086500165,
        -0.4374988592979779,
        -0.43749956319789707,
        -0.4374999907895975,
        -0.43749979666697997,
        -0.4374996513174406,
        -0.4374999849266647,
        -0.43749974591160173,
        -0.4374999893494098,
        -0.4374982654497308,
        -0.43749998915091054,
        -0.437499979996992,
        -0.43749831572635833,
        -0.4374999880743561,
        -0.4374999196921219,
        -0.43749976842438204,
        -0.43749997251612677,
        -0.43749999741459467,
        -0.4374999249584752,
        -0.4374999866467147,
        -0.4374999856440586,
        -0.4374999988481508,
        -0.43749997252974304,
        -0.43749990259494614,
        -0.43749999355501584,
        -0.43749970710439573,
        -0.4374997424814235,
        -0.4374997977018529,
        -0.43749985952386083,
        -0.4374999812731716,
        -0.43749998046495664,
        -0.437499990974629,
        -0.43749989912350945,
        -0.4374999974204439,
        -0.43749943419940607,
        -0.437499993134034,
        -0.43749999582332144,
        -0.43749965469792046,
        -0.4374997294710154,
        -0.4374998548434173,
        -0.4374990375581541,
        -0.437499988350598,
        -0.4374998259169719,
        -0.4374993009379436,
        -0.4374999941270026,
        -0.43749998594818734,
        -0.4374999888304218,
        -0.43749988578357674,
        -0.43749998686020175,
        -0.4374999940341223,
        -0.43749999462716654,
        -0.4374993009289162,
        -0.4374997152439408,
        -0.43749997098166077,
        -0.43749999749029317,
        -0.4374997198482904,
        -0.4374997295059678,
        -0.4374999128306855,
        -0.43749921203863873,
        -0.4374999943001713,
        -0.4374999907820114,
        -0.4374997413947405,
        -0.43749998881448066,
        -0.437499996711665,
        -0.4374999822417889,
        -0.437499980268563,
        -0.43749989079607376,
        -0.43749918307615937,
        -0.4374993680411504,
        -0.4374999675317591,
        -0.43749998973207055,
        -0.4374999895532136,
        -0.43749999723960914,
        -0.43749998882452595,
        -0.43749942097033034,
        -0.4374999899305485,
        -0.4374994340613166,
        -0.43749998394143513,
        -0.43749989114126253
    ],
    "params": [
        [
            -3.1424269681624577,
            -0.441647579529346
        ],
        [
            -3.1413381979674155,
            -0.1752713156617727
        ],
        [
            3.141165854193083,
            1.6840464302291045
        ],
        [
            -3.142237321031128,
            -0.45131051583116094
        ],
        [
            3.142166008545556,
            -0.8561571060757337
        ],
        [
            -3.142196395895043,
            -1.1735353515933766
        ],
        [
            3.1406445723645606,
            3.6548928527309665
        ],
        [
            -3.1412311835416165,
            -1.1673174058801568
        ],
        [
            3.140547617290204,
            0.7651084382377805
        ],
        [
            -3.143027720466918,
            -0.6203060704390704
        ],
        [
            3.1418923168655515,
            2.679025780902499
        ],
        [
            -3.1422361276089794,
            1.909188945071219
        ],
        [
            -3.1412210463748074,
            2.0302452306730316
        ],
        [
            -3.1411069755859216,
            1.113697155983592
        ],
        [
            3.1420234897286083,
            0.16616033963079377
        ],
        [
            -3.1407063543394056,
            -2.609220531263326
        ],
        [
            -3.141966053370692,
            -1.801087638642128
        ],
        [
            -3.1398296692013514,
            1.118954734266359
        ],
        [
            -3.141878262797463,
            2.3371795322745874
        ],
        [
            -3.1409167045585114,
            2.1752820538928868
        ],
        [
            -3.1411657199421454,
            -0.08015745436141176
        ],
        [
            3.1422197089033648,
            0.012658647563224946
        ],
        [
            -3.1404254764775197,
            -2.9303615008297896
        ],
        [
            -3.1409194521218597,
            1.9064960302428062
        ],
        [
            3.141258085803115,
            2.6551436111551543
        ],
        [
            -3.1431168399221194,
            0.6924743941813636
        ],
        [
            3.142232111331982,
            1.195241264916343
        ],
        [
            3.1420003973721253,
            1.4524511003811698
        ],
        [
            3.142149425787476,
            -2.616124429991393
        ],
        [
            3.1419738438022615,
            0.37731182587028433
        ],
        [
            -3.143042197601855,
            0.4709703666701584
        ],
        [
            3.1419663136842604,
            0.5517140828376359
        ],
        [
            3.1420279376828457,
            -0.2651243027569443
        ],
        [
            3.1430229028646712,
            2.628309126721239
        ],
        [
            3.142000488983488,
            2.1711964691519805
        ],
        [
            -3.1425747107967847,
            0.1245427976501568
        ],
        [
            -3.1421293357695252,
            -0.12101532359945205
        ],
        [
            -3.1410073682237263,
            0.4548536190398706
        ],
        [
            -3.1413692238400808,
            -0.3102851311105736
        ],
        [
            -3.1425408982701795,
            -0.869106164841816
        ],
        [
            -3.141961745561112,
            -1.968828050582172
        ],
        [
            3.141979875400554,
            -2.644025239942747
        ],
        [
            3.141762955956218,
            -3.038957693961959
        ],
        [
            3.142152710142678,
            -0.996916713810042
        ],
        [
            -3.1419320536701223,
            -0.7512633872303235
        ],
        [
            3.1418142166866714,
            -1.8070643442911816
        ],
        [
            3.1421952475387953,
            1.4093264781571233
        ],
        [
            3.1421540811389628,
            0.2040184752391606
        ],
        [
            3.141106402490852,
            0.6152960571061199
        ],
        [
            3.141187087826104,
            -1.4959247101968827
        ],
        [
            3.1420294131913438,
            -3.867752851328275
        ],
        [
            -3.1420347451592785,
            0.46365822219764985
        ],
        [
            -3.1412546464769355,
            -1.0157245764403513
        ],
        [
            -3.141321264982844,
            -1.3738317840633736
        ],
        [
            -3.1413987639566283,
            0.22298763331993315
        ],
        [
            3.142404445788831,
