{
    "load_date": "2025-12-09 15:14:16.090293",
    "potential": "linear",
    "cutoff": 16,
    "N": 3,
    "a": 1.0,
    "c": null,
    "boundary_condition": "dirichlet",
    "num_qubits": 15,
    "num_paulis": 1146,
    "dense_H_size": [
        32768,
        32768
    ],
    "min_eigenvalue": -3.6042420179791245e-15,
    "basis": [
        0,
        0,
        0,
        0,
        0,
        1,
        0,
        0,
        0,
        0,
        0,
        0,
        0,
        0,
        0
    ],
    "tol": 1e-10,
    "dt": 1.0,
    "n_steps": 1,
    "max_k": 15,
    "final_k": 8,
    "converged": true,
    "all_energies": [
        0.00020204983189338983,
        0.00019667039445008227,
        0.00013131809091197029,
        7.31218377149847e-05,
        7.30737182416871e-05,
        4.480552983625221e-05,
        4.024941835089589e-05,
        4.024940629409724e-05
    ],
    "all_run_data": [
        {
            "D": 1,
            "t": 1.0,
            "circuit_time": "0:00:00.222890",
            "num_samples": 108,
            "H_reduced_size": [
                108,
                108
            ],
            "reduction": 99.67041015625,
            "H_reduced_e": 0.00020204983189338983,
            "eigenvalue_time": "0:00:00.004000",
            "diff": 0.00020204983189699407,
            "change_from_prev": null
        },
        {
            "D": 2,
            "t": 2.0,
            "circuit_time": "0:00:00.260091",
            "num_samples": 395,
            "H_reduced_size": [
                395,
                395
            ],
            "reduction": 98.7945556640625,
            "H_reduced_e": 0.00019667039445008227,
            "eigenvalue_time": "0:00:00.056354",
            "diff": 0.0001966703944536865,
            "change_from_prev": 5.37943744330756e-06
        },
        {
            "D": 3,
            "t": 3.0,
            "circuit_time": "0:00:00.234774",
            "num_samples": 658,
            "H_reduced_size": [
                658,
                658
            ],
            "reduction": 97.991943359375,
            "H_reduced_e": 0.00013131809091197029,
            "eigenvalue_time": "0:00:00.066430",
            "diff": 0.00013131809091557453,
            "change_from_prev": 6.535230353811198e-05
        },
        {
            "D": 4,
            "t": 4.0,
            "circuit_time": "0:00:00.228965",
            "num_samples": 857,
            "H_reduced_size": [
                857,
                857
            ],
            "reduction": 97.3846435546875,
            "H_reduced_e": 7.31218377149847e-05,
            "eigenvalue_time": "0:00:00.069109",
            "diff": 7.312183771858894e-05,
            "change_from_prev": 5.819625319698559e-05
        },
        {
            "D": 5,
            "t": 5.0,
            "circuit_time": "0:00:00.247693",
            "num_samples": 1193,
            "H_reduced_size": [
                1193,
                1193
            ],
            "reduction": 96.3592529296875,
            "H_reduced_e": 7.30737182416871e-05,
            "eigenvalue_time": "0:00:00.079714",
            "diff": 7.307371824529134e-05,
            "change_from_prev": 4.811947329759849e-08
        },
        {
            "D": 6,
            "t": 6.0,
            "circuit_time": "0:00:00.229597",
            "num_samples": 1441,
            "H_reduced_size": [
                1441,
                1441
            ],
            "reduction": 95.6024169921875,
            "H_reduced_e": 4.480552983625221e-05,
            "eigenvalue_time": "0:00:00.082581",
            "diff": 4.480552983985645e-05,
            "change_from_prev": 2.8268188405434884e-05
        },
        {
            "D": 7,
            "t": 7.0,
            "circuit_time": "0:00:00.244540",
            "num_samples": 1525,
            "H_reduced_size": [
                1525,
                1525
            ],
            "reduction": 95.3460693359375,
            "H_reduced_e": 4.024941835089589e-05,
            "eigenvalue_time": "0:00:00.079581",
            "diff": 4.024941835450013e-05,
            "change_from_prev": 4.556111485356322e-06
        },
        {
            "D": 8,
            "t": 8.0,
            "circuit_time": "0:00:00.229782",
            "num_samples": 1759,
            "H_reduced_size": [
                1759,
                1759
            ],
            "reduction": 94.6319580078125,
            "H_reduced_e": 4.024940629409724e-05,
            "eigenvalue_time": "0:00:00.084516",
            "diff": 4.0249406297701484e-05,
            "change_from_prev": 1.205679864757156e-11
        }
    ]
}