{
    "load_date": "2026-02-23 12:32:47.412107",
    "potential": "linear",
    "cutoff": 2,
    "N": 2,
    "a": 1.0,
    "c": null,
    "boundary_condition": "dirichlet",
    "num_qubits": 4,
    "H_size": [
        16,
        16
    ],
    "H_dense_mem_estimate_bytes": 4096,
    "H_sparse_mem_estimate_bytes": 708,
    "H_pauli_time": "0:00:00.002059",
    "H_creation_time": "0:00:00.000652",
    "H_eigenvalue_time": "0:00:00.001165",
    "used_dense": true,
    "eigenvalues": [
        0.006966011250105153,
        0.006966011250105153,
        0.006966011250105153,
        0.006966011250105153,
        1.125,
        1.125,
        1.125,
        1.125
    ],
    "best_basis_state": [
        1,
        0,
        0,
        0
    ],
    "basis_prob": 0.9472135954999582,
    "num_paulis": 5,
    "pauli_coeffs": [
        1.125,
        -0.5,
        0.5,
        0.25,
        0.25
    ],
    "pauli_labels": [
        "IIII",
        "IIZI",
        "ZIII",
        "XIXI",
        "YIYI"
    ],
    "groundstate_vector_norm": 1.0,
    "groundstate_energy_from_eigs": 0.006966011250105153,
    "groundstate_energy_from_pauli_expansion": 0.006966011250105014,
    "pauli_expvals_ground": [
        1.0000000000000002,
        0.8944271909999162,
        -0.8944271909999162,
        -0.44721359549995804,
        -0.44721359549995804
    ],
    "pauli_energy_contrib_ground": [
        1.1250000000000002,
        -0.4472135954999581,
        -0.4472135954999581,
        -0.11180339887498951,
        -0.11180339887498951
    ],
    "pauli_abs_energy_contrib_ground": [
        1.1250000000000002,
        0.4472135954999581,
        0.4472135954999581,
        0.11180339887498951,
        0.11180339887498951
    ],
    "pauli_variance_proxy_ground": [
        0.0,
        0.1999999999999994,
        0.1999999999999994,
        0.7999999999999999,
        0.7999999999999999
    ],
    "pauli_rank_by_abs_energy_contrib_ground": [
        0,
        1,
        2,
        3,
        4
    ]
}