{
    "load_date": "2026-02-23 18:07:07.310598",
    "potential": "linear",
    "cutoff": 8,
    "N": 2,
    "a": 1.0,
    "c": null,
    "boundary_condition": "dirichlet",
    "num_qubits": 8,
    "H_size": [
        256,
        256
    ],
    "H_dense_mem_estimate_bytes": 1048576,
    "H_sparse_mem_estimate_bytes": 31748,
    "H_pauli_time": "0:00:00.008959",
    "H_creation_time": "0:00:00.000706",
    "H_eigenvalue_time": "0:00:00.057066",
    "used_dense": true,
    "eigenvalues": [
        4.5407252920281044e-10,
        1.1180331119095281,
        1.1180331119095348,
        1.118033989203967,
        1.1180339892039692,
        2.236066223364991,
        2.2360671006594215,
        2.236067100659423
    ],
    "best_basis_state": [
        1,
        0,
        0,
        0,
        0,
        0,
        0,
        0
    ],
    "basis_prob": 0.9442719107487164,
    "num_paulis": 33,
    "pauli_coeffs": [
        7.875,
        -0.5625,
        -0.5625,
        -1.6874999999999998,
        -0.5625,
        -0.5624999999999999,
        0.5624999999999997,
        -0.5,
        -0.5625,
        -0.5625,
        -1.6874999999999998,
        -0.5625,
        -0.5624999999999999,
        0.5624999999999997,
        0.5,
        0.25,
        0.25,
        0.24721358716587172,
        -0.031856114121348145,
        0.12400371203339583,
        -0.015750536560341012,
        0.12400371203339583,
        -0.015750536560341012,
        -0.1264728588797382,
        -0.0004962665164669339,
        0.24721358716587172,
        -0.031856114121348145,
        0.12400371203339583,
        -0.015750536560341012,
        0.12400371203339583,
        -0.015750536560341012,
        -0.1264728588797382,
        -0.0004962665164669339
    ],
    "pauli_labels": [
        "IIIIIIII",
        "IIIIIIZI",
        "IIIIIIZZ",
        "IIIIIZII",
        "IIIIIZIZ",
        "IIIIIZZI",
        "IIIIIZZZ",
        "IIIIZIII",
        "IIZIIIII",
        "IIZZIIII",
        "IZIIIIII",
        "IZIZIIII",
        "IZZIIIII",
        "IZZZIIII",
        "ZIIIIIII",
        "XIIIXIII",
        "YIIIYIII",
        "IIXIIIII",
        "IIXZIIII",
        "IXXIIIII",
        "IXXZIIII",
        "IYYIIIII",
        "IYYZIIII",
        "IZXIIIII",
        "IZXZIIII",
        "IIIIIIXI",
        "IIIIIIXZ",
        "IIIIIXXI",
        "IIIIIXXZ",
        "IIIIIYYI",
        "IIIIIYYZ",
        "IIIIIZXI",
        "IIIIIZXZ"
    ],
    "groundstate_vector_norm": 1.0,
    "groundstate_energy_from_eigs": 4.5407252920281044e-10,
    "groundstate_energy_from_pauli_expansion": 4.540727701609834e-10,
    "pauli_expvals_ground": [
        1.0,
        0.9968991880192075,
        0.9968991880192075,
        0.99999275923135,
        0.99999275923135,
        0.9968919843635442,
        0.9968919843635442,
        0.8944271909999161,
        0.9968991880192076,
        0.9968991880192076,
        0.99999275923135,
        0.99999275923135,
        0.9968919843635443,
        0.9968919843635443,
        -0.8944271909999161,
        -0.4472135954999576,
        -0.4472135954999576,
        -0.0786893073459014,
        -0.0786893073459014,
        -0.00034214577854641784,
        -0.00034214577854641784,
        4.284935047638212e-05,
        4.284935047638212e-05,
        -0.07868857517397804,
        -0.07868857517397804,
        -0.0786893073459014,
        -0.0786893073459014,
        -0.0003421457785463603,
        -0.0003421457785463603,
        4.284935047632483e-05,
        4.284935047632483e-05,
        -0.07868857517397805,
        -0.07868857517397805
    ],
    "pauli_energy_contrib_ground": [
        7.875,
        -0.5607557932608043,
        -0.5607557932608043,
        -1.687487781202903,
        -0.5624959270676344,
        -0.5607517412044936,
        0.5607517412044933,
        -0.44721359549995804,
        -0.5607557932608043,
        -0.5607557932608043,
        -1.687487781202903,
        -0.5624959270676344,
        -0.5607517412044936,
        0.5607517412044933,
        -0.44721359549995804,
        -0.1118033988749894,
        -0.1118033988749894,
        -0.019453065940578065,
        0.002506735554940874,
        -4.242734659631202e-05,
        5.388979593961694e-06,
        5.31347851729134e-06,
        -6.749002612651221e-07,
        0.009951969063426195,
        3.905050508733653e-05,
        -0.019453065940578065,
        0.002506735554940874,
        -4.2427346596304885e-05,
        5.388979593960788e-06,
        5.313478517284237e-06,
        -6.749002612642198e-07,
        0.009951969063426196,
        3.905050508733654e-05
    ]
}