{
    "load_date": "2026-02-23 18:07:12.457019",
    "potential": "linear",
    "cutoff": 4,
    "N": 2,
    "a": 1.0,
    "c": null,
    "boundary_condition": "dirichlet",
    "num_qubits": 6,
    "H_size": [
        64,
        64
    ],
    "H_dense_mem_estimate_bytes": 65536,
    "H_sparse_mem_estimate_bytes": 5380,
    "H_pauli_time": "0:00:00.002809",
    "H_creation_time": "0:00:00.000579",
    "H_eigenvalue_time": "0:00:00.000882",
    "used_dense": true,
    "eigenvalues": [
        3.225059163214104e-05,
        0.975406021996919,
        0.9754060219969194,
        1.1180662393415255,
        1.1180662393415264,
        1.2815922398448159,
        1.2815922398448165,
        1.950779793402207
    ],
    "best_basis_state": [
        1,
        0,
        0,
        0,
        0,
        0
    ],
    "basis_prob": 0.9443057972696905,
    "num_paulis": 13,
    "pauli_coeffs": [
        3.375,
        -0.5624999999999999,
        -0.5625000000000001,
        -0.5,
        -0.5624999999999999,
        -0.5625000000000001,
        0.5,
        0.25,
        0.25,
        0.12074072828613353,
        -0.03235238063781509,
        0.12074072828613353,
        -0.03235238063781509
    ],
    "pauli_labels": [
        "IIIIII",
        "IIIIZI",
        "IIIIZZ",
        "IIIZII",
        "IZIIII",
        "IZZIII",
        "ZIIIII",
        "XIIXII",
        "YIIYII",
        "IXIIII",
        "IXZIII",
        "IIIIXI",
        "IIIIXZ"
    ],
    "groundstate_vector_norm": 1.0,
    "groundstate_energy_from_eigs": 3.225059163214104e-05,
    "groundstate_energy_from_pauli_expansion": 3.225059163097744e-05,
    "pauli_expvals_ground": [
        1.0,
        0.9969277961190806,
        0.9969277961190806,
        0.894427190999916,
        0.9969277961190804,
        0.9969277961190804,
        -0.894427190999916,
        -0.447213595499958,
        -0.447213595499958,
        -0.07832604499879574,
        -0.07832604499879574,
        -0.07832604499879578,
        -0.07832604499879578
    ],
    "pauli_energy_contrib_ground": [
        3.375,
        -0.5607718853169827,
        -0.560771885316983,
        -0.447213595499958,
        -0.5607718853169826,
        -0.5607718853169829,
        -0.447213595499958,
        -0.1118033988749895,
        -0.1118033988749895,
        -0.009457143716927064,
        0.002534034021655673,
        -0.00945714371692707,
        0.0025340340216556743
    ]
}