{
    "load_date": "2026-02-23 18:07:00.489085",
    "potential": "linear",
    "cutoff": 16,
    "N": 2,
    "a": 1.0,
    "c": null,
    "boundary_condition": "dirichlet",
    "num_qubits": 10,
    "H_size": [
        1024,
        1024
    ],
    "H_dense_mem_estimate_bytes": 16777216,
    "H_sparse_mem_estimate_bytes": 167940,
    "H_pauli_time": "0:00:00.079392",
    "H_creation_time": "0:00:00.000738",
    "H_eigenvalue_time": "0:00:00.489489",
    "used_dense": true,
    "eigenvalues": [
        -3.2752958858481203e-15,
        1.1180339887498838,
        1.118033988749884,
        1.118033988749895,
        1.1180339887498976,
        2.236067977499782,
        2.236067977499782,
        2.2360679774997845
    ],
    "best_basis_state": [
        1,
        0,
        0,
        0,
        0,
        0,
        0,
        0,
        0,
        0
    ],
    "basis_prob": 0.9442719099991589,
    "num_paulis": 81,
    "pauli_coeffs": [
        16.875,
        -0.5625000000000002,
        -0.5624999999999998,
        -1.6875,
        -0.5624999999999996,
        -0.5624999999999996,
        0.5624999999999998,
        -3.9375,
        -0.5625,
        -0.5625,
        0.5625,
        -0.5625000000000001,
        0.5624999999999999,
        0.5624999999999999,
        -0.5625000000000001,
        -0.5,
        -0.5625000000000002,
        -0.5624999999999998,
        -1.6875,
        -0.5624999999999996,
        -0.5624999999999996,
        0.5624999999999998,
        -3.9375,
        -0.5625,
        -0.5625,
        0.5625,
        -0.5625000000000001,
        0.5624999999999999,
        0.5624999999999999,
        -0.5625000000000001,
        0.5,
        0.25,
        0.25,
        0.49827113554878055,
        -0.031567859280625415,
        0.24933874109382953,
        -0.015694570652988793,
        0.24933874109382953,
        -0.015694570652988793,
        -0.12579262355873488,
        -0.0002529482444754705,
        0.12475465740458166,
        -0.007827864067895991,
        -0.12475465740458166,
        0.007827864067895991,
        0.12475465740458166,
        -0.007827864067895991,
        0.12475465740458166,
        -0.007827864067895991,
        -0.25105754838290884,
        -0.0002882548407227292,
        -0.12533502906043373,
        -5.5965907352212296e-05,
        -0.12533502906043373,
        -5.5965907352212296e-05,
        -0.0006802353210032808,
        -0.0002433182719914495,
        0.49827113554878055,
        -0.031567859280625415,
        0.24933874109382953,
        -0.015694570652988793,
        0.24933874109382953,
        -0.015694570652988793,
        -0.12579262355873488,
        -0.0002529482444754705,
        0.12475465740458166,
        -0.007827864067895991,
        -0.12475465740458166,
        0.007827864067895991,
        0.12475465740458166,
        -0.007827864067895991,
        0.12475465740458166,
        -0.007827864067895991,
        -0.25105754838290884,
        -0.0002882548407227292,
        -0.12533502906043373,
        -5.5965907352212296e-05,
        -0.12533502906043373,
        -5.5965907352212296e-05,
        -0.0006802353210032808,
        -0.0002433182719914495
    ],
    "pauli_labels": [
        "IIIIIIIIII",
        "IIIIIIIIZI",
        "IIIIIIIIZZ",
        "IIIIIIIZII",
        "IIIIIIIZIZ",
        "IIIIIIIZZI",
        "IIIIIIIZZZ",
        "IIIIIIZIII",
        "IIIIIIZIIZ",
        "IIIIIIZIZI",
        "IIIIIIZIZZ",
        "IIIIIIZZII",
        "IIIIIIZZIZ",
        "IIIIIIZZZI",
        "IIIIIIZZZZ",
        "IIIIIZIIII",
        "IIIZIIIIII",
        "IIIZZIIIII",
        "IIZIIIIIII",
        "IIZIZIIIII",
        "IIZZIIIIII",
        "IIZZZIIIII",
        "IZIIIIIIII",
        "IZIIZIIIII",
        "IZIZIIIIII",
        "IZIZZIIIII",
        "IZZIIIIIII",
        "IZZIZIIIII",
        "IZZZIIIIII",
        "IZZZZIIIII",
        "ZIIIIIIIII",
        "XIIIIXIIII",
        "YIIIIYIIII",
        "IIIXIIIIII",
        "IIIXZIIIII",
        "IIXXIIIIII",
        "IIXXZIIIII",
        "IIYYIIIIII",
        "IIYYZIIIII",
        "IIZXIIIIII",
        "IIZXZIIIII",
        "IXXXIIIIII",
        "IXXXZIIIII",
        "IXYYIIIIII",
        "IXYYZIIIII",
        "IYXYIIIIII",
        "IYXYZIIIII",
        "IYYXIIIIII",
        "IYYXZIIIII",
        "IZIXIIIIII",
        "IZIXZIIIII",
        "IZXXIIIIII",
        "IZXXZIIIII",
        "IZYYIIIIII",
        "IZYYZIIIII",
        "IZZXIIIIII",
        "IZZXZIIIII",
        "IIIIIIIIXI",
        "IIIIIIIIXZ",
        "IIIIIIIXXI",
        "IIIIIIIXXZ",
        "IIIIIIIYYI",
        "IIIIIIIYYZ",
        "IIIIIIIZXI",
        "IIIIIIIZXZ",
        "IIIIIIXXXI",
        "IIIIIIXXXZ",
        "IIIIIIXYYI",
        "IIIIIIXYYZ",
        "IIIIIIYXYI",
        "IIIIIIYXYZ",
        "IIIIIIYYXI",
        "IIIIIIYYXZ",
        "IIIIIIZIXI",
        "IIIIIIZIXZ",
        "IIIIIIZXXI",
        "IIIIIIZXXZ",
        "IIIIIIZYYI",
        "IIIIIIZYYZ",
        "IIIIIIZZXI",
        "IIIIIIZZXZ"
    ],
    "groundstate_vector_norm": 1.0,
    "groundstate_energy_from_eigs": -3.2752958858481203e-15,
    "groundstate_energy_from_pauli_expansion": 4.6816527434281885e-15,
    "pauli_expvals_ground": [
        1.0000000000000002,
        0.9968991874808139,
        0.9968991874808139,
        0.9999927588927379,
        0.9999927588927379,
        0.9968919837570157,
        0.9968919837570157,
        0.9999999999490645,
        0.9999999999490645,
        0.996899187430162,
        0.996899187430162,
        0.9999927588418032,
        0.9999927588418032,
        0.9968919837063649,
        0.9968919837063649,
        0.8944271909999162,
        0.9968991874808139,
        0.9968991874808139,
        0.9999927588927381,
        0.9999927588927381,
        0.9968919837570155,
        0.9968919837570155,
        0.9999999999490643,
        0.9999999999490643,
        0.996899187430162,
        0.996899187430162,
        0.9999927588418032,
        0.9999927588418032,
        0.9968919837063647,
        0.9968919837063647,
        -0.8944271909999162,
        -0.4472135954999577,
        -0.4472135954999577,
        -0.07868931378337017,
        -0.07868931378337017,
        -0.000342848077008656,
        -0.000342848077008656,
        4.354741549893738e-05,
        4.354741549893738e-05,
        -0.07868857893793217,
        -0.07868857893793217,
        -4.626957474896454e-09,
        -4.626957474896454e-09,
        3.6282326407316693e-10,
        3.6282326407316693e-10,
        4.392738743325676e-10,
        4.392738743325676e-10,
        6.529925541964522e-10,
        6.529925541964522e-10,
        -0.07868931377799944,
        -0.07868931377799944,
        -0.0003428480769781693,
        -0.0003428480769781693,
        4.354741549874983e-05,
        4.354741549874983e-05,
        -0.07868857893256148,
        -0.07868857893256148,
        -0.07868931378337034,
        -0.07868931378337034,
        -0.00034284807700862797,
        -0.00034284807700862797,
        4.354741549890126e-05,
        4.354741549890126e-05,
        -0.07868857893793228,
        -0.07868857893793228,
        -4.626957396360057e-09,
        -4.626957396360057e-09,
        3.628231880854288e-10,
        3.628231880854288e-10,
        4.392737982400361e-10,
        4.392737982400361e-10,
        6.529924757711309e-10,
        6.529924757711309e-10,
        -0.07868931377799958,
        -0.07868931377799958,
        -0.00034284807697814113,
        -0.00034284807697814113,
        4.354741549871371e-05,
        4.354741549871371e-05,
        -0.07868857893256159,
        -0.07868857893256159
    ],