{
    "load_date": "2026-02-02 19:00:47.728584",
    "potential": "linear",
    "cutoff": 4,
    "N": 4,
    "a": 1.0,
    "c": null,
    "x_max": 4.0,
    "boundary_condition": "dirichlet",
    "num_qubits": 12,
    "H_size": [
        4096,
        4096
    ],
    "H_dense_mem_estimate_bytes": 268435456,
    "H_sparse_mem_estimate_bytes": 1327108,
    "H_pauli_time": "0:00:00.005033",
    "H_creation_time": "0:00:00.000621",
    "H_eigenvalue_time": "0:00:00.125903",
    "eigenvalues": [
        -0.7435152364071962,
        0.3031420631959263,
        0.3031420631959266,
        0.5427617544417549,
        0.5427617544417556,
        1.349799362799037,
        1.5894190540448636,
        1.5894190540448725
    ],
    "best_basis_state": [
        1,
        1,
        0,
        0,
        1,
        0,
        1,
        1,
        0,
        0,
        1,
        0
    ],
    "basis_prob": 0.7971801135895158,
    "num_paulis": 43,
    "pauli_coeffs": [
        17.85055082520425,
        -0.30842513753404244,
        0.9999999999999996,
        0.15421256876702122,
        -0.30842513753404244,
        2.0,
        2.5,
        -0.5,
        -0.30842513753404244,
        1.2499999999999996,
        0.15421256876702122,
        -0.30842513753404244,
        2.5,
        3.0,
        0.5,
        -0.30842513753404244,
        1.2499999999999996,
        0.15421256876702122,
        -0.30842513753404244,
        2.5,
        3.0,
        -0.5,
        -0.30842513753404244,
        0.9999999999999996,
        0.15421256876702122,
        -0.30842513753404244,
        2.0,
        2.5,
        0.5,
        0.25,
        0.25,
        0.25,
        0.25,
        0.25,
        0.25,
        -0.25,
        -0.5,
        -0.5,
        -1.0,
        -0.25,
        -0.5,
        -0.5,
        -1.0
    ],
    "pauli_labels": [
        "IIIIIIIIIIII",
        "IIIIIIIIIIIX",
        "IIIIIIIIIIIZ",
        "IIIIIIIIIIXI",
        "IIIIIIIIIIXX",
        "IIIIIIIIIIZI",
        "IIIIIIIIIIZZ",
        "IIIIIIIIIZII",
        "IIIIIIIIXIII",
        "IIIIIIIIZIII",
        "IIIIIIIXIIII",
        "IIIIIIIXXIII",
        "IIIIIIIZIIII",
        "IIIIIIIZZIII",
        "IIIIIIZIIIII",
        "IIIIIXIIIIII",
        "IIIIIZIIIIII",
        "IIIIXIIIIIII",
        "IIIIXXIIIIII",
        "IIIIZIIIIIII",
        "IIIIZZIIIIII",
        "IIIZIIIIIIII",
        "IIXIIIIIIIII",
        "IIZIIIIIIIII",
        "IXIIIIIIIIII",
        "IXXIIIIIIIII",
        "IZIIIIIIIIII",
        "IZZIIIIIIIII",
        "ZIIIIIIIIIII",
        "IIIIIIXIIXII",
        "IIIIIIYIIYII",
        "IIIXIIXIIIII",
        "IIIYIIYIIIII",
        "XIIXIIIIIIII",
        "YIIYIIIIIIII",
        "IIIIIZIIIIIZ",
        "IIIIIZIIIIZI",
        "IIIIZIIIIIIZ",
        "IIIIZIIIIIZI",
        "IIZIIIIIZIII",
        "IIZIIIIZIIII",
        "IZIIIIIIZIII",
        "IZIIIIIZIIII"
    ],
    "boson_position_marginals": {
        "site_0": {
            "x_grid": [
                -4.0,
                -2.0,
                0.0,
                2.0
            ],
            "P_x": [
                6.94124357625875e-05,
                0.012326341065625206,
                0.9752800012773268,
                0.012324245221281647
            ],
            "edge_mass_2": 0.9999999999999962
        },
        "site_1": {
            "x_grid": [
                -4.0,
                -2.0,
                0.0,
                2.0
            ],
            "P_x": [
                6.155947838931266e-05,
                0.008935545344238413,
                0.982068690966255,
                0.008934204211113747
            ],
            "edge_mass_2": 0.9999999999999966
        },
        "site_2": {
            "x_grid": [
                -4.0,
                -2.0,
                0.0,
                2.0
            ],
            "P_x": [
                6.155947838931256e-05,
                0.008935545344238419,
                0.9820686909662546,
                0.008934204211113739
            ],
            "edge_mass_2": 0.9999999999999961
        },
        "site_3": {
            "x_grid": [
                -4.0,
                -2.0,
                0.0,
                2.0
            ],
            "P_x": [
                6.941243576258723e-05,
                0.012326341065625183,
                0.9752800012773266,
                0.012324245221281647
            ],
            "edge_mass_2": 0.999999999999996
        }
    }
}