{
    "load_date": "2026-02-02 19:00:47.594165",
    "potential": "linear",
    "cutoff": 2,
    "N": 4,
    "a": 1.0,
    "c": null,
    "x_max": 4.0,
    "boundary_condition": "dirichlet",
    "num_qubits": 8,
    "H_size": [
        256,
        256
    ],
    "H_dense_mem_estimate_bytes": 1048576,
    "H_sparse_mem_estimate_bytes": 41988,
    "H_pauli_time": "0:00:00.004633",
    "H_creation_time": "0:00:00.004109",
    "H_eigenvalue_time": "0:00:00.009771",
    "eigenvalues": [
        -1.7248025033256904,
        -0.6781452037225615,
        -0.6781452037225604,
        -0.43852551247672855,
        -0.43852551247672666,
        0.3685120958805641,
        0.6081317871263918,
        0.6081317871263933
    ],
    "best_basis_state": [
        1,
        1,
        0,
        1,
        1,
        1,
        0,
        1
    ],
    "basis_prob": 0.868210630624605,
    "num_paulis": 21,
    "pauli_coeffs": [
        20.61685027506808,
        -0.1542125687670212,
        4.0,
        -0.5,
        -0.1542125687670212,
        5.0,
        0.5,
        -0.1542125687670212,
        5.0,
        -0.5,
        -0.1542125687670212,
        4.0,
        0.5,
        0.25,
        0.25,
        0.25,
        0.25,
        0.25,
        0.25,
        -1.0,
        -1.0
    ],
    "pauli_labels": [
        "IIIIIIII",
        "IIIIIIIX",
        "IIIIIIIZ",
        "IIIIIIZI",
        "IIIIIXII",
        "IIIIIZII",
        "IIIIZIII",
        "IIIXIIII",
        "IIIZIIII",
        "IIZIIIII",
        "IXIIIIII",
        "IZIIIIII",
        "ZIIIIIII",
        "IIIIXIXI",
        "IIIIYIYI",
        "IIXIXIII",
        "IIYIYIII",
        "XIXIIIII",
        "YIYIIIII",
        "IIIZIIIZ",
        "IZIIIZII"
    ],
    "boson_position_marginals": {
        "site_0": {
            "x_grid": [
                -4.0,
                0.0
            ],
            "P_x": [
                0.00023768589558590417,
                0.9997623141044073
            ],
            "edge_mass_2": 1.9999999999999865
        },
        "site_1": {
            "x_grid": [
                -4.0,
                0.0
            ],
            "P_x": [
                0.00016510152579862338,
                0.9998348984741946
            ],
            "edge_mass_2": 1.9999999999999865
        },
        "site_2": {
            "x_grid": [
                -4.0,
                0.0
            ],
            "P_x": [
                0.00016510152579862487,
                0.9998348984741946
            ],
            "edge_mass_2": 1.9999999999999865
        },
        "site_3": {
            "x_grid": [
                -4.0,
                0.0
            ],
            "P_x": [
                0.0002376858955859034,
                0.9997623141044073
            ],
            "edge_mass_2": 1.9999999999999865
        }
    }
}