{
    "load_date": "2026-02-02 19:00:50.205811",
    "potential": "linear",
    "cutoff": 8,
    "N": 4,
    "a": 1.0,
    "c": null,
    "x_max": 4.0,
    "boundary_condition": "dirichlet",
    "num_qubits": 16,
    "H_size": [
        65536,
        65536
    ],
    "H_dense_mem_estimate_bytes": 68719476736,
    "H_sparse_mem_estimate_bytes": 42205188,
    "H_pauli_time": "0:00:00.016698",
    "H_creation_time": "0:00:00.008763",
    "H_eigenvalue_time": "0:00:02.438885",
    "eigenvalues": [
        -0.0030002176861594343,
        1.0436570819169726,
        1.0436570819169775,
        1.0539898195330506,
        1.0539898195330561,
        1.2832767731627985,
        1.283276773162807,
        1.2949207420057707
    ],
    "best_basis_state": [
        1,
        1,
        0,
        0,
        0,
        1,
        0,
        0,
        1,
        1,
        0,
        0,
        0,
        1,
        0,
        0
    ],
    "basis_prob": 0.11969638192169726,
    "num_paulis": 89,
    "pauli_coeffs": [
        21.785353025748933,
        -1.0530292875455145,
        0.25,
        0.308425137534043,
        -0.6168502750680852,
        -0.4361790124774298,
        0.5,
        0.625,
        0.1542125687670212,
        -0.18067126259065494,
        0.3084251375340419,
        -0.6168502750680844,
        0.4361790124774301,
        1.0,
        1.25,
        2.5,
        -0.5,
        -1.0530292875455145,
        0.3125,
        0.308425137534043,
        -0.6168502750680852,
        -0.4361790124774298,
        0.625,
        0.75,
        0.1542125687670212,
        -0.18067126259065494,
        0.3084251375340419,
        -0.6168502750680844,
        0.4361790124774301,
        1.25,
        1.5,
        3.0,
        0.5,
        -1.0530292875455145,
        0.3125,
        0.308425137534043,
        -0.6168502750680852,
        -0.4361790124774298,
        0.625,
        0.75,
        0.1542125687670212,
        -0.18067126259065494,
        0.3084251375340419,
        -0.6168502750680844,
        0.4361790124774301,
        1.25,
        1.5,
        3.0,
        -0.5,
        -1.0530292875455145,
        0.25,
        0.308425137534043,
        -0.6168502750680852,
        -0.4361790124774298,
        0.5,
        0.625,
        0.1542125687670212,
        -0.18067126259065494,
        0.3084251375340419,
        -0.6168502750680844,
        0.4361790124774301,
        1.0,
        1.25,
        2.5,
        0.5,
        0.25,
        0.25,
        0.25,
        0.25,
        0.25,
        0.25,
        -0.0625,
        -0.125,
        -0.25,
        -0.125,
        -0.25,
        -0.5,
        -0.25,
        -0.5,
        -1.0,
        -0.0625,
        -0.125,
        -0.25,
        -0.125,
        -0.25,
        -0.5,
        -0.25,
        -0.5,
        -1.0
    ],
    "pauli_labels": [
        "IIIIIIIIIIIIIIII",
        "IIIIIIIIIIIIIIIX",
        "IIIIIIIIIIIIIIIZ",
        "IIIIIIIIIIIIIIXI",
        "IIIIIIIIIIIIIIXX",
        "IIIIIIIIIIIIIIYY",
        "IIIIIIIIIIIIIIZI",
        "IIIIIIIIIIIIIIZZ",
        "IIIIIIIIIIIIIXII",
        "IIIIIIIIIIIIIXIX",
        "IIIIIIIIIIIIIXXI",
        "IIIIIIIIIIIIIXXX",
        "IIIIIIIIIIIIIXYY",
        "IIIIIIIIIIIIIZII",
        "IIIIIIIIIIIIIZIZ",
        "IIIIIIIIIIIIIZZI",
        "IIIIIIIIIIIIZIII",
        "IIIIIIIIIIIXIIII",
        "IIIIIIIIIIIZIIII",
        "IIIIIIIIIIXIIIII",
        "IIIIIIIIIIXXIIII",
        "IIIIIIIIIIYYIIII",
        "IIIIIIIIIIZIIIII",
        "IIIIIIIIIIZZIIII",
        "IIIIIIIIIXIIIIII",
        "IIIIIIIIIXIXIIII",
        "IIIIIIIIIXXIIIII",
        "IIIIIIIIIXXXIIII",
        "IIIIIIIIIXYYIIII",
        "IIIIIIIIIZIIIIII",
        "IIIIIIIIIZIZIIII",
        "IIIIIIIIIZZIIIII",
        "IIIIIIIIZIIIIIII",
        "IIIIIIIXIIIIIIII",
        "IIIIIIIZIIIIIIII",
        "IIIIIIXIIIIIIIII",
        "IIIIIIXXIIIIIIII",
        "IIIIIIYYIIIIIIII",
        "IIIIIIZIIIIIIIII",
        "IIIIIIZZIIIIIIII",
        "IIIIIXIIIIIIIIII",
        "IIIIIXIXIIIIIIII",
        "IIIIIXXIIIIIIIII",
        "IIIIIXXXIIIIIIII",
        "IIIIIXYYIIIIIIII",
        "IIIIIZIIIIIIIIII",
        "IIIIIZIZIIIIIIII",
        "IIIIIZZIIIIIIIII",
        "IIIIZIIIIIIIIIII",
        "IIIXIIIIIIIIIIII",
        "IIIZIIIIIIIIIIII",
        "IIXIIIIIIIIIIIII",
        "IIXXIIIIIIIIIIII",
        "IIYYIIIIIIIIIIII",
        "IIZIIIIIIIIIIIII",
        "IIZZIIIIIIIIIIII",
        "IXIIIIIIIIIIIIII",
        "IXIXIIIIIIIIIIII",
        "IXXIIIIIIIIIIIII",
        "IXXXIIIIIIIIIIII",
        "IXYYIIIIIIIIIIII",
        "IZIIIIIIIIIIIIII",
        "IZIZIIIIIIIIIIII",
        "IZZIIIIIIIIIIIII",
        "ZIIIIIIIIIIIIIII",
        "IIIIIIIIXIIIXIII",
        "IIIIIIIIYIIIYIII",
        "IIIIXIIIXIIIIIII",
        "IIIIYIIIYIIIIIII",
        "XIIIXIIIIIIIIIII",
        "YIIIYIIIIIIIIIII",
        "IIIIIIIZIIIIIIIZ",
        "IIIIIIIZIIIIIIZI",
        "IIIIIIIZIIIIIZII",
        "IIIIIIZIIIIIIIIZ",
        "IIIIIIZIIIIIIIZI",
        "IIIIIIZIIIIIIZII",
        "IIIIIZIIIIIIIIIZ",
        "IIIIIZIIIIIIIIZI",
        "IIIIIZIIIIIIIZII",
        "IIIZIIIIIIIZIIII",
        "IIIZIIIIIIZIIIII",
        "IIIZIIIIIZIIIIII",
        "IIZIIIIIIIIZIIII",
        "IIZIIIIIIIZIIIII",
        "IIZIIIIIIZIIIIII",
        "IZIIIIIIIIIZIIII",
        "IZIIIIIIIIZIIIII",
        "IZIIIIIIIZIIIIII"
    ],
    "boson_position_marginals": {
        "site_0": {
            "x_grid": [
                -4.0,
                -3.0,
                -2.0,
                -1.0,
                0.0,
                1.0,
                2.0,
                3.0
            ],
            "P_x": [
                3.7183638658427028e-09,
                3.094524314955886e-05,
                0.007124535993392631,
                0.19592634844048365,
                0.593836368948417,
                0.1959263156942317,
                0.0071245396864690995,
                3.094227548835258e-05
            ],
            "edge_mass_2": 0.007186430923470877
        },
        "site_1": {
            "x_grid": [
                -4.0,
                -3.0,
                -2.0,
                -1.0,
                0.0,
                1.0,
                2.0,
                3.0
            ],
            "P_x": [
                2.0582083600540118e-08,
                1.3844441817515136e-05,
                0.004845284366896374,
                0.18393756699273703,
                0.6224065638810689,
                0.1839375957491794,
                0.00484527703348019,
                1.3846952733811966e-05
            ],
            "edge_mass_2": 0.004872989010115117
        },
        "site_2": {
            "x_grid": [
                -4.0,
                -3.0,
                -2.0,
                -1.0,
                0.0,
                1.0,
                2.0,
                3.0
            ],
            "P_x": [
                2.058208360054046e-08,
                1.3844441817515141e-05,
                0.004845284366896397,
                0.18393756699273733,
                0.6224065638810691,
                0.1839375957491793,
                0.004845277033480179,
                1.3846952733812047e-05
            ],
            "edge_mass_2": 0.004872989010115106
        },
        "site_3": {
            "x_grid": [
                -4.0,
                -3.0,
                -2.0,
                -1.0,
                0.0,
                1.0,
                2.0,
                3.0
            ],
            "P_x": [
                3.718363865843514e-09,
                3.0945243149559314e-05,
                0.007124535993392686,
                0.19592634844048407,
                0.5938363689484158,
                0.19592631569423158,
                0.0071245396864691056,
                3.094227548835268e-05
            ],
            "edge_mass_2": 0.007186430923470884
        }
    }
}