{
    "load_date": "2026-01-26 10:18:33.981948",
    "potential": "linear",
    "cutoff": 8,
    "N": 3,
    "a": 1.0,
    "c": null,
    "boundary_condition": "dirichlet",
    "num_qubits": 12,
    "H_size": [
        4096,
        4096
    ],
    "H_dense_mem_estimate_bytes": 268435456,
    "H_sparse_mem_estimate_bytes": 1982468,
    "H_pauli_time": "0:00:00.013356",
    "H_creation_time": "0:00:00.000798",
    "H_eigenvalue_time": "0:00:00.080247",
    "eigenvalues": [
        -0.0020422518207519713,
        0.997957748179238,
        1.005800661559906,
        1.22270261957083,
        1.2227026195708344,
        1.2288288033540686,
        1.2389851858534657,
        1.9745593102885628
    ],
    "best_basis_state": [
        0,
        1,
        0,
        0,
        1,
        1,
        0,
        0,
        0,
        1,
        0,
        0
    ],
    "basis_prob": 0.20111851431951716,
    "num_paulis": 62,
    "pauli_coeffs": [
        16.0265147693117,
        -1.0530292875455145,
        0.25,
        0.308425137534043,
        -0.6168502750680852,
        -0.43617901247742974,
        0.5,
        0.625,
        0.1542125687670212,
        -0.18067126259065494,
        0.3084251375340419,
        -0.6168502750680844,
        0.4361790124774301,
        1.0,
        1.25,
        2.5,
        -0.5,
        -1.0530292875455145,
        0.375,
        0.308425137534043,
        -0.6168502750680852,
        -0.43617901247742974,
        0.75,
        0.75,
        0.1542125687670212,
        -0.18067126259065494,
        0.3084251375340419,
        -0.6168502750680844,
        0.4361790124774301,
        1.5,
        1.5,
        3.0,
        0.5,
        -1.0530292875455145,
        0.25,
        0.308425137534043,
        -0.6168502750680852,
        -0.43617901247742974,
        0.5,
        0.625,
        0.1542125687670212,
        -0.18067126259065494,
        0.3084251375340419,
        -0.6168502750680844,
        0.4361790124774301,
        1.0,
        1.25,
        2.5,
        -0.5,
        0.25,
        0.25,
        0.25,
        0.25,
        -0.0625,
        -0.125,
        -0.25,
        -0.125,
        -0.25,
        -0.5,
        -0.25,
        -0.5,
        -1.0
    ],
    "pauli_labels": [
        "IIIIIIIIIIII",
        "IIIIIIIIIIIX",
        "IIIIIIIIIIIZ",
        "IIIIIIIIIIXI",
        "IIIIIIIIIIXX",
        "IIIIIIIIIIYY",
        "IIIIIIIIIIZI",
        "IIIIIIIIIIZZ",
        "IIIIIIIIIXII",
        "IIIIIIIIIXIX",
        "IIIIIIIIIXXI",
        "IIIIIIIIIXXX",
        "IIIIIIIIIXYY",
        "IIIIIIIIIZII",
        "IIIIIIIIIZIZ",
        "IIIIIIIIIZZI",
        "IIIIIIIIZIII",
        "IIIIIIIXIIII",
        "IIIIIIIZIIII",
        "IIIIIIXIIIII",
        "IIIIIIXXIIII",
        "IIIIIIYYIIII",
        "IIIIIIZIIIII",
        "IIIIIIZZIIII",
        "IIIIIXIIIIII",
        "IIIIIXIXIIII",
        "IIIIIXXIIIII",
        "IIIIIXXXIIII",
        "IIIIIXYYIIII",
        "IIIIIZIIIIII",
        "IIIIIZIZIIII",
        "IIIIIZZIIIII",
        "IIIIZIIIIIII",
        "IIIXIIIIIIII",
        "IIIZIIIIIIII",
        "IIXIIIIIIIII",
        "IIXXIIIIIIII",
        "IIYYIIIIIIII",
        "IIZIIIIIIIII",
        "IIZZIIIIIIII",
        "IXIIIIIIIIII",
        "IXIXIIIIIIII",
        "IXXIIIIIIIII",
        "IXXXIIIIIIII",
        "IXYYIIIIIIII",
        "IZIIIIIIIIII",
        "IZIZIIIIIIII",
        "IZZIIIIIIIII",
        "ZIIIIIIIIIII",
        "IIIIXIIIXIII",
        "IIIIYIIIYIII",
        "XIIIXIIIIIII",
        "YIIIYIIIIIII",
        "IIIZIIIIIIIZ",
        "IIIZIIIIIIZI",
        "IIIZIIIIIZII",
        "IIZIIIIIIIIZ",
        "IIZIIIIIIIZI",
        "IIZIIIIIIZII",
        "IZIIIIIIIIIZ",
        "IZIIIIIIIIZI",
        "IZIIIIIIIZII"
    ],
    "boson_position_marginals": {
        "site_0": {
            "x_grid": [
                -4.0,
                -3.0,
                -2.0,
                -1.0,
                0.0,
                1.0,
                2.0,
                3.0
            ],
            "P_x": [
                4.214935522707567e-09,
                3.156720853728526e-05,
                0.00719160761217648,
                0.19620997547991317,
                0.5931337318378799,
                0.19620993874075696,
                0.007191611538688367,
                3.156336710747702e-05
            ],
            "edge_mass_2": 0.0072547463292686526
        },
        "site_1": {
            "x_grid": [
                -4.0,
                -3.0,
                -2.0,
                -1.0,
                0.0,
                1.0,
                2.0,
                3.0
            ],
            "P_x": [
                2.5192863048318196e-08,
                1.2529144378496185e-05,
                0.004585480663394266,
                0.1822858288226451,
                0.6262322975462961,
                0.18228582882264485,
                0.00458548066339424,
                1.2529144378496436e-05
            ],
            "edge_mass_2": 0.004610564145014281
        },
        "site_2": {
            "x_grid": [
                -4.0,
                -3.0,
                -2.0,
                -1.0,
                0.0,
                1.0,
                2.0,
                3.0
            ],
            "P_x": [
                4.214935522707402e-09,
                3.1567208537285494e-05,
                0.0071916076121765005,
                0.19620997547991306,
                0.5931337318378799,
                0.19620993874075704,
                0.007191611538688354,
                3.1563367107476805e-05
            ],
            "edge_mass_2": 0.007254746329268639
        }
    }
}