{
    "load_date": "2026-01-26 10:18:33.884473",
    "potential": "linear",
    "cutoff": 4,
    "N": 3,
    "a": 1.0,
    "c": null,
    "boundary_condition": "dirichlet",
    "num_qubits": 9,
    "H_size": [
        512,
        512
    ],
    "H_dense_mem_estimate_bytes": 4194304,
    "H_sparse_mem_estimate_bytes": 124932,
    "H_pauli_time": "0:00:00.003602",
    "H_creation_time": "0:00:00.000315",
    "H_eigenvalue_time": "0:00:00.013240",
    "eigenvalues": [
        -0.5379788433164071,
        0.4620211566835856,
        0.6867660280751742,
        0.6867660280751811,
        1.6867660280751675,
        1.6867660280751755,
        1.8408372601651422,
        1.8965825908224752
    ],
    "best_basis_state": [
        0,
        1,
        0,
        1,
        1,
        0,
        0,
        1,
        0
    ],
    "basis_prob": 0.848456058947937,
    "num_paulis": 30,
    "pauli_coeffs": [
        13.13791311890319,
        -0.30842513753404244,
        0.9999999999999996,
        0.15421256876702122,
        -0.30842513753404244,
        2.0,
        2.5,
        -0.5,
        -0.30842513753404244,
        1.4999999999999996,
        0.15421256876702122,
        -0.30842513753404244,
        3.0,
        3.0,
        0.5,
        -0.30842513753404244,
        0.9999999999999996,
        0.15421256876702122,
        -0.30842513753404244,
        2.0,
        2.5,
        -0.5,
        0.25,
        0.25,
        0.25,
        0.25,
        -0.25,
        -0.5,
        -0.5,
        -1.0
    ],
    "pauli_labels": [
        "IIIIIIIII",
        "IIIIIIIIX",
        "IIIIIIIIZ",
        "IIIIIIIXI",
        "IIIIIIIXX",
        "IIIIIIIZI",
        "IIIIIIIZZ",
        "IIIIIIZII",
        "IIIIIXIII",
        "IIIIIZIII",
        "IIIIXIIII",
        "IIIIXXIII",
        "IIIIZIIII",
        "IIIIZZIII",
        "IIIZIIIII",
        "IIXIIIIII",
        "IIZIIIIII",
        "IXIIIIIII",
        "IXXIIIIII",
        "IZIIIIIII",
        "IZZIIIIII",
        "ZIIIIIIII",
        "IIIXIIXII",
        "IIIYIIYII",
        "XIIXIIIII",
        "YIIYIIIII",
        "IIZIIIIIZ",
        "IIZIIIIZI",
        "IZIIIIIIZ",
        "IZIIIIIZI"
    ],
    "boson_position_marginals": {
        "site_0": {
            "x_grid": [
                -4.0,
                -2.0,
                0.0,
                2.0
            ],
            "P_x": [
                6.938186332656314e-05,
                0.012348062136069878,
                0.9752366253167666,
                0.012345930683833791
            ],
            "edge_mass_2": 0.9999999999999969
        },
        "site_1": {
            "x_grid": [
                -4.0,
                -2.0,
                0.0,
                2.0
            ],
            "P_x": [
                6.157308627842643e-05,
                0.008900872241840042,
                0.9821366824300377,
                0.008900872241840066
            ],
            "edge_mass_2": 0.9999999999999963
        },
        "site_2": {
            "x_grid": [
                -4.0,
                -2.0,
                0.0,
                2.0
            ],
            "P_x": [
                6.9381863326563e-05,
                0.012348062136069874,
                0.9752366253167666,
                0.012345930683833804
            ],
            "edge_mass_2": 0.9999999999999969
        }
    }
}