{
    "load_date": "2026-01-26 10:18:33.864656",
    "potential": "linear",
    "cutoff": 2,
    "N": 3,
    "a": 1.0,
    "c": null,
    "boundary_condition": "dirichlet",
    "num_qubits": 6,
    "H_size": [
        64,
        64
    ],
    "H_dense_mem_estimate_bytes": 65536,
    "H_sparse_mem_estimate_bytes": 7940,
    "H_pauli_time": "0:00:00.003367",
    "H_creation_time": "0:00:00.002007",
    "H_eigenvalue_time": "0:00:00.002623",
    "eigenvalues": [
        -1.268844086004076,
        -0.2688440860040743,
        -0.044099214612489585,
        -0.04409921461248224,
        0.9559007853875132,
        0.9559007853875188,
        1.1806456567791002,
        2.180645656779103
    ],
    "best_basis_state": [
        0,
        1,
        1,
        1,
        0,
        1
    ],
    "basis_prob": 0.907666728068711,
    "num_paulis": 15,
    "pauli_coeffs": [
        15.46263770630106,
        -0.1542125687670212,
        4.0,
        -0.5,
        -0.1542125687670212,
        6.0,
        0.5,
        -0.1542125687670212,
        4.0,
        -0.5,
        0.25,
        0.25,
        0.25,
        0.25,
        -1.0
    ],
    "pauli_labels": [
        "IIIIII",
        "IIIIIX",
        "IIIIIZ",
        "IIIIZI",
        "IIIXII",
        "IIIZII",
        "IIZIII",
        "IXIIII",
        "IZIIII",
        "ZIIIII",
        "IIXIXI",
        "IIYIYI",
        "XIXIII",
        "YIYIII",
        "IZIIIZ"
    ],
    "boson_position_marginals": {
        "site_0": {
            "x_grid": [
                -4.0,
                0.0
            ],
            "P_x": [
                0.00023770559477796083,
                0.9997622944052214
            ],
            "edge_mass_2": 1.9999999999999987
        },
        "site_1": {
            "x_grid": [
                -4.0,
                0.0
            ],
            "P_x": [
                0.00016506764123179644,
                0.9998349323587675
            ],
            "edge_mass_2": 1.9999999999999987
        },
        "site_2": {
            "x_grid": [
                -4.0,
                0.0
            ],
            "P_x": [
                0.0002377055947779596,
                0.9997622944052214
            ],
            "edge_mass_2": 1.9999999999999987
        }
    }
}