{
    "load_date": "2025-12-18 10:19:53.576329",
    "potential": "linear",
    "cutoff": 8,
    "N": 3,
    "a": 1.0,
    "c": null,
    "boundary_condition": "dirichlet",
    "num_qubits": 12,
    "num_paulis": 194,
    "dense_H_size": [
        4096,
        4096
    ],
    "min_eigenvalue": 2.7357169812820412e-08,
    "basis": [
        0,
        0,
        0,
        0,
        1,
        0,
        0,
        0,
        0,
        0,
        0,
        0
    ],
    "tol": 1e-10,
    "dt": 1.0,
    "n_steps": 1,
    "max_k": 15,
    "final_k": 7,
    "converged": true,
    "all_energies": [
        0.0005843088580299977,
        4.3655526710051586e-06,
        4.359793448138127e-06,
        3.992349666305401e-06,
        2.078478707051402e-06,
        3.254013205441606e-08,
        3.254013058105246e-08
    ],
    "all_run_data": [
        {
            "D": 1,
            "t": 1.0,
            "circuit_time": "0:00:00.013912",
            "num_samples": 33,
            "H_reduced_size": [
                33,
                33
            ],
            "reduction": 99.1943359375,
            "H_reduced_e": 0.0005843088580299977,
            "eigenvalue_time": "0:00:00.000977",
            "diff": 0.0005842815008601849,
            "change_from_prev": null
        },
        {
            "D": 2,
            "t": 2.0,
            "circuit_time": "0:00:00.012883",
            "num_samples": 165,
            "H_reduced_size": [
                165,
                165
            ],
            "reduction": 95.9716796875,
            "H_reduced_e": 4.3655526710051586e-06,
            "eigenvalue_time": "0:00:00.001780",
            "diff": 4.338195501192338e-06,
            "change_from_prev": 0.0005799433053589925
        },
        {
            "D": 3,
            "t": 3.0,
            "circuit_time": "0:00:00.012010",
            "num_samples": 233,
            "H_reduced_size": [
                233,
                233
            ],
            "reduction": 94.3115234375,
            "H_reduced_e": 4.359793448138127e-06,
            "eigenvalue_time": "0:00:00.009048",
            "diff": 4.332436278325306e-06,
            "change_from_prev": 5.759222867031928e-09
        },
        {
            "D": 4,
            "t": 4.0,
            "circuit_time": "0:00:00.012075",
            "num_samples": 275,
            "H_reduced_size": [
                275,
                275
            ],
            "reduction": 93.2861328125,
            "H_reduced_e": 3.992349666305401e-06,
            "eigenvalue_time": "0:00:00.016880",
            "diff": 3.964992496492581e-06,
            "change_from_prev": 3.6744378183272525e-07
        },
        {
            "D": 5,
            "t": 5.0,
            "circuit_time": "0:00:00.013103",
            "num_samples": 372,
            "H_reduced_size": [
                372,
                372
            ],
            "reduction": 90.91796875,
            "H_reduced_e": 2.078478707051402e-06,
            "eigenvalue_time": "0:00:00.024541",
            "diff": 2.0511215372385815e-06,
            "change_from_prev": 1.9138709592539996e-06
        },
        {
            "D": 6,
            "t": 6.0,
            "circuit_time": "0:00:00.012194",
            "num_samples": 380,
            "H_reduced_size": [
                380,
                380
            ],
            "reduction": 90.72265625,
            "H_reduced_e": 3.254013205441606e-08,
            "eigenvalue_time": "0:00:00.029078",
            "diff": 5.182962241595646e-09,
            "change_from_prev": 2.045938574996986e-06
        },
        {
            "D": 7,
            "t": 7.0,
            "circuit_time": "0:00:00.012079",
            "num_samples": 380,
            "H_reduced_size": [
                380,
                380
            ],
            "reduction": 90.72265625,
            "H_reduced_e": 3.254013058105246e-08,
            "eigenvalue_time": "0:00:00.028927",
            "diff": 5.182960768232047e-09,
            "change_from_prev": 1.473363598576951e-15
        }
    ]
}