{
    "load_date": "2025-12-09 15:14:56.191835",
    "potential": "linear",
    "cutoff": 16,
    "N": 3,
    "a": 1.0,
    "c": null,
    "boundary_condition": "dirichlet",
    "num_qubits": 15,
    "num_paulis": 1146,
    "dense_H_size": [
        32768,
        32768
    ],
    "min_eigenvalue": -3.6042420179791245e-15,
    "basis": [
        0,
        0,
        0,
        0,
        0,
        1,
        0,
        0,
        0,
        0,
        0,
        0,
        0,
        0,
        0
    ],
    "tol": 1e-10,
    "dt": 1.0,
    "n_steps": 1,
    "max_k": 15,
    "final_k": 8,
    "converged": true,
    "all_energies": [
        7.551642449030752e-05,
        1.2424104510646846e-06,
        5.301907491097685e-07,
        4.866241505274176e-07,
        4.791813812410879e-07,
        4.774778244223223e-07,
        7.097960367350675e-11,
        5.456168380475839e-12
    ],
    "all_run_data": [
        {
            "D": 1,
            "t": 1.0,
            "circuit_time": "0:00:00.231891",
            "num_samples": 152,
            "H_reduced_size": [
                152,
                152
            ],
            "reduction": 99.5361328125,
            "H_reduced_e": 7.551642449030752e-05,
            "eigenvalue_time": "0:00:00.002998",
            "diff": 7.551642449391176e-05,
            "change_from_prev": null
        },
        {
            "D": 2,
            "t": 2.0,
            "circuit_time": "0:00:00.238928",
            "num_samples": 582,
            "H_reduced_size": [
                582,
                582
            ],
            "reduction": 98.223876953125,
            "H_reduced_e": 1.2424104510646846e-06,
            "eigenvalue_time": "0:00:00.070606",
            "diff": 1.2424104546689267e-06,
            "change_from_prev": 7.427401403924283e-05
        },
        {
            "D": 3,
            "t": 3.0,
            "circuit_time": "0:00:00.247153",
            "num_samples": 911,
            "H_reduced_size": [
                911,
                911
            ],
            "reduction": 97.2198486328125,
            "H_reduced_e": 5.301907491097685e-07,
            "eigenvalue_time": "0:00:00.078428",
            "diff": 5.301907527140105e-07,
            "change_from_prev": 7.122197019549161e-07
        },
        {
            "D": 4,
            "t": 4.0,
            "circuit_time": "0:00:00.250819",
            "num_samples": 1146,
            "H_reduced_size": [
                1146,
                1146
            ],
            "reduction": 96.502685546875,
            "H_reduced_e": 4.866241505274176e-07,
            "eigenvalue_time": "0:00:00.082438",
            "diff": 4.866241541316596e-07,
            "change_from_prev": 4.356659858235088e-08
        },
        {
            "D": 5,
            "t": 5.0,
            "circuit_time": "0:00:00.241326",
            "num_samples": 1555,
            "H_reduced_size": [
                1555,
                1555
            ],
            "reduction": 95.2545166015625,
            "H_reduced_e": 4.791813812410879e-07,
            "eigenvalue_time": "0:00:00.084086",
            "diff": 4.791813848453299e-07,
            "change_from_prev": 7.442769286329699e-09
        },
        {
            "D": 6,
            "t": 6.0,
            "circuit_time": "0:00:00.234907",
            "num_samples": 1823,
            "H_reduced_size": [
                1823,
                1823
            ],
            "reduction": 94.4366455078125,
            "H_reduced_e": 4.774778244223223e-07,
            "eigenvalue_time": "0:00:00.091436",
            "diff": 4.774778280265642e-07,
            "change_from_prev": 1.7035568187656618e-09
        },
        {
            "D": 7,
            "t": 7.0,
            "circuit_time": "0:00:00.255877",
            "num_samples": 1874,
            "H_reduced_size": [
                1874,
                1874
            ],
            "reduction": 94.281005859375,
            "H_reduced_e": 7.097960367350675e-11,
            "eigenvalue_time": "0:00:00.107280",
            "diff": 7.098320791552472e-11,
            "change_from_prev": 4.774068448186488e-07
        },
        {
            "D": 8,
            "t": 8.0,
            "circuit_time": "0:00:00.265316",
            "num_samples": 2125,
            "H_reduced_size": [
                2125,
                2125
            ],
            "reduction": 93.5150146484375,
            "H_reduced_e": 5.456168380475839e-12,
            "eigenvalue_time": "0:00:00.116547",
            "diff": 5.459772622493818e-12,
            "change_from_prev": 6.552343529303091e-11
        }
    ]
}