{
    "load_date": "2026-02-02 19:31:52.851656",
    "potential": "linear",
    "cutoff": 4,
    "N": 3,
    "a": 1.0,
    "c": null,
    "x_max": 5.0,
    "boundary_condition": "dirichlet",
    "num_qubits": 9,
    "H_size": [
        512,
        512
    ],
    "H_dense_mem_estimate_bytes": 4194304,
    "H_sparse_mem_estimate_bytes": 124932,
    "H_pauli_time": "0:00:00.003936",
    "H_creation_time": "0:00:00.000485",
    "H_eigenvalue_time": "0:00:00.010179",
    "eigenvalues": [
        -0.8926062359141633,
        0.10739376408583055,
        0.33213863547741423,
        0.3321386354774182,
        1.3321386354774118,
        1.3321386354774178,
        1.5568835068690055,
        2.5568835068689864
    ],
    "best_basis_state": [
        0,
        1,
        0,
        1,
        1,
        0,
        0,
        1,
        0
    ],
    "basis_prob": 0.8965874655495613,
    "num_paulis": 30,
    "pauli_coeffs": [
        19.247639396098045,
        -0.19739208802178715,
        1.5625,
        0.09869604401089357,
        -0.19739208802178715,
        3.125,
        3.90625,
        -0.5,
        -0.19739208802178715,
        2.34375,
        0.09869604401089357,
        -0.19739208802178715,
        4.6875,
        4.6875,
        0.5,
        -0.19739208802178715,
        1.5625,
        0.09869604401089357,
        -0.19739208802178715,
        3.125,
        3.90625,
        -0.5,
        0.25,
        0.25,
        0.25,
        0.25,
        -0.390625,
        -0.78125,
        -0.78125,
        -1.5625
    ],
    "pauli_labels": [
        "IIIIIIIII",
        "IIIIIIIIX",
        "IIIIIIIIZ",
        "IIIIIIIXI",
        "IIIIIIIXX",
        "IIIIIIIZI",
        "IIIIIIIZZ",
        "IIIIIIZII",
        "IIIIIXIII",
        "IIIIIZIII",
        "IIIIXIIII",
        "IIIIXXIII",
        "IIIIZIIII",
        "IIIIZZIII",
        "IIIZIIIII",
        "IIXIIIIII",
        "IIZIIIIII",
        "IXIIIIIII",
        "IXXIIIIII",
        "IZIIIIIII",
        "IZZIIIIII",
        "ZIIIIIIII",
        "IIIXIIXII",
        "IIIYIIYII",
        "XIIXIIIII",
        "YIIYIIIII",
        "IIZIIIIIZ",
        "IIZIIIIZI",
        "IZIIIIIIZ",
        "IZIIIIIZI"
    ],
    "boson_position_marginals": {
        "site_0": {
            "x_grid": [
                -5.0,
                -2.5,
                0.0,
                2.5
            ],
            "P_x": [
                2.5662375679995907e-05,
                0.0023721749278334484,
                0.995230175109997,
                0.0023719875864823266
            ],
            "edge_mass_2": 0.9999999999999927
        },
        "site_1": {
            "x_grid": [
                -5.0,
                -2.5,
                0.0,
                2.5
            ],
            "P_x": [
                1.9280521400907088e-05,
                0.00166872314818767,
                0.9966432731822165,
                0.0016687231481876616
            ],
            "edge_mass_2": 0.9999999999999927
        },
        "site_2": {
            "x_grid": [
                -5.0,
                -2.5,
                0.0,
                2.5
            ],
            "P_x": [
                2.5662375679996524e-05,
                0.0023721749278334376,
                0.995230175109997,
                0.0023719875864823556
            ],
            "edge_mass_2": 0.9999999999999928
        }
    }
}