{
    "load_date": "2026-02-02 19:31:52.835054",
    "potential": "linear",
    "cutoff": 2,
    "N": 3,
    "a": 1.0,
    "c": null,
    "x_max": 5.0,
    "boundary_condition": "dirichlet",
    "num_qubits": 6,
    "H_size": [
        64,
        64
    ],
    "H_dense_mem_estimate_bytes": 65536,
    "H_sparse_mem_estimate_bytes": 7940,
    "H_pauli_time": "0:00:00.003475",
    "H_creation_time": "0:00:00.001246",
    "H_eigenvalue_time": "0:00:00.002662",
    "eigenvalues": [
        -1.4304230391732367,
        -0.4304230391732416,
        -0.20567816778165435,
        -0.20567816778165202,
        0.7943218322183482,
        0.7943218322183504,
        1.0190667036099375,
        2.0190667036099446
    ],
    "best_basis_state": [
        0,
        1,
        1,
        1,
        0,
        1
    ],
    "basis_prob": 0.9081506611899841,
    "num_paulis": 15,
    "pauli_coeffs": [
        23.73358813203268,
        -0.09869604401089355,
        6.25,
        -0.5,
        -0.09869604401089355,
        9.375,
        0.5,
        -0.09869604401089355,
        6.25,
        -0.5,
        0.25,
        0.25,
        0.25,
        0.25,
        -1.5625
    ],
    "pauli_labels": [
        "IIIIII",
        "IIIIIX",
        "IIIIIZ",
        "IIIIZI",
        "IIIXII",
        "IIIZII",
        "IIZIII",
        "IXIIII",
        "IZIIII",
        "ZIIIII",
        "IIXIXI",
        "IIYIYI",
        "XIXIII",
        "YIYIII",
        "IZIIIZ"
    ],
    "boson_position_marginals": {
        "site_0": {
            "x_grid": [
                -5.0,
                0.0
            ],
            "P_x": [
                3.989567939904775e-05,
                0.9999601043206018
            ],
            "edge_mass_2": 2.0000000000000018
        },
        "site_1": {
            "x_grid": [
                -5.0,
                0.0
            ],
            "P_x": [
                2.7705171883219717e-05,
                0.9999722948281177
            ],
            "edge_mass_2": 2.0000000000000018
        },
        "site_2": {
            "x_grid": [
                -5.0,
                0.0
            ],
            "P_x": [
                3.989567939904704e-05,
                0.9999601043206018
            ],
            "edge_mass_2": 2.0000000000000018
        }
    }
}