{
    "load_date": "2026-02-02 19:31:52.966900",
    "potential": "linear",
    "cutoff": 8,
    "N": 3,
    "a": 1.0,
    "c": null,
    "x_max": 5.0,
    "boundary_condition": "dirichlet",
    "num_qubits": 12,
    "H_size": [
        4096,
        4096
    ],
    "H_dense_mem_estimate_bytes": 268435456,
    "H_sparse_mem_estimate_bytes": 1982468,
    "H_pauli_time": "0:00:00.012235",
    "H_creation_time": "0:00:00.000945",
    "H_eigenvalue_time": "0:00:00.099266",
    "eigenvalues": [
        -0.03757091664631701,
        0.962429083353671,
        1.0664650844138315,
        1.1871739547452587,
        1.1871739547452687,
        1.2669083673668973,
        1.344069035277048,
        1.8203403489465781
    ],
    "best_basis_state": [
        0,
        1,
        0,
        0,
        1,
        1,
        0,
        0,
        0,
        1,
        0,
        0
    ],
    "basis_prob": 0.3989777946946827,
    "num_paulis": 62,
    "pauli_coeffs": [
        20.346813202359485,
        -0.6739387440291293,
        0.390625,
        0.19739208802178745,
        -0.3947841760435744,
        -0.27915456798555516,
        0.78125,
        0.9765625,
        0.09869604401089338,
        -0.115629608058019,
        0.19739208802178673,
        -0.3947841760435739,
        0.2791545679855552,
        1.5625,
        1.953125,
        3.90625,
        -0.5,
        -0.6739387440291293,
        0.5859375,
        0.19739208802178745,
        -0.3947841760435744,
        -0.27915456798555516,
        1.171875,
        1.171875,
        0.09869604401089338,
        -0.115629608058019,
        0.19739208802178673,
        -0.3947841760435739,
        0.2791545679855552,
        2.34375,
        2.34375,
        4.6875,
        0.5,
        -0.6739387440291293,
        0.390625,
        0.19739208802178745,
        -0.3947841760435744,
        -0.27915456798555516,
        0.78125,
        0.9765625,
        0.09869604401089338,
        -0.115629608058019,
        0.19739208802178673,
        -0.3947841760435739,
        0.2791545679855552,
        1.5625,
        1.953125,
        3.90625,
        -0.5,
        0.25,
        0.25,
        0.25,
        0.25,
        -0.09765625,
        -0.1953125,
        -0.390625,
        -0.1953125,
        -0.390625,
        -0.78125,
        -0.390625,
        -0.78125,
        -1.5625
    ],
    "pauli_labels": [
        "IIIIIIIIIIII",
        "IIIIIIIIIIIX",
        "IIIIIIIIIIIZ",
        "IIIIIIIIIIXI",
        "IIIIIIIIIIXX",
        "IIIIIIIIIIYY",
        "IIIIIIIIIIZI",
        "IIIIIIIIIIZZ",
        "IIIIIIIIIXII",
        "IIIIIIIIIXIX",
        "IIIIIIIIIXXI",
        "IIIIIIIIIXXX",
        "IIIIIIIIIXYY",
        "IIIIIIIIIZII",
        "IIIIIIIIIZIZ",
        "IIIIIIIIIZZI",
        "IIIIIIIIZIII",
        "IIIIIIIXIIII",
        "IIIIIIIZIIII",
        "IIIIIIXIIIII",
        "IIIIIIXXIIII",
        "IIIIIIYYIIII",
        "IIIIIIZIIIII",
        "IIIIIIZZIIII",
        "IIIIIXIIIIII",
        "IIIIIXIXIIII",
        "IIIIIXXIIIII",
        "IIIIIXXXIIII",
        "IIIIIXYYIIII",
        "IIIIIZIIIIII",
        "IIIIIZIZIIII",
        "IIIIIZZIIIII",
        "IIIIZIIIIIII",
        "IIIXIIIIIIII",
        "IIIZIIIIIIII",
        "IIXIIIIIIIII",
        "IIXXIIIIIIII",
        "IIYYIIIIIIII",
        "IIZIIIIIIIII",
        "IIZZIIIIIIII",
        "IXIIIIIIIIII",
        "IXIXIIIIIIII",
        "IXXIIIIIIIII",
        "IXXXIIIIIIII",
        "IXYYIIIIIIII",
        "IZIIIIIIIIII",
        "IZIZIIIIIIII",
        "IZZIIIIIIIII",
        "ZIIIIIIIIIII",
        "IIIIXIIIXIII",
        "IIIIYIIIYIII",
        "XIIIXIIIIIII",
        "YIIIYIIIIIII",
        "IIIZIIIIIIIZ",
        "IIIZIIIIIIZI",
        "IIIZIIIIIZII",
        "IIZIIIIIIIIZ",
        "IIZIIIIIIIZI",
        "IIZIIIIIIZII",
        "IZIIIIIIIIIZ",
        "IZIIIIIIIIZI",
        "IZIIIIIIIZII"
    ],
    "boson_position_marginals": {
        "site_0": {
            "x_grid": [
                -5.0,
                -3.75,
                -2.5,
                -1.25,
                0.0,
                1.25,
                2.5,
                3.75
            ],
            "P_x": [
                4.805491217911167e-07,
                2.213740963519114e-06,
                0.0006303040044843268,
                0.12605767622483427,
                0.7466192383717328,
                0.12605758740729558,
                0.0006302847824056043,
                2.2149191561217337e-06
            ],
            "edge_mass_2": 0.0006351939916470362
        },
        "site_1": {
            "x_grid": [
                -5.0,
                -3.75,
                -2.5,
                -1.25,
                0.0,
                1.25,
                2.5,
                3.75
            ],
            "P_x": [
                6.884454295549658e-07,
                2.4711713731339053e-06,
                0.0002597130224060104,
                0.10722099702849192,
                0.7850329491100209,
                0.10722099702849267,
                0.00025971302240601396,
                2.4711713731339523e-06
            ],
            "edge_mass_2": 0.00026534381058183676
        },
        "site_2": {
            "x_grid": [
                -5.0,
                -3.75,
                -2.5,
                -1.25,
                0.0,
                1.25,
                2.5,
                3.75
            ],
            "P_x": [
                4.805491217910919e-07,
                2.2137409635190916e-06,
                0.0006303040044843348,
                0.12605767622483466,
                0.746619238371733,
                0.1260575874072949,
                0.0006302847824055952,
                2.214919156121709e-06
            ],
            "edge_mass_2": 0.0006351939916470271
        }
    }
}