{
    "potential": "AHO",
    "cutoff": 2,
    "exact_eigenvalues": [
        -0.4375,
        -0.4375,
        2.0625,
        2.0625
    ],
    "ansatz": "ry_cnot_ansatz",
    "num_VQE": 100,
    "Optimizer": {
        "name": "AdamOptimizer",
        "stepsize": 0.5,
        "maxiter": 2500,
        "tolerance": 1e-08
    },
    "results": [
        -0.4374999883641188,
        -0.4374999335611094,
        -0.4374999897060087,
        -0.4374998391683252,
        -0.4374999444321593,
        -0.43749993395586934,
        -0.4374999273100191,
        -0.43749993070759374,
        -0.4374999316496674,
        -0.4374999976267691,
        -0.4374998983224867,
        -0.4374999715578842,
        -0.4374991825968439,
        -0.4374999586951417,
        -0.43749987030663395,
        -0.43749985450986273,
        -0.43749998656225614,
        -0.43749988428795866,
        -0.4374999673376766,
        -0.43749927129619026,
        -0.437499941662938,
        -0.4374997602347074,
        -0.4374999385104163,
        -0.43749993329701686,
        -0.43749998160346354,
        -0.4374999806409678,
        -0.437499900643104,
        -0.4374993262344711,
        -0.43749982189590936,
        -0.4374999826595403,
        -0.4374998106505875,
        -0.4374999412761257,
        -0.43749995671197256,
        -0.4374998058857381,
        -0.43749998466306655,
        -0.43749986984511013,
        -0.4374999347050181,
        -0.4374999950004788,
        -0.43749997614723984,
        -0.437499861219097,
        -0.4374998412439812,
        -0.4374999856985396,
        -0.43749988886985824,
        -0.4374999044769945,
        -0.4374997024531096,
        -0.43749993556052325,
        -0.4374999095985579,
        -0.4374999295340113,
        -0.4374999929308336,
        -0.43749952708548484,
        -0.43749993034202905,
        -0.4374999695086666,
        -0.4374999905263439,
        -0.4374984985572049,
        -0.4374997934037732,
        -0.43749998581794874,
        -0.437499036641444,
        -0.43749985880578257,
        -0.4374950724411997,
        -0.4374999699488767,
        -0.43749994576133566,
        -0.43749987183332495,
        -0.43749992731617054,
        -0.4374997666279897,
        -0.43749996330279817,
        -0.4374998504179267,
        -0.4374998998732764,
        -0.43749999595381256,
        -0.4374997990761153,
        -0.4374998751466131,
        -0.437499856757804,
        -0.4374997324955602,
        -0.4374999473604375,
        -0.43749998858126415,
        -0.43749834551530187,
        -0.43749987492617903,
        -0.43749984027608474,
        -0.4374998613578434,
        -0.4374997894356041,
        -0.4374999290728936,
        -0.43749987700637444,
        -0.43749991667349003,
        -0.4374996852905401,
        -0.4374999310412089,
        -0.43749983269797504,
        -0.4374998783428259,
        -0.43749986633494115,
        -0.43749995619244764,
        -0.4374998788502677,
        -0.4374999812447822,
        -0.4374999483832252,
        -0.43749999488011715,
        -0.43749985338306363,
        -0.43749983806434267,
        -0.4374999485516736,
        -0.4374997526860807,
        -0.43749986338238367,
        -0.4374995379374942,
        -0.4374995669027514,
        -0.43749985764846316
    ],
    "params": [
        [
            -3.1418992432878428,
            0.3952269795953949
        ],
        [
            3.141364896158774,
            0.8804155607635368
        ],
        [
            -3.1418956890321734,
            0.8693251826714783
        ],
        [
            3.1428872361010654,
            -0.37915793388479296
        ],
        [
            -3.141354813746324,
            -2.915882315640816
        ],
        [
            -3.1413692575628924,
            -1.307974747276867
        ],
        [
            3.1413314392632063,
            0.07693500147703304
        ],
        [
            -3.141338563831593,
            1.936956984091981
        ],
        [
            3.1413353905577788,
            2.2815687831884963
        ],
        [
            -3.1418090901697404,
            -0.7345574357766733
        ],
        [
            -3.141319327757643,
            0.7057866676715303
        ],
        [
            3.14208420788152,
            0.4014159689746868
        ],
        [
            -3.1424087708856003,
            1.7147666488217006
        ],
        [
            3.1422315374118654,
            -2.9734373584284235
        ],
        [
            3.1412956618827557,
            -0.9354185930096095
        ],
        [
            -3.1419390076958598,
            -1.0486660361988267
        ],
        [
            3.1419563979781664,
            0.49002159033295317
        ],
        [
            -3.1419190626103823,
            1.2296463553278172
        ],
        [
            3.1410306073134517,
            -0.9110536079918005
        ],
        [
            3.1407863597659422,
            2.4204748823231172
        ],
        [
            3.141354975106415,
            -0.5679613870137
        ],
        [
            3.1411374624588912,
            0.2762485952310502
        ],
        [
            3.141378729950747,
            1.7383568172794628
        ],
        [
            -3.141354032468623,
            0.010723422382282691
        ],
        [
            -3.141131851626716,
            -2.347787276057685
        ],
        [
            -3.141129861966505,
            -0.10917596367238114
        ],
        [
            3.140565838112506,
            1.9174231473330385
        ],
        [
            3.1409691077544397,
            -1.3095913177411544
        ],
        [
            -3.141967291168475,
            0.15350285518931522
        ],
        [
            -3.141131542694372,
            -2.916583127261596
        ],
        [
            -3.1411881208292893,
            -1.6182989300438646
        ],
        [
            -3.141367512960094,
            -1.572659385937171
        ],
        [
            -3.142267124024851,
            -1.781127730439715
        ],
        [
            3.141178662452148,
            -1.738471659425487
        ],
        [
            3.1420079522618813,
            -1.1151216975898979
        ],
        [
            3.141933102135852,
            5.145867852159933
        ],
        [
            3.1418305257319266,
            1.714653588135131
        ],
        [
            3.141348820405389,
            -1.9848974193183593
        ],
        [
            -3.1420563172221136,
            1.7745009569741996
        ],
        [
            -3.141902913509986,
            0.8932666123643139
        ],
        [
            3.1419653710718123,
            1.2082927484893793
        ],
        [
            3.1419533470312726,
            1.5059397894400532
        ],
        [
            -3.141898754195626,
            -0.44752997938191313
        ],
        [
            -3.1418362368302604,
            -0.5039020807303959
        ],
        [
            -3.141084911232371,
            0.32088441416123487
        ],
        [
            3.1413456432921745,
            2.328134319346029
        ],
        [
            -3.142557496768792,
            -0.610039563903042
        ],
        [
            3.14136481201681,
            -0.07823082423277507
        ],
        [
            -3.14135643061768,
            -1.1672906666301428
        ],
        [
            3.14098732814824,
            0.6815470827993891
        ],
        [
            3.1413600364845076,
            -2.5754137753070787
        ],
        [
            -3.1417078597076276,
            0.24771579039356537
        ],
        [
            3.1412483338295796,
            1.8429040580312535
        ],
        [
            3.142754156314281,
            -0.911166296514327
        ],
        [
            3.1411873553625136,
            0.7243937683428608
        ],
        [
            -3.14201060982965,
