{
    "load_date": "2026-01-15 14:32:28.510548",
    "potential": "linear",
    "cutoff": 2,
    "N": 6,
    "a": 1.0,
    "c": null,
    "boundary_condition": "periodic",
    "num_qubits": 12,
    "H_size": [
        4096,
        4096
    ],
    "H_dense_mem_estimate_bytes": 268435456,
    "H_sparse_mem_estimate_bytes": 1081348,
    "H_pauli_time": "0:00:00.005600",
    "H_creation_time": "0:00:00.002641",
    "H_eigenvalue_time": "0:00:00.123021",
    "eigenvalues": [
        -0.645751311064589,
        -0.6457513110645889,
        -0.6457513110645884,
        -0.6457513110645836,
        -0.1457513110645903,
        -0.1457513110645901,
        -0.14575131106459,
        -0.14575131106458994
    ],
    "best_basis_state": [
        1,
        0,
        0,
        0,
        1,
        1,
        0,
        1,
        1,
        1,
        0,
        0
    ],
    "basis_prob": 0.017553901301527598,
    "num_paulis": 25,
    "pauli_coeffs": [
        3.75,
        -0.5,
        0.5,
        -0.5,
        0.5,
        -0.5,
        0.5,
        0.25,
        0.25,
        0.25,
        0.25,
        0.25,
        0.25,
        0.25,
        0.25,
        0.25,
        0.25,
        -0.25,
        -0.25,
        -0.12499999999999997,
        -0.12499999999999997,
        -0.12499999999999997,
        -0.12499999999999997,
        -0.12499999999999997,
        -0.12499999999999997
    ],
    "pauli_labels": [
        "IIIIIIIIIIII",
        "IIIIIIIIIIZI",
        "IIIIIIIIZIII",
        "IIIIIIZIIIII",
        "IIIIZIIIIIII",
        "IIZIIIIIIIII",
        "ZIIIIIIIIIII",
        "IIIIIIIIXIXI",
        "IIIIIIIIYIYI",
        "IIIIIIXIXIII",
        "IIIIIIYIYIII",
        "IIIIXIXIIIII",
        "IIIIYIYIIIII",
        "IIXIXIIIIIII",
        "IIYIYIIIIIII",
        "XIXIIIIIIIII",
        "YIYIIIIIIIII",
        "XIIIIIIIIIXI",
        "YIIIIIIIIIYI",
        "IXIIIIIIIXII",
        "IIIIIIIXIIIX",
        "IIIIIXIIIXII",
        "IIIXIIIXIIII",
        "IXIIIXIIIIII",
        "IIIXIIIIIIIX"
    ]
}