{
    "potential": "quadratic",
    "cutoff": 4,
    "bc": "periodic",
    "N": 2,
    "a": 1.0,
    "c": -0.2,
    "optimizer": "COBYLA",
    "num steps": 10,
    "op_list": [
        "(<class 'pennylane.ops.qubit.parametric_ops_single_qubit.Rot'>, array([4.62027307, 5.61724182, 6.28318521]), Wires([3]), np.float64(0.8454476857745776))",
        "(<class 'pennylane.ops.qubit.parametric_ops_single_qubit.Rot'>, array([3.50768228, 5.61724197, 3.14159359]), Wires([1]), np.float64(0.6008953715495234))",
        "(<class 'pennylane.ops.qubit.parametric_ops_single_qubit.Rot'>, array([5.80936284, 6.07818644, 6.28317912]), Wires([0]), np.float64(0.5699320330986132))",
        "(<class 'pennylane.ops.qubit.parametric_ops_single_qubit.Rot'>, array([4.75517296, 6.07818661, 6.283192  ]), Wires([2]), np.float64(0.538968700331844))",
        "(<class 'pennylane.ops.qubit.parametric_ops_single_qubit.Rot'>, array([5.19408742, 6.37134548, 7.47841077]), Wires([3]), np.float64(0.5382694130344359))",
        "(<class 'pennylane.ops.qubit.parametric_ops_single_qubit.Rot'>, array([6.08344657, 6.24568929, 6.49300565]), Wires([1]), np.float64(0.5375701306784785))",
        "(<class 'pennylane.ops.qubit.parametric_ops_single_qubit.Rot'>, array([3.73272756, 5.93790206, 6.8653842 ]), Wires([2]), np.float64(0.5375641621008099))",
        "(<class 'pennylane.ops.qubit.parametric_ops_single_qubit.Rot'>, array([3.91595803, 5.98416411, 7.04456584]), Wires([0]), np.float64(0.5375581942404588))",
        "(<class 'pennylane.ops.qubit.parametric_ops_single_qubit.Rot'>, array([5.23178944, 6.28386522, 7.33539129]), Wires([3]), np.float64(0.5375581346582808))",
        "(<class 'pennylane.ops.qubit.parametric_ops_single_qubit.Rot'>, array([6.14595642, 6.28284458, 6.42047805]), Wires([1]), np.float64(0.5375580751478658))"
    ],
    "reduced_op_list": [
        [
            "Rot",
            [
                3
            ]
        ],
        [
            "Rot",
            [
                1
            ]
        ],
        [
            "Rot",
            [
                0
            ]
        ],
        [
            "Rot",
            [
                2
            ]
        ]
    ],
    "num_params": 12,
    "overlap": 0.05367407796105472,
    "hellinger_fidelity": 0.18329040284937204
}