{
    "potential": "quadratic",
    "cutoff": 8,
    "bc": "periodic",
    "N": 2,
    "a": 1.0,
    "c": -0.2,
    "optimizer": "COBYLA",
    "num steps": 10,
    "op_list": [
        "(<class 'pennylane.ops.qubit.parametric_ops_single_qubit.Rot'>, array([0.56002701, 5.61724152, 6.28318513]), Wires([5]), np.float64(0.8454476857742981))",
        "(<class 'pennylane.ops.qubit.parametric_ops_single_qubit.Rot'>, array([0.7932382 , 5.61723973, 3.14159291]), Wires([2]), np.float64(0.6008953715490716))",
        "(<class 'pennylane.ops.qubit.parametric_ops_single_qubit.Rot'>, array([1.91530653, 6.11543905, 6.28317533]), Wires([1]), np.float64(0.5645881536348548))",
        "(<class 'pennylane.ops.qubit.parametric_ops_single_qubit.Rot'>, array([1.86009777, 6.11543986, 6.28317466]), Wires([4]), np.float64(0.5282809628731083))",
        "(<class 'pennylane.ops.qubit.parametric_ops_single_qubit.Rot'>, array([1.60751605, 6.2441658 , 5.86503813]), Wires([3]), np.float64(0.5228490005907167))",
        "(<class 'pennylane.ops.qubit.parametric_ops_single_qubit.Rot'>, array([1.21880221, 6.24441873, 5.85931694]), Wires([0]), np.float64(0.5174448618723851))",
        "(<class 'pennylane.ops.qubit.parametric_ops_single_qubit.Rot'>, array([2.31189777, 6.10489053, 5.29918112]), Wires([4]), np.float64(0.5160673041895159))",
        "(<class 'pennylane.ops.qubit.parametric_ops_single_qubit.Rot'>, array([2.31646118, 6.10275984, 5.31127674]), Wires([1]), np.float64(0.5147054354593473))",
        "(<class 'pennylane.ops.qubit.parametric_ops_single_qubit.Rot'>, array([0.78842929, 6.27078861, 5.89149799]), Wires([0]), np.float64(0.5134203000941987))",
        "(<class 'pennylane.ops.qubit.parametric_ops_single_qubit.Rot'>, array([0.78535566, 6.27106549, 5.88688865]), Wires([3]), np.float64(0.5121688305468409))"
    ],
    "reduced_op_list": [
        [
            "Rot",
            [
                5
            ]
        ],
        [
            "Rot",
            [
                2
            ]
        ],
        [
            "Rot",
            [
                1
            ]
        ],
        [
            "Rot",
            [
                4
            ]
        ],
        [
            "Rot",
            [
                3
            ]
        ],
        [
            "Rot",
            [
                0
            ]
        ]
    ],
    "num_params": 18,
    "overlap": 0.9999956551606426,
    "hellinger_fidelity": 0.99829314316498
}