{
    "load_date": "2026-02-02 18:39:26.010367",
    "potential": "linear",
    "cutoff": 16,
    "N": 2,
    "a": 1.0,
    "c": null,
    "x_max": 16.0,
    "boundary_condition": "dirichlet",
    "num_qubits": 10,
    "H_size": [
        1024,
        1024
    ],
    "H_dense_mem_estimate_bytes": 16777216,
    "H_sparse_mem_estimate_bytes": 659460,
    "H_pauli_time": "0:00:00.399830",
    "H_creation_time": "0:00:00.000884",
    "H_eigenvalue_time": "0:00:00.052041",
    "eigenvalues": [
        -0.4104067456967743,
        0.707627243053069,
        0.7076272430530886,
        1.5761738207970493,
        1.5761738207970686,
        1.7610607729577115,
        1.7610607729577492,
        1.8256612318029262
    ],
    "best_basis_state": [
        1,
        1,
        0,
        0,
        0,
        0,
        1,
        0,
        0,
        0
    ],
    "basis_prob": 0.8961062291883959,
    "num_paulis": 79,
    "pauli_coeffs": [
        86.82889255712274,
        -0.25323768668046986,
        1.0,
        0.06581433047159468,
        -0.1422320409332712,
        -0.11100564574719857,
        2.0,
        2.0,
        0.019276571095877597,
        -0.022583907823831895,
        0.03855314219175534,
        -0.07710628438351058,
        0.05452237655967886,
        -0.00864248736224086,
        -0.05648326918751978,
        0.027261188279839477,
        -0.06512575654976073,
        4.0,
        4.0,
        8.0,
        0.009638285547938823,
        -0.010019635205908853,
        0.011291953911915946,
        -0.011980527833750067,
        0.001960892627841101,
        0.019276571095877694,
        -0.022583907823831857,
        0.038553142191755235,
        -0.07710628438351064,
        0.05452237655967874,
        0.008642487362240683,
        0.05648326918751981,
        -0.027261188279839258,
        0.06512575654976058,
        8.0,
        8.0,
        16.0,
        32.0,
        -0.5,
        -0.25323768668046986,
        1.0,
        0.06581433047159468,
        -0.1422320409332712,
        -0.11100564574719857,
        2.0,
        2.0,
        0.019276571095877597,
        -0.022583907823831895,
        0.03855314219175534,
        -0.07710628438351058,
        0.05452237655967886,
        -0.00864248736224086,
        -0.05648326918751978,
        0.027261188279839477,
        -0.06512575654976073,
        4.0,
        4.0,
        8.0,
        0.009638285547938823,
        -0.010019635205908853,
        0.011291953911915946,
        -0.011980527833750067,
        0.001960892627841101,
        0.019276571095877694,
        -0.022583907823831857,
        0.038553142191755235,
        -0.07710628438351064,
        0.05452237655967874,
        0.008642487362240683,
        0.05648326918751981,
        -0.027261188279839258,
        0.06512575654976058,
        8.0,
        8.0,
        16.0,
        32.0,
        0.5,
        0.25,
        0.25
    ],
    "pauli_labels": [
        "IIIIIIIIII",
        "IIIIIIIIIX",
        "IIIIIIIIIZ",
        "IIIIIIIIXI",
        "IIIIIIIIXX",
        "IIIIIIIIYY",
        "IIIIIIIIZI",
        "IIIIIIIIZZ",
        "IIIIIIIXII",
        "IIIIIIIXIX",
        "IIIIIIIXXI",
        "IIIIIIIXXX",
        "IIIIIIIXYY",
        "IIIIIIIYIY",
        "IIIIIIIYXY",
        "IIIIIIIYYI",
        "IIIIIIIYYX",
        "IIIIIIIZII",
        "IIIIIIIZIZ",
        "IIIIIIIZZI",
        "IIIIIIXIII",
        "IIIIIIXIIX",
        "IIIIIIXIXI",
        "IIIIIIXIXX",
        "IIIIIIXIYY",
        "IIIIIIXXII",
        "IIIIIIXXIX",
        "IIIIIIXXXI",
        "IIIIIIXXXX",
        "IIIIIIXXYY",
        "IIIIIIXYIY",
        "IIIIIIXYXY",
        "IIIIIIXYYI",
        "IIIIIIXYYX",
        "IIIIIIZIII",
        "IIIIIIZIIZ",
        "IIIIIIZIZI",
        "IIIIIIZZII",
        "IIIIIZIIII",
        "IIIIXIIIII",
        "IIIIZIIIII",
        "IIIXIIIIII",
        "IIIXXIIIII",
        "IIIYYIIIII",
        "IIIZIIIIII",
        "IIIZZIIIII",
        "IIXIIIIIII",
        "IIXIXIIIII",
        "IIXXIIIIII",
        "IIXXXIIIII",
        "IIXYYIIIII",
        "IIYIYIIIII",
        "IIYXYIIIII",
        "IIYYIIIIII",
        "IIYYXIIIII",
        "IIZIIIIIII",
        "IIZIZIIIII",
        "IIZZIIIIII",
        "IXIIIIIIII",
        "IXIIXIIIII",
        "IXIXIIIIII",
        "IXIXXIIIII",
        "IXIYYIIIII",
        "IXXIIIIIII",
        "IXXIXIIIII",
        "IXXXIIIIII",
        "IXXXXIIIII",
        "IXXYYIIIII",
        "IXYIYIIIII",
        "IXYXYIIIII",
        "IXYYIIIIII",
        "IXYYXIIIII",
        "IZIIIIIIII",
        "IZIIZIIIII",
        "IZIZIIIIII",
        "IZZIIIIIII",
        "ZIIIIIIIII",
        "XIIIIXIIII",
        "YIIIIYIIII"
    ],
    "boson_position_marginals": {
        "site_0": {
            "x_grid": [
                -16.0,
                -14.0,
                -12.0,
                -10.0,
                -8.0,
                -6.0,
                -4.0,
                -2.0,
                0.0,
                2.0,
                4.0,
                6.0,
                8.0,
                10.0,
                12.0,
                14.0
            ],
            "P_x": [
                2.9585807721711848e-09,
                5.4266789445910575e-09,
                1.2537269558654992e-08,
                3.8222977606357654e-08,
                1.663961939531354e-07,
                1.186591438617192e-06,
                1.503081325986188e-05,
                0.013659459351354238,
                0.9726481983630625,
                0.013659459351354151,
                1.5030813259861342e-05,
                1.186591438617241e-06,
                1.663961939531404e-07,
                3.822297760634283e-08,
                1.2537269558646961e-08,
                5.426678944592877e-09
            ],
            "edge_mass_2": 2.634920822000208e-08
        },
        "site_1": {
            "x_grid": [
                -16.0,
                -14.0,
                -12.0,
                -10.0,
                -8.0,
                -6.0,
                -4.0,
                -2.0,
                0.0,
                2.0,
                4.0,
                6.0,
                8.0,
                10.0,
                12.0,
                14.0
            ],
            "P_x": [
                2.958580772170368e-09,
                5.426678944591318e-09,
                1.253726955864573e-08,
                3.8222977606346424e-08,
                1.6639619395314629e-07,
                1.186591438617263e-06,
                1.5030813259860502e-05,
                0.013659459351354255,
                0.9726481983630623,
                0.013659459351354257,
                1.5030813259863768e-05,
                1.1865914386172203e-06,
                1.6639619395315237e-07,
                3.822297760633902e-08,
                1.2537269558654705e-08,
                5.426678944592164e-09
            ],
            "edge_mass_2": 2.6349208220008556e-08
        }
    }
}