{
    "load_date": "2026-02-02 18:39:25.523040",
    "potential": "linear",
    "cutoff": 2,
    "N": 2,
    "a": 1.0,
    "c": null,
    "x_max": 16.0,
    "boundary_condition": "dirichlet",
    "num_qubits": 4,
    "H_size": [
        16,
        16
    ],
    "H_dense_mem_estimate_bytes": 4096,
    "H_sparse_mem_estimate_bytes": 1348,
    "H_pauli_time": "0:00:00.001514",
    "H_creation_time": "0:00:00.000228",
    "H_eigenvalue_time": "0:00:00.000414",
    "eigenvalues": [
        -1.0987588691625862,
        0.019275119587313413,
        0.019275119587313424,
        1.1373091083372462,
        126.90124258234566,
        126.90124258234607,
        128.01927657109582,
        128.01927657109587
    ],
    "best_basis_state": [
        1,
        1,
        0,
        1
    ],
    "basis_prob": 0.9472135847586409,
    "num_paulis": 9,
    "pauli_coeffs": [
        128.01927657109587,
        -0.009638285547938824,
        64.0,
        -0.5,
        -0.009638285547938824,
        64.0,
        0.5,
        0.25,
        0.25
    ],
    "pauli_labels": [
        "IIII",
        "IIIX",
        "IIIZ",
        "IIZI",
        "IXII",
        "IZII",
        "ZIII",
        "XIXI",
        "YIYI"
    ],
    "boson_position_marginals": {
        "site_0": {
            "x_grid": [
                -16.0,
                0.0
            ],
            "P_x": [
                5.669955244322571e-09,
                0.999999994330045
            ],
            "edge_mass_2": 2.0000000000000004
        },
        "site_1": {
            "x_grid": [
                -16.0,
                0.0
            ],
            "P_x": [
                5.669955244356099e-09,
                0.999999994330045
            ],
            "edge_mass_2": 2.0000000000000004
        }
    }
}