{
    "load_date": "2026-02-02 19:40:27.034572",
    "potential": "linear",
    "cutoff": 32,
    "N": 2,
    "a": 1.0,
    "c": null,
    "x_max": 16.0,
    "boundary_condition": "dirichlet",
    "num_qubits": 12,
    "H_size": [
        4096,
        4096
    ],
    "H_dense_mem_estimate_bytes": 268435456,
    "H_sparse_mem_estimate_bytes": 5259268,
    "H_pauli_time": "0:00:27.078121",
    "H_creation_time": "0:00:00.002348",
    "H_eigenvalue_time": "0:00:00.386661",
    "eigenvalues": [
        -0.11841942916925798,
        0.8847610977366942,
        0.8847610977367245,
        0.9996145595806005,
        0.9996145595806212,
        1.8536631738978642,
        1.8536631738979397,
        1.8879416246426797
    ],
    "best_basis_state": [
        1,
        1,
        0,
        0,
        0,
        0,
        0,
        1,
        0,
        0,
        0,
        0
    ],
    "basis_prob": 0.30254789308651653,
    "num_paulis": 197,
    "pauli_coeffs": [
        88.79629365739507,
        -1.0032189644400793,
        0.25,
        0.2532376866804702,
        -0.5587996761050824,
        -0.44441928833499733,
        0.5000000000000018,
        0.5000000000000018,
        0.06581433047159443,
        -0.0788770525611042,
        0.14223204093327124,
        -0.2962304519229286,
        0.21735339936182468,
        -0.035503335208981274,
        -0.22706588897317226,
        0.11100564574719836,
        -0.26256922418215334,
        1.0000000000000018,
        1.0000000000000018,
        2.0000000000000018,
        0.019276571095876285,
        -0.020039270411816683,
        0.022583907823831233,
        -0.02396105566749932,
        0.003921785255682262,
        0.03855314219175582,
        -0.045167815647663985,
        0.0771062843835103,
        -0.15421256876702089,
        0.10904475311935713,
        0.017284974724481462,
        0.11296653837503998,
        -0.054522376559678926,
        0.13025151309952163,
        -0.0039094677176095705,
        -0.005790704355665609,
        0.008642487362240447,
        -0.00970017207327487,
        -0.018218360484499638,
        -0.11409935059813281,
        0.05648326918751968,
        -0.13231771108263218,
        0.027261188279839046,
        -0.03370923691344008,
        0.06512575654976065,
        -0.14201788315590774,
        0.10830864624246733,
        2.0000000000000004,
        2.0000000000000004,
        4.0,
        7.999999999999998,
        0.009638285547938892,
        -0.009731782281799814,
        0.010019635205908562,
        -0.01012848762800216,
        0.000396705346203066,
        0.011291953911915516,
        -0.011458578734223521,
        0.011980527833750466,
        -0.012194685611113872,
        0.000736106876890302,
        0.0009333857600180139,
        0.0011328122230932396,
        -0.001960892627841216,
        0.0020661979831110193,
        0.01927657109587897,
        -0.02003927041181877,
        0.022583907823832045,
        -0.02396105566750025,
        0.003921785255681955,
        0.03855314219175543,
        -0.045167815647663895,
        0.07710628438351073,
        -0.15421256876702147,
        0.10904475311935827,
        0.017284974724481553,
        0.11296653837503937,
        -0.0545223765596783,
        0.1302515130995204,
        0.003909467717609989,
        0.005790704355665588,
        -0.008642487362240603,
        0.009700172073275375,
        0.018218360484499256,
        0.11409935059813262,
        -0.05648326918751885,
        0.13231771108263163,
        -0.027261188279839327,
        0.03370923691344037,
        -0.06512575654976027,
        0.14201788315590724,
        -0.10830864624246749,
        4.0,
        4.0,
        8.0,
        16.0,
        32.0,
        -0.5,
        -1.0032189644400793,
        0.25,
        0.2532376866804702,
        -0.5587996761050824,
        -0.44441928833499733,
        0.5000000000000018,
        0.5000000000000018,
        0.06581433047159443,
        -0.0788770525611042,
        0.14223204093327124,
        -0.2962304519229286,
        0.21735339936182468,
        -0.035503335208981274,
        -0.22706588897317226,
        0.11100564574719836,
        -0.26256922418215334,
        1.0000000000000018,
        1.0000000000000018,
        2.0000000000000018,
        0.019276571095876285,
        -0.020039270411816683,
        0.022583907823831233,
        -0.02396105566749932,
        0.003921785255682262,
        0.03855314219175582,
        -0.045167815647663985,
        0.0771062843835103,
        -0.15421256876702089,
        0.10904475311935713,
        0.017284974724481462,
        0.11296653837503998,
        -0.054522376559678926,
        0.13025151309952163,
        -0.0039094677176095705,
        -0.005790704355665609,
        0.008642487362240447,
        -0.00970017207327487,
        -0.018218360484499638,
        -0.11409935059813281,
        0.05648326918751968,
        -0.13231771108263218,
        0.027261188279839046,
        -0.03370923691344008,
        0.06512575654976065,
        -0.14201788315590774,
        0.10830864624246733,
        2.0000000000000004,
        2.0000000000000004,
        4.0,
        7.999999999999998,
        0.009638285547938892,
        -0.009731782281799814,
        0.010019635205908562,
        -0.01012848762800216,
        0.000396705346203066,
        0.011291953911915516,
        -0.011458578734223521,
        0.011980527833750466,
        -0.012194685611113872,
        0.000736106876890302,
        0.0009333857600180139,
        0.0011328122230932396,
        -0.001960892627841216,
        0.0020661979831110193,
        0.01927657109587897,
        -0.02003927041181877,
        0.022583907823832045,
        -0.02396105566750025,
        0.003921785255681955,
        0.03855314219175543,
        -0.045167815647663895,
        0.07710628438351073,
        -0.15421256876702147,
        0.10904475311935827,
        0.017284974724481553,
        0.11296653837503937,
        -0.0545223765596783,
        0.1302515130995204,
        0.003909467717609989,
        0.005790704355665588,
        -0.008642487362240603,
        0.009700172073275375,
        0.018218360484499256,
        0.11409935059813262,
        -0.05648326918751885,
        0.13231771108263163,
        -0.027261188279839327,
        0.03370923691344037,
        -0.06512575654976027,
        0.14201788315590724,
        -0.10830864624246749,
        4.0,
        4.0,
        8.0,
        16.0,
        32.0,
        0.5,
        0.25,
        0.25
    ],