{
    "load_date": "2026-02-02 18:39:25.530464",
    "potential": "linear",
    "cutoff": 4,
    "N": 2,
    "a": 1.0,
    "c": null,
    "x_max": 16.0,
    "boundary_condition": "dirichlet",
    "num_qubits": 6,
    "H_size": [
        64,
        64
    ],
    "H_dense_mem_estimate_bytes": 65536,
    "H_sparse_mem_estimate_bytes": 10500,
    "H_pauli_time": "0:00:00.001928",
    "H_creation_time": "0:00:00.000220",
    "H_eigenvalue_time": "0:00:00.003484",
    "eigenvalues": [
        -1.060252154239899,
        0.057781834509934994,
        0.05778183450996463,
        1.17581582325988,
        30.930133499600842,
        30.930133499600863,
        30.949425541009234,
        30.949425541009244
    ],
    "best_basis_state": [
        1,
        1,
        0,
        0,
        1,
        0
    ],
    "basis_prob": 0.9472122109595256,
    "num_paulis": 17,
    "pauli_coeffs": [
        96.05782971328762,
        -0.019276571095877652,
        15.999999999999996,
        0.009638285547938826,
        -0.019276571095877652,
        31.999999999999996,
        31.999999999999996,
        -0.5,
        -0.019276571095877652,
        15.999999999999996,
        0.009638285547938826,
        -0.019276571095877652,
        31.999999999999996,
        31.999999999999996,
        0.5,
        0.25,
        0.25
    ],
    "pauli_labels": [
        "IIIIII",
        "IIIIIX",
        "IIIIIZ",
        "IIIIXI",
        "IIIIXX",
        "IIIIZI",
        "IIIIZZ",
        "IIIZII",
        "IIXIII",
        "IIZIII",
        "IXIIII",
        "IXXIII",
        "IZIIII",
        "IZZIII",
        "ZIIIII",
        "XIIXII",
        "YIIYII"
    ],
    "boson_position_marginals": {
        "site_0": {
            "x_grid": [
                -16.0,
                -8.0,
                0.0,
                8.0
            ],
            "P_x": [
                5.642667976886879e-09,
                3.6260335642345943e-07,
                0.9999992691506212,
                3.6260335642323073e-07
            ],
            "edge_mass_2": 1.000000000000002
        },
        "site_1": {
            "x_grid": [
                -16.0,
                -8.0,
                0.0,
                8.0
            ],
            "P_x": [
                5.6426679768874716e-09,
                3.6260335642327044e-07,
                0.9999992691506212,
                3.6260335642334895e-07
            ],
            "edge_mass_2": 1.000000000000002
        }
    }
}