{
    "load_date": "2026-02-02 18:39:25.555270",
    "potential": "linear",
    "cutoff": 8,
    "N": 2,
    "a": 1.0,
    "c": null,
    "x_max": 16.0,
    "boundary_condition": "dirichlet",
    "num_qubits": 8,
    "H_size": [
        256,
        256
    ],
    "H_dense_mem_estimate_bytes": 1048576,
    "H_sparse_mem_estimate_bytes": 82948,
    "H_pauli_time": "0:00:00.010610",
    "H_creation_time": "0:00:00.000299",
    "H_eigenvalue_time": "0:00:00.012206",
    "eigenvalues": [
        -0.9082035175635294,
        0.2098304711863649,
        0.20983047118636788,
        1.3278644599362737,
        7.073500590622065,
        7.073500590622075,
        7.112994131684333,
        7.112994131684357
    ],
    "best_basis_state": [
        1,
        1,
        0,
        0,
        0,
        1,
        0,
        0
    ],
    "basis_prob": 0.9469575253755997,
    "num_paulis": 35,
    "pauli_coeffs": [
        88.21204228205465,
        -0.06581433047159466,
        4.0,
        0.019276571095877687,
        -0.038553142191755325,
        -0.027261188279839362,
        8.0,
        8.0,
        0.009638285547938824,
        -0.011291953911915934,
        0.019276571095877618,
        -0.03855314219175528,
        0.02726118827983938,
        16.0,
        16.0,
        32.0,
        -0.5,
        -0.06581433047159466,
        4.0,
        0.019276571095877687,
        -0.038553142191755325,
        -0.027261188279839362,
        8.0,
        8.0,
        0.009638285547938824,
        -0.011291953911915934,
        0.019276571095877618,
        -0.03855314219175528,
        0.02726118827983938,
        16.0,
        16.0,
        32.0,
        0.5,
        0.25,
        0.25
    ],
    "pauli_labels": [
        "IIIIIIII",
        "IIIIIIIX",
        "IIIIIIIZ",
        "IIIIIIXI",
        "IIIIIIXX",
        "IIIIIIYY",
        "IIIIIIZI",
        "IIIIIIZZ",
        "IIIIIXII",
        "IIIIIXIX",
        "IIIIIXXI",
        "IIIIIXXX",
        "IIIIIXYY",
        "IIIIIZII",
        "IIIIIZIZ",
        "IIIIIZZI",
        "IIIIZIII",
        "IIIXIIII",
        "IIIZIIII",
        "IIXIIIII",
        "IIXXIIII",
        "IIYYIIII",
        "IIZIIIII",
        "IIZZIIII",
        "IXIIIIII",
        "IXIXIIII",
        "IXXIIIII",
        "IXXXIIII",
        "IXYYIIII",
        "IZIIIIII",
        "IZIZIIII",
        "IZZIIIII",
        "ZIIIIIII",
        "XIIIXIII",
        "YIIIYIII"
    ],
    "boson_position_marginals": {
        "site_0": {
            "x_grid": [
                -16.0,
                -12.0,
                -8.0,
                -4.0,
                0.0,
                4.0,
                8.0,
                12.0
            ],
            "P_x": [
                5.404358452214814e-09,
                2.3346515140341367e-08,
                3.387100302384242e-07,
                6.722491546143675e-05,
                0.9998648206516207,
                6.722491546143874e-05,
                3.387100302385519e-07,
                2.3346515140382206e-08
            ],
            "edge_mass_2": 3.908074189714903e-07
        },
        "site_1": {
            "x_grid": [
                -16.0,
                -12.0,
                -8.0,
                -4.0,
                0.0,
                4.0,
                8.0,
                12.0
            ],
            "P_x": [
                5.404358452211674e-09,
                2.334651514039097e-08,
                3.3871003023866e-07,
                6.722491546144461e-05,
                0.9998648206516207,
                6.722491546144063e-05,
                3.3871003023863094e-07,
                2.3346515140372095e-08
            ],
            "edge_mass_2": 3.908074189716057e-07
        }
    }
}