{
    "potential": "AHO",
    "cutoff": 2,
    "exact_eigenvalues": [
        -0.4375,
        -0.4375,
        2.0625,
        2.0625
    ],
    "ansatz": "ry_cnot_ansatz",
    "num_VQE": 100,
    "Optimizer": {
        "name": "AdamOptimizer",
        "stepsize": 0.5,
        "maxiter": 2500,
        "tolerance": 1e-08
    },
    "results": [
        -0.437499784746361,
        -0.4374998738369976,
        -0.4374996926600176,
        -0.43749999969714803,
        -0.4374998800893794,
        -0.4374999347832902,
        -0.43749925109521554,
        -0.4374833368316805,
        -0.4374999257163213,
        -0.4374999528201713,
        -0.4374999488122314,
        -0.4374974597109101,
        -0.4374999113277822,
        -0.4374998016195623,
        -0.43749993980855345,
        -0.43749961124766096,
        -0.43749994058244623,
        -0.4374997847701845,
        -0.4374999761839611,
        -0.43749980038596153,
        -0.43749989417108925,
        -0.4374999403125608,
        -0.4374992634297432,
        -0.43749994282815746,
        -0.4374998853999539,
        -0.4374999347565348,
        -0.43749988204761536,
        -0.43749962821777594,
        -0.43749989543648643,
        -0.4374999314547348,
        -0.4374996529431443,
        -0.43749995356647914,
        -0.4374986350159678,
        -0.437499946553188,
        -0.43749987750705627,
        -0.43749993274631077,
        -0.43749987665296275,
        -0.4374998806603527,
        -0.43749993369464707,
        -0.4374999575657717,
        -0.43749981578947783,
        -0.4374999701917212,
        -0.4374998935797369,
        -0.4374999992464302,
        -0.43749995752222404,
        -0.43749147793118537,
        -0.4374999897515538,
        -0.4374993229284088,
        -0.4374998240508504,
        -0.4374999864115053,
        -0.4374999865833019,
        -0.4374997874210819,
        -0.4374999369647119,
        -0.437499781059958,
        -0.4374986618925489,
        -0.43749967287718133,
        -0.43749930703264117,
        -0.4374999583316359,
        -0.43749979309325704,
        -0.4374998844675505,
        -0.43749993725370556,
        -0.4374999333673543,
        -0.43749987949466146,
        -0.4374999878918217,
        -0.4374999864271712,
        -0.4374997862077863,
        -0.4374998922325721,
        -0.4374999383808794,
        -0.4374999583562655,
        -0.43749994076855464,
        -0.43749993595469816,
        -0.4374998825698151,
        -0.4374986947873853,
        -0.43749884477872375,
        -0.43749997186079204,
        -0.43749987733598567,
        -0.4374998790994825,
        -0.4374999604672502,
        -0.4374999383934933,
        -0.43749994429669664,
        -0.43749993237687507,
        -0.4374999354931726,
        -0.4374998741045565,
        -0.43749990780537173,
        -0.4374999861436975,
        -0.43749979379379106,
        -0.4374999390632115,
        -0.43749993474078525,
        -0.43749993119522756,
        -0.43749854066443195,
        -0.4374999998456027,
        -0.4374999866439113,
        -0.4374998895288402,
        -0.4374999873117242,
        -0.43749932609226544,
        -0.4374999423885508,
        -0.4374999329291182,
        -0.4374999368519559,
        -0.43749998541720986,
        -0.4374975683239142
    ],
    "params": [
        [
            3.142008270115179,
            -0.5056227225849667
        ],
        [
            3.1427315030008525,
            -0.1333861879381332
        ],
        [
            -3.14210855062978,
            0.08329410793053497
        ],
        [
            -3.141741000528062,
            -0.1529472542475357
        ],
        [
            -3.141924468343862,
            0.30668450084151855
        ],
        [
            3.14135650606838,
            -0.025918836781691604
        ],
        [
            3.140776355212654,
            -0.05932588251966211
        ],
        [
            -3.14565601017194,
            -0.006492581395181676
        ],
        [
            3.142475592353851,
            -0.035732938380982515
        ],
        [
            3.1408885970126765,
            -0.33498498751995825
        ],
        [
            -3.1413624417711095,
            0.14780413858907177
        ],
        [
            3.140054683553261,
            0.02204149259880016
        ],
        [
            3.1418751513185295,
            -0.9283770750585203
        ],
        [
            -3.141174006366908,
            -0.1523973571909666
        ],
        [
            -3.1413621938036567,
            -0.3652594823628485
        ],
        [
            -3.1421821193732655,
            -0.7954798923765167
        ],
        [
            3.1413560686145385,
            -0.19731530922501983
        ],
        [
            -3.141166061656708,
            -0.15320261732137758
        ],
        [
            3.141134098949291,
            0.034264031291692275
        ],
        [
            3.141175631703055,
            0.46575075694996837
        ],
        [
            -3.1418918638971363,
            -0.6927725628279902
        ],
        [
            3.1413766073179943,
            -0.2911251398819603
        ],
        [
            3.1407823100470202,
            0.1960465693365271
        ],
        [
            -3.141351547627237,
            0.08022668858430318
        ],
        [
            -3.1418978653265395,
            -0.5915498735222535
        ],
        [
            3.1413431188724026,
            0.06515455053518651
        ],
        [
            3.141910392609133,
            0.0808874715614
        ],
        [
            -3.1421601239582415,
            0.43524867488023083
        ],
        [
            3.141906574891338,
            0.142626563838325
        ],
        [
            3.140755319454194,
            0.6183208035962799
        ],
        [
            -3.143525211637261,
            0.15092710168885945
        ],
        [
            3.1413976434544626,
            -0.08283203308443028
        ],
        [
            -3.142709194384144,
            0.28075597115486856
        ],
        [
            3.1413574640640687,
            0.35525281346207105
        ],
        [
            3.1419249002697383,
            0.028784035304031716
        ],
        [
            -3.141349645331856,
            0.1230967927360949
        ],
        [
            3.14192032968161,
            0.5170878399510941
        ],
        [
            3.141909333333603,
            0.20444157366546825
        ],
        [
            3.141349040337047,
            0.11461506484361506
        ],
        [
            -3.142228798532531,
            -0.17035337201362766
        ],
        [
            3.14118100899596,
            0.09564082224191467
        ],
        [
            -3.142178878923373,
            0.2853355382095548
        ],
        [
            -3.141908986890266,
            -0.2144274388957066
        ],
        [
            3.1417588635081035,
            0.39417233696677717
        ],
        [
            3.142230844387429,
            0.025098484280093043
        ],
        [
            3.138715282249822,
            0.006711488809501622
        ],
        [
            -3.141356815186188,
            -0.25665017775683646
        ],
        [
            -3.1408180765147438,
            0.1109645868229017
        ],
        [
            -3.1412062122955553,
            -0.4920870205318113
        ],
        [
            -3.1419449533340122,
            0.2254098520225316
        ],
        [
            3.1419413113181376,
            -0.2124260806619196
        ],
        [
            -3.141168560688441,
            -0.21577038017475278
        ],
        [
            3.1413517639596398,
            0.03405617514385047
        ],
        [
            3.141149981763386,
            -0.1789782698540873
        ],
        [
            -3.142699305239301,
            -0.15505584242854986
        ],
        [
