{
    "potential": "AHO",
    "cutoff": 2,
    "exact_eigenvalues": [
        -0.4375,
        -0.4375,
        2.0625,
        2.0625
    ],
    "ansatz": "ry_cnot_ansatz",
    "num_VQE": 100,
    "Optimizer": {
        "name": "AdamOptimizer",
        "stepsize": 0.5,
        "maxiter": 2500,
        "tolerance": 1e-08
    },
    "results": [
        -0.4374991028441828,
        -0.4374999284968017,
        -0.43749997497141413,
        -0.4374998438579562,
        -0.43749997605130114,
        -0.43749992840980756,
        -0.43749997281514635,
        -0.43749994488951227,
        -0.4374999627074465,
        -0.4374990699154311,
        -0.4374948362752601,
        -0.43749990625406926,
        -0.4374999597626164,
        -0.43749996227888666,
        -0.43749985943550485,
        -0.4374999073859741,
        -0.4374999770028528,
        -0.4374999211836798,
        -0.4374997880655768,
        -0.43749997009677816,
        -0.4374980473879256,
        -0.43749937743748846,
        -0.43749981005571814,
        -0.4374999701351245,
        -0.4374999283627787,
        -0.4374997793354364,
        -0.43749907170107755,
        -0.4374999869513389,
        -0.43749997459552387,
        -0.4374999856438159,
        -0.4374999951095269,
        -0.437499541493092,
        -0.4374999577738599,
        -0.43749975604221364,
        -0.43749987153897424,
        -0.4374991668188428,
        -0.4374997811608511,
        -0.43749986768577337,
        -0.43749992178784763,
        -0.437499915960806,
        -0.4374997794760845,
        -0.43749987687058145,
        -0.4374999165495633,
        -0.4374998265193088,
        -0.4374980363896555,
        -0.4374999615478078,
        -0.43749905460191757,
        -0.4374993729424477,
        -0.4374998916873751,
        -0.43749998380749877,
        -0.43749973070324477,
        -0.43749999169862336,
        -0.4374991612333118,
        -0.43749988110039467,
        -0.43749980233842506,
        -0.4374995123222651,
        -0.43749864330872656,
        -0.4374998512088728,
        -0.43749998682757985,
        -0.43749858850243867,
        -0.43749992060470927,
        -0.4374997703040113,
        -0.4374999812210731,
        -0.43749993110119645,
        -0.43749990338768135,
        -0.4374998775681624,
        -0.43749988623998826,
        -0.43749998859901945,
        -0.43749997161729887,
        -0.4374998744445238,
        -0.43749998923507066,
        -0.437499970797821,
        -0.4374995454371002,
        -0.43749999057559863,
        -0.4374999854514749,
        -0.4374999894029623,
        -0.4374999970278606,
        -0.43749998222325004,
        -0.4374999773783263,
        -0.4374998967096309,
        -0.43749994326626224,
        -0.43749976195158863,
        -0.43749990976910214,
        -0.437499972115989,
        -0.4374997590232457,
        -0.43749978848950755,
        -0.4374998885265502,
        -0.43749996836907545,
        -0.43749982873496673,
        -0.4374997762976424,
        -0.4374998860551121,
        -0.4374999927027156,
        -0.43749994715149537,
        -0.4374996532621958,
        -0.4374999107913758,
        -0.43749998909571697,
        -0.43749978695699,
        -0.4374996404176093,
        -0.43749919538003473,
        -0.43749994860350194
    ],
    "params": [
        [
            -3.142295117492657,
            -4.536021706178363
        ],
        [
            -3.1418077037853136,
            2.1269404543390644
        ],
        [
            -3.141105677685321,
            0.2617232667364202
        ],
        [
            -3.141777447481172,
            12.979231444138216
        ],
        [
            -3.1420515465745407,
            -8.516669949920313
        ],
        [
            9.424554961144691,
            -4.490174308405836
        ],
        [
            3.141048978267104,
            1.3904670920500273
        ],
        [
            -3.1408293264686695,
            -2.904239684966669
        ],
        [
            3.14217911097278,
            2.2789079027114822
        ],
        [
            3.1424901296466934,
            2.0238048529761388
        ],
        [
            -9.422613545973222,
            -8.904096756948764
        ],
        [
            9.424490463262275,
            -3.6543057351038937
        ],
        [
            3.142220890856763,
            -1.2142856833646363
        ],
        [
            -3.14147057671091,
            -1.1915744565630755
        ],
        [
            -3.1419343288818538,
            -3.5206104868650674
        ],
        [
            -3.1413442044502773,
            5.805469999415411
        ],
        [
            -3.14113202041928,
            5.805694773836187
        ],
        [
            -3.1413495301818846,
            -0.3765936615858462
        ],
        [
            -3.14122591716244,
            -6.8903217026969115
        ],
        [
            3.1421141014670604,
            5.688444575996927
        ],
        [
            3.1404700705738646,
            8.126441570528149
        ],
        [
            3.142310926129589,
            3.9664482466899336
        ],
        [
            3.1419673024361114,
            -2.3531834344885763
        ],
        [
            -3.1410532877810247,
            3.436946620898787
        ],
        [
            3.1418197906398766,
            -5.957136042055991
        ],
        [
            15.708403732192155,
            12.936591116680514
        ],
        [
            -3.140775219893202,
            -1.5097145831494219
        ],
        [
            3.1419091344796537,
            2.821554155309871
        ],
        [
            -9.424390530604208,
            -3.6286326246233775
        ],
        [
            15.708309708629619,
            7.070139242569156
        ],
        [
            -3.141378047309378,
            3.1304377435776325
        ],
        [
            -3.1421105241849654,
            -1.453831476542468
        ],
        [
            -3.141719594559206,
            4.391917043273366
        ],
        [
            15.70839334786582,
            0.32150576427986
        ],
        [
            -3.1419323388605527,
            4.320345761658002
        ],
        [
            -3.1424423141727207,
            -2.4242529923232476
        ],
        [
            15.707527430124689,
            1.8175342257729623
        ],
        [
            9.424452830369042,
            -1.5542539864895584
        ],
        [
            9.424952930247816,
            -5.53004685346181
        ],
        [
            3.1418417689528173,
            -0.8738390527576688
        ],
        [
            9.424435670870361,
            1.1150782402684234
        ],
        [
            3.141301753930845,
            -6.115600929166128
        ],
        [
            -3.1406767862411,
            -2.084944055243413
        ],
        [
            -3.1419543097363993,
            -3.1805006815915844
        ],
        [
            9.425974665712731,
            2.1041003258144855
        ],
        [
            -3.1421785249469942,
            2.943653349132292
        ],
        [
            -3.1407318642261295,
            -1.5285368032140638
        ],
        [
            -3.1410140214878117,
            2.870106454693426
        ],
        [
            3.1414507325241203,
            -5.694031520401181
        ],
        [
            3.14121313807571,
            -7.326623244852668
        ],
        [
            9.424370805903036,
            -15.969850266823808
        ],
        [
            -3.1418837705927554,
            3.650653787407688
        ],
        [
            -3.144552818173047,
            2.9686853966820874
        ],
        [
            9.42453807781556,
            1.0904315946537395
        ],
        [
            3.1419861917018874,
            5.481482924011981
        ],
        [
            -3.1422290762807887,
            0.7969026156468245
