{
    "load_date": "2026-01-23 08:39:52.177143",
    "potential": "QHO",
    "cutoff": 16,
    "num_qubits": 5,
    "H_size": [
        32,
        32
    ],
    "H_dense_mem_estimate_bytes": 16384,
    "H_sparse_mem_estimate_bytes": 10372,
    "H_pauli_time": "0:00:00.000284",
    "H_creation_time": "0:00:00.000196",
    "H_eigenvalue_time": "0:00:00.000292",
    "used_dense": true,
    "eigenvalues": [
        -0.00018595458660337818,
        0.9998140454133951,
        1.0029721168029493,
        1.9732831515209288,
        2.0029721168029515,
        2.973283151520935,
        3.1000719801477157,
        3.7422502462189766
    ],
    "best_basis_state": [
        1,
        1,
        0,
        0,
        0
    ],
    "basis_prob": 0.5650566831607813,
    "num_paulis": 39,
    "pauli_coeffs": [
        12.407785114245478,
        -1.0129507467218795,
        0.25,
        0.26325732188637874,
        -0.5689281637330847,
        -0.44402258298879427,
        0.5,
        0.5,
        0.0771062843835104,
        -0.09033563129532758,
        0.15421256876702136,
        -0.3084251375340423,
        0.21808950623871545,
        -0.03456994944896345,
        -0.2259330767500791,
        0.1090447531193579,
        -0.2605030261990429,
        1.0,
        1.0,
        2.0,
        0.0385531421917553,
        -0.040078540823635406,
        0.045167815647663784,
        -0.04792211133500027,
        0.007843570511364407,
        0.07710628438351078,
        -0.09033563129532743,
        0.15421256876702094,
        -0.3084251375340425,
        0.21808950623871495,
        0.034569949448962745,
        0.22593307675007926,
        -0.10904475311935703,
        0.2605030261990423,
        2.0,
        2.0,
        4.0,
        8.0,
        0.5
    ],
    "pauli_labels": [
        "IIIII",
        "IIIIX",
        "IIIIZ",
        "IIIXI",
        "IIIXX",
        "IIIYY",
        "IIIZI",
        "IIIZZ",
        "IIXII",
        "IIXIX",
        "IIXXI",
        "IIXXX",
        "IIXYY",
        "IIYIY",
        "IIYXY",
        "IIYYI",
        "IIYYX",
        "IIZII",
        "IIZIZ",
        "IIZZI",
        "IXIII",
        "IXIIX",
        "IXIXI",
        "IXIXX",
        "IXIYY",
        "IXXII",
        "IXXIX",
        "IXXXI",
        "IXXXX",
        "IXXYY",
        "IXYIY",
        "IXYXY",
        "IXYYI",
        "IXYYX",
        "IZIII",
        "IZIIZ",
        "IZIZI",
        "IZZII",
        "ZIIII"
    ]
}