{
    "load_date": "2026-01-23 08:39:52.173857",
    "potential": "QHO",
    "cutoff": 4,
    "num_qubits": 3,
    "H_size": [
        8,
        8
    ],
    "H_dense_mem_estimate_bytes": 1024,
    "H_sparse_mem_estimate_bytes": 676,
    "H_pauli_time": "0:00:00.000288",
    "H_creation_time": "0:00:00.000203",
    "H_eigenvalue_time": "0:00:00.000074",
    "used_dense": true,
    "eigenvalues": [
        -0.3858624626113932,
        0.614137537388608,
        7.577106284383511,
        7.6551905721905245,
        8.577106284383515,
        8.655190572190524,
        31.616203312338413,
        32.61620331233841
    ],
    "best_basis_state": [
        1,
        1,
        0
    ],
    "basis_prob": 0.9998151722944663,
    "num_paulis": 8,
    "pauli_coeffs": [
        12.115659426575265,
        -0.07710628438351061,
        3.9999999999999982,
        0.038553142191755305,
        -0.07710628438351061,
        7.999999999999999,
        7.999999999999999,
        0.5
    ],
    "pauli_labels": [
        "III",
        "IIX",
        "IIZ",
        "IXI",
        "IXX",
        "IZI",
        "IZZ",
        "ZII"
    ]
}