{
    "load_date": "2026-01-23 08:39:52.172079",
    "potential": "QHO",
    "cutoff": 2,
    "num_qubits": 2,
    "H_size": [
        4,
        4
    ],
    "H_dense_mem_estimate_bytes": 256,
    "H_sparse_mem_estimate_bytes": 180,
    "H_pauli_time": "0:00:00.000430",
    "H_creation_time": "0:00:00.000543",
    "H_eigenvalue_time": "0:00:00.000125",
    "used_dense": true,
    "eigenvalues": [
        -0.4614933060149782,
        0.5385066939850218,
        31.538599590398483,
        32.53859959039848
    ],
    "best_basis_state": [
        1,
        1
    ],
    "basis_prob": 0.9999985484977532,
    "num_paulis": 4,
    "pauli_coeffs": [
        16.038553142191752,
        -0.0385531421917553,
        15.999999999999998,
        0.5
    ],
    "pauli_labels": [
        "II",
        "IX",
        "IZ",
        "ZI"
    ]
}