{
    "load_date": "2026-01-23 08:39:52.175418",
    "potential": "QHO",
    "cutoff": 8,
    "num_qubits": 4,
    "H_size": [
        16,
        16
    ],
    "H_dense_mem_estimate_bytes": 4096,
    "H_sparse_mem_estimate_bytes": 2628,
    "H_pauli_time": "0:00:00.000248",
    "H_creation_time": "0:00:00.000228",
    "H_eigenvalue_time": "0:00:00.000099",
    "used_dense": true,
    "eigenvalues": [
        -0.14111486798429057,
        0.858885132015712,
        1.8390531872412297,
        2.0474657009522197,
        2.8390531872412264,
        3.047465700952222,
        7.888566827803503,
        7.970274063379917
    ],
    "best_basis_state": [
        1,
        1,
        0,
        0
    ],
    "basis_prob": 0.9710022242788948,
    "num_paulis": 17,
    "pauli_coeffs": [
        11.424084564109307,
        -0.2632573218863786,
        1.0,
        0.07710628438351075,
        -0.1542125687670213,
        -0.10904475311935745,
        2.0,
        2.0,
        0.0385531421917553,
        -0.045167815647663735,
        0.07710628438351047,
        -0.1542125687670211,
        0.10904475311935752,
        4.0,
        4.0,
        8.0,
        0.5
    ],
    "pauli_labels": [
        "IIII",
        "IIIX",
        "IIIZ",
        "IIXI",
        "IIXX",
        "IIYY",
        "IIZI",
        "IIZZ",
        "IXII",
        "IXIX",
        "IXXI",
        "IXXX",
        "IXYY",
        "IZII",
        "IZIZ",
        "IZZI",
        "ZIII"
    ]
}