{
    "load_date": "2026-01-23 08:39:52.179361",
    "potential": "QHO",
    "cutoff": 32,
    "num_qubits": 6,
    "H_size": [
        64,
        64
    ],
    "H_dense_mem_estimate_bytes": 65536,
    "H_sparse_mem_estimate_bytes": 41220,
    "H_pauli_time": "0:00:00.000447",
    "H_creation_time": "0:00:00.000215",
    "H_eigenvalue_time": "0:00:00.000520",
    "used_dense": true,
    "eigenvalues": [
        3.898726223064106e-15,
        0.9999999999999973,
        1.000000000000003,
        1.9999999999998601,
        2.0000000000000053,
        2.99999999999986,
        3.000000000003446,
        3.999999999938728
    ],
    "best_basis_state": [
        1,
        1,
        0,
        0,
        0,
        0
    ],
    "basis_prob": 0.28209479178672,
    "num_paulis": 98,
    "pauli_coeffs": [
        17.28008731479016,
        -4.012875857760317,
        0.0625,
        1.0129507467218808,
        -2.2351987044203296,
        -1.7776771533399893,
        0.125,
        0.125,
        0.26325732188637774,
        -0.3155082102444168,
        0.568928163733085,
        -1.1849218076917143,
        0.8694135974472987,
        -0.14201334083592507,
        -0.908263555892689,
        0.44402258298879344,
        -1.0502768967286134,
        0.25000000000000044,
        0.24999999999999956,
        0.49999999999999956,
        0.07710628438350514,
        -0.08015708164726672,
        0.09033563129532492,
        -0.09584422266999729,
        0.015687141022729056,
        0.1542125687670233,
        -0.18067126259065594,
        0.3084251375340412,
        -0.6168502750680835,
        0.43617901247742846,
        0.06913989889792585,
        0.4518661535001599,
        -0.21808950623871573,
        0.5210060523980865,
        -0.015637870870438296,
        -0.023162817422662442,
        0.03456994944896179,
        -0.03880068829309949,
        -0.07287344193799855,
        -0.4563974023925312,
        0.22593307675007876,
        -0.5292708443305287,
        0.10904475311935616,
        -0.13483694765376028,
        0.26050302619904253,
        -0.568071532623631,
        0.4332345849698694,
        0.5000000000000001,
        0.49999999999999967,
        1.0000000000000004,
        2.000000000000001,
        0.03855314219175557,
        -0.03892712912719926,
        0.04007854082363427,
        -0.040513950512008665,
        0.001586821384812271,
        0.04516781564766208,
        -0.04583431493689409,
        0.04792211133500187,
        -0.0487787424444555,
        0.0029444275075611974,
        0.003733543040072047,
        0.004531248892372964,
        -0.00784357051136484,
        0.008264791932444072,
        0.0771062843835159,
        -0.08015708164727511,
        0.0903356312953282,
        -0.095844222670001,
        0.015687141022727842,
        0.15421256876702172,
        -0.18067126259065558,
        0.30842513753404294,
        -0.6168502750680859,
        0.43617901247743307,
        0.06913989889792618,
        0.45186615350015746,
        -0.2180895062387132,
        0.5210060523980816,
        0.015637870870439975,
        0.023162817422662345,
        -0.034569949448962425,
        0.03880068829310151,
        0.072873441937997,
        0.4563974023925304,
        -0.22593307675007535,
        0.5292708443305265,
        -0.1090447531193573,
        0.13483694765376159,
        -0.2605030261990411,
        0.5680715326236291,
        -0.4332345849698699,
        1.0000000000000004,
        0.9999999999999992,
        2.0,
        4.0,
        8.0,
        0.5
    ],
    "pauli_labels": [
        "IIIIII",
        "IIIIIX",
        "IIIIIZ",
        "IIIIXI",
        "IIIIXX",
        "IIIIYY",
        "IIIIZI",
        "IIIIZZ",
        "IIIXII",
        "IIIXIX",
        "IIIXXI",
        "IIIXXX",
        "IIIXYY",
        "IIIYIY",
        "IIIYXY",
        "IIIYYI",
        "IIIYYX",
        "IIIZII",
        "IIIZIZ",
        "IIIZZI",
        "IIXIII",
        "IIXIIX",
        "IIXIXI",
        "IIXIXX",
        "IIXIYY",
        "IIXXII",
        "IIXXIX",
        "IIXXXI",
        "IIXXXX",
        "IIXXYY",
        "IIXYIY",
        "IIXYXY",
        "IIXYYI",
        "IIXYYX",
        "IIYIIY",
        "IIYIXY",
        "IIYIYI",
        "IIYIYX",
        "IIYXIY",
        "IIYXXY",
        "IIYXYI",
        "IIYXYX",
        "IIYYII",
        "IIYYIX",
        "IIYYXI",
        "IIYYXX",
        "IIYYYY",
        "IIZIII",
        "IIZIIZ",
        "IIZIZI",
        "IIZZII",
        "IXIIII",
        "IXIIIX",
        "IXIIXI",
        "IXIIXX",
        "IXIIYY",
        "IXIXII",
        "IXIXIX",
        "IXIXXI",
        "IXIXXX",
        "IXIXYY",
        "IXIYIY",
        "IXIYXY",
        "IXIYYI",
        "IXIYYX",
        "IXXIII",
        "IXXIIX",
        "IXXIXI",
        "IXXIXX",
        "IXXIYY",
        "IXXXII",
        "IXXXIX",
        "IXXXXI",
        "IXXXXX",
        "IXXXYY",
        "IXXYIY",
        "IXXYXY",
        "IXXYYI",
        "IXXYYX",
        "IXYIIY",
        "IXYIXY",
        "IXYIYI",
        "IXYIYX",
        "IXYXIY",
        "IXYXXY",
        "IXYXYI",
        "IXYXYX",
        "IXYYII",
        "IXYYIX",
        "IXYYXI",
        "IXYYXX",
        "IXYYYY",
        "IZIIII",
        "IZIIIZ",
        "IZIIZI",
        "IZIZII",
        "IZZIII",
        "ZIIIII"
    ]
}