{
    "load_date": "2026-01-23 08:39:52.188853",
    "potential": "QHO",
    "cutoff": 64,
    "num_qubits": 7,
    "H_size": [
        128,
        128
    ],
    "H_dense_mem_estimate_bytes": 262144,
    "H_sparse_mem_estimate_bytes": 164356,
    "H_pauli_time": "0:00:00.001465",
    "H_creation_time": "0:00:00.000232",
    "H_eigenvalue_time": "0:00:00.006552",
    "used_dense": true,
    "eigenvalues": [
        2.8225882246695425e-15,
        1.000000000000001,
        1.0000000000000044,
        2.0000000000000018,
        2.000000000000005,
        3.000000000000016,
        3.0000000000000275,
        3.9999999999999987
    ],
    "best_basis_state": [
        1,
        1,
        0,
        0,
        0,
        0,
        0
    ],
    "basis_prob": 0.14104739588693896,
    "num_paulis": 266,
    "pauli_coeffs": [
        37.003671116968874,
        -16.012857242869956,
        0.015625,
        4.012875857760321,
        -8.901770999210864,
        -7.111086243659092,
        0.03125,
        0.03125,
        1.0129507467218848,
        -1.2218460617710707,
        2.2351987044203376,
        -4.69906006769967,
        3.477214005928599,
        -0.5688386937806948,
        -3.6338722377304897,
        1.7776771533399822,
        -4.202710931511193,
        0.0625,
        0.0625,
        0.125,
        0.26325732188637035,
        -0.2752952169864683,
        0.3155082102444081,
        -0.3373664427302067,
        0.06207122574372953,
        0.5689281637330801,
        -0.6745510135644317,
        1.1849218076917045,
        -2.418392130138949,
        1.7438411165745173,
        0.275113345090499,
        1.8059123423182437,
        -0.8694135974473034,
        2.0810256874087463,
        -0.06439568740009236,
        -0.09458700605815734,
        0.14201334083592032,
        -0.15898269345825083,
        -0.2937253486902046,
        -1.8279598954122536,
        0.9082635558926854,
        -2.1216852441024443,
        0.44402258298878877,
        -0.5472950482066206,
        1.05027689672862,
        -2.2806679375607177,
        1.7333728893540845,
        0.12499999999999956,
        0.12499999999999956,
        0.24999999999999956,
        0.49999999999999956,
        0.07710628438349915,
        -0.07785425825438552,
        0.08015708164725704,
        -0.08102790102400922,
        0.0031736427696278657,
        0.0903356312953285,
        -0.0916686298737877,
        0.09584422267000237,
        -0.09755748488891341,
        0.005888855015115213,
        0.007467086080148594,
        0.009062497784749084,
        -0.015687141022737296,
        0.016529583864898122,
        0.15421256876704215,
        -0.16031416329455375,
        0.1806712625906531,
        -0.19168844534000243,
        0.03137428204544637,
        0.3084251375340381,
        -0.36134252518130744,
        0.6168502750680838,
        -1.2337005501361697,
        0.8723580249548615,
        0.1382797977958499,
        0.9037323070003116,
        -0.4361790124774255,
        1.0420121047961644,
        0.0312757417408739,
        0.04632563484532655,
        -0.06913989889791645,
        0.07760137658619644,
        0.14574688387599458,
        0.9127948047850563,
        -0.45186615350016157,
        1.0585416886610606,
        -0.2180895062387186,
        0.26967389530752695,
        -0.521006052398089,
        1.1361430652472657,
        -0.8664691699397447,
        -0.0076310517565746335,
        -0.0084056831039508,
        0.01563787087043981,
        -0.016036734860521335,
        -0.011144917519560916,
        -0.012985055309250128,
        0.023162817422657172,
        -0.024129972828811852,
        0.03456994944897196,
        -0.035587335484030196,
        0.03880068829309177,
        -0.04016670768933378,
        0.004579372205303904,
        -0.033119945659221675,
        -0.04826137121283501,
        0.07287344193799578,
        -0.08138131687205337,
        -0.14797846481420196,
        -0.9151650906271902,
        0.45639740239252113,
        -1.0631435554413842,
        0.22593307675007657,
        -0.2776211528991003,
        0.5292708443305341,
        -1.1445248723134487,
        0.8669037194143479,
        0.10904475311933551,
        -0.11498105369192009,
        0.13483694765375692,
        -0.14567799739020473,
        0.03069694369827755,
        0.2605030261990461,
        -0.3132084883831316,
        0.5680715326236274,
        -1.184691580002784,
        0.8714830916196502,
        0.13683354729463398,
        0.9021800353179324,
        -0.4332345849698632,
        1.0390135826125733,
        0.24999999999999956,
        0.25,
        0.49999999999999956,
        0.9999999999999996,
        1.9999999999999991,
        0.0385531421917553,
        -0.03864618817131507,
        0.03892712912719545,
        -0.039023818470451645,
        0.00037763029913303464,
        0.04007854082362984,
        -0.04018677920659877,
        0.04051395051201141,
        -0.04062716306719479,
        0.0004403838605963814,
        0.0007853304370046658,
        0.0008180141597373437,
        -0.0015868213848055333,
        0.0016033445967332458,
        0.045167815647648664,
        -0.04533310960259561,
        0.045834314936890344,
        -0.046010447949786454,
        0.0006773383471921045,
        0.047922111335006554,
        -0.04813403679817843,
        0.04877874244444978,
        -0.049008970133377044,
        0.0008749333351938428,
        0.0014462505012122241,
        0.0015522716823940675,
        -0.0029444275075661153,
        0.0029985221836043626,
        0.0018442039183342576,
        0.0019357363675144281,
        -0.003733543040061302,
        0.003779940285848548,
        0.0022315809382143885,
        0.0023702858421250604,
        -0.004531248892384597,
        0.004601866780344006,
        -0.007843570511364304,
        0.007947257591576898,
        -0.008264791932450296,
        0.008381807066188213,
        -0.00043454947460652184,
        0.07710628438352313,
        -0.07785425825441306,
        0.0801570816472793,
        -0.08102790102402943,
        0.0031736427696228142,
        0.09033563129532998,
        -0.09166862987379194,
        0.0958442226700105,
        -0.09755748488891712,
        0.005888855015123137,
        0.0074670860801462555,
        0.0090624977847386,
        -0.01568714102272944,
        0.016529583864888713,
        0.15421256876702386,
        -0.1603141632945448,
        0.18067126259066046,
        -0.19168844534000276,
        0.031374282045456975,
        0.30842513753404144,
        -0.36134252518130794,
        0.6168502750680924,
        -1.2337005501361775,
        0.8723580249548678,
        0.13827979779585664,
        0.9037323070003083,
        -0.4361790124774334,
        1.0420121047961706,
        0.03127574174087582,
        0.04632563484532802,
        -0.06913989889792706,
        0.0776013765862089,
        0.1457468838759921,
        0.9127948047850575,
        -0.4518661535001568,
        1.0585416886610604,
        -0.21808950623871756,
        0.26967389530752217,
        -0.5210060523980735,
        1.136143065247253,
        -0.8664691699397338,
        0.0076310517565793086,
        0.008405683103947029,
        -0.015637870870446477,
        0.01603673486052143,
        0.011144917519567683,
        0.012985055309262718,
        -0.02316281742266208,
        0.02412997282881996,
        -0.034569949448955625,
        0.03558733548402661,
        -0.03880068829310335,
        0.04016670768934193,
        -0.004579372205319409,
        0.03311994565921117,
        0.04826137121283507,
        -0.0728734419379924,
        0.08138131687205472,
        0.1479784648142094,
        0.9151650906271838,
        -0.456397402392534,
        1.063143555441392,
        -0.22593307675007757,
        0.27762115289909994,
        -0.5292708443305232,
        1.1445248723134451,
        -0.8669037194143506,
        -0.10904475311937134,
        0.11498105369194361,
