{
    "load_date": "2026-02-02 19:32:52.378579",
    "potential": "linear",
    "cutoff": 8,
    "N": 3,
    "a": 1.0,
    "c": null,
    "x_max": 6.0,
    "boundary_condition": "dirichlet",
    "num_qubits": 12,
    "H_size": [
        4096,
        4096
    ],
    "H_dense_mem_estimate_bytes": 268435456,
    "H_sparse_mem_estimate_bytes": 1982468,
    "H_pauli_time": "0:00:00.014433",
    "H_creation_time": "0:00:00.001144",
    "H_eigenvalue_time": "0:00:00.107563",
    "eigenvalues": [
        -0.16975044783113186,
        0.8302495521688501,
        1.0549944235604445,
        1.054994423560453,
        1.2214590946773802,
        1.3642531854836395,
        1.566416321907127,
        1.7064232916284185
    ],
    "best_basis_state": [
        0,
        1,
        0,
        0,
        1,
        1,
        0,
        0,
        0,
        1,
        0,
        0
    ],
    "basis_prob": 0.6339237661231671,
    "num_paulis": 62,
    "pauli_coeffs": [
        26.87115934191631,
        -0.4680130166868953,
        0.5625000000000004,
        0.13707783890401906,
        -0.2741556778080378,
        -0.1938573388788577,
        1.1250000000000004,
        1.4062500000000004,
        0.06853891945200935,
        -0.08029833892917992,
        0.1370778389040186,
        -0.2741556778080374,
        0.19385733887885773,
        2.25,
        2.8125,
        5.625,
        -0.5,
        -0.4680130166868953,
        0.8437500000000004,
        0.13707783890401906,
        -0.2741556778080378,
        -0.1938573388788577,
        1.6875000000000004,
        1.6875000000000004,
        0.06853891945200935,
        -0.08029833892917992,
        0.1370778389040186,
        -0.2741556778080374,
        0.19385733887885773,
        3.375,
        3.375,
        6.75,
        0.5,
        -0.4680130166868953,
        0.5625000000000004,
        0.13707783890401906,
        -0.2741556778080378,
        -0.1938573388788577,
        1.1250000000000004,
        1.4062500000000004,
        0.06853891945200935,
        -0.08029833892917992,
        0.1370778389040186,
        -0.2741556778080374,
        0.19385733887885773,
        2.25,
        2.8125,
        5.625,
        -0.5,
        0.25,
        0.25,
        0.25,
        0.25,
        -0.140625,
        -0.28125,
        -0.5625,
        -0.28125,
        -0.5625,
        -1.125,
        -0.5625,
        -1.125,
        -2.25
    ],
    "pauli_labels": [
        "IIIIIIIIIIII",
        "IIIIIIIIIIIX",
        "IIIIIIIIIIIZ",
        "IIIIIIIIIIXI",
        "IIIIIIIIIIXX",
        "IIIIIIIIIIYY",
        "IIIIIIIIIIZI",
        "IIIIIIIIIIZZ",
        "IIIIIIIIIXII",
        "IIIIIIIIIXIX",
        "IIIIIIIIIXXI",
        "IIIIIIIIIXXX",
        "IIIIIIIIIXYY",
        "IIIIIIIIIZII",
        "IIIIIIIIIZIZ",
        "IIIIIIIIIZZI",
        "IIIIIIIIZIII",
        "IIIIIIIXIIII",
        "IIIIIIIZIIII",
        "IIIIIIXIIIII",
        "IIIIIIXXIIII",
        "IIIIIIYYIIII",
        "IIIIIIZIIIII",
        "IIIIIIZZIIII",
        "IIIIIXIIIIII",
        "IIIIIXIXIIII",
        "IIIIIXXIIIII",
        "IIIIIXXXIIII",
        "IIIIIXYYIIII",
        "IIIIIZIIIIII",
        "IIIIIZIZIIII",
        "IIIIIZZIIIII",
        "IIIIZIIIIIII",
        "IIIXIIIIIIII",
        "IIIZIIIIIIII",
        "IIXIIIIIIIII",
        "IIXXIIIIIIII",
        "IIYYIIIIIIII",
        "IIZIIIIIIIII",
        "IIZZIIIIIIII",
        "IXIIIIIIIIII",
        "IXIXIIIIIIII",
        "IXXIIIIIIIII",
        "IXXXIIIIIIII",
        "IXYYIIIIIIII",
        "IZIIIIIIIIII",
        "IZIZIIIIIIII",
        "IZZIIIIIIIII",
        "ZIIIIIIIIIII",
        "IIIIXIIIXIII",
        "IIIIYIIIYIII",
        "XIIIXIIIIIII",
        "YIIIYIIIIIII",
        "IIIZIIIIIIIZ",
        "IIIZIIIIIIZI",
        "IIIZIIIIIZII",
        "IIZIIIIIIIIZ",
        "IIZIIIIIIIZI",
        "IIZIIIIIIZII",
        "IZIIIIIIIIIZ",
        "IZIIIIIIIIZI",
        "IZIIIIIIIZII"
    ],
    "boson_position_marginals": {
        "site_0": {
            "x_grid": [
                -6.0,
                -4.5,
                -3.0,
                -1.5,
                0.0,
                1.5,
                3.0,
                4.5
            ],
            "P_x": [
                1.0406512597766006e-06,
                3.610746952007976e-06,
                3.171865755102021e-06,
                0.06124683865723073,
                0.8774919715852727,
                0.06124658561296298,
                3.1696944205408373e-06,
                3.6111861381868073e-06
            ],
            "edge_mass_2": 1.1432278770512222e-05
        },
        "site_1": {
            "x_grid": [
                -6.0,
                -4.5,
                -3.0,
                -1.5,
                0.0,
                1.5,
                3.0,
                4.5
            ],
            "P_x": [
                1.061008070120319e-06,
                3.823240483714863e-06,
                1.955163012707121e-06,
                0.04739555053333131,
                0.9051962811182668,
                0.04739555053333147,
                1.9551630127072687e-06,
                3.82324048371488e-06
            ],
            "edge_mass_2": 1.0662652050257332e-05
        },
        "site_2": {
            "x_grid": [
                -6.0,
                -4.5,
                -3.0,
                -1.5,
                0.0,
                1.5,
                3.0,
                4.5
            ],
            "P_x": [
                1.0406512597766055e-06,
                3.6107469520079173e-06,
                3.171865755102142e-06,
                0.06124683865723082,
                0.8774919715852727,
                0.06124658561296295,
                3.169694420540878e-06,
                3.611186138186758e-06
            ],
            "edge_mass_2": 1.1432278770512159e-05
        }
    }
}