{
    "load_date": "2026-02-02 19:32:52.234676",
    "potential": "linear",
    "cutoff": 2,
    "N": 3,
    "a": 1.0,
    "c": null,
    "x_max": 6.0,
    "boundary_condition": "dirichlet",
    "num_qubits": 6,
    "H_size": [
        64,
        64
    ],
    "H_dense_mem_estimate_bytes": 65536,
    "H_sparse_mem_estimate_bytes": 7940,
    "H_pauli_time": "0:00:00.003375",
    "H_creation_time": "0:00:00.001741",
    "H_eigenvalue_time": "0:00:00.002602",
    "eigenvalues": [
        -1.5197196565577742,
        -0.5197196565577703,
        -0.2949747851661799,
        -0.29497478516617526,
        0.7050252148338209,
        0.7050252148338234,
        0.9297700862254069,
        1.929770086225406
    ],
    "best_basis_state": [
        0,
        1,
        1,
        1,
        0,
        1
    ],
    "basis_prob": 0.9082255828803826,
    "num_paulis": 15,
    "pauli_coeffs": [
        33.95561675835603,
        -0.0685389194520094,
        9.0,
        -0.5,
        -0.0685389194520094,
        13.5,
        0.5,
        -0.0685389194520094,
        9.0,
        -0.5,
        0.25,
        0.25,
        0.25,
        0.25,
        -2.25
    ],
    "pauli_labels": [
        "IIIIII",
        "IIIIIX",
        "IIIIIZ",
        "IIIIZI",
        "IIIXII",
        "IIIZII",
        "IIZIII",
        "IXIIII",
        "IZIIII",
        "ZIIIII",
        "IIXIXI",
        "IIYIYI",
        "XIXIII",
        "YIYIII",
        "IZIIIZ"
    ],
    "boson_position_marginals": {
        "site_0": {
            "x_grid": [
                -6.0,
                0.0
            ],
            "P_x": [
                9.279010419435734e-06,
                0.9999907209895811
            ],
            "edge_mass_2": 2.000000000000001
        },
        "site_1": {
            "x_grid": [
                -6.0,
                0.0
            ],
            "P_x": [
                6.443748518112923e-06,
                0.9999935562514825
            ],
            "edge_mass_2": 2.0000000000000013
        },
        "site_2": {
            "x_grid": [
                -6.0,
                0.0
            ],
            "P_x": [
                9.279010419435797e-06,
                0.9999907209895811
            ],
            "edge_mass_2": 2.000000000000001
        }
    }
}