{
    "load_date": "2026-02-02 19:32:54.654965",
    "potential": "linear",
    "cutoff": 16,
    "N": 3,
    "a": 1.0,
    "c": null,
    "x_max": 6.0,
    "boundary_condition": "dirichlet",
    "num_qubits": 15,
    "H_size": [
        32768,
        32768
    ],
    "H_dense_mem_estimate_bytes": 17179869184,
    "H_sparse_mem_estimate_bytes": 31588356,
    "H_pauli_time": "0:00:00.415874",
    "H_creation_time": "0:00:00.009386",
    "H_eigenvalue_time": "0:00:01.840191",
    "eigenvalues": [
        -4.229028813267125e-06,
        0.9999957709711651,
        1.0000150184835412,
        1.2247406423627505,
        1.2247406423627667,
        1.2247560082207327,
        1.224822082294187,
        1.9998652527372307
    ],
    "best_basis_state": [
        0,
        1,
        0,
        0,
        0,
        1,
        1,
        0,
        0,
        0,
        0,
        1,
        0,
        0,
        0
    ],
    "basis_prob": 0.08429058501792099,
    "num_paulis": 135,
    "pauli_coeffs": [
        32.993864359309214,
        -1.8008013275055628,
        0.140625,
        0.46801301668689543,
        -1.011427846636595,
        -0.7893734808689673,
        0.28125,
        0.3515625,
        0.13707783890401837,
        -0.16059667785836007,
        0.27415567780803785,
        -0.5483113556160752,
        0.3877146777577164,
        -0.06145768790926831,
        -0.40165880311125157,
        0.19385733887885828,
        -0.46311649102052066,
        0.5625000000000003,
        0.7031249999999999,
        1.4062500000000004,
        0.06853891945200966,
        -0.07125073924201872,
        0.08029833892918016,
        -0.08519486459555611,
        0.013944125353536597,
        0.13707783890401914,
        -0.1605966778583598,
        0.2741556778080373,
        -0.5483113556160752,
        0.3877146777577154,
        0.06145768790926706,
        0.4016588031112518,
        -0.1938573388788569,
        0.46311649102051944,
        1.125,
        1.40625,
        2.8125,
        5.625,
        -0.5,
        -1.8008013275055628,
        0.2109375,
        0.46801301668689543,
        -1.011427846636595,
        -0.7893734808689673,
        0.421875,
        0.421875,
        0.13707783890401837,
        -0.16059667785836007,
        0.27415567780803785,
        -0.5483113556160752,
        0.3877146777577164,
        -0.06145768790926831,
        -0.40165880311125157,
        0.19385733887885828,
        -0.46311649102052066,
        0.8437500000000004,
        0.8437499999999999,
        1.6875000000000004,
        0.06853891945200966,
        -0.07125073924201872,
        0.08029833892918016,
        -0.08519486459555611,
        0.013944125353536597,
        0.13707783890401914,
        -0.1605966778583598,
        0.2741556778080373,
        -0.5483113556160752,
        0.3877146777577154,
        0.06145768790926706,
        0.4016588031112518,
        -0.1938573388788569,
        0.46311649102051944,
        1.6875,
        1.6875,
        3.375,
        6.75,
        0.5,
        -1.8008013275055628,
        0.140625,
        0.46801301668689543,
        -1.011427846636595,
        -0.7893734808689673,
        0.28125,
        0.3515625,
        0.13707783890401837,
        -0.16059667785836007,
        0.27415567780803785,
        -0.5483113556160752,
        0.3877146777577164,
        -0.06145768790926831,
        -0.40165880311125157,
        0.19385733887885828,
        -0.46311649102052066,
        0.5625000000000003,
        0.7031249999999999,
        1.4062500000000004,
        0.06853891945200966,
        -0.07125073924201872,
        0.08029833892918016,
        -0.08519486459555611,
        0.013944125353536597,
        0.13707783890401914,
        -0.1605966778583598,
        0.2741556778080373,
        -0.5483113556160752,
        0.3877146777577154,
        0.06145768790926706,
        0.4016588031112518,
        -0.1938573388788569,
        0.46311649102051944,
        1.125,
        1.40625,
        2.8125,
        5.625,
        -0.5,
        0.25,
        0.25,
        0.25,
        0.25,
        -0.03515625,
        -0.0703125,
        -0.140625,
        -0.28125,
        -0.0703125,
        -0.140625,
        -0.28125,
        -0.5625,
        -0.140625,
        -0.28125,
        -0.5625,
        -1.125,
        -0.28125,
        -0.5625,
        -1.125,
        -2.25
    ],