{
    "load_date": "2026-02-02 19:32:52.252260",
    "potential": "linear",
    "cutoff": 4,
    "N": 3,
    "a": 1.0,
    "c": null,
    "x_max": 6.0,
    "boundary_condition": "dirichlet",
    "num_qubits": 9,
    "H_size": [
        512,
        512
    ],
    "H_dense_mem_estimate_bytes": 4194304,
    "H_sparse_mem_estimate_bytes": 124932,
    "H_pauli_time": "0:00:00.003858",
    "H_creation_time": "0:00:00.000306",
    "H_eigenvalue_time": "0:00:00.009444",
    "eigenvalues": [
        -1.1270759530616619,
        -0.1270759530616575,
        0.09766891832992511,
        0.09766891832992593,
        1.0976689183299229,
        1.097668918329927,
        1.3224137897215171,
        2.3224137897215056
    ],
    "best_basis_state": [
        0,
        1,
        0,
        1,
        1,
        0,
        0,
        1,
        0
    ],
    "basis_prob": 0.9054162948812173,
    "num_paulis": 30,
    "pauli_coeffs": [
        27.05435027506809,
        -0.13707783890401887,
        2.2500000000000004,
        0.06853891945200943,
        -0.1370778389040188,
        4.5,
        5.625,
        -0.5,
        -0.13707783890401887,
        3.375,
        0.06853891945200943,
        -0.1370778389040188,
        6.75,
        6.75,
        0.5,
        -0.13707783890401887,
        2.2500000000000004,
        0.06853891945200943,
        -0.1370778389040188,
        4.5,
        5.625,
        -0.5,
        0.25,
        0.25,
        0.25,
        0.25,
        -0.5625,
        -1.125,
        -1.125,
        -2.25
    ],
    "pauli_labels": [
        "IIIIIIIII",
        "IIIIIIIIX",
        "IIIIIIIIZ",
        "IIIIIIIXI",
        "IIIIIIIXX",
        "IIIIIIIZI",
        "IIIIIIIZZ",
        "IIIIIIZII",
        "IIIIIXIII",
        "IIIIIZIII",
        "IIIIXIIII",
        "IIIIXXIII",
        "IIIIZIIII",
        "IIIIZZIII",
        "IIIZIIIII",
        "IIXIIIIII",
        "IIZIIIIII",
        "IXIIIIIII",
        "IXXIIIIII",
        "IZIIIIIII",
        "IZZIIIIII",
        "ZIIIIIIII",
        "IIIXIIXII",
        "IIIYIIYII",
        "XIIXIIIII",
        "YIIYIIIII",
        "IIZIIIIIZ",
        "IIZIIIIZI",
        "IZIIIIIIZ",
        "IZIIIIIZI"
    ],
    "boson_position_marginals": {
        "site_0": {
            "x_grid": [
                -6.0,
                -3.0,
                0.0,
                3.0
            ],
            "P_x": [
                7.571738352410349e-06,
                0.0005745838696728839,
                0.9988432744855213,
                0.0005745699064505883
            ],
            "edge_mass_2": 0.9999999999999972
        },
        "site_1": {
            "x_grid": [
                -6.0,
                -3.0,
                0.0,
                3.0
            ],
            "P_x": [
                5.4455039300930375e-06,
                0.00040128297909567073,
                0.999191988537876,
                0.00040128297909566504
            ],
            "edge_mass_2": 0.9999999999999976
        },
        "site_2": {
            "x_grid": [
                -6.0,
                -3.0,
                0.0,
                3.0
            ],
            "P_x": [
                7.571738352410479e-06,
                0.0005745838696728825,
                0.9988432744855215,
                0.0005745699064505837
            ],
            "edge_mass_2": 0.9999999999999973
        }
    }
}