{
    "load_date": "2025-12-09 15:24:53.331387",
    "potential": "linear",
    "cutoff": 16,
    "N": 3,
    "a": 1.0,
    "c": null,
    "boundary_condition": "dirichlet",
    "num_qubits": 15,
    "num_paulis": 1146,
    "dense_H_size": [
        32768,
        32768
    ],
    "min_eigenvalue": -3.6042420179791245e-15,
    "basis": [
        0,
        0,
        0,
        0,
        0,
        1,
        0,
        0,
        0,
        0,
        0,
        0,
        0,
        0,
        0
    ],
    "tol": 1e-10,
    "dt": 1.0,
    "n_steps": 1,
    "max_k": 15,
    "final_k": 5,
    "converged": true,
    "all_energies": [
        1.0000147250388176,
        1.0000000031634626,
        1.0000000002704115,
        1.0000000000094258,
        1.00000000000731
    ],
    "all_run_data": [
        {
            "D": 1,
            "t": 1.0,
            "circuit_time": "0:00:00.151116",
            "num_samples": 233,
            "H_reduced_size": [
                233,
                233
            ],
            "reduction": 99.2889404296875,
            "H_reduced_e": 1.0000147250388176,
            "eigenvalue_time": "0:00:00.008878",
            "diff": 1.0000147250388212,
            "change_from_prev": null
        },
        {
            "D": 2,
            "t": 2.0,
            "circuit_time": "0:00:00.156618",
            "num_samples": 1157,
            "H_reduced_size": [
                1157,
                1157
            ],
            "reduction": 96.4691162109375,
            "H_reduced_e": 1.0000000031634626,
            "eigenvalue_time": "0:00:00.029346",
            "diff": 1.0000000031634662,
            "change_from_prev": 1.472187535500602e-05
        },
        {
            "D": 3,
            "t": 3.0,
            "circuit_time": "0:00:00.154652",
            "num_samples": 1367,
            "H_reduced_size": [
                1367,
                1367
            ],
            "reduction": 95.8282470703125,
            "H_reduced_e": 1.0000000002704115,
            "eigenvalue_time": "0:00:00.030724",
            "diff": 1.000000000270415,
            "change_from_prev": 2.893051131991342e-09
        },
        {
            "D": 4,
            "t": 4.0,
            "circuit_time": "0:00:00.157477",
            "num_samples": 1716,
            "H_reduced_size": [
                1716,
                1716
            ],
            "reduction": 94.76318359375,
            "H_reduced_e": 1.0000000000094258,
            "eigenvalue_time": "0:00:00.030825",
            "diff": 1.0000000000094293,
            "change_from_prev": 2.6098567751375867e-10
        },
        {
            "D": 5,
            "t": 5.0,
            "circuit_time": "0:00:00.155684",
            "num_samples": 2268,
            "H_reduced_size": [
                2268,
                2268
            ],
            "reduction": 93.07861328125,
            "H_reduced_e": 1.00000000000731,
            "eigenvalue_time": "0:00:00.034166",
            "diff": 1.0000000000073135,
            "change_from_prev": 2.1158630403306233e-12
        }
    ]
}