{
    "load_date": "2026-01-26 13:50:29.626781",
    "potential": "quadratic",
    "cutoff": 2,
    "N": 6,
    "a": 1.0,
    "c": -0.8,
    "boundary_condition": "dirichlet",
    "num_qubits": 12,
    "H_size": [
        4096,
        4096
    ],
    "H_dense_mem_estimate_bytes": 268435456,
    "H_sparse_mem_estimate_bytes": 999428,
    "H_pauli_time": "0:00:00.006212",
    "H_creation_time": "0:00:00.006783",
    "H_eigenvalue_time": "0:00:01.236963",
    "eigenvalues": [
        1.097090509009895,
        1.319611235697909,
        1.3196116476091666,
        1.542132374291557,
        1.7205801737825057,
        1.7205804386844996,
        1.943100900473253,
        1.9431011653584518
    ],
    "best_basis_state": [
        0,
        1,
        1,
        1,
        0,
        1,
        1,
        1,
        0,
        1,
        1,
        1
    ],
    "basis_prob": 0.12501090148544616,
    "num_paulis": 39,
    "pauli_coeffs": [
        354.4452754126021,
        -0.1542125687670212,
        58.400000000000006,
        2.0,
        2.0,
        -0.1542125687670212,
        58.60000000000001,
        -2.0,
        -2.0,
        -0.1542125687670212,
        57.60000000000001,
        2.0,
        2.0,
        -0.1542125687670212,
        57.60000000000001,
        -2.0,
        -2.0,
        -0.1542125687670212,
        58.60000000000001,
        2.0,
        2.0,
        -0.1542125687670212,
        56.8,
        -2.0,
        -2.0,
        0.25,
        0.25,
        0.25,
        0.25,
        0.25,
        0.25,
        0.25,
        0.25,
        0.25,
        0.25,
        -1.0,
        -1.0,
        -1.0,
        -1.0
    ],
    "pauli_labels": [
        "IIIIIIIIIIII",
        "IIIIIIIIIIIX",
        "IIIIIIIIIIIZ",
        "IIIIIIIIIIZI",
        "IIIIIIIIIIZZ",
        "IIIIIIIIIXII",
        "IIIIIIIIIZII",
        "IIIIIIIIZIII",
        "IIIIIIIIZZII",
        "IIIIIIIXIIII",
        "IIIIIIIZIIII",
        "IIIIIIZIIIII",
        "IIIIIIZZIIII",
        "IIIIIXIIIIII",
        "IIIIIZIIIIII",
        "IIIIZIIIIIII",
        "IIIIZZIIIIII",
        "IIIXIIIIIIII",
        "IIIZIIIIIIII",
        "IIZIIIIIIIII",
        "IIZZIIIIIIII",
        "IXIIIIIIIIII",
        "IZIIIIIIIIII",
        "ZIIIIIIIIIII",
        "ZZIIIIIIIIII",
        "IIIIIIIIXIXI",
        "IIIIIIIIYIYI",
        "IIIIIIXIXIII",
        "IIIIIIYIYIII",
        "IIIIXIXIIIII",
        "IIIIYIYIIIII",
        "IIXIXIIIIIII",
        "IIYIYIIIIIII",
        "XIXIIIIIIIII",
        "YIYIIIIIIIII",
        "IIIIIIIZIIIZ",
        "IIIIIZIIIZII",
        "IIIZIIIZIIII",
        "IZIIIZIIIIII"
    ],
    "boson_position_marginals": {
        "site_0": {
            "x_grid": [
                -4.0,
                0.0
            ],
            "P_x": [
                1.7859431683858328e-06,
                0.9999982140567903
            ],
            "edge_mass_2": 1.9999999999999174
        },
        "site_1": {
            "x_grid": [
                -4.0,
                0.0
            ],
            "P_x": [
                1.6793108715528613e-06,
                0.9999983206890867
            ],
            "edge_mass_2": 1.9999999999999165
        },
        "site_2": {
            "x_grid": [
                -4.0,
                0.0
            ],
            "P_x": [
                1.6793173355762923e-06,
                0.9999983206826224
            ],
            "edge_mass_2": 1.9999999999999158
        },
        "site_3": {
            "x_grid": [
                -4.0,
                0.0
            ],
            "P_x": [
                1.679317348089419e-06,
                0.99999832068261
            ],
            "edge_mass_2": 1.999999999999916
        },
        "site_4": {
            "x_grid": [
                -4.0,
                0.0
            ],
            "P_x": [
                1.6793108101353804e-06,
                0.9999983206891485
            ],
            "edge_mass_2": 1.9999999999999174
        },
        "site_5": {
            "x_grid": [
                -4.0,
                0.0
            ],
            "P_x": [
                1.6907086163670536e-06,
                0.9999983092913415
            ],
            "edge_mass_2": 1.9999999999999156
        }
    }
}