{
    "load_date": "2026-01-26 13:55:34.358073",
    "potential": "quadratic",
    "cutoff": 4,
    "N": 6,
    "a": 1.0,
    "c": -0.8,
    "boundary_condition": "dirichlet",
    "num_qubits": 18,
    "H_size": [
        262144,
        262144
    ],
    "H_dense_mem_estimate_bytes": 1099511627776,
    "H_sparse_mem_estimate_bytes": 126877700,
    "H_pauli_time": "0:00:00.008248",
    "H_creation_time": "0:00:00.040673",
    "H_eigenvalue_time": "0:05:04.664171",
    "eigenvalues": [
        2.723092218907082,
        2.9378416267792327,
        2.941406578840721,
        3.0703325203615774,
        3.1635017542687636,
        3.2450124283026214,
        3.2634074924815017,
        3.303888861578464
    ],
    "best_basis_state": [
        0,
        1,
        0,
        1,
        1,
        0,
        0,
        1,
        0,
        1,
        1,
        0,
        0,
        1,
        0,
        1,
        1,
        0
    ],
    "basis_prob": 0.11837667642526073,
    "num_paulis": 101,
    "pauli_coeffs": [
        198.39582623780638,
        -0.30842513753404244,
        24.799999999999997,
        0.15421256876702122,
        -0.30842513753404244,
        25.6,
        31.3,
        1.0,
        1.0,
        2.0,
        -0.30842513753404244,
        26.65,
        0.15421256876702122,
        -0.30842513753404244,
        29.3,
        29.8,
        -1.0,
        -1.0,
        -2.0,
        -0.30842513753404244,
        26.4,
        0.15421256876702122,
        -0.30842513753404244,
        28.8,
        29.8,
        1.0,
        1.0,
        2.0,
        -0.30842513753404244,
        26.4,
        0.15421256876702122,
        -0.30842513753404244,
        28.8,
        29.8,
        -1.0,
        -1.0,
        -2.0,
        -0.30842513753404244,
        26.65,
        0.15421256876702122,
        -0.30842513753404244,
        29.3,
        29.8,
        1.0,
        1.0,
        2.0,
        -0.30842513753404244,
        28.0,
        0.15421256876702122,
        -0.30842513753404244,
        32.0,
        27.3,
        -1.0,
        -1.0,
        -2.0,
        0.25,
        0.25,
        0.25,
        0.25,
        0.25,
        0.25,
        0.25,
        0.25,
        0.25,
        0.25,
        -2.0,
        -4.0,
        -0.25,
        -0.5,
        -0.5,
        -1.0,
        -2.0,
        -4.0,
        2.0,
        4.0,
        -0.25,
        -0.5,
        -0.5,
        -1.0,
        -2.0,
        -4.0,
        2.0,
        4.0,
        -0.25,
        -0.5,
        -0.5,
        -1.0,
        -2.0,
        -4.0,
        2.0,
        4.0,
        -0.25,
        -0.5,
        -0.5,
        -1.0,
        -2.0,
        -4.0,
        2.0,
        4.0,
        2.0,
        4.0
    ],
    "pauli_labels": [
        "IIIIIIIIIIIIIIIIII",
        "IIIIIIIIIIIIIIIIIX",
        "IIIIIIIIIIIIIIIIIZ",
        "IIIIIIIIIIIIIIIIXI",
        "IIIIIIIIIIIIIIIIXX",
        "IIIIIIIIIIIIIIIIZI",
        "IIIIIIIIIIIIIIIIZZ",
        "IIIIIIIIIIIIIIIZII",
        "IIIIIIIIIIIIIIIZIZ",
        "IIIIIIIIIIIIIIIZZI",
        "IIIIIIIIIIIIIIXIII",
        "IIIIIIIIIIIIIIZIII",
        "IIIIIIIIIIIIIXIIII",
        "IIIIIIIIIIIIIXXIII",
        "IIIIIIIIIIIIIZIIII",
        "IIIIIIIIIIIIIZZIII",
        "IIIIIIIIIIIIZIIIII",
        "IIIIIIIIIIIIZIZIII",
        "IIIIIIIIIIIIZZIIII",
        "IIIIIIIIIIIXIIIIII",
        "IIIIIIIIIIIZIIIIII",
        "IIIIIIIIIIXIIIIIII",
        "IIIIIIIIIIXXIIIIII",
        "IIIIIIIIIIZIIIIIII",
        "IIIIIIIIIIZZIIIIII",
        "IIIIIIIIIZIIIIIIII",
        "IIIIIIIIIZIZIIIIII",
        "IIIIIIIIIZZIIIIIII",
        "IIIIIIIIXIIIIIIIII",
        "IIIIIIIIZIIIIIIIII",
        "IIIIIIIXIIIIIIIIII",
        "IIIIIIIXXIIIIIIIII",
        "IIIIIIIZIIIIIIIIII",
        "IIIIIIIZZIIIIIIIII",
        "IIIIIIZIIIIIIIIIII",
        "IIIIIIZIZIIIIIIIII",
        "IIIIIIZZIIIIIIIIII",
        "IIIIIXIIIIIIIIIIII",
        "IIIIIZIIIIIIIIIIII",
        "IIIIXIIIIIIIIIIIII",
        "IIIIXXIIIIIIIIIIII",
        "IIIIZIIIIIIIIIIIII",
        "IIIIZZIIIIIIIIIIII",
        "IIIZIIIIIIIIIIIIII",
        "IIIZIZIIIIIIIIIIII",
        "IIIZZIIIIIIIIIIIII",
        "IIXIIIIIIIIIIIIIII",
        "IIZIIIIIIIIIIIIIII",
        "IXIIIIIIIIIIIIIIII",
        "IXXIIIIIIIIIIIIIII",
        "IZIIIIIIIIIIIIIIII",
        "IZZIIIIIIIIIIIIIII",
        "ZIIIIIIIIIIIIIIIII",
        "ZIZIIIIIIIIIIIIIII",
        "ZZIIIIIIIIIIIIIIII",
        "IIIIIIIIIIIIXIIXII",
        "IIIIIIIIIIIIYIIYII",
        "IIIIIIIIIXIIXIIIII",
        "IIIIIIIIIYIIYIIIII",
        "IIIIIIXIIXIIIIIIII",
        "IIIIIIYIIYIIIIIIII",
        "IIIXIIXIIIIIIIIIII",
        "IIIYIIYIIIIIIIIIII",
        "XIIXIIIIIIIIIIIIII",
        "YIIYIIIIIIIIIIIIII",
        "IIIIIIIIIIIIIZZIIZ",
        "IIIIIIIIIIIIIZZIZI",
        "IIIIIIIIIIIZIIIIIZ",
        "IIIIIIIIIIIZIIIIZI",
        "IIIIIIIIIIZIIIIIIZ",
        "IIIIIIIIIIZIIIIIZI",
        "IIIIIIIIIIZZIIZIII",
        "IIIIIIIIIIZZIZIIII",
        "IIIIIIIIIIIIIIZIZZ",
        "IIIIIIIIIIIIIZIIZZ",
        "IIIIIIIIZIIIIIZIII",
        "IIIIIIIIZIIIIZIIII",
        "IIIIIIIZIIIIIIZIII",
        "IIIIIIIZIIIIIZIIII",
        "IIIIIIIZZIIZIIIIII",
        "IIIIIIIZZIZIIIIIII",
        "IIIIIIIIIIIZIZZIII",
        "IIIIIIIIIIZIIZZIII",
        "IIIIIZIIIIIZIIIIII",
        "IIIIIZIIIIZIIIIIII",
        "IIIIZIIIIIIZIIIIII",
        "IIIIZIIIIIZIIIIIII",
        "IIIIZZIIZIIIIIIIII",
        "IIIIZZIZIIIIIIIIII",
        "IIIIIIIIZIZZIIIIII",
        "IIIIIIIZIIZZIIIIII",
        "IIZIIIIIZIIIIIIIII",
        "IIZIIIIZIIIIIIIIII",
        "IZIIIIIIZIIIIIIIII",
        "IZIIIIIZIIIIIIIIII",
        "IZZIIZIIIIIIIIIIII",
        "IZZIZIIIIIIIIIIIII",
        "IIIIIZIZZIIIIIIIII",
        "IIIIZIIZZIIIIIIIII",
        "IIZIZZIIIIIIIIIIII",
        "IZIIZZIIIIIIIIIIII"
    ],
    "boson_position_marginals": {
        "site_0": {
            "x_grid": [
                -4.0,
                -2.0,
                0.0,
                2.0
            ],
            "P_x": [
                9.46312834988824e-07,
                0.007057489235997704,
                0.9895470889729131,
                0.0033944754781642856
            ],
            "edge_mass_2": 0.9999999999999101
        },
        "site_1": {
            "x_grid": [
                -4.0,
                -2.0,
                0.0,
                2.0
            ],
            "P_x": [
                9.827220608896524e-07,
                0.0037776601831647507,
                0.991095702460539,
                0.005125654634144894
            ],
            "edge_mass_2": 0.9999999999999096
        },
        "site_2": {
            "x_grid": [
                -4.0,
                -2.0,
                0.0,
                2.0
            ],
            "P_x": [
                9.797965290221683e-07,
                0.005166742855585276,
                0.9907631021925188,
                0.004069175155279123
            ],
            "edge_mass_2": 0.9999999999999123
        },
        "site_3": {
            "x_grid": [
                -4.0,
                -2.0,
                0.0,
                2.0
            ],
            "P_x": [
                9.796120992836481e-07,
                0.004069043532367041,
                0.9907631767261857,
                0.005166800129264905
            ],
            "edge_mass_2": 0.9999999999999171
        },
        "site_4": {
            "x_grid": [
                -4.0,
                -2.0,
                0.0,
                2.0
            ],
            "P_x": [
                9.81986241019353e-07,
                0.005125484672415089,
                0.9910956948906837,
                0.003777838450573982
            ],
            "edge_mass_2": 0.9999999999999138
        },
        "site_5": {
            "x_grid": [
                -4.0,
                -2.0,
                0.0,
                2.0
            ],