{
    "load_date": "2026-01-16 13:56:52.701464",
    "potential": "quadratic",
    "cutoff": 2,
    "N": 6,
    "a": 1.0,
    "c": -0.2,
    "boundary_condition": "periodic",
    "num_qubits": 12,
    "H_size": [
        4096,
        4096
    ],
    "H_dense_mem_estimate_bytes": 268435456,
    "H_sparse_mem_estimate_bytes": 1572868,
    "H_pauli_time": "0:00:00.020180",
    "H_creation_time": "0:00:00.015266",
    "H_eigenvalue_time": "0:00:00.615641",
    "eigenvalues": [
        -2.960838352728491,
        -2.960838352728476,
        -2.472640687119246,
        -2.4726406871192426,
        -2.306724072950188,
        -2.3067240729501775,
        -2.3067240729501637,
        -2.306724072950159
    ],
    "best_basis_state": [
        0,
        0,
        1,
        1,
        0,
        0,
        1,
        1,
        0,
        1,
        1,
        0
    ],
    "basis_prob": 0.012537039957997253,
    "num_paulis": 25,
    "pauli_coeffs": [
        2.52,
        -0.7071067811865475,
        0.7071067811865475,
        -0.7071067811865475,
        0.7071067811865475,
        -0.7071067811865475,
        0.7071067811865475,
        0.25,
        0.25,
        0.25,
        0.25,
        0.25,
        0.25,
        0.25,
        0.25,
        0.25,
        0.25,
        -0.25,
        -0.25,
        -0.12499999999999997,
        -0.12499999999999997,
        -0.12499999999999997,
        -0.12499999999999997,
        -0.12499999999999997,
        -0.12499999999999997
    ],
    "pauli_labels": [
        "IIIIIIIIIIII",
        "IIIIIIIIIIZX",
        "IIIIIIIIZXII",
        "IIIIIIZXIIII",
        "IIIIZXIIIIII",
        "IIZXIIIIIIII",
        "ZXIIIIIIIIII",
        "IIIIIIIIXIXI",
        "IIIIIIIIYIYI",
        "IIIIIIXIXIII",
        "IIIIIIYIYIII",
        "IIIIXIXIIIII",
        "IIIIYIYIIIII",
        "IIXIXIIIIIII",
        "IIYIYIIIIIII",
        "XIXIIIIIIIII",
        "YIYIIIIIIIII",
        "XIIIIIIIIIXI",
        "YIIIIIIIIIYI",
        "IXIIIIIIIXII",
        "IIIIIIIXIIIX",
        "IIIIIXIIIXII",
        "IIIXIIIXIIII",
        "IXIIIXIIIIII",
        "IIIXIIIIIIIX"
    ]
}