{
    "load_date": "2026-01-26 13:58:17.537897",
    "potential": "quadratic",
    "cutoff": 8,
    "N": 5,
    "a": 1.0,
    "c": -0.8,
    "boundary_condition": "dirichlet",
    "num_qubits": 20,
    "H_size": [
        1048576,
        1048576
    ],
    "H_dense_mem_estimate_bytes": 17592186044416,
    "H_sparse_mem_estimate_bytes": 843055108,
    "H_pauli_time": "0:00:00.019711",
    "H_creation_time": "0:00:00.065675",
    "H_eigenvalue_time": "0:10:50.666678",
    "eigenvalues": [
        -0.17748043806342653,
        -0.17747478513131354,
        0.030433949517354907,
        0.030435679316432936,
        0.045556393044012315,
        0.045557563133388684,
        0.0511237861952676,
        0.05112648354991623
    ],
    "best_basis_state": [
        1,
        0,
        1,
        1,
        0,
        0,
        1,
        1,
        1,
        0,
        1,
        1,
        0,
        0,
        1,
        1,
        1,
        0,
        1,
        1
    ],
    "basis_prob": 0.1395709645090159,
    "num_paulis": 208,
    "pauli_coeffs": [
        134.64419128218617,
        -1.0530292875455145,
        6.3,
        0.308425137534043,
        -0.6168502750680852,
        -0.4361790124774298,
        11.1,
        13.575,
        0.1542125687670212,
        -0.18067126259065494,
        0.3084251375340419,
        -0.6168502750680844,
        0.4361790124774301,
        10.2,
        15.149999999999999,
        24.299999999999997,
        5.999999999999998,
        0.5,
        0.5,
        1.0,
        2.0,
        -1.0530292875455145,
        7.4125,
        0.308425137534043,
        -0.6168502750680852,
        -0.4361790124774298,
        13.325,
        13.45,
        0.1542125687670212,
        -0.18067126259065494,
        0.3084251375340419,
        -0.6168502750680844,
        0.4361790124774301,
        14.649999999999999,
        14.899999999999999,
        23.799999999999997,
        5.999999999999998,
        -0.5,
        -0.5,
        -1.0,
        -2.0,
        -1.0530292875455145,
        7.35,
        0.308425137534043,
        -0.6168502750680852,
        -0.4361790124774298,
        13.2,
        13.45,
        0.1542125687670212,
        -0.18067126259065494,
        0.3084251375340419,
        -0.6168502750680844,
        0.4361790124774301,
        14.399999999999999,
        14.899999999999999,
        23.799999999999997,
        5.999999999999998,
        0.5,
        0.5,
        1.0,
        2.0,
        -1.0530292875455145,
        7.4125,
        0.308425137534043,
        -0.6168502750680852,
        -0.4361790124774298,
        13.325,
        13.45,
        0.1542125687670212,
        -0.18067126259065494,
        0.3084251375340419,
        -0.6168502750680844,
        0.4361790124774301,
        14.649999999999999,
        14.899999999999999,
        23.799999999999997,
        5.999999999999998,
        -0.5,
        -0.5,
        -1.0,
        -2.0,
        -1.0530292875455145,
        8.399999999999999,
        0.308425137534043,
        -0.6168502750680852,
        -0.4361790124774298,
        15.299999999999999,
        13.075,
        0.1542125687670212,
        -0.18067126259065494,
        0.3084251375340419,
        -0.6168502750680844,
        0.4361790124774301,
        18.599999999999998,
        14.149999999999999,
        22.299999999999997,
        5.999999999999998,
        0.5,
        0.5,
        1.0,
        2.0,
        0.25,
        0.25,
        0.25,
        0.25,
        0.25,
        0.25,
        0.25,
        0.25,
        -0.24999999999999994,
        -0.4999999999999999,
        -0.9999999999999998,
        -0.5,
        -0.9999999999999999,
        -2.0,
        -1.0,
        -1.9999999999999998,
        -4.0,
        -0.0625,
        -0.125,
        -0.25,
        -0.125,
        -0.25,
        -0.5,
        -0.25,
        -0.5,
        -1.0,
        -0.24999999999999994,
        -0.4999999999999999,
        -0.9999999999999998,
        -0.5,
        -0.9999999999999999,
        -2.0,
        -1.0,
        -1.9999999999999998,
        -4.0,
        0.24999999999999994,
        0.4999999999999999,
        0.9999999999999998,
        0.5,
        0.9999999999999999,
        2.0,
        1.0,
        1.9999999999999998,
        4.0,
        -0.0625,
        -0.125,
        -0.25,
        -0.125,
        -0.25,
        -0.5,
        -0.25,
        -0.5,
        -1.0,
        -0.24999999999999994,
        -0.4999999999999999,
        -0.9999999999999998,
        -0.5,
        -0.9999999999999999,
        -2.0,
        -1.0,
        -1.9999999999999998,
        -4.0,
        0.24999999999999994,
        0.4999999999999999,
        0.9999999999999998,
        0.5,
        0.9999999999999999,
        2.0,
        1.0,
        1.9999999999999998,
        4.0,
        -0.0625,
        -0.125,
        -0.25,
        -0.125,
        -0.25,
        -0.5,
        -0.25,
        -0.5,
        -1.0,
        -0.24999999999999994,
        -0.4999999999999999,
        -0.9999999999999998,
        -0.5,
        -0.9999999999999999,
        -2.0,
        -1.0,
        -1.9999999999999998,
        -4.0,
        0.24999999999999994,
        0.4999999999999999,
        0.9999999999999998,
        0.5,
        0.9999999999999999,
        2.0,
        1.0,
        1.9999999999999998,
        4.0,
        0.24999999999999994,
        0.4999999999999999,
        0.9999999999999998,
        0.5,
        0.9999999999999999,
        2.0,
        1.0,
        1.9999999999999998,
        4.0
    ],