{
    "load_date": "2026-01-26 13:47:26.685467",
    "potential": "quadratic",
    "cutoff": 4,
    "N": 5,
    "a": 1.0,
    "c": -0.8,
    "boundary_condition": "dirichlet",
    "num_qubits": 15,
    "H_size": [
        32768,
        32768
    ],
    "H_dense_mem_estimate_bytes": 17179869184,
    "H_sparse_mem_estimate_bytes": 13238276,
    "H_pauli_time": "0:00:00.007317",
    "H_creation_time": "0:00:00.003809",
    "H_eigenvalue_time": "0:00:07.178607",
    "eigenvalues": [
        2.356420453137037,
        2.356427665321965,
        2.7826867434045175,
        2.782688461662107,
        2.821044405066015,
        2.8210519495488304,
        2.8440394557387436,
        2.8440517749601297
    ],
    "best_basis_state": [
        1,
        1,
        0,
        0,
        1,
        0,
        1,
        1,
        0,
        0,
        1,
        0,
        1,
        1,
        0
    ],
    "basis_prob": 0.2378741163901161,
    "num_paulis": 82,
    "pauli_coeffs": [
        165.1631885315053,
        -0.30842513753404244,
        24.799999999999997,
        0.15421256876702122,
        -0.30842513753404244,
        25.6,
        31.3,
        1.0,
        1.0,
        2.0,
        -0.30842513753404244,
        26.65,
        0.15421256876702122,
        -0.30842513753404244,
        29.3,
        29.8,
        -1.0,
        -1.0,
        -2.0,
        -0.30842513753404244,
        26.4,
        0.15421256876702122,
        -0.30842513753404244,
        28.8,
        29.8,
        1.0,
        1.0,
        2.0,
        -0.30842513753404244,
        26.65,
        0.15421256876702122,
        -0.30842513753404244,
        29.3,
        29.8,
        -1.0,
        -1.0,
        -2.0,
        -0.30842513753404244,
        28.0,
        0.15421256876702122,
        -0.30842513753404244,
        32.0,
        27.3,
        1.0,
        1.0,
        2.0,
        0.25,
        0.25,
        0.25,
        0.25,
        0.25,
        0.25,
        0.25,
        0.25,
        -2.0,
        -4.0,
        -0.25,
        -0.5,
        -0.5,
        -1.0,
        -2.0,
        -4.0,
        2.0,
        4.0,
        -0.25,
        -0.5,
        -0.5,
        -1.0,
        -2.0,
        -4.0,
        2.0,
        4.0,
        -0.25,
        -0.5,
        -0.5,
        -1.0,
        -2.0,
        -4.0,
        2.0,
        4.0,
        2.0,
        4.0
    ],
    "pauli_labels": [
        "IIIIIIIIIIIIIII",
        "IIIIIIIIIIIIIIX",
        "IIIIIIIIIIIIIIZ",
        "IIIIIIIIIIIIIXI",
        "IIIIIIIIIIIIIXX",
        "IIIIIIIIIIIIIZI",
        "IIIIIIIIIIIIIZZ",
        "IIIIIIIIIIIIZII",
        "IIIIIIIIIIIIZIZ",
        "IIIIIIIIIIIIZZI",
        "IIIIIIIIIIIXIII",
        "IIIIIIIIIIIZIII",
        "IIIIIIIIIIXIIII",
        "IIIIIIIIIIXXIII",
        "IIIIIIIIIIZIIII",
        "IIIIIIIIIIZZIII",
        "IIIIIIIIIZIIIII",
        "IIIIIIIIIZIZIII",
        "IIIIIIIIIZZIIII",
        "IIIIIIIIXIIIIII",
        "IIIIIIIIZIIIIII",
        "IIIIIIIXIIIIIII",
        "IIIIIIIXXIIIIII",
        "IIIIIIIZIIIIIII",
        "IIIIIIIZZIIIIII",
        "IIIIIIZIIIIIIII",
        "IIIIIIZIZIIIIII",
        "IIIIIIZZIIIIIII",
        "IIIIIXIIIIIIIII",
        "IIIIIZIIIIIIIII",
        "IIIIXIIIIIIIIII",
        "IIIIXXIIIIIIIII",
        "IIIIZIIIIIIIIII",
        "IIIIZZIIIIIIIII",
        "IIIZIIIIIIIIIII",
        "IIIZIZIIIIIIIII",
        "IIIZZIIIIIIIIII",
        "IIXIIIIIIIIIIII",
        "IIZIIIIIIIIIIII",
        "IXIIIIIIIIIIIII",
        "IXXIIIIIIIIIIII",
        "IZIIIIIIIIIIIII",
        "IZZIIIIIIIIIIII",
        "ZIIIIIIIIIIIIII",
        "ZIZIIIIIIIIIIII",
        "ZZIIIIIIIIIIIII",
        "IIIIIIIIIXIIXII",
        "IIIIIIIIIYIIYII",
        "IIIIIIXIIXIIIII",
        "IIIIIIYIIYIIIII",
        "IIIXIIXIIIIIIII",
        "IIIYIIYIIIIIIII",
        "XIIXIIIIIIIIIII",
        "YIIYIIIIIIIIIII",
        "IIIIIIIIIIZZIIZ",
        "IIIIIIIIIIZZIZI",
        "IIIIIIIIZIIIIIZ",
        "IIIIIIIIZIIIIZI",
        "IIIIIIIZIIIIIIZ",
        "IIIIIIIZIIIIIZI",
        "IIIIIIIZZIIZIII",
        "IIIIIIIZZIZIIII",
        "IIIIIIIIIIIZIZZ",
        "IIIIIIIIIIZIIZZ",
        "IIIIIZIIIIIZIII",
        "IIIIIZIIIIZIIII",
        "IIIIZIIIIIIZIII",
        "IIIIZIIIIIZIIII",
        "IIIIZZIIZIIIIII",
        "IIIIZZIZIIIIIII",
        "IIIIIIIIZIZZIII",
        "IIIIIIIZIIZZIII",
        "IIZIIIIIZIIIIII",
        "IIZIIIIZIIIIIII",
        "IZIIIIIIZIIIIII",
        "IZIIIIIZIIIIIII",
        "IZZIIZIIIIIIIII",
        "IZZIZIIIIIIIIII",
        "IIIIIZIZZIIIIII",
        "IIIIZIIZZIIIIII",
        "IIZIZZIIIIIIIII",
        "IZIIZZIIIIIIIII"
    ],
    "boson_position_marginals": {
        "site_0": {
            "x_grid": [
                -4.0,
                -2.0,
                0.0,
                2.0
            ],
            "P_x": [
                9.356699600041919e-07,
                0.009087410598212366,
                0.9884070840841686,
                0.002504569647605921
            ],
            "edge_mass_2": 0.9999999999999468
        },
        "site_1": {
            "x_grid": [
                -4.0,
                -2.0,
                0.0,
                2.0
            ],
            "P_x": [
                9.83213617957567e-07,
                0.0035356907109723515,
                0.989335846587518,
                0.007127479487838721
            ],
            "edge_mass_2": 0.9999999999999472
        },
        "site_2": {
            "x_grid": [
                -4.0,
                -2.0,
                0.0,
                2.0
            ],
            "P_x": [
                1.0030393629882526e-06,
                0.008028030742373292,
                0.9888436704436613,
                0.003127295774549909
            ],
            "edge_mass_2": 0.9999999999999475
        },
        "site_3": {
            "x_grid": [
                -4.0,
                -2.0,
                0.0,
                2.0
            ],
            "P_x": [
                9.823341267151258e-07,
                0.0038664568312958675,
                0.9912428238763549,
                0.004889736958168563
            ],
            "edge_mass_2": 0.9999999999999459
        },
        "site_4": {
            "x_grid": [
                -4.0,
                -2.0,
                0.0,
                2.0
            ],
            "P_x": [
                9.502034475421584e-07,
                0.005205896356104146,
                0.9895633097527281,
                0.005229843687667264
            ],
            "edge_mass_2": 0.999999999999947
        }
    }
}