{
    "load_date": "2026-01-26 13:47:19.487443",
    "potential": "quadratic",
    "cutoff": 2,
    "N": 5,
    "a": 1.0,
    "c": -0.8,
    "boundary_condition": "dirichlet",
    "num_qubits": 10,
    "H_size": [
        1024,
        1024
    ],
    "H_dense_mem_estimate_bytes": 16777216,
    "H_sparse_mem_estimate_bytes": 208900,
    "H_pauli_time": "0:00:00.013067",
    "H_creation_time": "0:00:00.008204",
    "H_eigenvalue_time": "0:00:00.072523",
    "eigenvalues": [
        1.0040250126066108,
        1.004038730673785,
        1.5040247740552188,
        1.5040252437718467,
        1.5040384921166103,
        1.5040389618446577,
        1.8700503316599582,
        1.870050488219021
    ],
    "best_basis_state": [
        1,
        1,
        0,
        1,
        1,
        1,
        0,
        1,
        1,
        1
    ],
    "basis_prob": 0.25000844110157905,
    "num_paulis": 32,
    "pauli_coeffs": [
        295.3710628438351,
        -0.1542125687670212,
        58.400000000000006,
        2.0,
        2.0,
        -0.1542125687670212,
        58.60000000000001,
        -2.0,
        -2.0,
        -0.1542125687670212,
        57.60000000000001,
        2.0,
        2.0,
        -0.1542125687670212,
        58.60000000000001,
        -2.0,
        -2.0,
        -0.1542125687670212,
        56.8,
        2.0,
        2.0,
        0.25,
        0.25,
        0.25,
        0.25,
        0.25,
        0.25,
        0.25,
        0.25,
        -1.0,
        -1.0,
        -1.0
    ],
    "pauli_labels": [
        "IIIIIIIIII",
        "IIIIIIIIIX",
        "IIIIIIIIIZ",
        "IIIIIIIIZI",
        "IIIIIIIIZZ",
        "IIIIIIIXII",
        "IIIIIIIZII",
        "IIIIIIZIII",
        "IIIIIIZZII",
        "IIIIIXIIII",
        "IIIIIZIIII",
        "IIIIZIIIII",
        "IIIIZZIIII",
        "IIIXIIIIII",
        "IIIZIIIIII",
        "IIZIIIIIII",
        "IIZZIIIIII",
        "IXIIIIIIII",
        "IZIIIIIIII",
        "ZIIIIIIIII",
        "ZZIIIIIIII",
        "IIIIIIXIXI",
        "IIIIIIYIYI",
        "IIIIXIXIII",
        "IIIIYIYIII",
        "IIXIXIIIII",
        "IIYIYIIIII",
        "XIXIIIIIII",
        "YIYIIIIIII",
        "IIIIIZIIIZ",
        "IIIZIIIZII",
        "IZIIIZIIII"
    ],
    "boson_position_marginals": {
        "site_0": {
            "x_grid": [
                -4.0,
                0.0
            ],
            "P_x": [
                1.8270960845423194e-06,
                0.9999981729038762
            ],
            "edge_mass_2": 1.9999999999999214
        },
        "site_1": {
            "x_grid": [
                -4.0,
                0.0
            ],
            "P_x": [
                1.6793098828921002e-06,
                0.9999983206900778
            ],
            "edge_mass_2": 1.9999999999999214
        },
        "site_2": {
            "x_grid": [
                -4.0,
                0.0
            ],
            "P_x": [
                1.7168499087488368e-06,
                0.999998283150052
            ],
            "edge_mass_2": 1.9999999999999216
        },
        "site_3": {
            "x_grid": [
                -4.0,
                0.0
            ],
            "P_x": [
                1.6793098468048296e-06,
                0.9999983206901139
            ],
            "edge_mass_2": 1.9999999999999214
        },
        "site_4": {
            "x_grid": [
                -4.0,
                0.0
            ],
            "P_x": [
                1.7286196614792071e-06,
                0.9999982713802992
            ],
            "edge_mass_2": 1.9999999999999214
        }
    }
}