{
    "load_date": "2026-02-02 20:58:32.237748",
    "potential": "linear",
    "cutoff": 16,
    "N": 3,
    "a": 1.0,
    "c": null,
    "x_max": 8.0,
    "boundary_condition": "periodic",
    "num_qubits": 15,
    "H_size": [
        32768,
        32768
    ],
    "H_dense_mem_estimate_bytes": 17179869184,
    "H_sparse_mem_estimate_bytes": 32243716,
    "H_pauli_time": "0:00:00.470801",
    "H_creation_time": "0:00:00.006153",
    "H_eigenvalue_time": "0:00:02.795218",
    "eigenvalues": [
        0.038926291618674565,
        0.6335620363885485,
        1.0565927829982444,
        1.319702698023059,
        1.374076877693005,
        1.3740768776930148,
        1.6512285277681287,
        1.8197026980230158
    ],
    "best_basis_state": [
        0,
        1,
        0,
        0,
        0,
        1,
        1,
        0,
        0,
        0,
        0,
        1,
        0,
        0,
        0
    ],
    "basis_prob": 0.2079952021783857,
    "num_paulis": 169,
    "pauli_coeffs": [
        53.16085534273643,
        -1.0129507467218795,
        0.25,
        0.26325732188637874,
        -0.5689281637330847,
        -0.44402258298879427,
        0.5,
        0.75,
        0.07710628438351039,
        -0.09033563129532758,
        0.15421256876702136,
        -0.3084251375340423,
        0.21808950623871545,
        -0.03456994944896344,
        -0.22593307675007912,
        0.1090447531193579,
        -0.2605030261990429,
        1.0,
        1.5,
        3.0,
        0.03855314219175529,
        -0.04007854082363541,
        0.045167815647663784,
        -0.04792211133500027,
        0.007843570511364403,
        0.07710628438351078,
        -0.09033563129532743,
        0.15421256876702094,
        -0.30842513753404255,
        0.21808950623871495,
        0.03456994944896273,
        0.22593307675007923,
        -0.10904475311935703,
        0.2605030261990423,
        2.0,
        3.0,
        6.0,
        12.0,
        -0.5,
        -1.0129507467218795,
        0.25,
        0.26325732188637874,
        -0.5689281637330847,
        -0.44402258298879427,
        0.5,
        0.75,
        0.07710628438351039,
        -0.09033563129532758,
        0.15421256876702136,
        -0.3084251375340423,
        0.21808950623871545,
        -0.03456994944896344,
        -0.22593307675007912,
        0.1090447531193579,
        -0.2605030261990429,
        1.0,
        1.5,
        3.0,
        0.03855314219175529,
        -0.04007854082363541,
        0.045167815647663784,
        -0.04792211133500027,
        0.007843570511364403,
        0.07710628438351078,
        -0.09033563129532743,
        0.15421256876702094,
        -0.30842513753404255,
        0.21808950623871495,
        0.03456994944896273,
        0.22593307675007923,
        -0.10904475311935703,
        0.2605030261990423,
        2.0,
        3.0,
        6.0,
        12.0,
        0.5,
        -1.0129507467218795,
        0.25,
        0.26325732188637874,
        -0.5689281637330847,
        -0.44402258298879427,
        0.5,
        0.75,
        0.07710628438351039,
        -0.09033563129532758,
        0.15421256876702136,
        -0.3084251375340423,
        0.21808950623871545,
        -0.03456994944896344,
        -0.22593307675007912,
        0.1090447531193579,
        -0.2605030261990429,
        1.0,
        1.5,
        3.0,
        0.03855314219175529,
        -0.04007854082363541,
        0.045167815647663784,
        -0.04792211133500027,
        0.007843570511364403,
        0.07710628438351078,
        -0.09033563129532743,
        0.15421256876702094,
        -0.30842513753404255,
        0.21808950623871495,
        0.03456994944896273,
        0.22593307675007923,
        -0.10904475311935703,
        0.2605030261990423,
        2.0,
        3.0,
        6.0,
        12.0,
        -0.5,
        0.25,
        0.25,
        0.25,
        0.25,
        -0.25,
        -0.25,
        -0.0625,
        -0.125,
        -0.25,
        -0.5,
        -0.125,
        -0.25,
        -0.5,
        -1.0,
        -0.25,
        -0.5,
        -1.0,
        -2.0,
        -0.5,
        -1.0,
        -2.0,
        -4.0,
        -0.0625,
        -0.125,
        -0.25,
        -0.5,
        -0.125,
        -0.25,
        -0.5,
        -1.0,
        -0.25,
        -0.5,
        -1.0,
        -2.0,
        -0.5,
        -1.0,
        -2.0,
        -4.0,
        -0.0625,
        -0.125,
        -0.25,
        -0.5,
        -0.125,
        -0.25,
        -0.5,
        -1.0,
        -0.25,
        -0.5,
        -1.0,
        -2.0,
        -0.5,
        -1.0,
        -2.0,
        -4.0
    ],