{
    "load_date": "2026-02-02 20:58:28.774727",
    "potential": "linear",
    "cutoff": 2,
    "N": 3,
    "a": 1.0,
    "c": null,
    "x_max": 8.0,
    "boundary_condition": "periodic",
    "num_qubits": 6,
    "H_size": [
        64,
        64
    ],
    "H_dense_mem_estimate_bytes": 65536,
    "H_sparse_mem_estimate_bytes": 9220,
    "H_pauli_time": "0:00:00.004502",
    "H_creation_time": "0:00:00.002710",
    "H_eigenvalue_time": "0:00:00.001969",
    "eigenvalues": [
        -1.6652098763414942,
        -1.0705741315715929,
        -0.38443346993709127,
        0.11556653006291594,
        0.3963429364673197,
        0.6155665300629142,
        1.1155665300629134,
        1.8017071916974248
    ],
    "best_basis_state": [
        0,
        1,
        1,
        1,
        0,
        1
    ],
    "basis_prob": 0.8638017658000237,
    "num_paulis": 19,
    "pauli_coeffs": [
        60.11565942657526,
        -0.0385531421917553,
        16.0,
        -0.5,
        -0.0385531421917553,
        16.0,
        0.5,
        -0.0385531421917553,
        16.0,
        -0.5,
        0.25,
        0.25,
        0.25,
        0.25,
        -0.25,
        -0.25,
        -4.0,
        -4.0,
        -4.0
    ],
    "pauli_labels": [
        "IIIIII",
        "IIIIIX",
        "IIIIIZ",
        "IIIIZI",
        "IIIXII",
        "IIIZII",
        "IIZIII",
        "IXIIII",
        "IZIIII",
        "ZIIIII",
        "IIXIXI",
        "IIYIYI",
        "XIXIII",
        "YIYIII",
        "XIIIXI",
        "YIIIYI",
        "IZIZII",
        "IIIZIZ",
        "IZIIIZ"
    ],
    "boson_position_marginals": {
        "site_0": {
            "x_grid": [
                -8.0,
                0.0
            ],
            "P_x": [
                6.451143694258774e-07,
                0.9999993548856301
            ],
            "edge_mass_2": 1.9999999999999991
        },
        "site_1": {
            "x_grid": [
                -8.0,
                0.0
            ],
            "P_x": [
                6.451143694259201e-07,
                0.9999993548856301
            ],
            "edge_mass_2": 1.9999999999999991
        },
        "site_2": {
            "x_grid": [
                -8.0,
                0.0
            ],
            "P_x": [
                6.451143694258293e-07,
                0.9999993548856301
            ],
            "edge_mass_2": 1.9999999999999991
        }
    }
}