{
    "load_date": "2026-02-02 20:58:28.789721",
    "potential": "linear",
    "cutoff": 4,
    "N": 3,
    "a": 1.0,
    "c": null,
    "x_max": 8.0,
    "boundary_condition": "periodic",
    "num_qubits": 9,
    "H_size": [
        512,
        512
    ],
    "H_dense_mem_estimate_bytes": 4194304,
    "H_sparse_mem_estimate_bytes": 135172,
    "H_pauli_time": "0:00:00.006028",
    "H_creation_time": "0:00:00.000364",
    "H_eigenvalue_time": "0:00:00.006099",
    "eigenvalues": [
        -1.43684925802499,
        -0.8422135132550828,
        -0.15607285162057757,
        0.34392714837941923,
        0.6247035547838443,
        0.8439271483794184,
        1.3439271483794282,
        2.030067810013927
    ],
    "best_basis_state": [
        0,
        1,
        0,
        1,
        1,
        0,
        0,
        1,
        0
    ],
    "basis_prob": 0.8635896340200535,
    "num_paulis": 40,
    "pauli_coeffs": [
        51.346978279725796,
        -0.07710628438351061,
        3.9999999999999982,
        0.038553142191755305,
        -0.07710628438351061,
        8.0,
        12.0,
        -0.5,
        -0.07710628438351061,
        3.9999999999999982,
        0.038553142191755305,
        -0.07710628438351061,
        8.0,
        12.0,
        0.5,
        -0.07710628438351061,
        3.9999999999999982,
        0.038553142191755305,
        -0.07710628438351061,
        8.0,
        12.0,
        -0.5,
        0.25,
        0.25,
        0.25,
        0.25,
        -0.25,
        -0.25,
        -1.0,
        -2.0,
        -2.0,
        -4.0,
        -1.0,
        -2.0,
        -2.0,
        -4.0,
        -1.0,
        -2.0,
        -2.0,
        -4.0
    ],
    "pauli_labels": [
        "IIIIIIIII",
        "IIIIIIIIX",
        "IIIIIIIIZ",
        "IIIIIIIXI",
        "IIIIIIIXX",
        "IIIIIIIZI",
        "IIIIIIIZZ",
        "IIIIIIZII",
        "IIIIIXIII",
        "IIIIIZIII",
        "IIIIXIIII",
        "IIIIXXIII",
        "IIIIZIIII",
        "IIIIZZIII",
        "IIIZIIIII",
        "IIXIIIIII",
        "IIZIIIIII",
        "IXIIIIIII",
        "IXXIIIIII",
        "IZIIIIIII",
        "IZZIIIIII",
        "ZIIIIIIII",
        "IIIXIIXII",
        "IIIYIIYII",
        "XIIXIIIII",
        "YIIYIIIII",
        "XIIIIIXII",
        "YIIIIIYII",
        "IIZIIZIII",
        "IZIIIZIII",
        "IIZIZIIII",
        "IZIIZIIII",
        "IIIIIZIIZ",
        "IIIIIZIZI",
        "IIIIZIIIZ",
        "IIIIZIIZI",
        "IIZIIIIIZ",
        "IIZIIIIZI",
        "IZIIIIIIZ",
        "IZIIIIIZI"
    ],
    "boson_position_marginals": {
        "site_0": {
            "x_grid": [
                -8.0,
                -4.0,
                0.0,
                4.0
            ],
            "P_x": [
                6.124411209999223e-07,
                4.094989842582821e-05,
                0.999917487898114,
                4.094976233964813e-05
            ],
            "edge_mass_2": 1.0000000000000004
        },
        "site_1": {
            "x_grid": [
                -8.0,
                -4.0,
                0.0,
                4.0
            ],
            "P_x": [
                6.124411209998539e-07,
                4.094989842582911e-05,
                0.9999174878981141,
                4.09497623396497e-05
            ],
            "edge_mass_2": 1.0000000000000007
        },
        "site_2": {
            "x_grid": [
                -8.0,
                -4.0,
                0.0,
                4.0
            ],
            "P_x": [
                6.124411209998718e-07,
                4.09498984258273e-05,
                0.9999174878981141,
                4.094976233964747e-05
            ],
            "edge_mass_2": 1.0000000000000004
        }
    }
}