{
    "load_date": "2026-02-02 20:58:28.953714",
    "potential": "linear",
    "cutoff": 8,
    "N": 3,
    "a": 1.0,
    "c": null,
    "x_max": 8.0,
    "boundary_condition": "periodic",
    "num_qubits": 12,
    "H_size": [
        4096,
        4096
    ],
    "H_dense_mem_estimate_bytes": 268435456,
    "H_sparse_mem_estimate_bytes": 2064388,
    "H_pauli_time": "0:00:00.016711",
    "H_creation_time": "0:00:00.001226",
    "H_eigenvalue_time": "0:00:00.142698",
    "eigenvalues": [
        -0.6434273987614103,
        -0.04879165399153842,
        0.6373490076429642,
        1.1373490076429602,
        1.4181254140473636,
        1.637349007642953,
        2.137349007642933,
        2.278649882170446
    ],
    "best_basis_state": [
        0,
        1,
        0,
        0,
        1,
        1,
        0,
        0,
        0,
        1,
        0,
        0
    ],
    "basis_prob": 0.8281744299060166,
    "num_paulis": 82,
    "pauli_coeffs": [
        50.02225369232792,
        -0.2632573218863786,
        1.0,
        0.07710628438351075,
        -0.1542125687670213,
        -0.10904475311935745,
        2.0,
        3.0,
        0.0385531421917553,
        -0.045167815647663735,
        0.07710628438351047,
        -0.1542125687670211,
        0.10904475311935752,
        4.0,
        6.0,
        12.0,
        -0.5,
        -0.2632573218863786,
        1.0,
        0.07710628438351075,
        -0.1542125687670213,
        -0.10904475311935745,
        2.0,
        3.0,
        0.0385531421917553,
        -0.045167815647663735,
        0.07710628438351047,
        -0.1542125687670211,
        0.10904475311935752,
        4.0,
        6.0,
        12.0,
        0.5,
        -0.2632573218863786,
        1.0,
        0.07710628438351075,
        -0.1542125687670213,
        -0.10904475311935745,
        2.0,
        3.0,
        0.0385531421917553,
        -0.045167815647663735,
        0.07710628438351047,
        -0.1542125687670211,
        0.10904475311935752,
        4.0,
        6.0,
        12.0,
        -0.5,
        0.25,
        0.25,
        0.25,
        0.25,
        -0.25,
        -0.25,
        -0.25,
        -0.5,
        -1.0,
        -0.5,
        -1.0,
        -2.0,
        -1.0,
        -2.0,
        -4.0,
        -0.25,
        -0.5,
        -1.0,
        -0.5,
        -1.0,
        -2.0,
        -1.0,
        -2.0,
        -4.0,
        -0.25,
        -0.5,
        -1.0,
        -0.5,
        -1.0,
        -2.0,
        -1.0,
        -2.0,
        -4.0
    ],
    "pauli_labels": [
        "IIIIIIIIIIII",
        "IIIIIIIIIIIX",
        "IIIIIIIIIIIZ",
        "IIIIIIIIIIXI",
        "IIIIIIIIIIXX",
        "IIIIIIIIIIYY",
        "IIIIIIIIIIZI",
        "IIIIIIIIIIZZ",
        "IIIIIIIIIXII",
        "IIIIIIIIIXIX",
        "IIIIIIIIIXXI",
        "IIIIIIIIIXXX",
        "IIIIIIIIIXYY",
        "IIIIIIIIIZII",
        "IIIIIIIIIZIZ",
        "IIIIIIIIIZZI",
        "IIIIIIIIZIII",
        "IIIIIIIXIIII",
        "IIIIIIIZIIII",
        "IIIIIIXIIIII",
        "IIIIIIXXIIII",
        "IIIIIIYYIIII",
        "IIIIIIZIIIII",
        "IIIIIIZZIIII",
        "IIIIIXIIIIII",
        "IIIIIXIXIIII",
        "IIIIIXXIIIII",
        "IIIIIXXXIIII",
        "IIIIIXYYIIII",
        "IIIIIZIIIIII",
        "IIIIIZIZIIII",
        "IIIIIZZIIIII",
        "IIIIZIIIIIII",
        "IIIXIIIIIIII",
        "IIIZIIIIIIII",
        "IIXIIIIIIIII",
        "IIXXIIIIIIII",
        "IIYYIIIIIIII",
        "IIZIIIIIIIII",
        "IIZZIIIIIIII",
        "IXIIIIIIIIII",
        "IXIXIIIIIIII",
        "IXXIIIIIIIII",
        "IXXXIIIIIIII",
        "IXYYIIIIIIII",
        "IZIIIIIIIIII",
        "IZIZIIIIIIII",
        "IZZIIIIIIIII",
        "ZIIIIIIIIIII",
        "IIIIXIIIXIII",
        "IIIIYIIIYIII",
        "XIIIXIIIIIII",
        "YIIIYIIIIIII",
        "XIIIIIIIXIII",
        "YIIIIIIIYIII",
        "IIIZIIIZIIII",
        "IIZIIIIZIIII",
        "IZIIIIIZIIII",
        "IIIZIIZIIIII",
        "IIZIIIZIIIII",
        "IZIIIIZIIIII",
        "IIIZIZIIIIII",
        "IIZIIZIIIIII",
        "IZIIIZIIIIII",
        "IIIIIIIZIIIZ",
        "IIIIIIIZIIZI",
        "IIIIIIIZIZII",
        "IIIIIIZIIIIZ",
        "IIIIIIZIIIZI",
        "IIIIIIZIIZII",
        "IIIIIZIIIIIZ",
        "IIIIIZIIIIZI",
        "IIIIIZIIIZII",
        "IIIZIIIIIIIZ",
        "IIIZIIIIIIZI",
        "IIIZIIIIIZII",
        "IIZIIIIIIIIZ",
        "IIZIIIIIIIZI",
        "IIZIIIIIIZII",
        "IZIIIIIIIIIZ",
        "IZIIIIIIIIZI",
        "IZIIIIIIIZII"
    ],
    "boson_position_marginals": {
        "site_0": {
            "x_grid": [
                -8.0,
                -6.0,
                -4.0,
                -2.0,
                0.0,
                2.0,
                4.0,
                6.0
            ],
            "P_x": [
                3.759493192151981e-07,
                1.5502696502479615e-06,
                1.7423827047257813e-05,
                0.006960295995299193,
                0.9860411104078418,
                0.006960269428497146,
                1.742384280774793e-05,
                1.550279520824793e-06
            ],
            "edge_mass_2": 2.0900341298035884e-05
        },
        "site_1": {
            "x_grid": [
                -8.0,
                -6.0,
                -4.0,
                -2.0,
                0.0,
                2.0,
                4.0,
                6.0
            ],
            "P_x": [
                3.7594931921520036e-07,
                1.5502696502479806e-06,
                1.742382704725811e-05,
                0.006960295995299086,
                0.9860411104078417,
                0.0069602694284971395,
                1.7423842807747816e-05,
                1.5502795208247903e-06
            ],
            "edge_mass_2": 2.090034129803579e-05
        },
        "site_2": {
            "x_grid": [
                -8.0,
                -6.0,
                -4.0,
                -2.0,
                0.0,
                2.0,
                4.0,
                6.0
            ],
            "P_x": [
                3.759493192152006e-07,
                1.5502696502479774e-06,
                1.742382704725806e-05,
                0.0069602959952991626,
                0.9860411104078417,
                0.0069602694284971,
                1.7423842807747917e-05,
                1.5502795208247872e-06
            ],
            "edge_mass_2": 2.0900341298035884e-05
        }
    }
}