{
    "load_date": "2025-12-22 15:16:03.574186",
    "potential": "linear",
    "cutoff": 4,
    "N": 4,
    "a": 1.0,
    "c": null,
    "boundary_condition": "dirichlet",
    "num_qubits": 12,
    "H_size": [
        4096,
        4096
    ],
    "H_dense_mem_estimate_bytes": 268435456,
    "H_sparse_mem_estimate_bytes": 1327108,
    "H_pauli_time": "0:00:00.006233",
    "H_creation_time": "0:00:00.031181",
    "H_eigenvalue_time": "0:00:00.129325",
    "eigenvalues": [
        -6.460202619787939e-05,
        0.898958757475228,
        0.8989587574752363,
        1.0278385676743689,
        1.0278385676743695,
        1.0465926975769329,
        1.046592697576938,
        1.259270831173729
    ],
    "best_basis_state": [
        1,
        0,
        0,
        0,
        0,
        0,
        1,
        0,
        0,
        0,
        0,
        0
    ],
    "basis_prob": 0.8546373808723876,
    "num_paulis": 59,
    "pauli_coeffs": [
        7.125,
        -0.5624999999999999,
        -0.5625000000000001,
        -0.5,
        -0.6249999999999999,
        -0.6250000000000001,
        0.5,
        -0.6249999999999999,
        -0.6250000000000001,
        -0.5,
        -0.5624999999999999,
        -0.5625000000000001,
        0.5,
        0.25,
        0.25,
        0.25,
        0.25,
        0.25,
        0.25,
        0.24148145657226705,
        -0.06470476127563018,
        0.24148145657226705,
        -0.06470476127563018,
        0.12074072828613353,
        -0.03235238063781509,
        -0.2332531754730548,
        -0.12074072828613353,
        -0.12074072828613353,
        0.0625,
        -0.12074072828613353,
        -0.0625,
        -0.0625,
        0.03235238063781509,
        -0.12074072828613353,
        -0.0625,
        -0.0625,
        0.03235238063781509,
        0.06249999999999999,
        0.03235238063781509,
        0.03235238063781509,
        -0.01674682452694517,
        0.12074072828613353,
        -0.03235238063781509,
        -0.2332531754730548,
        -0.12074072828613353,
        -0.12074072828613353,
        0.0625,
        -0.12074072828613353,
        -0.0625,
        -0.0625,
        0.03235238063781509,
        -0.12074072828613353,
        -0.0625,
        -0.0625,
        0.03235238063781509,
        0.06249999999999999,
        0.03235238063781509,
        0.03235238063781509,
        -0.01674682452694517
    ],
    "pauli_labels": [
        "IIIIIIIIIIII",
        "IIIIIIIIIIZI",
        "IIIIIIIIIIZZ",
        "IIIIIIIIIZII",
        "IIIIIIIZIIII",
        "IIIIIIIZZIII",
        "IIIIIIZIIIII",
        "IIIIZIIIIIII",
        "IIIIZZIIIIII",
        "IIIZIIIIIIII",
        "IZIIIIIIIIII",
        "IZZIIIIIIIII",
        "ZIIIIIIIIIII",
        "IIIIIIXIIXII",
        "IIIIIIYIIYII",
        "IIIXIIXIIIII",
        "IIIYIIYIIIII",
        "XIIXIIIIIIII",
        "YIIYIIIIIIII",
        "IIIIIIIXIIII",
        "IIIIIIIXZIII",
        "IIIIXIIIIIII",
        "IIIIXZIIIIII",
        "IIIIIIIIIIXI",
        "IIIIIIIIIIXZ",
        "IIIIIXIIIIIX",
        "IIIIIXIIIIXX",
        "IIIIIXIIIIYY",
        "IIIIIXIIIIZX",
        "IIIIXXIIIIIX",
        "IIIIXXIIIIXX",
        "IIIIXXIIIIYY",
        "IIIIXXIIIIZX",
        "IIIIYYIIIIIX",
        "IIIIYYIIIIXX",
        "IIIIYYIIIIYY",
        "IIIIYYIIIIZX",
        "IIIIZXIIIIIX",
        "IIIIZXIIIIXX",
        "IIIIZXIIIIYY",
        "IIIIZXIIIIZX",
        "IXIIIIIIIIII",
        "IXZIIIIIIIII",
        "IIXIIIIIXIII",
        "IIXIIIIXXIII",
        "IIXIIIIYYIII",
        "IIXIIIIZXIII",
        "IXXIIIIIXIII",
        "IXXIIIIXXIII",
        "IXXIIIIYYIII",
        "IXXIIIIZXIII",
        "IYYIIIIIXIII",
        "IYYIIIIXXIII",
        "IYYIIIIYYIII",
        "IYYIIIIZXIII",
        "IZXIIIIIXIII",
        "IZXIIIIXXIII",
        "IZXIIIIYYIII",
        "IZXIIIIZXIII"
    ]
}