{
    "load_date": "2025-12-22 15:16:03.404647",
    "potential": "linear",
    "cutoff": 2,
    "N": 4,
    "a": 1.0,
    "c": null,
    "boundary_condition": "dirichlet",
    "num_qubits": 8,
    "H_size": [
        256,
        256
    ],
    "H_dense_mem_estimate_bytes": 1048576,
    "H_sparse_mem_estimate_bytes": 31748,
    "H_pauli_time": "0:00:00.003571",
    "H_creation_time": "0:00:00.029433",
    "H_eigenvalue_time": "0:00:00.098599",
    "eigenvalues": [
        -0.20793429045210057,
        -0.2079342904521005,
        -0.20793429045210024,
        -0.20793429045210016,
        0.04206570954789703,
        0.04206570954789724,
        0.04206570954789782,
        0.042065709547897984
    ],
    "best_basis_state": [
        1,
        0,
        0,
        0,
        1,
        1,
        0,
        0
    ],
    "basis_prob": 0.15335798159967481,
    "num_paulis": 13,
    "pauli_coeffs": [
        2.375,
        -0.5,
        0.5,
        -0.5,
        0.5,
        0.25,
        0.25,
        0.25,
        0.25,
        0.25,
        0.25,
        -0.12499999999999997,
        -0.12499999999999997
    ],
    "pauli_labels": [
        "IIIIIIII",
        "IIIIIIZI",
        "IIIIZIII",
        "IIZIIIII",
        "ZIIIIIII",
        "IIIIXIXI",
        "IIIIYIYI",
        "IIXIXIII",
        "IIYIYIII",
        "XIXIIIII",
        "YIYIIIII",
        "IIIXIIIX",
        "IXIIIXII"
    ]
}