{
    "potential": "AHO",
    "cutoff": 2,
    "exact_eigenvalues": [
        -0.4375,
        -0.4375,
        2.0625,
        2.0625
    ],
    "ansatz": "ry_cnot_ansatz",
    "num_VQE": 100,
    "Optimizer": {
        "name": "AdamOptimizer",
        "stepsize": 0.5,
        "maxiter": 2500,
        "tolerance": 1e-08
    },
    "results": [
        -0.43749966111874355,
        -0.4374999782281322,
        -0.4374997383834557,
        -0.4374999064391305,
        -0.43749988946824786,
        -0.4374997956413829,
        -0.4374998017653397,
        -0.43749994239362827,
        -0.4374999135225964,
        -0.4374999275527156,
        -0.4374999868029516,
        -0.43749998315733035,
        -0.4374998106273101,
        -0.4374997982100715,
        -0.4374998829514266,
        -0.4374997298718984,
        -0.43749995371217,
        -0.437499929883186,
        -0.4374999295449987,
        -0.43749988171216037,
        -0.43749963853744545,
        -0.4374999297283264,
        -0.4374998062279594,
        -0.437497322137727,
        -0.43749709414553234,
        -0.43749998761783015,
        -0.4374999421082961,
        -0.43749993498069434,
        -0.4374999338123439,
        -0.43749958703272773,
        -0.4374996181978084,
        -0.437499904657898,
        -0.43749998510823623,
        -0.43749987845278265,
        -0.4374998837605983,
        -0.4374952623021333,
        -0.43749991732316407,
        -0.4374998903462259,
        -0.43749993787692093,
        -0.4374997899293662,
        -0.4374999637343648,
        -0.4374999458986408,
        -0.43749996561259885,
        -0.43749994166662126,
        -0.43749993861631625,
        -0.4374999320949672,
        -0.4374998745241304,
        -0.4374995636506589,
        -0.4374998914719032,
        -0.43749995944471,
        -0.43749996406971536,
        -0.4374993950536803,
        -0.4374999056110689,
        -0.43749988768976217,
        -0.43748225464082885,
        -0.4374997609620744,
        -0.43749994012789756,
        -0.43749987510384586,
        -0.43749961910471163,
        -0.43749989429429614,
        -0.4374998789283861,
        -0.4374997415240768,
        -0.43749995753816445,
        -0.437499969238313,
        -0.43749989149082275,
        -0.437499876573906,
        -0.4374999999394282,
        -0.4374998709902685,
        -0.43749998585546057,
        -0.4374997903107899,
        -0.4374999385211812,
        -0.4374999070392306,
        -0.43749976263212487,
        -0.4374996040028473,
        -0.43749950628693635,
        -0.437499907216515,
        -0.4374999373370434,
        -0.43749957419603935,
        -0.43749998268167156,
        -0.4374999430163266,
        -0.4374998865260589,
        -0.4374996231778811,
        -0.43749980549061585,
        -0.4374972679561729,
        -0.4374999296981105,
        -0.437499940019642,
        -0.43749975925968665,
        -0.4374999361418958,
        -0.4374998813031776,
        -0.43749979219795,
        -0.43749988431343884,
        -0.43749961003870963,
        -0.4374999889117442,
        -0.4374999375364003,
        -0.4374999329365809,
        -0.43749987593637485,
        -0.4374999459295305,
        -0.4374999267834677,
        -0.43749998063064105,
        -0.4374997955067491
    ],
    "params": [
        [
            3.1434575751913383,
            -0.009581683826825794
        ],
        [
            -3.14115024465883,
            0.7135882846822245
        ],
        [
            3.139943389455336,
            -0.5274236896271742
        ],
        [
            -3.141877636073886,
            -0.4755241327292172
        ],
        [
            3.1418961244251755,
            0.7069777865877935
        ],
        [
            -3.1411867189286777,
            1.7897098458694036
        ],
        [
            3.141176709259899,
            0.18055901253498202
        ],
        [
            -3.141378090253385,
            0.867570586277119
        ],
        [
            -3.1413373690079838,
            -0.7781561283172909
        ],
        [
            -3.1413547468731964,
            -0.6763814777122458
        ],
        [
            3.141957729412754,
            0.1602984927573033
        ],
        [
            -3.1411413656034046,
            -1.0580298199585199
        ],
        [
            3.1411886826709847,
            1.2323842282482835
        ],
        [
            -3.1411652302568402,
            -0.7097357993385535
        ],
        [
            -3.1418966994367925,
            -0.22075835335711444
        ],
        [
            -3.14113370564044,
            0.010630403130478765
        ],
        [
            -3.1417665882504693,
            0.16382645729571746
        ],
        [
            3.141370220779262,
            -0.7748291642763852
        ],
        [
            3.1413412378237155,
            1.7807811330640269
        ],
        [
            -3.1419124881673532,
            -0.6739110574757233
        ],
        [
            -3.14106094144688,
            0.9772774477480691
        ],
        [
            3.1407155521687566,
            0.25730610019372036
        ],
        [
            -3.1411726462788083,
            -1.0269802273293038
        ],
        [
            3.1362019892354063,
            -1.4172547969381672
        ],
        [
            -3.143282510476323,
            0.7049461160274866
        ],
        [
            3.1412330155125687,
            0.22807926533042944
        ],
        [
            3.14135382607641,
            -0.8484585371123433
        ],
        [
            -3.1413572309457627,
            1.2643460348191533
        ],
        [
            3.1413615889913284,
            -0.5439325067893104
        ],
        [
            -3.1421964477235362,
            -0.4653325307561089
        ],
        [
            3.1436161516850096,
            -1.104805676215579
        ],
        [
            -3.1418625140497047,
            0.07663874080881604
        ],
        [
            3.1419525897243807,
            -0.21483567428763284
        ],
        [
            -3.141908828467966,
            0.4909661163518243
        ],
        [
            3.1419062619627467,
            -1.0598945541824372
        ],
        [
            3.14371034885001,
            0.6709691279085029
        ],
        [
            3.141875569395619,
            1.3823883104170047
        ],
        [
            -3.1419131092954555,
            -0.3211131832363406
        ],
        [
            -3.1413601032814644,
            -0.1969733356661922
        ],
        [
            3.1411720945284225,
            -0.18702875242772848
        ],
        [
            -3.142202375788216,
            0.7048875725697119
        ],
        [
            3.1413774826955785,
            0.41556127486219185
        ],
        [
            3.142216402392863,
            1.615358308691398
        ],
        [
            -3.141355438820138,
            -0.5781329346497724
        ],
        [
            -3.141379221093302,
            -0.4419164879482987
        ],
        [
            3.141338268960663,
            0.5114770414579628
        ],
        [
            -3.1419304238348773,
            -0.047814888375494156
        ],
        [
            -3.1422038735575684,
            -0.7443479474419258
        ],
        [
            -3.1418920120630975,
            -1.8582110553435238
        ],
        [
            -3.142214826527914,
            1.419035174290837
        ],
        [
            -3.1421907451481728,
            -1.5353437832569452
        ],
        [
            -3.1408558907509816,
            -1.2757306182803976
        ],
        [
            -3.1418801855565324,
            0.5138909506723529
        ],
        [
            3.1419088526950607,
            -0.9076356513146804
        ],
        [
            3.145764593867584,
            0.6968255707004511
        ],
        [
