{
    "load_date": "2025-12-22 15:15:56.548859",
    "potential": "linear",
    "cutoff": 8,
    "N": 3,
    "a": 1.0,
    "c": null,
    "boundary_condition": "dirichlet",
    "num_qubits": 12,
    "H_size": [
        4096,
        4096
    ],
    "H_dense_mem_estimate_bytes": 268435456,
    "H_sparse_mem_estimate_bytes": 1490948,
    "H_pauli_time": "0:00:00.021557",
    "H_creation_time": "0:00:00.031578",
    "H_eigenvalue_time": "0:00:00.134849",
    "eigenvalues": [
        2.735716909695447e-08,
        0.9999995563732894,
        1.0000000273571596,
        1.2247109501266014,
        1.2247443786897696,
        1.2247448987487453,
        1.2247448987487628,
        1.9999985998813703
    ],
    "best_basis_state": [
        0,
        0,
        0,
        0,
        1,
        0,
        0,
        0,
        0,
        0,
        0,
        0
    ],
    "basis_prob": 0.8989795242926876,
    "num_paulis": 194,
    "pauli_coeffs": [
        12.25,
        -0.5625,
        -0.5625,
        -1.6874999999999998,
        -0.5625,
        -0.5624999999999999,
        0.5624999999999997,
        -0.5,
        -0.625,
        -0.625,
        -1.8749999999999998,
        -0.625,
        -0.6249999999999999,
        0.6249999999999997,
        0.5,
        -0.5625,
        -0.5625,
        -1.6874999999999998,
        -0.5625,
        -0.5624999999999999,
        0.5624999999999997,
        -0.5,
        0.25,
        0.25,
        0.25,
        0.25,
        0.49442717433174344,
        -0.06371222824269629,
        0.24800742406679166,
        -0.031501073120682024,
        0.24800742406679166,
        -0.031501073120682024,
        -0.2529457177594764,
        -0.0009925330329338677,
        0.24721358716587172,
        -0.031856114121348145,
        0.12400371203339583,
        -0.015750536560341012,
        0.12400371203339583,
        -0.015750536560341012,
        -0.1264728588797382,
        -0.0004962665164669339,
        0.24721358716587172,
        -0.031856114121348145,
        0.12400371203339583,
        -0.015750536560341012,
        0.12400371203339583,
        -0.015750536560341012,
        -0.1264728588797382,
        -0.0004962665164669339,
        -0.45289857688118945,
        -0.22982605512078574,
        -0.22982605512078574,
        0.06791418308525082,
        -0.11896672025208213,
        0.11896672025208213,
        -0.11896672025208213,
        -0.11896672025208213,
        0.12787545274266776,
        0.06158170586924522,
        0.06158170586924522,
        0.019175500549106633,
        -0.22982605512078572,
        -0.11662658773652738,
        -0.11662658773652738,
        0.03446345292740585,
        -0.060370364143066756,
        0.060370364143066756,
        -0.060370364143066756,
        -0.060370364143066756,
        0.064891153010493,
        0.031249999999999986,
        0.031249999999999986,
        0.009730720896753343,
        -0.22982605512078572,
        -0.11662658773652738,
        -0.11662658773652738,
        0.03446345292740585,
        -0.060370364143066756,
        0.060370364143066756,
        -0.060370364143066756,
        -0.060370364143066756,
        0.064891153010493,
        0.031249999999999986,
        0.031249999999999986,
        0.009730720896753343,
        0.0679141830852508,
        0.034463452927405866,
        0.034463452927405866,
        -0.010184037883048891,
        0.017839595955213727,
        -0.017839595955213727,
        0.017839595955213727,
        0.017839595955213727,
        -0.01917550054910666,
        -0.009234454380286403,
        -0.009234454380286403,
        -0.002875452742667789,
        -0.11896672025208213,
        -0.060370364143066756,
        -0.060370364143066756,
        0.017839595955213727,
        -0.031249999999999993,
        0.031249999999999993,
        -0.031249999999999993,
        -0.031249999999999993,
        0.03359013251555473,
        0.01617619031890754,
        0.01617619031890754,
        0.005036991781313692,
        0.11896672025208213,
        0.060370364143066756,
        0.060370364143066756,
        -0.017839595955213727,
        0.031249999999999993,
        -0.031249999999999993,
        0.031249999999999993,
        0.031249999999999993,
        -0.03359013251555473,
        -0.01617619031890754,
        -0.01617619031890754,
        -0.005036991781313692,
        -0.11896672025208213,
        -0.060370364143066756,
        -0.060370364143066756,
        0.017839595955213727,
        -0.031249999999999993,
        0.031249999999999993,
        -0.031249999999999993,
        -0.031249999999999993,
        0.03359013251555473,
        0.01617619031890754,
        0.01617619031890754,
        0.005036991781313692,
        -0.11896672025208213,
        -0.060370364143066756,
        -0.060370364143066756,
        0.017839595955213727,
        -0.031249999999999993,
        0.031249999999999993,
        -0.031249999999999993,
        -0.031249999999999993,
        0.03359013251555473,
        0.01617619031890754,
        0.01617619031890754,
        0.005036991781313692,
        0.1278754527426678,
        0.064891153010493,
        0.064891153010493,
        -0.01917550054910666,
        0.03359013251555473,
        -0.03359013251555473,
        0.03359013251555473,
        0.03359013251555473,
        -0.03610550407720087,
        -0.017387532045086005,
        -0.017387532045086005,
        -0.005414183085250792,
        0.061581705869245204,
        0.03124999999999998,
        0.03124999999999998,
        -0.009234454380286406,
        0.01617619031890754,
        -0.01617619031890754,
        0.01617619031890754,
        0.01617619031890754,
        -0.01738753204508601,
        -0.008373412263472574,
        -0.008373412263472574,
        -0.0026073388060577074,
        0.061581705869245204,
        0.03124999999999998,
        0.03124999999999998,
        -0.009234454380286406,
        0.01617619031890754,
        -0.01617619031890754,
        0.01617619031890754,
        0.01617619031890754,
        -0.01738753204508601,
        -0.008373412263472574,
        -0.008373412263472574,
        -0.0026073388060577074,
        0.019175500549106647,
        0.009730720896753343,
        0.009730720896753343,
        -0.002875452742667789,
        0.005036991781313692,
        -0.005036991781313692,
        0.005036991781313692,
        0.005036991781313692,
        -0.005414183085250782,
        -0.0026073388060577074,
        -0.0026073388060577074,
        -0.0008118811585606928
    ],