{
    "load_date": "2025-12-22 15:15:56.278780",
    "potential": "linear",
    "cutoff": 2,
    "N": 3,
    "a": 1.0,
    "c": null,
    "boundary_condition": "dirichlet",
    "num_qubits": 6,
    "H_size": [
        64,
        64
    ],
    "H_dense_mem_estimate_bytes": 65536,
    "H_sparse_mem_estimate_bytes": 5380,
    "H_pauli_time": "0:00:00.002834",
    "H_creation_time": "0:00:00.021541",
    "H_eigenvalue_time": "0:00:00.002378",
    "eigenvalues": [
        -0.09974487139158947,
        -0.09974487139158929,
        -0.09974487139158901,
        -0.09974487139158877,
        0.15025512860841117,
        0.15025512860841117,
        0.15025512860841123,
        0.15025512860841167
    ],
    "best_basis_state": [
        0,
        0,
        1,
        1,
        0,
        1
    ],
    "basis_prob": 0.2515096972841893,
    "num_paulis": 9,
    "pauli_coeffs": [
        1.75,
        -0.5,
        0.5,
        -0.5,
        0.25,
        0.25,
        0.25,
        0.25,
        -0.12499999999999997
    ],
    "pauli_labels": [
        "IIIIII",
        "IIIIZI",
        "IIZIII",
        "ZIIIII",
        "IIXIXI",
        "IIYIYI",
        "XIXIII",
        "YIYIII",
        "IXIIIX"
    ]
}