{
    "load_date": "2025-12-22 15:15:56.358452",
    "potential": "linear",
    "cutoff": 4,
    "N": 3,
    "a": 1.0,
    "c": null,
    "boundary_condition": "dirichlet",
    "num_qubits": 9,
    "H_size": [
        512,
        512
    ],
    "H_dense_mem_estimate_bytes": 4194304,
    "H_sparse_mem_estimate_bytes": 104452,
    "H_pauli_time": "0:00:00.004379",
    "H_creation_time": "0:00:00.028691",
    "H_eigenvalue_time": "0:00:00.043959",
    "eigenvalues": [
        0.0001174636806414205,
        0.9078167751068065,
        0.9563693631280035,
        1.0001174636806407,
        1.0327831927378561,
        1.2119078377310548,
        1.2248623350722287,
        1.224862335072234
    ],
    "best_basis_state": [
        0,
        0,
        0,
        1,
        0,
        0,
        0,
        0,
        0
    ],
    "basis_prob": 0.8990453995221781,
    "num_paulis": 36,
    "pauli_coeffs": [
        5.25,
        -0.5624999999999999,
        -0.5625000000000001,
        -0.5,
        -0.6249999999999999,
        -0.6250000000000001,
        0.5,
        -0.5624999999999999,
        -0.5625000000000001,
        -0.5,
        0.25,
        0.25,
        0.25,
        0.25,
        0.24148145657226705,
        -0.06470476127563018,
        0.12074072828613353,
        -0.03235238063781509,
        0.12074072828613353,
        -0.03235238063781509,
        -0.2332531754730548,
        -0.12074072828613353,
        -0.12074072828613353,
        0.0625,
        -0.12074072828613353,
        -0.0625,
        -0.0625,
        0.03235238063781509,
        -0.12074072828613353,
        -0.0625,
        -0.0625,
        0.03235238063781509,
        0.06249999999999999,
        0.03235238063781509,
        0.03235238063781509,
        -0.01674682452694517
    ],
    "pauli_labels": [
        "IIIIIIIII",
        "IIIIIIIZI",
        "IIIIIIIZZ",
        "IIIIIIZII",
        "IIIIZIIII",
        "IIIIZZIII",
        "IIIZIIIII",
        "IZIIIIIII",
        "IZZIIIIII",
        "ZIIIIIIII",
        "IIIXIIXII",
        "IIIYIIYII",
        "XIIXIIIII",
        "YIIYIIIII",
        "IIIIXIIII",
        "IIIIXZIII",
        "IXIIIIIII",
        "IXZIIIIII",
        "IIIIIIIXI",
        "IIIIIIIXZ",
        "IIXIIIIIX",
        "IIXIIIIXX",
        "IIXIIIIYY",
        "IIXIIIIZX",
        "IXXIIIIIX",
        "IXXIIIIXX",
        "IXXIIIIYY",
        "IXXIIIIZX",
        "IYYIIIIIX",
        "IYYIIIIXX",
        "IYYIIIIYY",
        "IYYIIIIZX",
        "IZXIIIIIX",
        "IZXIIIIXX",
        "IZXIIIIYY",
        "IZXIIIIZX"
    ]
}