{
    "load_date": "2026-01-16 11:14:12.543303",
    "potential": "quadratic",
    "cutoff": 2,
    "N": 6,
    "a": 1.0,
    "c": -0.8,
    "boundary_condition": "dirichlet",
    "num_qubits": 12,
    "H_size": [
        4096,
        4096
    ],
    "H_dense_mem_estimate_bytes": 268435456,
    "H_sparse_mem_estimate_bytes": 1327108,
    "H_pauli_time": "0:00:00.006745",
    "H_creation_time": "0:00:00.002670",
    "H_eigenvalue_time": "0:00:00.183018",
    "eigenvalues": [
        -2.75899353107911,
        -2.7589935310790974,
        -2.641941697563295,
        -2.6419416975632584,
        -2.5597727214751806,
        -2.4790272527107544,
        -2.479027252710711,
        -2.3985135473241623
    ],
    "best_basis_state": [
        1,
        1,
        0,
        0,
        1,
        1,
        0,
        0,
        1,
        1,
        0,
        1
    ],
    "basis_prob": 0.012037982070866565,
    "num_paulis": 23,
    "pauli_coeffs": [
        2.3950000000000005,
        -0.7071067811865475,
        0.7071067811865475,
        -0.7071067811865475,
        0.7071067811865475,
        -0.7071067811865475,
        0.7071067811865475,
        0.25,
        0.25,
        0.25,
        0.25,
        0.25,
        0.25,
        0.25,
        0.25,
        0.25,
        0.25,
        -0.10606601717798217,
        -0.12499999999999997,
        -0.12499999999999997,
        -0.12499999999999997,
        -0.12499999999999997,
        0.10606601717798217
    ],
    "pauli_labels": [
        "IIIIIIIIIIII",
        "IIIIIIIIIIZX",
        "IIIIIIIIZXII",
        "IIIIIIZXIIII",
        "IIIIZXIIIIII",
        "IIZXIIIIIIII",
        "ZXIIIIIIIIII",
        "IIIIIIIIXIXI",
        "IIIIIIIIYIYI",
        "IIIIIIXIXIII",
        "IIIIIIYIYIII",
        "IIIIXIXIIIII",
        "IIIIYIYIIIII",
        "IIXIXIIIIIII",
        "IIYIYIIIIIII",
        "XIXIIIIIIIII",
        "YIYIIIIIIIII",
        "IIIIIIIIIIIX",
        "IIIIIIIXIIIX",
        "IIIIIXIIIXII",
        "IIIXIIIXIIII",
        "IXIIIXIIIIII",
        "IXIIIIIIIIII"
    ]
}