{
    "load_date": "2026-02-02 09:37:44.026710",
    "potential": "quadratic",
    "cutoff": 8,
    "N": 2,
    "a": 1.0,
    "c": -0.2,
    "boundary_condition": "periodic",
    "num_qubits": 8,
    "H_size": [
        256,
        256
    ],
    "H_dense_mem_estimate_bytes": 1048576,
    "H_sparse_mem_estimate_bytes": 67588,
    "H_pauli_time": "0:00:00.011153",
    "H_creation_time": "0:00:00.000222",
    "H_eigenvalue_time": "0:00:00.013864",
    "eigenvalues": [
        0.3462743175925733,
        0.3462743175925752,
        0.346274317592576,
        0.3462743175925793,
        1.7961011417318837,
        1.7961011417318882,
        1.7961011417318933,
        1.7961011417319022
    ],
    "best_basis_state": [
        0,
        0,
        0,
        0,
        0,
        0,
        0,
        0
    ],
    "basis_prob": 0.3448373370923426,
    "num_paulis": 61,
    "pauli_coeffs": [
        24.889999999999986,
        7.05724372513825,
        -0.20173032260164225,
        -1.4,
        -2.3999999999999972,
        1.9940578152830877,
        -0.502017474872049,
        3.336700143923012,
        -0.9118290133265856,
        -1.003218400553733,
        0.12355049583848854,
        3.336700143923012,
        -0.9118290133265856,
        -7.699999999999996,
        -1.65,
        -5.672130628411201,
        -0.617697349176169,
        -1.899999999999999,
        3.1499999999999972,
        -1.3459547940123242,
        -0.6830127018922192,
        -0.6830127018922192,
        0.2018319883769557,
        -0.35355339059327373,
        0.35355339059327373,
        -0.35355339059327373,
        -0.35355339059327373,
        0.38002896772325595,
        0.18301270189221924,
        0.18301270189221924,
        0.05698705672556509,
        7.05724372513825,
        -0.20173032260164225,
        -1.4,
        -2.3999999999999972,
        1.9940578152830877,
        -0.502017474872049,
        3.336700143923012,
        -0.9118290133265856,
        -1.003218400553733,
        0.12355049583848854,
        3.336700143923012,
        -0.9118290133265856,
        -7.699999999999996,
        -1.65,
        -5.672130628411201,
        -0.617697349176169,
        -1.899999999999999,
        3.1499999999999972,
        1.3459547940123242,
        0.6830127018922192,
        0.6830127018922192,
        -0.2018319883769557,
        0.35355339059327373,
        -0.35355339059327373,
        0.35355339059327373,
        0.35355339059327373,
        -0.38002896772325595,
        -0.18301270189221924,
        -0.18301270189221924,
        -0.05698705672556509
    ],
    "pauli_labels": [
        "IIIIIIII",
        "IIIIIIXI",
        "IIIIIIXZ",
        "IIIIIIZI",
        "IIIIIIZZ",
        "IIIIIXII",
        "IIIIIXIZ",
        "IIIIIXXI",
        "IIIIIXXZ",
        "IIIIIXZI",
        "IIIIIXZZ",
        "IIIIIYYI",
        "IIIIIYYZ",
        "IIIIIZII",
        "IIIIIZIZ",
        "IIIIIZXI",
        "IIIIIZXZ",
        "IIIIIZZI",
        "IIIIIZZZ",
        "IIIIZIIX",
        "IIIIZIXX",
        "IIIIZIYY",
        "IIIIZIZX",
        "IIIIZXXX",
        "IIIIZXYY",
        "IIIIZYXY",
        "IIIIZYYX",
        "IIIIZZIX",
        "IIIIZZXX",
        "IIIIZZYY",
        "IIIIZZZX",
        "IIXIIIII",
        "IIXZIIII",
        "IIZIIIII",
        "IIZZIIII",
        "IXIIIIII",
        "IXIZIIII",
        "IXXIIIII",
        "IXXZIIII",
        "IXZIIIII",
        "IXZZIIII",
        "IYYIIIII",
        "IYYZIIII",
        "IZIIIIII",
        "IZIZIIII",
        "IZXIIIII",
        "IZXZIIII",
        "IZZIIIII",
        "IZZZIIII",
        "ZIIXIIII",
        "ZIXXIIII",
        "ZIYYIIII",
        "ZIZXIIII",
        "ZXXXIIII",
        "ZXYYIIII",
        "ZYXYIIII",
        "ZYYXIIII",
        "ZZIXIIII",
        "ZZXXIIII",
        "ZZYYIIII",
        "ZZZXIIII"
    ]
}