{
    "load_date": "2026-02-02 09:37:44.519013",
    "potential": "quadratic",
    "cutoff": 16,
    "N": 2,
    "a": 1.0,
    "c": -0.2,
    "boundary_condition": "periodic",
    "num_qubits": 10,
    "H_size": [
        1024,
        1024
    ],
    "H_dense_mem_estimate_bytes": 16777216,
    "H_sparse_mem_estimate_bytes": 393220,
    "H_pauli_time": "0:00:00.395404",
    "H_creation_time": "0:00:00.001733",
    "H_eigenvalue_time": "0:00:00.093109",
    "eigenvalues": [
        0.37571451307527987,
        0.3757145130753262,
        0.37571451307534676,
        0.3757145130753612,
        1.8921687340243993,
        1.8921687340244295,
        1.8921687340244744,
        1.8921687340245061
    ],
    "best_basis_state": [
        0,
        0,
        0,
        0,
        0,
        0,
        0,
        0,
        0,
        0
    ],
    "basis_prob": 0.34183758934065794,
    "num_paulis": 173,
    "pauli_coeffs": [
        113.28999999999998,
        35.64898509181677,
        -0.20053201082154715,
        -2.3999999999999986,
        -5.400000000000002,
        9.996804026484869,
        -1.0010280154202835,
        18.634881692425477,
        -1.912126981474593,
        -2.0016469473073117,
        0.12427045080997878,
        18.634881692425477,
        -1.912126981474593,
        -14.699999999999996,
        -4.649999999999998,
        -11.67300387481324,
        -2.6215739365960538,
        -6.8999999999999915,
        6.149999999999997,
        3.999469541338309,
        -0.5000707769310031,
        7.316983448699151,
        -0.9561658911834523,
        -1.00013480998492,
        0.062473737067513246,
        -7.316983448699151,
        0.9561658911834523,
        7.316983448699151,
        -0.9561658911834523,
        3.999469541338309,
        -0.5000707769310031,
        7.316983448699151,
        -0.9561658911834523,
        -1.00013480998492,
        0.062473737067513246,
        -39.3,
        -3.150000000000002,
        -26.971556192076555,
        -1.6213834863820544,
        -3.900000000000002,
        6.150000000000002,
        -8.002746211201782,
        0.4990105405482348,
        -15.298181548502464,
        1.000297968148006,
        0.9984285467535794,
        -0.0007199549714900222,
        -15.298181548502464,
        1.000297968148006,
        2.099999999999998,
        6.149999999999999,
        4.380688071800073,
        3.6240617620218494,
        9.899999999999995,
        -6.149999999999999,
        -1.8923087429803596,
        -0.9517337620166572,
        -0.9517337620166572,
        0.15253981507366654,
        -0.4829629131445341,
        0.4829629131445341,
        -0.4829629131445341,
        -0.4829629131445341,
        0.2927137739679863,
        0.1427167676417097,
        0.1427167676417097,
        0.03284159156561178,
        -0.25,
        0.25,
        0.25,
        0.25,
        -0.25,
        -0.25,
        -0.25,
        0.25,
        0.5463539489680354,
        0.26872106012443786,
        0.26872106012443786,
        0.04929217330328903,
        0.12940952255126037,
        -0.12940952255126037,
        0.12940952255126037,
        0.12940952255126037,
        0.08731519375526972,
        0.04029593425050956,
        0.04029593425050956,
        0.024145465159953333,
        35.64898509181677,
        -0.20053201082154715,
        -2.3999999999999986,
        -5.400000000000002,
        9.996804026484869,
        -1.0010280154202835,
        18.634881692425477,
        -1.912126981474593,
        -2.0016469473073117,
        0.12427045080997878,
        18.634881692425477,
        -1.912126981474593,
        -14.699999999999996,
        -4.649999999999998,
        -11.67300387481324,
        -2.6215739365960538,
        -6.8999999999999915,
        6.149999999999997,
        3.999469541338309,
        -0.5000707769310031,
        7.316983448699151,
        -0.9561658911834523,
        -1.00013480998492,
        0.062473737067513246,
        -7.316983448699151,
        0.9561658911834523,
        7.316983448699151,
        -0.9561658911834523,
        3.999469541338309,
        -0.5000707769310031,
        7.316983448699151,
        -0.9561658911834523,
        -1.00013480998492,
        0.062473737067513246,
        -39.3,
        -3.150000000000002,
        -26.971556192076555,
        -1.6213834863820544,
        -3.900000000000002,
        6.150000000000002,
        -8.002746211201782,
        0.4990105405482348,
        -15.298181548502464,
        1.000297968148006,
        0.9984285467535794,
        -0.0007199549714900222,
        -15.298181548502464,
        1.000297968148006,
        2.099999999999998,
        6.149999999999999,
        4.380688071800073,
        3.6240617620218494,
        9.899999999999995,
        -6.149999999999999,
        1.8923087429803596,
        0.9517337620166572,
        0.9517337620166572,
        -0.15253981507366654,
        0.4829629131445341,
        -0.4829629131445341,
        0.4829629131445341,
        0.4829629131445341,
        -0.2927137739679863,
        -0.1427167676417097,
        -0.1427167676417097,
        -0.03284159156561178,
        0.25,
        -0.25,
        -0.25,
        -0.25,
        0.25,
        0.25,
        0.25,
        -0.25,
        -0.5463539489680354,
        -0.26872106012443786,
        -0.26872106012443786,
        -0.04929217330328903,
        -0.12940952255126037,
        0.12940952255126037,
        -0.12940952255126037,
        -0.12940952255126037,
        -0.08731519375526972,
        -0.04029593425050956,
        -0.04029593425050956,
        -0.024145465159953333
    ],