{
    "load_date": "2026-02-02 09:37:43.993281",
    "potential": "quadratic",
    "cutoff": 2,
    "N": 2,
    "a": 1.0,
    "c": -0.2,
    "boundary_condition": "periodic",
    "num_qubits": 4,
    "H_size": [
        16,
        16
    ],
    "H_dense_mem_estimate_bytes": 4096,
    "H_sparse_mem_estimate_bytes": 1028,
    "H_pauli_time": "0:00:00.001881",
    "H_creation_time": "0:00:00.001018",
    "H_eigenvalue_time": "0:00:00.000632",
    "eigenvalues": [
        -0.8242135623730948,
        -0.8242135623730947,
        -0.8242135623730946,
        -0.8242135623730946,
        0.59,
        0.59,
        0.5900000000000001,
        0.5900000000000001
    ],
    "best_basis_state": [
        0,
        0,
        0,
        1
    ],
    "basis_prob": 0.13648489775111486,
    "num_paulis": 3,
    "pauli_coeffs": [
        0.5900000000000001,
        -0.7071067811865475,
        0.7071067811865475
    ],
    "pauli_labels": [
        "IIII",
        "IIZX",
        "ZXII"
    ]
}