{
    "load_date": "2026-02-02 09:37:43.999736",
    "potential": "quadratic",
    "cutoff": 4,
    "N": 2,
    "a": 1.0,
    "c": -0.2,
    "boundary_condition": "periodic",
    "num_qubits": 6,
    "H_size": [
        64,
        64
    ],
    "H_dense_mem_estimate_bytes": 65536,
    "H_sparse_mem_estimate_bytes": 9220,
    "H_pauli_time": "0:00:00.001860",
    "H_creation_time": "0:00:00.000182",
    "H_eigenvalue_time": "0:00:00.001739",
    "eigenvalues": [
        0.4062095366989869,
        0.406209536698987,
        0.406209536698988,
        0.40620953669898857,
        1.7725539438683247,
        1.7725539438683262,
        1.7725539438683282,
        1.7725539438683335
    ],
    "best_basis_state": [
        0,
        0,
        0,
        0,
        0,
        0
    ],
    "basis_prob": 0.2839610339138225,
    "num_paulis": 17,
    "pauli_coeffs": [
        4.6899999999999995,
        0.7727406610312542,
        -0.2070552360820166,
        -0.8999999999999998,
        -0.9,
        -0.9659258262890682,
        -0.5,
        -0.5,
        0.25881904510252074,
        0.7727406610312542,
        -0.2070552360820166,
        -0.8999999999999998,
        -0.9,
        0.9659258262890682,
        0.5,
        0.5,
        -0.25881904510252074
    ],
    "pauli_labels": [
        "IIIIII",
        "IIIIXI",
        "IIIIXZ",
        "IIIIZI",
        "IIIIZZ",
        "IIIZIX",
        "IIIZXX",
        "IIIZYY",
        "IIIZZX",
        "IXIIII",
        "IXZIII",
        "IZIIII",
        "IZZIII",
        "ZIXIII",
        "ZXXIII",
        "ZYYIII",
        "ZZXIII"
    ]
}