{
    "load_date": "2026-01-26 13:47:31.084992",
    "potential": "quadratic",
    "cutoff": 8,
    "N": 4,
    "a": 1.0,
    "c": -0.8,
    "boundary_condition": "dirichlet",
    "num_qubits": 16,
    "H_size": [
        65536,
        65536
    ],
    "H_dense_mem_estimate_bytes": 68719476736,
    "H_sparse_mem_estimate_bytes": 42205188,
    "H_pauli_time": "0:00:00.018547",
    "H_creation_time": "0:00:00.008731",
    "H_eigenvalue_time": "0:00:15.526261",
    "eigenvalues": [
        -0.14586477992828067,
        -0.07517654776910088,
        -0.00484496239377244,
        0.009764867130726754,
        0.07380015732892264,
        0.13753574586471262,
        0.18931551395141125,
        0.22651320366176653
    ],
    "best_basis_state": [
        0,
        0,
        1,
        1,
        1,
        0,
        1,
        1,
        0,
        0,
        1,
        1,
        1,
        0,
        1,
        1
    ],
    "basis_prob": 0.09392216302279072,
    "num_paulis": 159,
    "pauli_coeffs": [
        107.46535302574893,
        -1.0530292875455145,
        6.3,
        0.308425137534043,
        -0.6168502750680852,
        -0.4361790124774298,
        11.1,
        13.575,
        0.1542125687670212,
        -0.18067126259065494,
        0.3084251375340419,
        -0.6168502750680844,
        0.4361790124774301,
        10.2,
        15.149999999999999,
        24.299999999999997,
        5.999999999999998,
        0.5,
        0.5,
        1.0,
        2.0,
        -1.0530292875455145,
        7.4125,
        0.308425137534043,
        -0.6168502750680852,
        -0.4361790124774298,
        13.325,
        13.45,
        0.1542125687670212,
        -0.18067126259065494,
        0.3084251375340419,
        -0.6168502750680844,
        0.4361790124774301,
        14.649999999999999,
        14.899999999999999,
        23.799999999999997,
        5.999999999999998,
        -0.5,
        -0.5,
        -1.0,
        -2.0,
        -1.0530292875455145,
        7.4125,
        0.308425137534043,
        -0.6168502750680852,
        -0.4361790124774298,
        13.325,
        13.45,
        0.1542125687670212,
        -0.18067126259065494,
        0.3084251375340419,
        -0.6168502750680844,
        0.4361790124774301,
        14.649999999999999,
        14.899999999999999,
        23.799999999999997,
        5.999999999999998,
        0.5,
        0.5,
        1.0,
        2.0,
        -1.0530292875455145,
        8.399999999999999,
        0.308425137534043,
        -0.6168502750680852,
        -0.4361790124774298,
        15.299999999999999,
        13.075,
        0.1542125687670212,
        -0.18067126259065494,
        0.3084251375340419,
        -0.6168502750680844,
        0.4361790124774301,
        18.599999999999998,
        14.149999999999999,
        22.299999999999997,
        5.999999999999998,
        -0.5,
        -0.5,
        -1.0,
        -2.0,
        0.25,
        0.25,
        0.25,
        0.25,
        0.25,
        0.25,
        -0.24999999999999994,
        -0.4999999999999999,
        -0.9999999999999998,
        -0.5,
        -0.9999999999999999,
        -2.0,
        -1.0,
        -1.9999999999999998,
        -4.0,
        -0.0625,
        -0.125,
        -0.25,
        -0.125,
        -0.25,
        -0.5,
        -0.25,
        -0.5,
        -1.0,
        -0.24999999999999994,
        -0.4999999999999999,
        -0.9999999999999998,
        -0.5,
        -0.9999999999999999,
        -2.0,
        -1.0,
        -1.9999999999999998,
        -4.0,
        0.24999999999999994,
        0.4999999999999999,
        0.9999999999999998,
        0.5,
        0.9999999999999999,
        2.0,
        1.0,
        1.9999999999999998,
        4.0,
        -0.0625,
        -0.125,
        -0.25,
        -0.125,
        -0.25,
        -0.5,
        -0.25,
        -0.5,
        -1.0,
        -0.24999999999999994,
        -0.4999999999999999,
        -0.9999999999999998,
        -0.5,
        -0.9999999999999999,
        -2.0,
        -1.0,
        -1.9999999999999998,
        -4.0,
        0.24999999999999994,
        0.4999999999999999,
        0.9999999999999998,
        0.5,
        0.9999999999999999,
        2.0,
        1.0,
        1.9999999999999998,
        4.0,
        0.24999999999999994,
        0.4999999999999999,
        0.9999999999999998,
        0.5,
        0.9999999999999999,
        2.0,
        1.0,
        1.9999999999999998,
        4.0
    ],