{
    "load_date": "2026-01-26 13:47:15.518425",
    "potential": "quadratic",
    "cutoff": 4,
    "N": 4,
    "a": 1.0,
    "c": -0.8,
    "boundary_condition": "dirichlet",
    "num_qubits": 12,
    "H_size": [
        4096,
        4096
    ],
    "H_dense_mem_estimate_bytes": 268435456,
    "H_sparse_mem_estimate_bytes": 1327108,
    "H_pauli_time": "0:00:00.005937",
    "H_creation_time": "0:00:00.002137",
    "H_eigenvalue_time": "0:00:00.630022",
    "eigenvalues": [
        1.8587974553721447,
        2.1579926828824116,
        2.1664635890924724,
        2.382843120049094,
        2.398192297942737,
        2.4719496570217,
        2.5033765289028,
        2.5642501190640554
    ],
    "best_basis_state": [
        0,
        1,
        0,
        1,
        1,
        0,
        0,
        1,
        0,
        1,
        1,
        0
    ],
    "basis_prob": 0.2409583945306819,
    "num_paulis": 63,
    "pauli_coeffs": [
        131.93055082520425,
        -0.30842513753404244,
        24.799999999999997,
        0.15421256876702122,
        -0.30842513753404244,
        25.6,
        31.3,
        1.0,
        1.0,
        2.0,
        -0.30842513753404244,
        26.65,
        0.15421256876702122,
        -0.30842513753404244,
        29.3,
        29.8,
        -1.0,
        -1.0,
        -2.0,
        -0.30842513753404244,
        26.65,
        0.15421256876702122,
        -0.30842513753404244,
        29.3,
        29.8,
        1.0,
        1.0,
        2.0,
        -0.30842513753404244,
        28.0,
        0.15421256876702122,
        -0.30842513753404244,
        32.0,
        27.3,
        -1.0,
        -1.0,
        -2.0,
        0.25,
        0.25,
        0.25,
        0.25,
        0.25,
        0.25,
        -2.0,
        -4.0,
        -0.25,
        -0.5,
        -0.5,
        -1.0,
        -2.0,
        -4.0,
        2.0,
        4.0,
        -0.25,
        -0.5,
        -0.5,
        -1.0,
        -2.0,
        -4.0,
        2.0,
        4.0,
        2.0,
        4.0
    ],
    "pauli_labels": [
        "IIIIIIIIIIII",
        "IIIIIIIIIIIX",
        "IIIIIIIIIIIZ",
        "IIIIIIIIIIXI",
        "IIIIIIIIIIXX",
        "IIIIIIIIIIZI",
        "IIIIIIIIIIZZ",
        "IIIIIIIIIZII",
        "IIIIIIIIIZIZ",
        "IIIIIIIIIZZI",
        "IIIIIIIIXIII",
        "IIIIIIIIZIII",
        "IIIIIIIXIIII",
        "IIIIIIIXXIII",
        "IIIIIIIZIIII",
        "IIIIIIIZZIII",
        "IIIIIIZIIIII",
        "IIIIIIZIZIII",
        "IIIIIIZZIIII",
        "IIIIIXIIIIII",
        "IIIIIZIIIIII",
        "IIIIXIIIIIII",
        "IIIIXXIIIIII",
        "IIIIZIIIIIII",
        "IIIIZZIIIIII",
        "IIIZIIIIIIII",
        "IIIZIZIIIIII",
        "IIIZZIIIIIII",
        "IIXIIIIIIIII",
        "IIZIIIIIIIII",
        "IXIIIIIIIIII",
        "IXXIIIIIIIII",
        "IZIIIIIIIIII",
        "IZZIIIIIIIII",
        "ZIIIIIIIIIII",
        "ZIZIIIIIIIII",
        "ZZIIIIIIIIII",
        "IIIIIIXIIXII",
        "IIIIIIYIIYII",
        "IIIXIIXIIIII",
        "IIIYIIYIIIII",
        "XIIXIIIIIIII",
        "YIIYIIIIIIII",
        "IIIIIIIZZIIZ",
        "IIIIIIIZZIZI",
        "IIIIIZIIIIIZ",
        "IIIIIZIIIIZI",
        "IIIIZIIIIIIZ",
        "IIIIZIIIIIZI",
        "IIIIZZIIZIII",
        "IIIIZZIZIIII",
        "IIIIIIIIZIZZ",
        "IIIIIIIZIIZZ",
        "IIZIIIIIZIII",
        "IIZIIIIZIIII",
        "IZIIIIIIZIII",
        "IZIIIIIZIIII",
        "IZZIIZIIIIII",
        "IZZIZIIIIIII",
        "IIIIIZIZZIII",
        "IIIIZIIZZIII",
        "IIZIZZIIIIII",
        "IZIIZZIIIIII"
    ],
    "boson_position_marginals": {
        "site_0": {
            "x_grid": [
                -4.0,
                -2.0,
                0.0,
                2.0
            ],
            "P_x": [
                9.472550942777227e-07,
                0.007025397379637017,
                0.9896640321831782,
                0.003309623182050929
            ],
            "edge_mass_2": 0.9999999999999605
        },
        "site_1": {
            "x_grid": [
                -4.0,
                -2.0,
                0.0,
                2.0
            ],
            "P_x": [
                9.826504863727516e-07,
                0.00369658982514441,
                0.9913442749699967,
                0.004958152554333168
            ],
            "edge_mass_2": 0.9999999999999606
        },
        "site_2": {
            "x_grid": [
                -4.0,
                -2.0,
                0.0,
                2.0
            ],
            "P_x": [
                9.816239325759316e-07,
                0.004958025791155125,
                0.9913442285467905,
                0.0036967640380835315
            ],
            "edge_mass_2": 0.9999999999999617
        },
        "site_3": {
            "x_grid": [
                -4.0,
                -2.0,
                0.0,
                2.0
            ],
            "P_x": [
                9.068381063713475e-07,
                0.0033096331508403643,
                0.9896634546172759,
                0.007026005393737769
            ],
            "edge_mass_2": 0.9999999999999604
        }
    }
}