{
    "load_date": "2026-01-26 13:47:14.875400",
    "potential": "quadratic",
    "cutoff": 2,
    "N": 4,
    "a": 1.0,
    "c": -0.8,
    "boundary_condition": "dirichlet",
    "num_qubits": 8,
    "H_size": [
        256,
        256
    ],
    "H_dense_mem_estimate_bytes": 1048576,
    "H_sparse_mem_estimate_bytes": 41988,
    "H_pauli_time": "0:00:00.013083",
    "H_creation_time": "0:00:00.008548",
    "H_eigenvalue_time": "0:00:00.034997",
    "eigenvalues": [
        0.778010449915765,
        1.087027167769549,
        1.0870277165513311,
        1.3960444343895397,
        1.5870273334240879,
        1.5870275430401783,
        1.896044051284521,
        1.896044260861009
    ],
    "best_basis_state": [
        0,
        1,
        1,
        1,
        0,
        1,
        1,
        1
    ],
    "basis_prob": 0.2500134790106851,
    "num_paulis": 25,
    "pauli_coeffs": [
        236.29685027506807,
        -0.1542125687670212,
        58.400000000000006,
        2.0,
        2.0,
        -0.1542125687670212,
        58.60000000000001,
        -2.0,
        -2.0,
        -0.1542125687670212,
        58.60000000000001,
        2.0,
        2.0,
        -0.1542125687670212,
        56.8,
        -2.0,
        -2.0,
        0.25,
        0.25,
        0.25,
        0.25,
        0.25,
        0.25,
        -1.0,
        -1.0
    ],
    "pauli_labels": [
        "IIIIIIII",
        "IIIIIIIX",
        "IIIIIIIZ",
        "IIIIIIZI",
        "IIIIIIZZ",
        "IIIIIXII",
        "IIIIIZII",
        "IIIIZIII",
        "IIIIZZII",
        "IIIXIIII",
        "IIIZIIII",
        "IIZIIIII",
        "IIZZIIII",
        "IXIIIIII",
        "IZIIIIII",
        "ZIIIIIII",
        "ZZIIIIII",
        "IIIIXIXI",
        "IIIIYIYI",
        "IIXIXIII",
        "IIYIYIII",
        "XIXIIIII",
        "YIYIIIII",
        "IIIZIIIZ",
        "IZIIIZII"
    ],
    "boson_position_marginals": {
        "site_0": {
            "x_grid": [
                -4.0,
                0.0
            ],
            "P_x": [
                1.7859407263275248e-06,
                0.9999982140592536
            ],
            "edge_mass_2": 1.9999999999999598
        },
        "site_1": {
            "x_grid": [
                -4.0,
                0.0
            ],
            "P_x": [
                1.67931175731662e-06,
                0.9999983206882225
            ],
            "edge_mass_2": 1.9999999999999596
        },
        "site_2": {
            "x_grid": [
                -4.0,
                0.0
            ],
            "P_x": [
                1.6793117072950224e-06,
                0.9999983206882724
            ],
            "edge_mass_2": 1.9999999999999594
        },
        "site_3": {
            "x_grid": [
                -4.0,
                0.0
            ],
            "P_x": [
                1.6907064741627787e-06,
                0.9999983092935056
            ],
            "edge_mass_2": 1.9999999999999596
        }
    }
}