{
    "load_date": "2026-02-02 18:39:24.065079",
    "potential": "linear",
    "cutoff": 16,
    "N": 2,
    "a": 1.0,
    "c": null,
    "x_max": 1.0,
    "boundary_condition": "dirichlet",
    "num_qubits": 10,
    "H_size": [
        1024,
        1024
    ],
    "H_dense_mem_estimate_bytes": 16777216,
    "H_sparse_mem_estimate_bytes": 659460,
    "H_pauli_time": "0:00:00.416870",
    "H_creation_time": "0:00:00.001069",
    "H_eigenvalue_time": "0:00:00.072820",
    "eigenvalues": [
        -0.7907179464615879,
        0.3273160422882183,
        0.32731604228825306,
        1.4453500310381027,
        4.12116610926698,
        4.121166109267034,
        4.178359083029247,
        4.178359083029275
    ],
    "best_basis_state": [
        1,
        1,
        0,
        0,
        0,
        0,
        1,
        0,
        0,
        0
    ],
    "basis_prob": 0.004308205721270291,
    "num_paulis": 79,
    "pauli_coeffs": [
        212.5324321234212,
        -64.82884779020029,
        0.00390625,
        16.84846860072824,
        -36.411402478917424,
        -28.417445311282833,
        0.007812500000003553,
        0.007812499999996447,
        4.934802200544665,
        -5.781480402900965,
        9.869604401089367,
        -19.73920880217871,
        13.957728399277789,
        -2.21247676473366,
        -14.459716912005064,
        6.978864199638906,
        -16.672193676738747,
        0.015625000000003553,
        0.015624999999996447,
        0.03125000000000355,
        2.4674011002723386,
        -2.5650266127126664,
        2.890740201450482,
        -3.067015125440017,
        0.5019885127273218,
        4.93480220054469,
        -5.781480402900955,
        9.86960440108934,
        -19.739208802178723,
        13.957728399277757,
        2.2124767647336148,
        14.45971691200507,
        -6.97886419963885,
        16.672193676738708,
        0.031249999999999112,
        0.03125000000000089,
        0.06249999999999911,
        0.12499999999999734,
        -0.5,
        -64.82884779020029,
        0.00390625,
        16.84846860072824,
        -36.411402478917424,
        -28.417445311282833,
        0.007812500000003553,
        0.007812499999996447,
        4.934802200544665,
        -5.781480402900965,
        9.869604401089367,
        -19.73920880217871,
        13.957728399277789,
        -2.21247676473366,
        -14.459716912005064,
        6.978864199638906,
        -16.672193676738747,
        0.015625000000003553,
        0.015624999999996447,
        0.03125000000000355,
        2.4674011002723386,
        -2.5650266127126664,
        2.890740201450482,
        -3.067015125440017,
        0.5019885127273218,
        4.93480220054469,
        -5.781480402900955,
        9.86960440108934,
        -19.739208802178723,
        13.957728399277757,
        2.2124767647336148,
        14.45971691200507,
        -6.97886419963885,
        16.672193676738708,
        0.031249999999999112,
        0.03125000000000089,
        0.06249999999999911,
        0.12499999999999734,
        0.5,
        0.25,
        0.25
    ],
    "pauli_labels": [
        "IIIIIIIIII",
        "IIIIIIIIIX",
        "IIIIIIIIIZ",
        "IIIIIIIIXI",
        "IIIIIIIIXX",
        "IIIIIIIIYY",
        "IIIIIIIIZI",
        "IIIIIIIIZZ",
        "IIIIIIIXII",
        "IIIIIIIXIX",
        "IIIIIIIXXI",
        "IIIIIIIXXX",
        "IIIIIIIXYY",
        "IIIIIIIYIY",
        "IIIIIIIYXY",
        "IIIIIIIYYI",
        "IIIIIIIYYX",
        "IIIIIIIZII",
        "IIIIIIIZIZ",
        "IIIIIIIZZI",
        "IIIIIIXIII",
        "IIIIIIXIIX",
        "IIIIIIXIXI",
        "IIIIIIXIXX",
        "IIIIIIXIYY",
        "IIIIIIXXII",
        "IIIIIIXXIX",
        "IIIIIIXXXI",
        "IIIIIIXXXX",
        "IIIIIIXXYY",
        "IIIIIIXYIY",
        "IIIIIIXYXY",
        "IIIIIIXYYI",
        "IIIIIIXYYX",
        "IIIIIIZIII",
        "IIIIIIZIIZ",
        "IIIIIIZIZI",
        "IIIIIIZZII",
        "IIIIIZIIII",
        "IIIIXIIIII",
        "IIIIZIIIII",
        "IIIXIIIIII",
        "IIIXXIIIII",
        "IIIYYIIIII",
        "IIIZIIIIII",
        "IIIZZIIIII",
        "IIXIIIIIII",
        "IIXIXIIIII",
        "IIXXIIIIII",
        "IIXXXIIIII",
        "IIXYYIIIII",
        "IIYIYIIIII",
        "IIYXYIIIII",
        "IIYYIIIIII",
        "IIYYXIIIII",
        "IIZIIIIIII",
        "IIZIZIIIII",
        "IIZZIIIIII",
        "IXIIIIIIII",
        "IXIIXIIIII",
        "IXIXIIIIII",
        "IXIXXIIIII",
        "IXIYYIIIII",
        "IXXIIIIIII",
        "IXXIXIIIII",
        "IXXXIIIIII",
        "IXXXXIIIII",
        "IXXYYIIIII",
        "IXYIYIIIII",
        "IXYXYIIIII",
        "IXYYIIIIII",
        "IXYYXIIIII",
        "IZIIIIIIII",
        "IZIIZIIIII",
        "IZIZIIIIII",
        "IZZIIIIIII",
        "ZIIIIIIIII",
        "XIIIIXIIII",
        "YIIIIYIIII"
    ],
    "boson_position_marginals": {
        "site_0": {
            "x_grid": [
                -1.0,
                -0.875,
                -0.75,
                -0.625,
                -0.5,
                -0.375,
                -0.25,
                -0.125,
                0.0,
                0.125,
                0.25,
                0.375,
                0.5,
                0.625,
                0.75,
                0.875
            ],
            "P_x": [
                0.056997224005064726,
                0.05755512371796511,
                0.058926189212854425,
                0.06075248211091795,
                0.06273511961518208,
                0.06459882744236538,
                0.06611405489662711,
                0.06709907129377285,
                0.06744103941553137,
                0.06709907129377322,
                0.06611405489662786,
                0.06459882744236664,
                0.0627351196151831,
                0.060752482110918646,
                0.058926189212855015,
                0.057555123717965395
            ],
            "edge_mass_2": 0.23103366065385023
        },
        "site_1": {
            "x_grid": [
                -1.0,
                -0.875,
                -0.75,
                -0.625,
                -0.5,
                -0.375,
                -0.25,
                -0.125,
                0.0,
                0.125,
                0.25,
                0.375,
                0.5,
                0.625,
                0.75,
                0.875
            ],
            "P_x": [
                0.05699722400506456,
                0.057555123717964965,
                0.05892618921285426,
                0.060752482110917924,
                0.06273511961518223,
                0.06459882744236572,
                0.06611405489662747,
                0.06709907129377318,
                0.06744103941553152,
                0.06709907129377331,
                0.06611405489662779,
                0.06459882744236649,
                0.06273511961518294,
                0.06075248211091843,
                0.05892618921285487,
                0.057555123717965236
            ],
            "edge_mass_2": 0.23103366065384962
        }
    }
}