{
    "load_date": "2026-02-02 19:37:15.468880",
    "potential": "linear",
    "cutoff": 32,
    "N": 2,
    "a": 1.0,
    "c": null,
    "x_max": 1.0,
    "boundary_condition": "dirichlet",
    "num_qubits": 12,
    "H_size": [
        4096,
        4096
    ],
    "H_dense_mem_estimate_bytes": 268435456,
    "H_sparse_mem_estimate_bytes": 5259268,
    "H_pauli_time": "0:00:27.087339",
    "H_creation_time": "0:00:00.002031",
    "H_eigenvalue_time": "0:00:00.707931",
    "eigenvalues": [
        -0.7924979721900337,
        0.3255360165597665,
        0.3255360165598757,
        1.4435700053095375,
        4.120313581830072,
        4.120313581830169,
        4.1754355462097,
        4.175435546209807
    ],
    "best_basis_state": [
        1,
        1,
        0,
        0,
        0,
        0,
        0,
        1,
        0,
        0,
        0,
        0
    ],
    "basis_prob": 0.0010757663005002763,
    "num_paulis": 197,
    "pauli_coeffs": [
        844.18516066814,
        -256.8240548966603,
        0.0009765625,
        64.82884779020037,
        -143.0527170829011,
        -113.77133781375932,
        0.001953125000014211,
        0.0019531249999857891,
        16.848468600728175,
        -20.192525455642674,
        36.41140247891744,
        -75.83499569226971,
        55.64247023662712,
        -9.088853813499206,
        -58.1288675771321,
        28.41744531128278,
        -67.21772139063125,
        0.003906250000014211,
        0.00390625,
        0.007812499999971578,
        4.934802200544329,
        -5.130053225425071,
        5.781480402900796,
        -6.134030250879826,
        1.0039770254546592,
        9.86960440108949,
        -11.56296080580198,
        19.739208802178638,
        -39.47841760435735,
        27.915456798555425,
        4.424953529467254,
        28.919433824010234,
        -13.957728399277805,
        33.344387353477536,
        -1.00082373570805,
        -1.4824203150503958,
        2.2124767647335544,
        -2.483244050758367,
        -4.663900284031907,
        -29.209433753122,
        14.459716912005039,
        -33.87333403715384,
        6.978864199638796,
        -8.62956464984066,
        16.672193676738726,
        -36.35657808791238,
        27.727013438071637,
        0.007812499999992895,
        0.0078125,
        0.015625000000007105,
        0.03125,
        2.4674011002723564,
        -2.4913362641407524,
        2.565026612712592,
        -2.5928928327685528,
        0.1015565686279849,
        2.890740201450372,
        -2.9333961559612214,
        3.0670151254401192,
        -3.121839516445151,
        0.1884433604839173,
        0.23894675456461156,
        0.28999992911186934,
        -0.5019885127273513,
        0.528946683676421,
        4.9348022005450165,
        -5.1300532254256055,
        5.781480402901003,
        -6.134030250880064,
        1.0039770254545806,
        9.86960440108939,
        -11.562960805801957,
        19.739208802178748,
        -39.478417604357496,
        27.915456798555716,
        4.4249535294672775,
        28.919433824010078,
        -13.957728399277645,
        33.344387353477224,
        1.000823735708157,
        1.4824203150503905,
        -2.2124767647335943,
        2.483244050758496,
        4.66390028403181,
        29.20943375312195,
        -14.459716912004826,
        33.8733340371537,
        -6.978864199638868,
        8.629564649840734,
        -16.67219367673863,
        36.356578087912254,
        -27.727013438071676,
        0.01562500000000533,
        0.015624999999987566,
        0.03125000000000888,
        0.06250000000001243,
        0.12500000000000178,
        -0.5,
        -256.8240548966603,
        0.0009765625,
        64.82884779020037,
        -143.0527170829011,
        -113.77133781375932,
        0.001953125000014211,
        0.0019531249999857891,
        16.848468600728175,
        -20.192525455642674,
        36.41140247891744,
        -75.83499569226971,
        55.64247023662712,
        -9.088853813499206,
        -58.1288675771321,
        28.41744531128278,
        -67.21772139063125,
        0.003906250000014211,
        0.00390625,
        0.007812499999971578,
        4.934802200544329,
        -5.130053225425071,
        5.781480402900796,
        -6.134030250879826,
        1.0039770254546592,
        9.86960440108949,
        -11.56296080580198,
        19.739208802178638,
        -39.47841760435735,
        27.915456798555425,
        4.424953529467254,
        28.919433824010234,
        -13.957728399277805,
        33.344387353477536,
        -1.00082373570805,
        -1.4824203150503958,
        2.2124767647335544,
        -2.483244050758367,
        -4.663900284031907,
        -29.209433753122,
        14.459716912005039,
        -33.87333403715384,
        6.978864199638796,
        -8.62956464984066,
        16.672193676738726,
        -36.35657808791238,
        27.727013438071637,
        0.007812499999992895,
        0.0078125,
        0.015625000000007105,
        0.03125,
        2.4674011002723564,
        -2.4913362641407524,
        2.565026612712592,
        -2.5928928327685528,
        0.1015565686279849,
        2.890740201450372,
        -2.9333961559612214,
        3.0670151254401192,
        -3.121839516445151,
        0.1884433604839173,
        0.23894675456461156,
        0.28999992911186934,
        -0.5019885127273513,
        0.528946683676421,
        4.9348022005450165,
        -5.1300532254256055,
        5.781480402901003,
        -6.134030250880064,
        1.0039770254545806,
        9.86960440108939,
        -11.562960805801957,
        19.739208802178748,
        -39.478417604357496,
        27.915456798555716,
        4.4249535294672775,
        28.919433824010078,
        -13.957728399277645,
        33.344387353477224,
        1.000823735708157,
        1.4824203150503905,
        -2.2124767647335943,
        2.483244050758496,
        4.66390028403181,
        29.20943375312195,
        -14.459716912004826,
        33.8733340371537,
        -6.978864199638868,
        8.629564649840734,
        -16.67219367673863,
        36.356578087912254,
        -27.727013438071676,
        0.01562500000000533,
        0.015624999999987566,
        0.03125000000000888,
        0.06250000000001243,
        0.12500000000000178,
        0.5,
        0.25,
        0.25
    ],