{
    "load_date": "2026-02-02 18:39:23.545623",
    "potential": "linear",
    "cutoff": 4,
    "N": 2,
    "a": 1.0,
    "c": null,
    "x_max": 1.0,
    "boundary_condition": "dirichlet",
    "num_qubits": 6,
    "H_size": [
        64,
        64
    ],
    "H_dense_mem_estimate_bytes": 65536,
    "H_sparse_mem_estimate_bytes": 10500,
    "H_pauli_time": "0:00:00.001683",
    "H_creation_time": "0:00:00.000189",
    "H_eigenvalue_time": "0:00:00.004002",
    "eigenvalues": [
        -0.7558453626478284,
        0.3621886261020626,
        0.3621886261020668,
        1.4802226148519493,
        4.122862524845803,
        4.1228625248458295,
        4.251937199753147,
        4.2519371997531605
    ],
    "best_basis_state": [
        1,
        1,
        0,
        0,
        1,
        0
    ],
    "basis_prob": 0.07095478725255502,
    "num_paulis": 17,
    "pauli_coeffs": [
        15.179406601634039,
        -4.934802200544679,
        0.06250000000000044,
        2.4674011002723395,
        -4.934802200544679,
        0.125,
        0.125,
        -0.5,
        -4.934802200544679,
        0.06250000000000044,
        2.4674011002723395,
        -4.934802200544679,
        0.125,
        0.125,
        0.5,
        0.25,
        0.25
    ],
    "pauli_labels": [
        "IIIIII",
        "IIIIIX",
        "IIIIIZ",
        "IIIIXI",
        "IIIIXX",
        "IIIIZI",
        "IIIIZZ",
        "IIIZII",
        "IIXIII",
        "IIZIII",
        "IXIIII",
        "IXXIII",
        "IZIIII",
        "IZZIII",
        "ZIIIII",
        "XIIXII",
        "YIIYII"
    ],
    "boson_position_marginals": {
        "site_0": {
            "x_grid": [
                -1.0,
                -0.5,
                0.0,
                0.5
            ],
            "P_x": [
                0.22407841720625982,
                0.2511132831782729,
                0.27369501643719396,
                0.2511132831782729
            ],
            "edge_mass_2": 0.9999999999999996
        },
        "site_1": {
            "x_grid": [
                -1.0,
                -0.5,
                0.0,
                0.5
            ],
            "P_x": [
                0.22407841720625984,
                0.25111328317827314,
                0.27369501643719396,
                0.2511132831782727
            ],
            "edge_mass_2": 0.9999999999999996
        }
    }
}