{
    "load_date": "2026-02-02 18:39:23.571852",
    "potential": "linear",
    "cutoff": 8,
    "N": 2,
    "a": 1.0,
    "c": null,
    "x_max": 1.0,
    "boundary_condition": "dirichlet",
    "num_qubits": 8,
    "H_size": [
        256,
        256
    ],
    "H_dense_mem_estimate_bytes": 1048576,
    "H_sparse_mem_estimate_bytes": 82948,
    "H_pauli_time": "0:00:00.010524",
    "H_creation_time": "0:00:00.000792",
    "H_eigenvalue_time": "0:00:00.013087",
    "eigenvalues": [
        -0.7836415849203016,
        0.3343924038295565,
        0.3343924038295957,
        1.4524263925794654,
        4.124056500621119,
        4.124056500621127,
        4.190527264071524,
        4.190527264071573
    ],
    "best_basis_state": [
        1,
        1,
        0,
        0,
        0,
        1,
        0,
        0
    ],
    "basis_prob": 0.017318507360633638,
    "num_paulis": 35,
    "pauli_coeffs": [
        54.62657420599146,
        -16.848468600728232,
        0.015625,
        4.934802200544688,
        -9.869604401089363,
        -6.978864199638877,
        0.03125,
        0.03125,
        2.467401100272339,
        -2.890740201450479,
        4.93480220054467,
        -9.86960440108935,
        6.978864199638881,
        0.0625,
        0.0625,
        0.125,
        -0.5,
        -16.848468600728232,
        0.015625,
        4.934802200544688,
        -9.869604401089363,
        -6.978864199638877,
        0.03125,
        0.03125,
        2.467401100272339,
        -2.890740201450479,
        4.93480220054467,
        -9.86960440108935,
        6.978864199638881,
        0.0625,
        0.0625,
        0.125,
        0.5,
        0.25,
        0.25
    ],
    "pauli_labels": [
        "IIIIIIII",
        "IIIIIIIX",
        "IIIIIIIZ",
        "IIIIIIXI",
        "IIIIIIXX",
        "IIIIIIYY",
        "IIIIIIZI",
        "IIIIIIZZ",
        "IIIIIXII",
        "IIIIIXIX",
        "IIIIIXXI",
        "IIIIIXXX",
        "IIIIIXYY",
        "IIIIIZII",
        "IIIIIZIZ",
        "IIIIIZZI",
        "IIIIZIII",
        "IIIXIIII",
        "IIIZIIII",
        "IIXIIIII",
        "IIXXIIII",
        "IIYYIIII",
        "IIZIIIII",
        "IIZZIIII",
        "IXIIIIII",
        "IXIXIIII",
        "IXXIIIII",
        "IXXXIIII",
        "IXYYIIII",
        "IZIIIIII",
        "IZIZIIII",
        "IZZIIIII",
        "ZIIIIIII",
        "XIIIXIII",
        "YIIIYIII"
    ],
    "boson_position_marginals": {
        "site_0": {
            "x_grid": [
                -1.0,
                -0.75,
                -0.5,
                -0.25,
                0.0,
                0.25,
                0.5,
                0.75
            ],
            "P_x": [
                0.11349541373103321,
                0.11760877723489258,
                0.1255602759143918,
                0.13247474440677715,
                0.13521699115683292,
                0.13247474440677692,
                0.12556027591439164,
                0.11760877723489259
            ],
            "edge_mass_2": 0.47427324411521
        },
        "site_1": {
            "x_grid": [
                -1.0,
                -0.75,
                -0.5,
                -0.25,
                0.0,
                0.25,
                0.5,
                0.75
            ],
            "P_x": [
                0.1134954137310332,
                0.11760877723489259,
                0.1255602759143918,
                0.1324747444067771,
                0.13521699115683292,
                0.1324747444067769,
                0.12556027591439167,
                0.11760877723489258
            ],
            "edge_mass_2": 0.47427324411521
        }
    }
}