{
    "load_date": "2026-02-02 18:39:23.537805",
    "potential": "linear",
    "cutoff": 2,
    "N": 2,
    "a": 1.0,
    "c": null,
    "x_max": 1.0,
    "boundary_condition": "dirichlet",
    "num_qubits": 4,
    "H_size": [
        16,
        16
    ],
    "H_dense_mem_estimate_bytes": 4096,
    "H_sparse_mem_estimate_bytes": 1348,
    "H_pauli_time": "0:00:00.001544",
    "H_creation_time": "0:00:00.000229",
    "H_eigenvalue_time": "0:00:00.000427",
    "eigenvalues": [
        -0.643299606138818,
        0.4747343826110759,
        0.47473438261107637,
        1.5927683713609682,
        4.316768211794781,
        4.316768211794782,
        5.434802200544677,
        5.434802200544678
    ],
    "best_basis_state": [
        1,
        1,
        0,
        1
    ],
    "basis_prob": 0.2869516831317593,
    "num_paulis": 9,
    "pauli_coeffs": [
        5.434802200544678,
        -2.467401100272339,
        0.25,
        -0.5,
        -2.467401100272339,
        0.25,
        0.5,
        0.25,
        0.25
    ],
    "pauli_labels": [
        "IIII",
        "IIIX",
        "IIIZ",
        "IIZI",
        "IXII",
        "IZII",
        "ZIII",
        "XIXI",
        "YIYI"
    ],
    "boson_position_marginals": {
        "site_0": {
            "x_grid": [
                -1.0,
                0.0
            ],
            "P_x": [
                0.4495974633459443,
                0.5504025366540557
            ],
            "edge_mass_2": 2.0
        },
        "site_1": {
            "x_grid": [
                -1.0,
                0.0
            ],
            "P_x": [
                0.4495974633459444,
                0.5504025366540555
            ],
            "edge_mass_2": 1.9999999999999998
        }
    }
}