{
    "load_date": "2026-01-16 11:12:42.021928",
    "potential": "quadratic",
    "cutoff": 2,
    "N": 4,
    "a": 1.0,
    "c": -0.8,
    "boundary_condition": "dirichlet",
    "num_qubits": 8,
    "H_size": [
        256,
        256
    ],
    "H_dense_mem_estimate_bytes": 1048576,
    "H_sparse_mem_estimate_bytes": 52228,
    "H_pauli_time": "0:00:00.004644",
    "H_creation_time": "0:00:00.003317",
    "H_eigenvalue_time": "0:00:00.024014",
    "eigenvalues": [
        -1.7718475045130675,
        -1.771847504513063,
        -1.7355591591021573,
        -1.6547452815399144,
        -1.6547452815399133,
        -1.4118747418855355,
        -1.3618129409308637,
        -1.3618129409308612
    ],
    "best_basis_state": [
        0,
        0,
        1,
        1,
        0,
        1,
        1,
        1
    ],
    "basis_prob": 0.04876076594303105,
    "num_paulis": 15,
    "pauli_coeffs": [
        1.5550000000000004,
        -0.7071067811865475,
        0.7071067811865475,
        -0.7071067811865475,
        0.7071067811865475,
        0.25,
        0.25,
        0.25,
        0.25,
        0.25,
        0.25,
        -0.10606601717798217,
        -0.12499999999999997,
        -0.12499999999999997,
        0.10606601717798217
    ],
    "pauli_labels": [
        "IIIIIIII",
        "IIIIIIZX",
        "IIIIZXII",
        "IIZXIIII",
        "ZXIIIIII",
        "IIIIXIXI",
        "IIIIYIYI",
        "IIXIXIII",
        "IIYIYIII",
        "XIXIIIII",
        "YIYIIIII",
        "IIIIIIIX",
        "IIIXIIIX",
        "IXIIIXII",
        "IXIIIIII"
    ]
}