{
    "load_date": "2026-01-16 11:12:42.155357",
    "potential": "quadratic",
    "cutoff": 4,
    "N": 4,
    "a": 1.0,
    "c": -0.8,
    "boundary_condition": "dirichlet",
    "num_qubits": 12,
    "H_size": [
        4096,
        4096
    ],
    "H_dense_mem_estimate_bytes": 268435456,
    "H_sparse_mem_estimate_bytes": 2965508,
    "H_pauli_time": "0:00:00.009027",
    "H_creation_time": "0:00:00.010279",
    "H_eigenvalue_time": "0:00:00.110642",
    "eigenvalues": [
        -1.1532114648719227,
        -1.1371727111447478,
        -1.1314751697401464,
        -0.8254050128908984,
        -0.8253476388703213,
        -0.6741487756794167,
        -0.6727063838189878,
        -0.6630399605226651
    ],
    "best_basis_state": [
        1,
        0,
        0,
        0,
        1,
        0,
        0,
        1,
        0,
        1,
        0,
        0
    ],
    "basis_prob": 0.06698436588555563,
    "num_paulis": 175,
    "pauli_coeffs": [
        8.104999999999999,
        0.31392589354394684,
        -0.08411618965831921,
        -0.6624999999999998,
        -0.6625,
        -0.9659258262890682,
        -0.5,
        -0.5,
        0.25881904510252074,
        0.43466662183008037,
        -0.1164685702961343,
        -0.7249999999999998,
        -0.725,
        0.9659258262890682,
        0.5,
        0.5,
        -0.25881904510252074,
        0.43466662183008037,
        -0.1164685702961343,
        -0.7249999999999998,
        -0.725,
        -0.9659258262890682,
        -0.5,
        -0.5,
        0.25881904510252074,
        0.31392589354394684,
        -0.08411618965831921,
        -0.6624999999999998,
        -0.6625,
        0.9659258262890682,
        0.5,
        0.5,
        -0.25881904510252074,
        0.25,
        0.25,
        0.25,
        0.25,
        0.25,
        0.25,
        0.33807403920117374,
        0.17499999999999993,
        0.17499999999999993,
        -0.09058666578588223,
        0.4665063509461096,
        0.24148145657226705,
        0.24148145657226705,
        -0.125,
        -0.12499999999999999,
        -0.06470476127563018,
        -0.06470476127563018,
        0.03349364905389034,
        -0.24148145657226697,
        -0.12499999999999996,
        -0.12499999999999996,
        0.06470476127563016,
        -0.24148145657226705,
        -0.12499999999999999,
        -0.12499999999999999,
        0.06470476127563018,
        -0.2332531754730548,
        -0.12074072828613353,
        -0.12074072828613353,
        0.0625,
        -0.12074072828613353,
        -0.0625,
        -0.0625,
        0.03235238063781509,
        -0.12074072828613353,
        -0.0625,
        -0.0625,
        0.03235238063781509,
        0.06249999999999999,
        0.03235238063781509,
        0.03235238063781509,
        -0.01674682452694517,
        0.4665063509461096,
        0.24148145657226705,
        0.24148145657226705,
        -0.125,
        -0.12499999999999999,
        -0.06470476127563018,
        -0.06470476127563018,
        0.03349364905389034,
        -0.24148145657226697,
        -0.12499999999999996,
        -0.12499999999999996,
        0.06470476127563016,
        -0.24148145657226705,
        -0.12499999999999999,
        -0.12499999999999999,
        0.06470476127563018,
        -0.4665063509461096,
        -0.24148145657226705,
        -0.24148145657226705,
        0.125,
        0.12499999999999999,
        0.06470476127563018,
        0.06470476127563018,
        -0.03349364905389034,
        0.24148145657226697,
        0.12499999999999996,
        0.12499999999999996,
        -0.06470476127563016,
        0.24148145657226705,
        0.12499999999999999,
        0.12499999999999999,
        -0.06470476127563018,
        -0.2332531754730548,
        -0.12074072828613353,
        -0.12074072828613353,
        0.0625,
        -0.12074072828613353,
        -0.0625,
        -0.0625,
        0.03235238063781509,
        -0.12074072828613353,
        -0.0625,
        -0.0625,
        0.03235238063781509,
        0.06249999999999999,
        0.03235238063781509,
        0.03235238063781509,
        -0.01674682452694517,
        0.4665063509461096,
        0.24148145657226705,
        0.24148145657226705,
        -0.125,
        -0.12499999999999999,
        -0.06470476127563018,
        -0.06470476127563018,
        0.03349364905389034,
        -0.24148145657226697,
        -0.12499999999999996,
        -0.12499999999999996,
        0.06470476127563016,
        -0.24148145657226705,
        -0.12499999999999999,
        -0.12499999999999999,
        0.06470476127563018,
        -0.4665063509461096,
        -0.24148145657226705,
        -0.24148145657226705,
        0.125,
        0.12499999999999999,
        0.06470476127563018,
        0.06470476127563018,
        -0.03349364905389034,
        0.24148145657226697,
        0.12499999999999996,
        0.12499999999999996,
        -0.06470476127563016,
        0.24148145657226705,
        0.12499999999999999,
        0.12499999999999999,
        -0.06470476127563018,
        -0.33807403920117374,
        -0.17499999999999993,
        -0.17499999999999993,
        0.09058666578588223,
        -0.4665063509461096,
        -0.24148145657226705,
        -0.24148145657226705,
        0.125,
        0.12499999999999999,
        0.06470476127563018,
        0.06470476127563018,
        -0.03349364905389034,
        0.24148145657226697,
        0.12499999999999996,
        0.12499999999999996,
        -0.06470476127563016,
        0.24148145657226705,
        0.12499999999999999,
        0.12499999999999999,
        -0.06470476127563018
    ],