{
    "load_date": "2026-02-02 20:55:13.875926",
    "potential": "linear",
    "cutoff": 2,
    "N": 3,
    "a": 1.0,
    "c": null,
    "x_max": 6.0,
    "boundary_condition": "periodic",
    "num_qubits": 6,
    "H_size": [
        64,
        64
    ],
    "H_dense_mem_estimate_bytes": 65536,
    "H_sparse_mem_estimate_bytes": 9220,
    "H_pauli_time": "0:00:00.004708",
    "H_creation_time": "0:00:00.002355",
    "H_eigenvalue_time": "0:00:00.001941",
    "eigenvalues": [
        -1.5756815997503053,
        -0.9810458549803966,
        -0.2949051933458922,
        0.20509480665410632,
        0.4858712130585241,
        0.7050948066541108,
        1.2050948066541156,
        1.891235468288623
    ],
    "best_basis_state": [
        0,
        1,
        1,
        1,
        0,
        1
    ],
    "basis_prob": 0.8637867391323165,
    "num_paulis": 19,
    "pauli_coeffs": [
        33.95561675835603,
        -0.0685389194520094,
        9.0,
        -0.5,
        -0.0685389194520094,
        9.0,
        0.5,
        -0.0685389194520094,
        9.0,
        -0.5,
        0.25,
        0.25,
        0.25,
        0.25,
        -0.25,
        -0.25,
        -2.25,
        -2.25,
        -2.25
    ],
    "pauli_labels": [
        "IIIIII",
        "IIIIIX",
        "IIIIIZ",
        "IIIIZI",
        "IIIXII",
        "IIIZII",
        "IIZIII",
        "IXIIII",
        "IZIIII",
        "ZIIIII",
        "IIXIXI",
        "IIYIYI",
        "XIXIII",
        "YIYIII",
        "XIIIXI",
        "YIIIYI",
        "IZIZII",
        "IIIZIZ",
        "IZIIIZ"
    ],
    "boson_position_marginals": {
        "site_0": {
            "x_grid": [
                -6.0,
                0.0
            ],
            "P_x": [
                6.443818274436205e-06,
                0.9999935561817258
            ],
            "edge_mass_2": 2.0000000000000004
        },
        "site_1": {
            "x_grid": [
                -6.0,
                0.0
            ],
            "P_x": [
                6.443818274436362e-06,
                0.9999935561817258
            ],
            "edge_mass_2": 2.0000000000000004
        },
        "site_2": {
            "x_grid": [
                -6.0,
                0.0
            ],
            "P_x": [
                6.443818274436349e-06,
                0.9999935561817258
            ],
            "edge_mass_2": 2.0000000000000004
        }
    }
}