{
    "load_date": "2026-02-02 20:55:14.078511",
    "potential": "linear",
    "cutoff": 8,
    "N": 3,
    "a": 1.0,
    "c": null,
    "x_max": 6.0,
    "boundary_condition": "periodic",
    "num_qubits": 12,
    "H_size": [
        4096,
        4096
    ],
    "H_dense_mem_estimate_bytes": 268435456,
    "H_sparse_mem_estimate_bytes": 2064388,
    "H_pauli_time": "0:00:00.016050",
    "H_creation_time": "0:00:00.001200",
    "H_eigenvalue_time": "0:00:00.166914",
    "eigenvalues": [
        -0.16658188802081123,
        0.4280538567490906,
        1.114194518383576,
        1.4275184005275212,
        1.6006037130901587,
        1.6006037130901996,
        1.6141945183835757,
        1.8949709247880064
    ],
    "best_basis_state": [
        0,
        1,
        0,
        0,
        1,
        1,
        0,
        0,
        0,
        1,
        0,
        0
    ],
    "basis_prob": 0.637833709610091,
    "num_paulis": 82,
    "pauli_coeffs": [
        29.68365934191631,
        -0.4680130166868953,
        0.5625000000000004,
        0.13707783890401906,
        -0.2741556778080378,
        -0.1938573388788577,
        1.1250000000000004,
        1.6875000000000004,
        0.06853891945200935,
        -0.08029833892917992,
        0.1370778389040186,
        -0.2741556778080374,
        0.19385733887885773,
        2.25,
        3.375,
        6.75,
        -0.5,
        -0.4680130166868953,
        0.5625000000000004,
        0.13707783890401906,
        -0.2741556778080378,
        -0.1938573388788577,
        1.1250000000000004,
        1.6875000000000004,
        0.06853891945200935,
        -0.08029833892917992,
        0.1370778389040186,
        -0.2741556778080374,
        0.19385733887885773,
        2.25,
        3.375,
        6.75,
        0.5,
        -0.4680130166868953,
        0.5625000000000004,
        0.13707783890401906,
        -0.2741556778080378,
        -0.1938573388788577,
        1.1250000000000004,
        1.6875000000000004,
        0.06853891945200935,
        -0.08029833892917992,
        0.1370778389040186,
        -0.2741556778080374,
        0.19385733887885773,
        2.25,
        3.375,
        6.75,
        -0.5,
        0.25,
        0.25,
        0.25,
        0.25,
        -0.25,
        -0.25,
        -0.140625,
        -0.28125,
        -0.5625,
        -0.28125,
        -0.5625,
        -1.125,
        -0.5625,
        -1.125,
        -2.25,
        -0.140625,
        -0.28125,
        -0.5625,
        -0.28125,
        -0.5625,
        -1.125,
        -0.5625,
        -1.125,
        -2.25,
        -0.140625,
        -0.28125,
        -0.5625,
        -0.28125,
        -0.5625,
        -1.125,
        -0.5625,
        -1.125,
        -2.25
    ],
    "pauli_labels": [
        "IIIIIIIIIIII",
        "IIIIIIIIIIIX",
        "IIIIIIIIIIIZ",
        "IIIIIIIIIIXI",
        "IIIIIIIIIIXX",
        "IIIIIIIIIIYY",
        "IIIIIIIIIIZI",
        "IIIIIIIIIIZZ",
        "IIIIIIIIIXII",
        "IIIIIIIIIXIX",
        "IIIIIIIIIXXI",
        "IIIIIIIIIXXX",
        "IIIIIIIIIXYY",
        "IIIIIIIIIZII",
        "IIIIIIIIIZIZ",
        "IIIIIIIIIZZI",
        "IIIIIIIIZIII",
        "IIIIIIIXIIII",
        "IIIIIIIZIIII",
        "IIIIIIXIIIII",
        "IIIIIIXXIIII",
        "IIIIIIYYIIII",
        "IIIIIIZIIIII",
        "IIIIIIZZIIII",
        "IIIIIXIIIIII",
        "IIIIIXIXIIII",
        "IIIIIXXIIIII",
        "IIIIIXXXIIII",
        "IIIIIXYYIIII",
        "IIIIIZIIIIII",
        "IIIIIZIZIIII",
        "IIIIIZZIIIII",
        "IIIIZIIIIIII",
        "IIIXIIIIIIII",
        "IIIZIIIIIIII",
        "IIXIIIIIIIII",
        "IIXXIIIIIIII",
        "IIYYIIIIIIII",
        "IIZIIIIIIIII",
        "IIZZIIIIIIII",
        "IXIIIIIIIIII",
        "IXIXIIIIIIII",
        "IXXIIIIIIIII",
        "IXXXIIIIIIII",
        "IXYYIIIIIIII",
        "IZIIIIIIIIII",
        "IZIZIIIIIIII",
        "IZZIIIIIIIII",
        "ZIIIIIIIIIII",
        "IIIIXIIIXIII",
        "IIIIYIIIYIII",
        "XIIIXIIIIIII",
        "YIIIYIIIIIII",
        "XIIIIIIIXIII",
        "YIIIIIIIYIII",
        "IIIZIIIZIIII",
        "IIZIIIIZIIII",
        "IZIIIIIZIIII",
        "IIIZIIZIIIII",
        "IIZIIIZIIIII",
        "IZIIIIZIIIII",
        "IIIZIZIIIIII",
        "IIZIIZIIIIII",
        "IZIIIZIIIIII",
        "IIIIIIIZIIIZ",
        "IIIIIIIZIIZI",
        "IIIIIIIZIZII",
        "IIIIIIZIIIIZ",
        "IIIIIIZIIIZI",
        "IIIIIIZIIZII",
        "IIIIIZIIIIIZ",
        "IIIIIZIIIIZI",
        "IIIIIZIIIZII",
        "IIIZIIIIIIIZ",
        "IIIZIIIIIIZI",
        "IIIZIIIIIZII",
        "IIZIIIIIIIIZ",
        "IIZIIIIIIIZI",
        "IIZIIIIIIZII",
        "IZIIIIIIIIIZ",
        "IZIIIIIIIIZI",
        "IZIIIIIIIZII"
    ],
    "boson_position_marginals": {
        "site_0": {
            "x_grid": [
                -6.0,
                -4.5,
                -3.0,
                -1.5,
                0.0,
                1.5,
                3.0,
                4.5
            ],
            "P_x": [
                1.0449184629096448e-06,
                3.752632448540462e-06,
                2.0061242558512124e-06,
                0.04838819458929089,
                0.9032114694160726,
                0.04838777411020455,
                2.005109361470151e-06,
                3.7530998936954276e-06
            ],
            "edge_mass_2": 1.0555760166615686e-05
        },
        "site_1": {
            "x_grid": [
                -6.0,
                -4.5,
                -3.0,
                -1.5,
                0.0,
                1.5,
                3.0,
                4.5
            ],
            "P_x": [
                1.0449184629096467e-06,
                3.752632448540457e-06,
                2.0061242558512547e-06,
                0.04838819458929069,
                0.9032114694160724,
                0.04838777411020459,
                2.0051093614699835e-06,
                3.753099893695424e-06
            ],
            "edge_mass_2": 1.0555760166615511e-05
        },
        "site_2": {
            "x_grid": [
                -6.0,
                -4.5,
                -3.0,
                -1.5,
                0.0,
                1.5,
                3.0,
                4.5
            ],
            "P_x": [
                1.0449184629096668e-06,
                3.7526324485404645e-06,
                2.006124255851317e-06,
                0.04838819458929088,
                0.9032114694160723,
                0.048387774110204514,
                2.0051093614699894e-06,
                3.7530998936954285e-06
            ],
            "edge_mass_2": 1.0555760166615549e-05
        }
    }
}