{
    "load_date": "2026-02-02 20:55:13.891027",
    "potential": "linear",
    "cutoff": 4,
    "N": 3,
    "a": 1.0,
    "c": null,
    "x_max": 6.0,
    "boundary_condition": "periodic",
    "num_qubits": 9,
    "H_size": [
        512,
        512
    ],
    "H_dense_mem_estimate_bytes": 4194304,
    "H_sparse_mem_estimate_bytes": 135172,
    "H_pauli_time": "0:00:00.005848",
    "H_creation_time": "0:00:00.000338",
    "H_eigenvalue_time": "0:00:00.006316",
    "eigenvalues": [
        -1.1808892741219146,
        -0.5862535293520085,
        0.09988713228249872,
        0.5998871322824946,
        0.8806635386869134,
        1.0998871322824937,
        1.5998871322824904,
        2.2860277939170017
    ],
    "best_basis_state": [
        0,
        1,
        0,
        1,
        1,
        0,
        0,
        1,
        0
    ],
    "basis_prob": 0.8617108991253899,
    "num_paulis": 40,
    "pauli_coeffs": [
        29.30435027506809,
        -0.13707783890401887,
        2.2500000000000004,
        0.06853891945200943,
        -0.1370778389040188,
        4.5,
        6.75,
        -0.5,
        -0.13707783890401887,
        2.25,
        0.06853891945200943,
        -0.1370778389040188,
        4.5,
        6.75,
        0.5,
        -0.13707783890401887,
        2.2500000000000004,
        0.06853891945200943,
        -0.1370778389040188,
        4.5,
        6.75,
        -0.5,
        0.25,
        0.25,
        0.25,
        0.25,
        -0.25,
        -0.25,
        -0.5625,
        -1.125,
        -1.125,
        -2.25,
        -0.5625,
        -1.125,
        -1.125,
        -2.25,
        -0.5625,
        -1.125,
        -1.125,
        -2.25
    ],
    "pauli_labels": [
        "IIIIIIIII",
        "IIIIIIIIX",
        "IIIIIIIIZ",
        "IIIIIIIXI",
        "IIIIIIIXX",
        "IIIIIIIZI",
        "IIIIIIIZZ",
        "IIIIIIZII",
        "IIIIIXIII",
        "IIIIIZIII",
        "IIIIXIIII",
        "IIIIXXIII",
        "IIIIZIIII",
        "IIIIZZIII",
        "IIIZIIIII",
        "IIXIIIIII",
        "IIZIIIIII",
        "IXIIIIIII",
        "IXXIIIIII",
        "IZIIIIIII",
        "IZZIIIIII",
        "ZIIIIIIII",
        "IIIXIIXII",
        "IIIYIIYII",
        "XIIXIIIII",
        "YIIYIIIII",
        "XIIIIIXII",
        "YIIIIIYII",
        "IIZIIZIII",
        "IZIIIZIII",
        "IIZIZIIII",
        "IZIIZIIII",
        "IIIIIZIIZ",
        "IIIIIZIZI",
        "IIIIZIIIZ",
        "IIIIZIIZI",
        "IIZIIIIIZ",
        "IIZIIIIZI",
        "IZIIIIIIZ",
        "IZIIIIIZI"
    ],
    "boson_position_marginals": {
        "site_0": {
            "x_grid": [
                -6.0,
                -3.0,
                0.0,
                3.0
            ],
            "P_x": [
                5.446023551071648e-06,
                0.0004013828936000058,
                0.999191799925181,
                0.00040137115766730096
            ],
            "edge_mass_2": 0.9999999999999993
        },
        "site_1": {
            "x_grid": [
                -6.0,
                -3.0,
                0.0,
                3.0
            ],
            "P_x": [
                5.446023551071666e-06,
                0.0004013828936000077,
                0.999191799925181,
                0.00040137115766729917
            ],
            "edge_mass_2": 0.9999999999999993
        },
        "site_2": {
            "x_grid": [
                -6.0,
                -3.0,
                0.0,
                3.0
            ],
            "P_x": [
                5.44602355107161e-06,
                0.0004013828936000128,
                0.999191799925181,
                0.0004013711576672999
            ],
            "edge_mass_2": 0.9999999999999993
        }
    }
}