{
    "starttime": "2025-03-04_11-59-00",
    "potential": "AHO",
    "cutoff": 8,
    "exact_eigenvalues": [
        0.03201011000923872,
        1.6801555245826092,
        1.8335255754908437,
        3.963373907862431,
        4.009854623022743,
        4.03692369084855,
        8.262093942430313,
        8.77647491444727,
        42.528080920192565,
        43.433335360060745,
        55.30668959932601,
        56.20632585135716,
        381.87853888129405,
        382.8212806220672,
        408.644292767395,
        409.5870437096132
    ],
    "ansatz": "StronglyEntanglingLayers-1layer",
    "num_VQD": 2,
    "num_energy_levels": 3,
    "num_swap_tests": 30,
    "beta": 2.0,
    "shots": 1024,
    "Optimizer": {
        "name": "differential_evolution",
        "bounds": "[(0, 2 * np.pi) for _ in range(np.prod(params_shape))]",
        "maxiter": 500,
        "tolerance": 0.01,
        "abs_tolerance": 0.001,
        "strategy": "randtobest1bin",
        "popsize": 20,
        "init": "scaled_samples"
    },
    "results": [
        [
            0.03201011000923649,
            1.6717137643900681,
            1.9857318421440429
        ],
        [
            0.03201011000923649,
            1.652808224422165,
            2.00540916767463
        ]
    ],
    "params": [
        [
            [
                3.1321488226145937,
                0.10216731115625599,
                5.83653450531645
            ],
            [
                0.351337260415276,
                0.29614222162555626,
                5.610202411214766
            ],
            [
                3.4690083317751816,
                0.08290844268623454,
                5.834645876092462
            ]
        ],
        [
            [
                3.1685570480879037,
                0.1265860911587935,
                5.85557126015849
            ],
            [
                0.3066774499791589,
                0.2622350800912554,
                5.516337087112099
            ],
            [
                3.6611832687420396,
                0.0910457139987022,
                5.758384490211146
            ]
        ]
    ],
    "num_iters": [
        [
            31,
            22,
            17
        ],
        [
            32,
            22,
            26
        ]
    ],
    "num_evaluations": [
        [
            700,
            548,
            412
        ],
        [
            736,
            544,
            632
        ]
    ],
    "success": [
        [
            true,
            true,
            true
        ],
        [
            true,
            true,
            true
        ]
    ],
    "run_times": [
        "0:03:41.275587",
        "0:04:42.185207"
    ],
    "seeds": [
        26074402,
        97463829
    ],
    "parallel_run_time": "0:04:47.226646",
    "total_VQD_time": "0:08:23.460794",
    "total_device_time": "0:00:47.624546"
}