{
    "load_date": "2026-02-02 19:32:46.849427",
    "potential": "linear",
    "cutoff": 8,
    "N": 2,
    "a": 1.0,
    "c": null,
    "x_max": 7.0,
    "boundary_condition": "dirichlet",
    "num_qubits": 8,
    "H_size": [
        256,
        256
    ],
    "H_dense_mem_estimate_bytes": 1048576,
    "H_sparse_mem_estimate_bytes": 82948,
    "H_pauli_time": "0:00:00.010357",
    "H_creation_time": "0:00:00.000257",
    "H_eigenvalue_time": "0:00:00.010021",
    "eigenvalues": [
        -0.27859185162857325,
        0.8394421371213137,
        0.8394421371213203,
        1.2686384431766993,
        1.2686384431767028,
        1.5790390508296763,
        1.579039050829678,
        1.957476125871196
    ],
    "best_basis_state": [
        1,
        1,
        0,
        0,
        0,
        1,
        0,
        0
    ],
    "basis_prob": 0.8195505706560208,
    "num_paulis": 35,
    "pauli_coeffs": [
        17.951562738897785,
        -0.3438462979740456,
        0.765625,
        0.10071024899070789,
        -0.20142049798141554,
        -0.1424257999926301,
        1.53125,
        1.53125,
        0.05035512449535384,
        -0.05899469798878527,
        0.10071024899070753,
        -0.2014204979814153,
        0.1424257999926302,
        3.0625,
        3.0625,
        6.125,
        -0.5,
        -0.3438462979740456,
        0.765625,
        0.10071024899070789,
        -0.20142049798141554,
        -0.1424257999926301,
        1.53125,
        1.53125,
        0.05035512449535384,
        -0.05899469798878527,
        0.10071024899070753,
        -0.2014204979814153,
        0.1424257999926302,
        3.0625,
        3.0625,
        6.125,
        0.5,
        0.25,
        0.25
    ],
    "pauli_labels": [
        "IIIIIIII",
        "IIIIIIIX",
        "IIIIIIIZ",
        "IIIIIIXI",
        "IIIIIIXX",
        "IIIIIIYY",
        "IIIIIIZI",
        "IIIIIIZZ",
        "IIIIIXII",
        "IIIIIXIX",
        "IIIIIXXI",
        "IIIIIXXX",
        "IIIIIXYY",
        "IIIIIZII",
        "IIIIIZIZ",
        "IIIIIZZI",
        "IIIIZIII",
        "IIIXIIII",
        "IIIZIIII",
        "IIXIIIII",
        "IIXXIIII",
        "IIYYIIII",
        "IIZIIIII",
        "IIZZIIII",
        "IXIIIIII",
        "IXIXIIII",
        "IXXIIIII",
        "IXXXIIII",
        "IXYYIIII",
        "IZIIIIII",
        "IZIZIIII",
        "IZZIIIII",
        "ZIIIIIII",
        "XIIIXIII",
        "YIIIYIII"
    ],
    "boson_position_marginals": {
        "site_0": {
            "x_grid": [
                -7.0,
                -5.25,
                -3.5,
                -1.75,
                0.0,
                1.75,
                3.5,
                5.25
            ],
            "P_x": [
                9.91463824117502e-07,
                3.7091933124060526e-06,
                1.1077122516389108e-05,
                0.03489801672930986,
                0.9301734024458983,
                0.034898016729309936,
                1.1077122516389853e-05,
                3.709193312406064e-06
            ],
            "edge_mass_2": 1.948697296531947e-05
        },
        "site_1": {
            "x_grid": [
                -7.0,
                -5.25,
                -3.5,
                -1.75,
                0.0,
                1.75,
                3.5,
                5.25
            ],
            "P_x": [
                9.914638241175083e-07,
                3.709193312406046e-06,
                1.1077122516389856e-05,
                0.03489801672930949,
                0.9301734024458987,
                0.03489801672930993,
                1.1077122516390336e-05,
                3.7091933124060425e-06
            ],
            "edge_mass_2": 1.948697296531993e-05
        }
    }
}