{
    "load_date": "2026-02-02 19:32:46.818643",
    "potential": "linear",
    "cutoff": 2,
    "N": 2,
    "a": 1.0,
    "c": null,
    "x_max": 7.0,
    "boundary_condition": "dirichlet",
    "num_qubits": 4,
    "H_size": [
        16,
        16
    ],
    "H_dense_mem_estimate_bytes": 4096,
    "H_sparse_mem_estimate_bytes": 1348,
    "H_pauli_time": "0:00:00.001429",
    "H_creation_time": "0:00:00.000317",
    "H_eigenvalue_time": "0:00:00.000401",
    "eigenvalues": [
        -1.017530729787898,
        0.1005032589619953,
        0.10050325896199572,
        1.2185372477118905,
        23.482676260240783,
        23.482676260240797,
        24.600710248990673,
        24.60071024899069
    ],
    "best_basis_state": [
        1,
        1,
        0,
        1
    ],
    "basis_prob": 0.947205592981641,
    "num_paulis": 9,
    "pauli_coeffs": [
        24.60071024899071,
        -0.050355124495353856,
        12.25,
        -0.5,
        -0.050355124495353856,
        12.25,
        0.5,
        0.25,
        0.25
    ],
    "pauli_labels": [
        "IIII",
        "IIIX",
        "IIIZ",
        "IIZI",
        "IXII",
        "IZII",
        "ZIII",
        "XIXI",
        "YIYI"
    ],
    "boson_position_marginals": {
        "site_0": {
            "x_grid": [
                -7.0,
                0.0
            ],
            "P_x": [
                4.224250611361466e-06,
                0.9999957757493891
            ],
            "edge_mass_2": 2.000000000000001
        },
        "site_1": {
            "x_grid": [
                -7.0,
                0.0
            ],
            "P_x": [
                4.224250611360549e-06,
                0.9999957757493891
            ],
            "edge_mass_2": 2.000000000000001
        }
    }
}