{
    "load_date": "2026-02-02 19:32:46.826613",
    "potential": "linear",
    "cutoff": 4,
    "N": 2,
    "a": 1.0,
    "c": null,
    "x_max": 7.0,
    "boundary_condition": "dirichlet",
    "num_qubits": 6,
    "H_size": [
        64,
        64
    ],
    "H_dense_mem_estimate_bytes": 65536,
    "H_sparse_mem_estimate_bytes": 10500,
    "H_pauli_time": "0:00:00.001680",
    "H_creation_time": "0:00:00.000218",
    "H_eigenvalue_time": "0:00:00.003819",
    "eigenvalues": [
        -0.8226502319310832,
        0.29538375681881457,
        0.2953837568188164,
        1.4134177455687134,
        5.255368138650205,
        5.255368138650231,
        5.35823687594821,
        5.358236875948226
    ],
    "best_basis_state": [
        1,
        1,
        0,
        0,
        1,
        0
    ],
    "basis_prob": 0.9462046731644493,
    "num_paulis": 17,
    "pauli_coeffs": [
        18.677130746972125,
        -0.10071024899070774,
        3.0625000000000004,
        0.050355124495353856,
        -0.10071024899070771,
        6.125,
        6.125,
        -0.5,
        -0.10071024899070774,
        3.0625000000000004,
        0.050355124495353856,
        -0.10071024899070771,
        6.125,
        6.125,
        0.5,
        0.25,
        0.25
    ],
    "pauli_labels": [
        "IIIIII",
        "IIIIIX",
        "IIIIIZ",
        "IIIIXI",
        "IIIIXX",
        "IIIIZI",
        "IIIIZZ",
        "IIIZII",
        "IIXIII",
        "IIZIII",
        "IXIIII",
        "IXXIII",
        "IZIIII",
        "IZZIII",
        "ZIIIII",
        "XIIXII",
        "YIIYII"
    ],
    "boson_position_marginals": {
        "site_0": {
            "x_grid": [
                -7.0,
                -3.5,
                0.0,
                3.5
            ],
            "P_x": [
                3.6894343292639762e-06,
                0.000264513141901129,
                0.9994672842818696,
                0.0002645131419011339
            ],
            "edge_mass_2": 1.000000000000001
        },
        "site_1": {
            "x_grid": [
                -7.0,
                -3.5,
                0.0,
                3.5
            ],
            "P_x": [
                3.6894343292640487e-06,
                0.0002645131419011309,
                0.9994672842818696,
                0.00026451314190112997
            ],
            "edge_mass_2": 1.000000000000001
        }
    }
}