{
    "load_date": "2026-02-02 19:32:47.282093",
    "potential": "linear",
    "cutoff": 16,
    "N": 2,
    "a": 1.0,
    "c": null,
    "x_max": 7.0,
    "boundary_condition": "dirichlet",
    "num_qubits": 10,
    "H_size": [
        1024,
        1024
    ],
    "H_dense_mem_estimate_bytes": 16777216,
    "H_sparse_mem_estimate_bytes": 659460,
    "H_pauli_time": "0:00:00.395794",
    "H_creation_time": "0:00:00.000430",
    "H_eigenvalue_time": "0:00:00.034082",
    "eigenvalues": [
        -0.11805414196048888,
        0.8821824589407705,
        0.882182458940773,
        0.9999798467893903,
        0.9999798467894057,
        1.8793011461164097,
        1.8793011461164222,
        1.8824190598420392
    ],
    "best_basis_state": [
        1,
        1,
        0,
        0,
        0,
        0,
        1,
        0,
        0,
        0
    ],
    "basis_prob": 0.23094703194646846,
    "num_paulis": 79,
    "pauli_coeffs": [
        20.79147820660043,
        -1.323037710004087,
        0.19140625,
        0.34384629797404576,
        -0.743089846508519,
        -0.5799478634955679,
        0.3828125,
        0.3828125,
        0.10071024899070743,
        -0.1179893959775707,
        0.20142049798141565,
        -0.4028409959628309,
        0.28485159998526105,
        -0.045152587035380956,
        -0.29509626351030743,
        0.1424257999926308,
        -0.3402488505456888,
        0.765625,
        0.765625,
        1.53125,
        0.050355124495353946,
        -0.05234748189209524,
        0.05899469798878523,
        -0.06259214541714316,
        0.010244663525047326,
        0.10071024899070796,
        -0.11798939597757058,
        0.20142049798141504,
        -0.40284099596283085,
        0.2848515999852602,
        0.045152587035380075,
        0.2950962635103075,
        -0.14242579999262978,
        0.3402488505456879,
        1.53125,
        1.53125,
        3.0625,
        6.125,
        -0.5,
        -1.323037710004087,
        0.19140625,
        0.34384629797404576,
        -0.743089846508519,
        -0.5799478634955679,
        0.3828125,
        0.3828125,
        0.10071024899070743,
        -0.1179893959775707,
        0.20142049798141565,
        -0.4028409959628309,
        0.28485159998526105,
        -0.045152587035380956,
        -0.29509626351030743,
        0.1424257999926308,
        -0.3402488505456888,
        0.765625,
        0.765625,
        1.53125,
        0.050355124495353946,
        -0.05234748189209524,
        0.05899469798878523,
        -0.06259214541714316,
        0.010244663525047326,
        0.10071024899070796,
        -0.11798939597757058,
        0.20142049798141504,
        -0.40284099596283085,
        0.2848515999852602,
        0.045152587035380075,
        0.2950962635103075,
        -0.14242579999262978,
        0.3402488505456879,
        1.53125,
        1.53125,
        3.0625,
        6.125,
        0.5,
        0.25,
        0.25
    ],
    "pauli_labels": [
        "IIIIIIIIII",
        "IIIIIIIIIX",
        "IIIIIIIIIZ",
        "IIIIIIIIXI",
        "IIIIIIIIXX",
        "IIIIIIIIYY",
        "IIIIIIIIZI",
        "IIIIIIIIZZ",
        "IIIIIIIXII",
        "IIIIIIIXIX",
        "IIIIIIIXXI",
        "IIIIIIIXXX",
        "IIIIIIIXYY",
        "IIIIIIIYIY",
        "IIIIIIIYXY",
        "IIIIIIIYYI",
        "IIIIIIIYYX",
        "IIIIIIIZII",
        "IIIIIIIZIZ",
        "IIIIIIIZZI",
        "IIIIIIXIII",
        "IIIIIIXIIX",
        "IIIIIIXIXI",
        "IIIIIIXIXX",
        "IIIIIIXIYY",
        "IIIIIIXXII",
        "IIIIIIXXIX",
        "IIIIIIXXXI",
        "IIIIIIXXXX",
        "IIIIIIXXYY",
        "IIIIIIXYIY",
        "IIIIIIXYXY",
        "IIIIIIXYYI",
        "IIIIIIXYYX",
        "IIIIIIZIII",
        "IIIIIIZIIZ",
        "IIIIIIZIZI",
        "IIIIIIZZII",
        "IIIIIZIIII",
        "IIIIXIIIII",
        "IIIIZIIIII",
        "IIIXIIIIII",
        "IIIXXIIIII",
        "IIIYYIIIII",
        "IIIZIIIIII",
        "IIIZZIIIII",
        "IIXIIIIIII",
        "IIXIXIIIII",
        "IIXXIIIIII",
        "IIXXXIIIII",
        "IIXYYIIIII",
        "IIYIYIIIII",
        "IIYXYIIIII",
        "IIYYIIIIII",
        "IIYYXIIIII",
        "IIZIIIIIII",
        "IIZIZIIIII",
        "IIZZIIIIII",
        "IXIIIIIIII",
        "IXIIXIIIII",
        "IXIXIIIIII",
        "IXIXXIIIII",
        "IXIYYIIIII",
        "IXXIIIIIII",
        "IXXIXIIIII",
        "IXXXIIIIII",
        "IXXXXIIIII",
        "IXXYYIIIII",
        "IXYIYIIIII",
        "IXYXYIIIII",
        "IXYYIIIIII",
        "IXYYXIIIII",
        "IZIIIIIIII",
        "IZIIZIIIII",
        "IZIZIIIIII",
        "IZZIIIIIII",
        "ZIIIIIIIII",
        "XIIIIXIIII",
        "YIIIIYIIII"
    ],
    "boson_position_marginals": {
        "site_0": {
            "x_grid": [
                -7.0,
                -6.125,
                -5.25,
                -4.375,
                -3.5,
                -2.625,
                -1.75,
                -0.875,
                0.0,
                0.875,
                1.75,
                2.625,
                3.5,
                4.375,
                5.25,
                6.125
            ],
            "P_x": [
                3.533096489718015e-11,
                5.6091601860762986e-11,
                6.8819258339658e-11,
                3.500020180248036e-09,
                2.3337591283480467e-06,
                0.0005022712513806066,
                0.023092629876953572,
                0.22951348014721396,
                0.4937785626454508,
                0.22951348014721273,
                0.023092629876953236,
                0.0005022712513805955,
                2.333759128348545e-06,
                3.500020180249213e-09,
                6.881925834002895e-11,
                5.609160186073273e-11
            ],
            "edge_mass_2": 2.1633342695870483e-10
        },
        "site_1": {
            "x_grid": [
                -7.0,
                -6.125,
                -5.25,
                -4.375,
                -3.5,
                -2.625,
                -1.75,
                -0.875,
                0.0,
                0.875,
                1.75,
                2.625,
                3.5,
                4.375,
                5.25,
                6.125
            ],
            "P_x": [
                3.533096489719477e-11,
                5.609160186068035e-11,
                6.88192583397891e-11,
                3.500020180244332e-09,
                2.333759128347963e-06,
                0.0005022712513806013,
                0.02309262987695345,
                0.22951348014721373,
                0.49377856264545017,
                0.22951348014721346,
                0.023092629876953333,
                0.0005022712513805985,
                2.333759128348242e-06,
                3.50002018024564e-09,
                6.881925834024327e-11,
                5.6091601861007586e-11
            ],
            "edge_mass_2": 2.16333426959126e-10
        }
    }
}