{
    "potential": "AHO",
    "cutoff": 2,
    "exact_eigenvalues": [
        -0.4375,
        -0.4375,
        2.0625,
        2.0625
    ],
    "ansatz": "ry_cnot_ansatz",
    "num_VQE": 100,
    "Optimizer": {
        "name": "AdamOptimizer",
        "stepsize": 0.5,
        "maxiter": 2500,
        "tolerance": 1e-08
    },
    "results": [
        -0.4374998419888431,
        -0.4374993432663185,
        -0.4374999928813017,
        -0.4374999735359753,
        -0.43749999152736113,
        -0.4374998005439627,
        -0.43749989527067235,
        -0.43749998274489504,
        -0.43749995976092804,
        -0.4374997333622364,
        -0.4374999822005737,
        -0.43749997674347224,
        -0.4374999912165536,
        -0.43749846405917714,
        -0.4374999475324706,
        -0.4374971308915068,
        -0.4374999521117554,
        -0.4374999879972931,
        -0.4374995043103808,
        -0.4374892274184328,
        -0.43749995244636114,
        -0.43749997416446956,
        -0.4374999901896941,
        -0.4374996973084719,
        -0.43749956354956876,
        -0.4374999441711764,
        -0.43749907523532,
        -0.4374998719886333,
        -0.4374995647625144,
        -0.4374999976151652,
        -0.4374999390507075,
        -0.43749999522528493,
        -0.4374999949928239,
        -0.4374999465454254,
        -0.43749993936898524,
        -0.43749977425135433,
        -0.43749993933028536,
        -0.4374997831954641,
        -0.43749981842210584,
        -0.43749993589929587,
        -0.43749993026549155,
        -0.4374999938932735,
        -0.4374999490606232,
        -0.437499992088964,
        -0.4374999606222469,
        -0.43749998151312913,
        -0.4374999552198515,
        -0.43749994607135895,
        -0.43749998986865773,
        -0.4374999941437991,
        -0.4374999735331015,
        -0.437499851024947,
        -0.4374999961013746,
        -0.4374999428538142,
        -0.43749979285597673,
        -0.43749996065969016,
        -0.43749998893604913,
        -0.437499930209219,
        -0.4374995859640451,
        -0.43749999284126906,
        -0.4374998713140904,
        -0.4374999874062138,
        -0.4374998215474841,
        -0.43749997617495057,
        -0.43749998876213064,
        -0.43749928230660357,
        -0.43749997461544116,
        -0.4374996046986136,
        -0.43749995550767695,
        -0.43749998947948027,
        -0.4374999031338077,
        -0.43749999412847407,
        -0.4374993274191629,
        -0.43749909149373595,
        -0.43749980103837693,
        -0.43749829632717135,
        -0.4374983128117931,
        -0.4374999688886509,
        -0.4374977391125908,
        -0.4374999348486162,
        -0.4374997991595829,
        -0.4374999346397756,
        -0.4374999443461445,
        -0.4374998268482617,
        -0.43749993758296385,
        -0.4374998094122407,
        -0.43749982567537227,
        -0.437499983700518,
        -0.43749963780803686,
        -0.43749986223308635,
        -0.43749977681476754,
        -0.4374999967894182,
        -0.43749992557125983,
        -0.4374999917441125,
        -0.437499941585698,
        -0.43749995447992013,
        -0.43749995698727384,
        -0.437499978762881,
        -0.43749999491443287,
        -0.4374997301234263
    ],
    "params": [
        [
            9.424769522686411,
            -16.855837459470276
        ],
        [
            -15.707227617075528,
            -1.9080040930305158
        ],
        [
            9.425079392707804,
            -11.87938043192582
        ],
        [
            9.424389350626013,
            -2.329195460246271
        ],
        [
            -3.1413243302019804,
            -5.718658629855392
        ],
        [
            -9.424962392527668,
            16.9124331948498
        ],
        [
            -9.42448591544631,
            10.143284054978484
        ],
        [
            -9.424377150755642,
            -7.923249375740512
        ],
        [
            3.1415197278382507,
            0.727031055702725
        ],
        [
            15.70750782856739,
            3.580612497700335
        ],
        [
            3.141212242137202,
            -7.327814594249552
        ],
        [
            28.273881523060254,
            -3.721535226831813
        ],
        [
            -9.424939837109768,
            -0.32709092215447627
        ],
        [
            9.425828386446518,
            2.100973702577529
        ],
        [
            3.1408634835710787,
            8.584712390734213
        ],
        [
            3.139969136223133,
            -9.853929572815225
        ],
        [
            3.141392665678686,
            -5.7253998652204015
        ],
        [
            28.274645714699744,
            20.257762435646686
        ],
        [
            15.707338507021802,
            5.284654839977293
        ],
        [
            21.994325738133803,
            15.590730062044084
        ],
        [
            -9.424567013885923,
            -13.30906227683677
        ],
        [
            -9.424270167458497,
            21.33737220270049
        ],
        [
            -3.14192872858648,
            17.762254394710137
        ],
        [
            9.425277480227757,
            -14.045035082743404
        ],
        [
            -3.143740618893403,
            -4.715730536743337
        ],
        [
            -3.1417880226783574,
            -0.5514834191386295
        ],
        [
            -3.1424896081002607,
            -0.06877878633991372
        ],
        [
            -9.424477242581565,
            -6.288212764349589
        ],
        [
            3.142082568226517,
            -5.613665658613599
        ],
        [
            3.1413987720787944,
            -3.5395704715623713
        ],
        [
            -3.1414057199225343,
            -19.28427520420637
        ],
        [
            9.424554397325759,
            2.951401927393836
        ],
        [
            3.141848101134688,
            21.470012182196918
        ],
        [
            -9.425505498101154,
            10.285345803737696
        ],
        [
            3.141361461551592,
            15.791397977494587
        ],
        [
            -9.425228509617058,
            4.835755331690711
        ],
        [
            9.424550689131443,
            10.768115331205358
        ],
        [
            -9.423363363566638,
            -5.4037105793651
        ],
        [
            3.141221670320835,
            12.571035902658178
        ],
        [
            3.141374548243451,
            -15.740309136878306
        ],
        [
            -21.991406512490276,
            -0.5629769057090325
        ],
        [
            3.1412931037686596,
            -1.1344357056706098
        ],
        [
            3.1418170593764985,
            3.943289673605851
        ],
        [
            -28.274648835048335,
            -10.204517285685977
        ],
        [
            -9.424595832763902,
            1.3806704070986284
        ],
        [
            -15.708363811105293,
            6.616596656222127
        ],
        [
            -3.1421975935284414,
            -6.498004077736892
        ],
        [
            15.708079317116628,
            1.9397068901638554
        ],
        [
            15.708212052948697,
            -6.743785324956918
        ],
        [
            9.424541325387082,
            -10.424255961084995
        ],
        [
            -3.142140656793023,
            -28.975342682561624
        ],
        [
            15.708201249109514,
            6.018727464998976
        ],
        [
            15.707711273095926,
            2.3185460342394673
        ],
        [
            3.1408742965005523,
            5.184207308693262
        ],
        [
            21.99151561675505,
            1.2678401472603282
        ],
        [
            3.140947238336529,
            -9.748215730962434
        ],
