{
    "load_date": "2025-11-24 14:27:45.584729",
    "potential": "quadratic",
    "cutoff": 2,
    "N": 5,
    "a": 1.0,
    "c": -0.2,
    "boundary_condition": "dirichlet",
    "num_qubits": 10,
    "eigenvalues": [
        -2.2654191763642295,
        -2.1483724529607207,
        -2.2654191763642357,
        -2.1483724529607557,
        -1.9355339059327223,
        -1.9860542088293192,
        -1.9860542088293354,
        -1.9355339059327317
    ],
    "best_basis_state": [
        0,
        0,
        1,
        1,
        0,
        0,
        1,
        0,
        0,
        0
    ],
    "prob": 0.017695322435045617
}