{
    "load_date": "2025-11-24 14:27:46.857390",
    "potential": "quadratic",
    "cutoff": 4,
    "N": 5,
    "a": 1.0,
    "c": -0.2,
    "boundary_condition": "dirichlet",
    "num_qubits": 15,
    "eigenvalues": [
        0.4268107347517382,
        0.42681073475173104,
        0.6645290604975981,
        0.7209521103262507,
        0.6645290604976054,
        0.7209521103262482,
        0.8045276612651915,
        0.8045276612651927
    ],
    "best_basis_state": [
        0,
        0,
        0,
        1,
        0,
        0,
        0,
        0,
        0,
        1,
        0,
        0,
        0,
        0,
        0
    ],
    "prob": 0.09729944967291397
}