{
    "load_date": "2026-01-16 11:15:19.975006",
    "potential": "quadratic",
    "cutoff": 4,
    "N": 5,
    "a": 1.0,
    "c": -0.8,
    "boundary_condition": "periodic",
    "num_qubits": 15,
    "H_size": [
        32768,
        32768
    ],
    "H_dense_mem_estimate_bytes": 17179869184,
    "H_sparse_mem_estimate_bytes": 40108036,
    "H_pauli_time": "0:00:00.011880",
    "H_creation_time": "0:00:00.064986",
    "H_eigenvalue_time": "0:00:01.868871",
    "eigenvalues": [
        -1.1636692929312764,
        -1.1636692929312704,
        -1.0860571442014666,
        -1.0860571442014624,
        -1.023525087710728,
        -1.0235250877107231,
        -0.9896213553474738,
        -0.98962135534747
    ],
    "best_basis_state": [
        0,
        0,
        0,
        1,
        1,
        0,
        1,
        1,
        0,
        0,
        0,
        0,
        1,
        0,
        0
    ],
    "basis_prob": 0.03529215344209432,
    "num_paulis": 291,
    "pauli_coeffs": [
        10.599999999999998,
        0.43466662183008037,
        -0.1164685702961343,
        -0.7249999999999998,
        -0.725,
        -0.9659258262890682,
        -0.5,
        -0.5,
        0.25881904510252074,
        0.43466662183008037,
        -0.1164685702961343,
        -0.7249999999999998,
        -0.725,
        0.9659258262890682,
        0.5,
        0.5,
        -0.25881904510252074,
        0.43466662183008037,
        -0.1164685702961343,
        -0.7249999999999998,
        -0.725,
        -0.9659258262890682,
        -0.5,
        -0.5,
        0.25881904510252074,
        0.43466662183008037,
        -0.1164685702961343,
        -0.7249999999999998,
        -0.725,
        0.9659258262890682,
        0.5,
        0.5,
        -0.25881904510252074,
        0.43466662183008037,
        -0.1164685702961343,
        -0.7249999999999998,
        -0.725,
        -0.9659258262890682,
        -0.5,
        -0.5,
        0.25881904510252074,
        0.25,
        0.25,
        0.25,
        0.25,
        0.25,
        0.25,
        0.25,
        0.25,
        -0.25,
        -0.25,
        -0.2332531754730548,
        -0.12074072828613353,
        -0.12074072828613353,
        0.0625,
        -0.12074072828613353,
        -0.0625,
        -0.0625,
        0.03235238063781509,
        -0.12074072828613353,
        -0.0625,
        -0.0625,
        0.03235238063781509,
        0.06249999999999999,
        0.03235238063781509,
        0.03235238063781509,
        -0.01674682452694517,
        0.4665063509461096,
        0.24148145657226705,
        0.24148145657226705,
        -0.125,
        -0.12499999999999999,
        -0.06470476127563018,
        -0.06470476127563018,
        0.03349364905389034,
        -0.24148145657226697,
        -0.12499999999999996,
        -0.12499999999999996,
        0.06470476127563016,
        -0.24148145657226705,
        -0.12499999999999999,
        -0.12499999999999999,
        0.06470476127563018,
        -0.4665063509461096,
        -0.24148145657226705,
        -0.24148145657226705,
        0.125,
        0.12499999999999999,
        0.06470476127563018,
        0.06470476127563018,
        -0.03349364905389034,
        0.24148145657226697,
        0.12499999999999996,
        0.12499999999999996,
        -0.06470476127563016,
        0.24148145657226705,
        0.12499999999999999,
        0.12499999999999999,
        -0.06470476127563018,
        -0.2332531754730548,
        -0.12074072828613353,
        -0.12074072828613353,
        0.0625,
        -0.12074072828613353,
        -0.0625,
        -0.0625,
        0.03235238063781509,
        -0.12074072828613353,
        -0.0625,
        -0.0625,
        0.03235238063781509,
        0.06249999999999999,
        0.03235238063781509,
        0.03235238063781509,
        -0.01674682452694517,
        0.4665063509461096,
        0.24148145657226705,
        0.24148145657226705,
        -0.125,
        -0.12499999999999999,
        -0.06470476127563018,
        -0.06470476127563018,
        0.03349364905389034,
        -0.24148145657226697,
        -0.12499999999999996,
        -0.12499999999999996,
        0.06470476127563016,
        -0.24148145657226705,
        -0.12499999999999999,
        -0.12499999999999999,
        0.06470476127563018,
        -0.4665063509461096,
        -0.24148145657226705,
        -0.24148145657226705,
        0.125,
        0.12499999999999999,
        0.06470476127563018,
        0.06470476127563018,
        -0.03349364905389034,
        0.24148145657226697,
        0.12499999999999996,
        0.12499999999999996,
        -0.06470476127563016,
        0.24148145657226705,
        0.12499999999999999,
        0.12499999999999999,
        -0.06470476127563018,
        -0.2332531754730548,
        -0.12074072828613353,
        -0.12074072828613353,
        0.0625,
        -0.12074072828613353,
        -0.0625,
        -0.0625,
        0.03235238063781509,
        -0.12074072828613353,
        -0.0625,
        -0.0625,
        0.03235238063781509,
        0.06249999999999999,
        0.03235238063781509,
        0.03235238063781509,
        -0.01674682452694517,
        0.4665063509461096,
        0.24148145657226705,
        0.24148145657226705,
        -0.125,
        -0.12499999999999999,
        -0.06470476127563018,
        -0.06470476127563018,
        0.03349364905389034,
        -0.24148145657226697,
        -0.12499999999999996,
        -0.12499999999999996,
        0.06470476127563016,
        -0.24148145657226705,
        -0.12499999999999999,
        -0.12499999999999999,
        0.06470476127563018,
        -0.4665063509461096,
        -0.24148145657226705,
        -0.24148145657226705,
        0.125,
        0.12499999999999999,
        0.06470476127563018,
        0.06470476127563018,
        -0.03349364905389034,
        0.24148145657226697,
        0.12499999999999996,
        0.12499999999999996,
        -0.06470476127563016,
        0.24148145657226705,
        0.12499999999999999,
        0.12499999999999999,
        -0.06470476127563018,
        -0.2332531754730548,
        -0.12074072828613353,
        -0.12074072828613353,
        0.0625,
        -0.12074072828613353,
        -0.0625,
        -0.0625,
        0.03235238063781509,
        -0.12074072828613353,
        -0.0625,
        -0.0625,
        0.03235238063781509,
        0.06249999999999999,
        0.03235238063781509,
        0.03235238063781509,
        -0.01674682452694517,
        0.4665063509461096,
        0.24148145657226705,
        0.24148145657226705,
        -0.125,
        -0.12499999999999999,
        -0.06470476127563018,
        -0.06470476127563018,
        0.03349364905389034,
        -0.24148145657226697,
        -0.12499999999999996,
        -0.12499999999999996,
        0.06470476127563016,
        -0.24148145657226705,
        -0.12499999999999999,
        -0.12499999999999999,
        0.06470476127563018,
        -0.4665063509461096,
        -0.24148145657226705,
        -0.24148145657226705,
        0.125,
        0.12499999999999999,
        0.06470476127563018,
        0.06470476127563018,
        -0.03349364905389034,
        0.24148145657226697,
        0.12499999999999996,
        0.12499999999999996,
        -0.06470476127563016,
        0.24148145657226705,
        0.12499999999999999,
        0.12499999999999999,
        -0.06470476127563018,
        -0.2332531754730548,
        -0.12074072828613353,
        -0.12074072828613353,
        0.0625,
        -0.12074072828613353,
        -0.0625,
        -0.0625,
        0.03235238063781509,
        -0.12074072828613353,
        -0.0625,
        -0.0625,
        0.03235238063781509,
        0.06249999999999999,
        0.03235238063781509,
        0.03235238063781509,
        -0.01674682452694517,
        0.4665063509461096,
        0.24148145657226705,
        0.24148145657226705,
        -0.125,
        -0.12499999999999999,
        -0.06470476127563018,
        -0.06470476127563018,
