{
    "load_date": "2026-01-16 11:15:18.023968",
    "potential": "quadratic",
    "cutoff": 2,
    "N": 5,
    "a": 1.0,
    "c": -0.8,
    "boundary_condition": "periodic",
    "num_qubits": 10,
    "H_size": [
        1024,
        1024
    ],
    "H_dense_mem_estimate_bytes": 16777216,
    "H_sparse_mem_estimate_bytes": 331780,
    "H_pauli_time": "0:00:00.014040",
    "H_creation_time": "0:00:00.008011",
    "H_eigenvalue_time": "0:00:03.561111",
    "eigenvalues": [
        -2.396845234508028,
        -2.396845234508021,
        -1.8968452345080247,
        -1.8968452345080167,
        -1.8968452345080153,
        -1.8968452345080065,
        -1.7458602469323365,
        -1.745860246932333
    ],
    "best_basis_state": [
        0,
        1,
        1,
        1,
        0,
        0,
        1,
        0,
        0,
        0
    ],
    "basis_prob": 0.01775528260303412,
    "num_paulis": 21,
    "pauli_coeffs": [
        2.1000000000000005,
        -0.7071067811865475,
        0.7071067811865475,
        -0.7071067811865475,
        0.7071067811865475,
        -0.7071067811865475,
        0.25,
        0.25,
        0.25,
        0.25,
        0.25,
        0.25,
        0.25,
        0.25,
        -0.25,
        -0.25,
        -0.12499999999999997,
        -0.12499999999999997,
        -0.12499999999999997,
        -0.12499999999999997,
        -0.12499999999999997
    ],
    "pauli_labels": [
        "IIIIIIIIII",
        "IIIIIIIIZX",
        "IIIIIIZXII",
        "IIIIZXIIII",
        "IIZXIIIIII",
        "ZXIIIIIIII",
        "IIIIIIXIXI",
        "IIIIIIYIYI",
        "IIIIXIXIII",
        "IIIIYIYIII",
        "IIXIXIIIII",
        "IIYIYIIIII",
        "XIXIIIIIII",
        "YIYIIIIIII",
        "XIIIIIIIXI",
        "YIIIIIIIYI",
        "IXIIIIIXII",
        "IIIIIXIIIX",
        "IIIXIIIXII",
        "IXIIIXIIII",
        "IIIXIIIIIX"
    ]
}