{
    "load_date": "2026-02-02 20:46:14.019736",
    "potential": "linear",
    "cutoff": 4,
    "N": 2,
    "a": 1.0,
    "c": null,
    "x_max": 4.0,
    "boundary_condition": "periodic",
    "num_qubits": 6,
    "H_size": [
        64,
        64
    ],
    "H_dense_mem_estimate_bytes": 65536,
    "H_sparse_mem_estimate_bytes": 9220,
    "H_pauli_time": "0:00:00.001790",
    "H_creation_time": "0:00:00.002350",
    "H_eigenvalue_time": "0:00:00.003734",
    "eigenvalues": [
        -0.2458105697937504,
        0.7541894302062446,
        0.7541894302062475,
        1.685519852637161,
        1.685519852637162,
        1.754189430206251,
        2.042797833354684,
        2.042797833354694
    ],
    "best_basis_state": [
        1,
        1,
        0,
        0,
        1,
        0
    ],
    "basis_prob": 0.9292925482979503,
    "num_paulis": 15,
    "pauli_coeffs": [
        6.925275412602127,
        -0.30842513753404244,
        0.9999999999999996,
        0.15421256876702122,
        -0.30842513753404244,
        1.9999999999999998,
        1.9999999999999998,
        -0.5,
        -0.30842513753404244,
        0.9999999999999996,
        0.15421256876702122,
        -0.30842513753404244,
        1.9999999999999998,
        1.9999999999999998,
        0.5
    ],
    "pauli_labels": [
        "IIIIII",
        "IIIIIX",
        "IIIIIZ",
        "IIIIXI",
        "IIIIXX",
        "IIIIZI",
        "IIIIZZ",
        "IIIZII",
        "IIXIII",
        "IIZIII",
        "IXIIII",
        "IXXIII",
        "IZIIII",
        "IZZIII",
        "ZIIIII"
    ],
    "boson_position_marginals": {
        "site_0": {
            "x_grid": [
                -4.0,
                -2.0,
                0.0,
                2.0
            ],
            "P_x": [
                7.226248506492194e-05,
                0.01796476390924403,
                0.963998209696442,
                0.017964763909243796
            ],
            "edge_mass_2": 0.9999999999999948
        },
        "site_1": {
            "x_grid": [
                -4.0,
                -2.0,
                0.0,
                2.0
            ],
            "P_x": [
                7.226248506492245e-05,
                0.017964763909243942,
                0.963998209696442,
                0.017964763909243807
            ],
            "edge_mass_2": 0.9999999999999947
        }
    }
}