{
    "load_date": "2026-02-02 20:46:14.474313",
    "potential": "linear",
    "cutoff": 16,
    "N": 2,
    "a": 1.0,
    "c": null,
    "x_max": 4.0,
    "boundary_condition": "periodic",
    "num_qubits": 10,
    "H_size": [
        1024,
        1024
    ],
    "H_dense_mem_estimate_bytes": 16777216,
    "H_sparse_mem_estimate_bytes": 638980,
    "H_pauli_time": "0:00:00.393384",
    "H_creation_time": "0:00:00.002803",
    "H_eigenvalue_time": "0:00:00.033228",
    "eigenvalues": [
        -9.834319126097309e-07,
        0.9999990165680417,
        0.9999990165680738,
        1.0000138158298155,
        1.0000138158298622,
        1.99979233037384,
        1.9997923303738727,
        1.9999990165680677
    ],
    "best_basis_state": [
        1,
        1,
        0,
        0,
        0,
        0,
        1,
        0,
        0,
        0
    ],
    "basis_prob": 0.07957723846550707,
    "num_paulis": 77,
    "pauli_coeffs": [
        18.637280913963828,
        -4.051802986887518,
        0.06249999999999911,
        1.053029287545515,
        -2.275712654932339,
        -1.776090331955177,
        0.12500000000000044,
        0.12499999999999956,
        0.30842513753404155,
        -0.3613425251813103,
        0.6168502750680854,
        -1.2337005501361693,
        0.8723580249548618,
        -0.13827979779585375,
        -0.9037323070003165,
        0.4361790124774316,
        -1.0420121047961717,
        0.2500000000000002,
        0.24999999999999978,
        0.5000000000000002,
        0.15421256876702116,
        -0.16031416329454165,
        0.18067126259065514,
        -0.19168844534000107,
        0.03137428204545761,
        0.3084251375340431,
        -0.3613425251813097,
        0.6168502750680838,
        -1.2337005501361702,
        0.8723580249548598,
        0.13827979779585092,
        0.9037323070003169,
        -0.43617901247742813,
        1.0420121047961692,
        0.5,
        0.5,
        1.0,
        2.0,
        -0.5,
        -4.051802986887518,
        0.06249999999999911,
        1.053029287545515,
        -2.275712654932339,
        -1.776090331955177,
        0.12500000000000044,
        0.12499999999999956,
        0.30842513753404155,
        -0.3613425251813103,
        0.6168502750680854,
        -1.2337005501361693,
        0.8723580249548618,
        -0.13827979779585375,
        -0.9037323070003165,
        0.4361790124774316,
        -1.0420121047961717,
        0.2500000000000002,
        0.24999999999999978,
        0.5000000000000002,
        0.15421256876702116,
        -0.16031416329454165,
        0.18067126259065514,
        -0.19168844534000107,
        0.03137428204545761,
        0.3084251375340431,
        -0.3613425251813097,
        0.6168502750680838,
        -1.2337005501361702,
        0.8723580249548598,
        0.13827979779585092,
        0.9037323070003169,
        -0.43617901247742813,
        1.0420121047961692,
        0.5,
        0.5,
        1.0,
        2.0,
        0.5
    ],
    "pauli_labels": [
        "IIIIIIIIII",
        "IIIIIIIIIX",
        "IIIIIIIIIZ",
        "IIIIIIIIXI",
        "IIIIIIIIXX",
        "IIIIIIIIYY",
        "IIIIIIIIZI",
        "IIIIIIIIZZ",
        "IIIIIIIXII",
        "IIIIIIIXIX",
        "IIIIIIIXXI",
        "IIIIIIIXXX",
        "IIIIIIIXYY",
        "IIIIIIIYIY",
        "IIIIIIIYXY",
        "IIIIIIIYYI",
        "IIIIIIIYYX",
        "IIIIIIIZII",
        "IIIIIIIZIZ",
        "IIIIIIIZZI",
        "IIIIIIXIII",
        "IIIIIIXIIX",
        "IIIIIIXIXI",
        "IIIIIIXIXX",
        "IIIIIIXIYY",
        "IIIIIIXXII",
        "IIIIIIXXIX",
        "IIIIIIXXXI",
        "IIIIIIXXXX",
        "IIIIIIXXYY",
        "IIIIIIXYIY",
        "IIIIIIXYXY",
        "IIIIIIXYYI",
        "IIIIIIXYYX",
        "IIIIIIZIII",
        "IIIIIIZIIZ",
        "IIIIIIZIZI",
        "IIIIIIZZII",
        "IIIIIZIIII",
        "IIIIXIIIII",
        "IIIIZIIIII",
        "IIIXIIIIII",
        "IIIXXIIIII",
        "IIIYYIIIII",
        "IIIZIIIIII",
        "IIIZZIIIII",
        "IIXIIIIIII",
        "IIXIXIIIII",
        "IIXXIIIIII",
        "IIXXXIIIII",
        "IIXYYIIIII",
        "IIYIYIIIII",
        "IIYXYIIIII",
        "IIYYIIIIII",
        "IIYYXIIIII",
        "IIZIIIIIII",
        "IIZIZIIIII",
        "IIZZIIIIII",
        "IXIIIIIIII",
        "IXIIXIIIII",
        "IXIXIIIIII",
        "IXIXXIIIII",
        "IXIYYIIIII",
        "IXXIIIIIII",
        "IXXIXIIIII",
        "IXXXIIIIII",
        "IXXXXIIIII",
        "IXXYYIIIII",
        "IXYIYIIIII",
        "IXYXYIIIII",
        "IXYYIIIIII",
        "IXYYXIIIII",
        "IZIIIIIIII",
        "IZIIZIIIII",
        "IZIZIIIIII",
        "IZZIIIIIII",
        "ZIIIIIIIII"
    ],
    "boson_position_marginals": {
        "site_0": {
            "x_grid": [
                -4.0,
                -3.5,
                -3.0,
                -2.5,
                -2.0,
                -1.5,
                -1.0,
                -0.5,
                0.0,
                0.5,
                1.0,
                1.5,
                2.0,
                2.5,
                3.0,
                3.5
            ],
            "P_x": [
                1.3041489727622434e-07,
                1.4226551732352035e-06,
                3.4903839323552474e-05,
                0.0005446728179017788,
                0.00516688919936093,
                0.029732669892572713,
                0.10377688545587137,
                0.21969530160771963,
                0.28209437864924986,
                0.21969530160771883,
                0.10377688545587073,
                0.029732669892572762,
                0.005166889199360973,
                0.0005446728179017717,
                3.4903839323550434e-05,
                1.422655173235366e-06
            ],
            "edge_mass_2": 3.787956456729723e-05
        },
        "site_1": {
            "x_grid": [
                -4.0,
                -3.5,
                -3.0,
                -2.5,
                -2.0,
                -1.5,
                -1.0,
                -0.5,
                0.0,
                0.5,
                1.0,
                1.5,
                2.0,
                2.5,
                3.0,
                3.5
            ],
            "P_x": [
                1.30414897276317e-07,
                1.4226551732352588e-06,
                3.490383932355044e-05,
                0.0005446728179017602,
                0.005166889199360864,
                0.02973266989257259,
                0.10377688545587126,
                0.21969530160771966,
                0.28209437864925013,
                0.21969530160771894,
                0.10377688545587074,
                0.02973266989257267,
                0.005166889199360952,
                0.000544672817901785,
                3.4903839323555936e-05,
                1.422655173236112e-06
            ],
            "edge_mass_2": 3.787956456730363e-05
        }
    }
}