{
    "load_date": "2026-02-02 20:46:14.009172",
    "potential": "linear",
    "cutoff": 2,
    "N": 2,
    "a": 1.0,
    "c": null,
    "x_max": 4.0,
    "boundary_condition": "periodic",
    "num_qubits": 4,
    "H_size": [
        16,
        16
    ],
    "H_dense_mem_estimate_bytes": 4096,
    "H_sparse_mem_estimate_bytes": 1028,
    "H_pauli_time": "0:00:00.001669",
    "H_creation_time": "0:00:00.001930",
    "H_eigenvalue_time": "0:00:00.000415",
    "eigenvalues": [
        -0.6975180339769131,
        0.3024819660230859,
        0.30248196602308597,
        1.3024819660230866,
        7.308425137534038,
        7.308425137534043,
        8.30842513753404,
        8.30842513753404
    ],
    "best_basis_state": [
        1,
        1,
        0,
        1
    ],
    "basis_prob": 0.9992577928155605,
    "num_paulis": 7,
    "pauli_coeffs": [
        8.30842513753404,
        -0.1542125687670212,
        3.9999999999999996,
        -0.5,
        -0.1542125687670212,
        3.9999999999999996,
        0.5
    ],
    "pauli_labels": [
        "IIII",
        "IIIX",
        "IIIZ",
        "IIZI",
        "IXII",
        "IZII",
        "ZIII"
    ],
    "boson_position_marginals": {
        "site_0": {
            "x_grid": [
                -4.0,
                0.0
            ],
            "P_x": [
                0.0003711724767235411,
                0.9996288275232765
            ],
            "edge_mass_2": 2.0
        },
        "site_1": {
            "x_grid": [
                -4.0,
                0.0
            ],
            "P_x": [
                0.00037117247672353344,
                0.9996288275232765
            ],
            "edge_mass_2": 2.0
        }
    }
}