{
    "load_date": "2026-02-02 20:46:14.042627",
    "potential": "linear",
    "cutoff": 8,
    "N": 2,
    "a": 1.0,
    "c": null,
    "x_max": 4.0,
    "boundary_condition": "periodic",
    "num_qubits": 8,
    "H_size": [
        256,
        256
    ],
    "H_dense_mem_estimate_bytes": 1048576,
    "H_sparse_mem_estimate_bytes": 77828,
    "H_pauli_time": "0:00:00.009747",
    "H_creation_time": "0:00:00.002759",
    "H_eigenvalue_time": "0:00:00.008331",
    "eigenvalues": [
        -0.0003311389313079947,
        0.9996688610686859,
        0.9996688610686904,
        1.0026318049873435,
        1.0026318049873453,
        1.9774224085952445,
        1.9774224085952523,
        1.9996688610686881
    ],
    "best_basis_state": [
        1,
        1,
        0,
        0,
        0,
        1,
        0,
        0
    ],
    "basis_prob": 0.31892257876875374,
    "num_paulis": 33,
    "pauli_coeffs": [
        8.892676512874466,
        -1.0530292875455145,
        0.25,
        0.308425137534043,
        -0.6168502750680852,
        -0.4361790124774298,
        0.5,
        0.5,
        0.1542125687670212,
        -0.18067126259065494,
        0.3084251375340419,
        -0.6168502750680844,
        0.4361790124774301,
        1.0,
        1.0,
        2.0,
        -0.5,
        -1.0530292875455145,
        0.25,
        0.308425137534043,
        -0.6168502750680852,
        -0.4361790124774298,
        0.5,
        0.5,
        0.1542125687670212,
        -0.18067126259065494,
        0.3084251375340419,
        -0.6168502750680844,
        0.4361790124774301,
        1.0,
        1.0,
        2.0,
        0.5
    ],
    "pauli_labels": [
        "IIIIIIII",
        "IIIIIIIX",
        "IIIIIIIZ",
        "IIIIIIXI",
        "IIIIIIXX",
        "IIIIIIYY",
        "IIIIIIZI",
        "IIIIIIZZ",
        "IIIIIXII",
        "IIIIIXIX",
        "IIIIIXXI",
        "IIIIIXXX",
        "IIIIIXYY",
        "IIIIIZII",
        "IIIIIZIZ",
        "IIIIIZZI",
        "IIIIZIII",
        "IIIXIIII",
        "IIIZIIII",
        "IIXIIIII",
        "IIXXIIII",
        "IIYYIIII",
        "IIZIIIII",
        "IIZZIIII",
        "IXIIIIII",
        "IXIXIIII",
        "IXXIIIII",
        "IXXXIIII",
        "IXYYIIII",
        "IZIIIIII",
        "IZIZIIII",
        "IZZIIIII",
        "ZIIIIIII"
    ],
    "boson_position_marginals": {
        "site_0": {
            "x_grid": [
                -4.0,
                -3.0,
                -2.0,
                -1.0,
                0.0,
                1.0,
                2.0,
                3.0
            ],
            "P_x": [
                1.7248419100600809e-07,
                7.169503580696254e-05,
                0.01030756391311478,
                0.2072545012207936,
                0.5647323071763762,
                0.20725450122079353,
                0.010307563913114763,
                7.169503580696377e-05
            ],
            "edge_mass_2": 0.010451126468919695
        },
        "site_1": {
            "x_grid": [
                -4.0,
                -3.0,
                -2.0,
                -1.0,
                0.0,
                1.0,
                2.0,
                3.0
            ],
            "P_x": [
                1.7248419100598268e-07,
                7.169503580696316e-05,
                0.01030756391311477,
                0.20725450122079356,
                0.5647323071763762,
                0.20725450122079353,
                0.010307563913114753,
                7.169503580696338e-05
            ],
            "edge_mass_2": 0.010451126468919686
        }
    }
}