{
    "load_date": "2025-11-24 14:06:55.755990",
    "potential": "linear",
    "cutoff": 16,
    "N": 4,
    "a": 1.0,
    "c": null,
    "boundary_condition": "dirichlet",
    "num_qubits": 20,
    "eigenvalues": [
        1.7013554666340293e-15,
        1.0466572996029901,
        1.046657299603115,
        1.2862769908486011,
        1.2862769908489444,
        1.0466572996030015,
        1.0466572996031283,
        1.2862769908485991
    ],
    "best_basis_state": [
        0,
        0,
        0,
        0,
        0,
        1,
        0,
        0,
        0,
        0,
        0,
        0,
        0,
        0,
        0,
        1,
        0,
        0,
        0,
        0
    ],
    "prob": 0.8548423252175292
}