{
    "load_date": "2025-11-24 14:06:11.507515",
    "potential": "linear",
    "cutoff": 8,
    "N": 4,
    "a": 1.0,
    "c": null,
    "boundary_condition": "dirichlet",
    "num_qubits": 16,
    "eigenvalues": [
        -3.759966856752552e-08,
        1.2862769532492735,
        1.2862575272495422,
        1.0466572620034478,
        1.0466499458164369,
        1.0466499458164453,
        1.0466572620034587,
        1.2862575272495578
    ],
    "best_basis_state": [
        0,
        0,
        0,
        0,
        1,
        0,
        0,
        0,
        0,
        0,
        0,
        0,
        1,
        0,
        0,
        0
    ],
    "prob": 0.8548422633489314
}